2026-05-12 12:13:53:1353 info: [Reconciler] Запуск воркера для сверки резерваций (Unified)...
2026-05-12 12:13:53:1353 info: [CraftGovernor] Запуск воркера "Craft Governor"...
2026-05-12 12:13:54:1354 info: dbServer: Successfully connected to Redis (main client).
2026-05-12 12:13:54:1354 info: [HealthMonitor] Monitoring started for reconciler:main
2026-05-12 12:13:54:1354 info: [Reconciler] Успешное подключение к MongoDB и Redis.
2026-05-12 12:13:54:1354 debug: [Reconciler] Запуск сверки истекших резерваций...
2026-05-12 12:13:54:1354 debug: [Reconciler] Не найдено истекших резерваций для сверки.
2026-05-12 12:13:56:1356 info: [API Server] Запуск процесса...
2026-05-12 12:13:56:1356 info: dbServer: Successfully connected to Redis (main client).
2026-05-12 12:13:56:1356 info: [HealthMonitor] Monitoring started for governor:main
2026-05-12 12:13:56:1356 info: [CraftGovernor] Успешное подключение к MongoDB и Redis.
2026-05-12 12:13:56:1356 info: [CraftGovernor] Воркер запланирован с cron-выражением: "* * * * *"
2026-05-12 12:13:58:1358 info: dbServer: Successfully connected to Redis (main client).
2026-05-12 12:13:58:1358 info: [HealthMonitor] Monitoring started for worker:1
2026-05-12 12:13:58:1358 info: New client connected from IP: ::1
2026-05-12 12:13:58:1358 warn: [Infisical] Secret "GS_CLIENT_ID" not found in cache.
2026-05-12 12:13:58:1358 debug: Unidentified client disconnected
2026-05-12 12:13:58:1358 info: [API Server] Успешное подключение к MongoDB.
2026-05-12 12:13:58:1358 info: dbServer: Successfully connected to Redis (main client).
2026-05-12 12:13:58:1358 info: Прогрев не требуется: нет сезона. [context: hydrate_season_null]
2026-05-12 12:14:00:140 debug: [CraftGovernor] Запуск цикла проверки... [context: governor]
2026-05-12 12:14:00:140 debug: [CraftGovernor] Предыдущее состояние: 2 владельцев. Текущее состояние: 2 владельцев. [context: governor]
2026-05-12 12:14:00:140 info: [CraftGovernor] Найдено для паузы: 0. Найдено для возобновления: 0. [context: governor]
2026-05-12 12:14:00:140 debug: [CraftGovernor] Изменений нет, состояние не обновлялось. [context: governor]
2026-05-12 12:14:00:140 debug: [CraftGovernor] Цикл проверки завершен. [context: governor]
2026-05-12 12:14:00:140 info: [HealthMonitor] Monitoring started for api:main
2026-05-12 12:14:00:140 info: Optimized Exp Notifier scheduler started [context: exp_notifier]
2026-05-12 12:14:00:140 info: [API Server] Сервер запущен и готов к приему WebSocket соединений на PID: 3876.
2026-05-12 12:14:00:140 info: Обработчики грациозного завершения инициализированы.
2026-05-12 12:14:00:140 info: New client connected from IP: ::1
2026-05-12 12:14:00:140 info: Client identified and connection stored: gameserver, ID: gameserver-Hddkwe35fsvk_worker_20004
2026-05-12 12:14:30:1430 debug: ExpNotifier: No clients online, skipping EXP check.
2026-05-12 12:14:54:1454 debug: [Reconciler] Запуск сверки истекших резерваций...
2026-05-12 12:14:54:1454 debug: [Reconciler] Не найдено истекших резерваций для сверки.
2026-05-12 12:15:00:150 debug: [CraftGovernor] Запуск цикла проверки... [context: governor]
2026-05-12 12:15:00:150 debug: [CraftGovernor] Предыдущее состояние: 2 владельцев. Текущее состояние: 2 владельцев. [context: governor]
2026-05-12 12:15:00:150 info: [CraftGovernor] Найдено для паузы: 0. Найдено для возобновления: 0. [context: governor]
2026-05-12 12:15:00:150 debug: [CraftGovernor] Изменений нет, состояние не обновлялось. [context: governor]
2026-05-12 12:15:00:150 debug: [CraftGovernor] Цикл проверки завершен. [context: governor]
2026-05-12 12:15:30:1530 debug: ExpNotifier: No clients online, skipping EXP check.
2026-05-12 12:15:54:1554 debug: [Reconciler] Запуск сверки истекших резерваций...
2026-05-12 12:15:54:1554 debug: [Reconciler] Не найдено истекших резерваций для сверки.
2026-05-12 12:16:00:160 debug: [CraftGovernor] Запуск цикла проверки... [context: governor]
2026-05-12 12:16:00:160 debug: [CraftGovernor] Предыдущее состояние: 2 владельцев. Текущее состояние: 2 владельцев. [context: governor]
2026-05-12 12:16:00:160 info: [CraftGovernor] Найдено для паузы: 0. Найдено для возобновления: 0. [context: governor]
2026-05-12 12:16:00:160 debug: [CraftGovernor] Изменений нет, состояние не обновлялось. [context: governor]
2026-05-12 12:16:00:160 debug: [CraftGovernor] Цикл проверки завершен. [context: governor]
2026-05-12 12:16:30:1630 debug: ExpNotifier: No clients online, skipping EXP check.
2026-05-12 12:16:54:1654 debug: [Reconciler] Запуск сверки истекших резерваций...
2026-05-12 12:16:54:1654 debug: [Reconciler] Не найдено истекших резерваций для сверки.
2026-05-12 12:17:00:170 debug: [CraftGovernor] Запуск цикла проверки... [context: governor]
2026-05-12 12:17:00:170 debug: [CraftGovernor] Предыдущее состояние: 2 владельцев. Текущее состояние: 2 владельцев. [context: governor]
2026-05-12 12:17:00:170 info: [CraftGovernor] Найдено для паузы: 0. Найдено для возобновления: 0. [context: governor]
2026-05-12 12:17:00:170 debug: [CraftGovernor] Изменений нет, состояние не обновлялось. [context: governor]
2026-05-12 12:17:00:170 debug: [CraftGovernor] Цикл проверки завершен. [context: governor]
2026-05-12 12:17:30:1730 debug: ExpNotifier: No clients online, skipping EXP check.
2026-05-12 12:17:54:1754 debug: [Reconciler] Запуск сверки истекших резерваций...
2026-05-12 12:17:54:1754 debug: [Reconciler] Не найдено истекших резерваций для сверки.
2026-05-12 12:18:00:180 debug: [CraftGovernor] Запуск цикла проверки... [context: governor]
2026-05-12 12:18:00:180 debug: [CraftGovernor] Предыдущее состояние: 2 владельцев. Текущее состояние: 2 владельцев. [context: governor]
2026-05-12 12:18:00:180 info: [CraftGovernor] Найдено для паузы: 0. Найдено для возобновления: 0. [context: governor]
2026-05-12 12:18:00:180 debug: [CraftGovernor] Изменений нет, состояние не обновлялось. [context: governor]
2026-05-12 12:18:00:180 debug: [CraftGovernor] Цикл проверки завершен. [context: governor]
2026-05-12 12:18:30:1830 debug: ExpNotifier: No clients online, skipping EXP check.
2026-05-12 12:18:54:1854 debug: [Reconciler] Запуск сверки истекших резерваций...
2026-05-12 12:18:54:1854 debug: [Reconciler] Не найдено истекших резерваций для сверки.
2026-05-12 12:19:00:190 debug: [CraftGovernor] Запуск цикла проверки... [context: governor]
2026-05-12 12:19:00:190 debug: [CraftGovernor] Предыдущее состояние: 2 владельцев. Текущее состояние: 2 владельцев. [context: governor]
2026-05-12 12:19:00:190 info: [CraftGovernor] Найдено для паузы: 0. Найдено для возобновления: 0. [context: governor]
2026-05-12 12:19:00:190 debug: [CraftGovernor] Изменений нет, состояние не обновлялось. [context: governor]
2026-05-12 12:19:00:190 debug: [CraftGovernor] Цикл проверки завершен. [context: governor]
2026-05-12 12:19:30:1930 debug: ExpNotifier: No clients online, skipping EXP check.
2026-05-12 12:19:54:1954 debug: [Reconciler] Запуск сверки истекших резерваций...
2026-05-12 12:19:54:1954 debug: [Reconciler] Не найдено истекших резерваций для сверки.
2026-05-12 12:20:00:200 debug: [CraftGovernor] Запуск цикла проверки... [context: governor]
2026-05-12 12:20:00:200 debug: [CraftGovernor] Предыдущее состояние: 2 владельцев. Текущее состояние: 2 владельцев. [context: governor]
2026-05-12 12:20:00:200 info: [CraftGovernor] Найдено для паузы: 0. Найдено для возобновления: 0. [context: governor]
2026-05-12 12:20:00:200 debug: [CraftGovernor] Изменений нет, состояние не обновлялось. [context: governor]
2026-05-12 12:20:00:200 debug: [CraftGovernor] Цикл проверки завершен. [context: governor]
2026-05-12 12:20:30:2030 debug: ExpNotifier: No clients online, skipping EXP check.
2026-05-12 12:20:54:2054 debug: [Reconciler] Запуск сверки истекших резерваций...
2026-05-12 12:20:54:2054 debug: [Reconciler] Не найдено истекших резерваций для сверки.
2026-05-12 12:21:00:210 debug: [CraftGovernor] Запуск цикла проверки... [context: governor]
2026-05-12 12:21:00:210 debug: [CraftGovernor] Предыдущее состояние: 2 владельцев. Текущее состояние: 2 владельцев. [context: governor]
2026-05-12 12:21:00:210 info: [CraftGovernor] Найдено для паузы: 0. Найдено для возобновления: 0. [context: governor]
2026-05-12 12:21:00:210 debug: [CraftGovernor] Изменений нет, состояние не обновлялось. [context: governor]
2026-05-12 12:21:00:210 debug: [CraftGovernor] Цикл проверки завершен. [context: governor]
2026-05-12 12:21:30:2130 debug: ExpNotifier: No clients online, skipping EXP check.
2026-05-12 12:21:54:2154 debug: [Reconciler] Запуск сверки истекших резерваций...
2026-05-12 12:21:54:2154 debug: [Reconciler] Не найдено истекших резерваций для сверки.
2026-05-12 12:22:00:220 debug: [CraftGovernor] Запуск цикла проверки... [context: governor]
2026-05-12 12:22:00:220 debug: [CraftGovernor] Предыдущее состояние: 2 владельцев. Текущее состояние: 2 владельцев. [context: governor]
2026-05-12 12:22:00:220 info: [CraftGovernor] Найдено для паузы: 0. Найдено для возобновления: 0. [context: governor]
2026-05-12 12:22:00:220 debug: [CraftGovernor] Изменений нет, состояние не обновлялось. [context: governor]
2026-05-12 12:22:00:220 debug: [CraftGovernor] Цикл проверки завершен. [context: governor]
2026-05-12 12:22:30:2230 debug: ExpNotifier: No clients online, skipping EXP check.
2026-05-12 12:22:43:2243 warn: Получен сигнал SIGINT. Начинаю грациозное завершение dbserver...
2026-05-12 12:22:43:2243 info: Закрытие серверов (WebSocket и HTTP)...
2026-05-12 12:22:43:2243 info: Все серверы больше не принимают новые соединения.
2026-05-12 12:22:43:2243 info: Остановка запланированных задач (expNotifier)...
2026-05-12 12:22:43:2243 info: Запланированные задачи остановлены.
2026-05-12 12:22:43:2243 info: Закрытие соединений с Redis...
2026-05-12 12:22:43:2243 info: Client disconnected: gameserver, ID: gameserver-Hddkwe35fsvk_worker_20004
2026-05-12 12:22:48:2248 info: [Reconciler] Запуск воркера для сверки резерваций (Unified)...
2026-05-12 12:22:48:2248 info: [CraftGovernor] Запуск воркера "Craft Governor"...
2026-05-12 12:22:49:2249 info: [API Server] Запуск процесса...
2026-05-12 12:22:49:2249 info: dbServer: Successfully connected to Redis (main client).
2026-05-12 12:22:49:2249 info: [HealthMonitor] Monitoring started for reconciler:main
2026-05-12 12:22:49:2249 info: [Reconciler] Успешное подключение к MongoDB и Redis.
2026-05-12 12:22:49:2249 debug: [Reconciler] Запуск сверки истекших резерваций...
2026-05-12 12:22:49:2249 debug: [Reconciler] Не найдено истекших резерваций для сверки.
2026-05-12 12:22:49:2249 info: dbServer: Successfully connected to Redis (main client).
2026-05-12 12:22:49:2249 info: [HealthMonitor] Monitoring started for governor:main
2026-05-12 12:22:49:2249 info: [CraftGovernor] Успешное подключение к MongoDB и Redis.
2026-05-12 12:22:50:2250 info: New client connected from IP: ::1
2026-05-12 12:22:50:2250 info: [CraftGovernor] Воркер запланирован с cron-выражением: "* * * * *"
2026-05-12 12:22:50:2250 warn: [Infisical] Secret "WEB3_CLIENT_ID" not found in cache.
2026-05-12 12:22:50:2250 debug: Unidentified client disconnected
2026-05-12 12:22:50:2250 info: [API Server] Успешное подключение к MongoDB.
2026-05-12 12:22:50:2250 info: dbServer: Successfully connected to Redis (main client).
2026-05-12 12:22:50:2250 info: Прогрев не требуется: нет сезона. [context: hydrate_season_null]
2026-05-12 12:22:50:2250 info: [HealthMonitor] Monitoring started for api:main
2026-05-12 12:22:50:2250 info: Optimized Exp Notifier scheduler started [context: exp_notifier]
2026-05-12 12:22:50:2250 info: [API Server] Сервер запущен и готов к приему WebSocket соединений на PID: 4040.
2026-05-12 12:22:50:2250 info: Обработчики грациозного завершения инициализированы.
2026-05-12 12:22:50:2250 info: New client connected from IP: ::1
2026-05-12 12:22:50:2250 info: Client identified and connection stored: gameserver, ID: gameserver-Hddkwe35fsvk_worker_5844
2026-05-12 12:22:51:2251 info: New client connected from IP: ::1
2026-05-12 12:22:51:2251 info: Client identified and connection stored: web3server, ID: web3server_kkwvq34lvcw2cf
2026-05-12 12:22:52:2252 info: dbServer: Successfully connected to Redis (main client).
2026-05-12 12:22:52:2252 info: [HealthMonitor] Monitoring started for worker:1
2026-05-12 12:23:00:230 debug: [CraftGovernor] Запуск цикла проверки... [context: governor]
2026-05-12 12:23:00:230 debug: [CraftGovernor] Предыдущее состояние: 2 владельцев. Текущее состояние: 2 владельцев. [context: governor]
2026-05-12 12:23:00:230 info: [CraftGovernor] Найдено для паузы: 0. Найдено для возобновления: 0. [context: governor]
2026-05-12 12:23:00:230 debug: [CraftGovernor] Изменений нет, состояние не обновлялось. [context: governor]
2026-05-12 12:23:00:230 debug: [CraftGovernor] Цикл проверки завершен. [context: governor]
2026-05-12 12:23:30:2330 debug: ExpNotifier: No clients online, skipping EXP check.
2026-05-12 12:23:49:2349 debug: [Reconciler] Запуск сверки истекших резерваций...
2026-05-12 12:23:49:2349 debug: [Reconciler] Не найдено истекших резерваций для сверки.
2026-05-12 12:24:00:240 debug: [CraftGovernor] Запуск цикла проверки... [context: governor]
2026-05-12 12:24:00:240 debug: [CraftGovernor] Предыдущее состояние: 2 владельцев. Текущее состояние: 2 владельцев. [context: governor]
2026-05-12 12:24:00:240 info: [CraftGovernor] Найдено для паузы: 0. Найдено для возобновления: 0. [context: governor]
2026-05-12 12:24:00:240 debug: [CraftGovernor] Изменений нет, состояние не обновлялось. [context: governor]
2026-05-12 12:24:00:240 debug: [CraftGovernor] Цикл проверки завершен. [context: governor]
2026-05-12 12:24:30:2430 debug: ExpNotifier: No clients online, skipping EXP check.
2026-05-12 12:24:49:2449 debug: [Reconciler] Запуск сверки истекших резерваций...
2026-05-12 12:24:49:2449 debug: [Reconciler] Не найдено истекших резерваций для сверки.
2026-05-12 12:25:00:250 debug: [CraftGovernor] Запуск цикла проверки... [context: governor]
2026-05-12 12:25:00:250 debug: [CraftGovernor] Предыдущее состояние: 2 владельцев. Текущее состояние: 2 владельцев. [context: governor]
2026-05-12 12:25:00:250 info: [CraftGovernor] Найдено для паузы: 0. Найдено для возобновления: 0. [context: governor]
2026-05-12 12:25:00:250 debug: [CraftGovernor] Изменений нет, состояние не обновлялось. [context: governor]
2026-05-12 12:25:00:250 debug: [CraftGovernor] Цикл проверки завершен. [context: governor]
2026-05-12 12:25:30:2530 debug: ExpNotifier: No clients online, skipping EXP check.
2026-05-12 12:25:49:2549 debug: [Reconciler] Запуск сверки истекших резерваций...
2026-05-12 12:25:49:2549 debug: [Reconciler] Не найдено истекших резерваций для сверки.
2026-05-12 12:26:00:260 debug: [CraftGovernor] Запуск цикла проверки... [context: governor]
2026-05-12 12:26:00:260 debug: [CraftGovernor] Предыдущее состояние: 2 владельцев. Текущее состояние: 2 владельцев. [context: governor]
2026-05-12 12:26:00:260 info: [CraftGovernor] Найдено для паузы: 0. Найдено для возобновления: 0. [context: governor]
2026-05-12 12:26:00:260 debug: [CraftGovernor] Изменений нет, состояние не обновлялось. [context: governor]
2026-05-12 12:26:00:260 debug: [CraftGovernor] Цикл проверки завершен. [context: governor]
2026-05-12 12:26:30:2630 debug: ExpNotifier: No clients online, skipping EXP check.
2026-05-12 12:26:49:2649 debug: [Reconciler] Запуск сверки истекших резерваций...
2026-05-12 12:26:49:2649 debug: [Reconciler] Не найдено истекших резерваций для сверки.
2026-05-12 12:27:00:270 debug: [CraftGovernor] Запуск цикла проверки... [context: governor]
2026-05-12 12:27:00:270 debug: [CraftGovernor] Предыдущее состояние: 2 владельцев. Текущее состояние: 2 владельцев. [context: governor]
2026-05-12 12:27:00:270 info: [CraftGovernor] Найдено для паузы: 0. Найдено для возобновления: 0. [context: governor]
2026-05-12 12:27:00:270 debug: [CraftGovernor] Изменений нет, состояние не обновлялось. [context: governor]
2026-05-12 12:27:00:270 debug: [CraftGovernor] Цикл проверки завершен. [context: governor]
2026-05-12 12:27:30:2730 debug: ExpNotifier: No clients online, skipping EXP check.
2026-05-12 12:27:49:2749 debug: [Reconciler] Запуск сверки истекших резерваций...
2026-05-12 12:27:49:2749 debug: [Reconciler] Не найдено истекших резерваций для сверки.
2026-05-12 12:27:54:2754 warn: Получен сигнал SIGINT. Начинаю грациозное завершение dbserver...
2026-05-12 12:27:59:2759 info: [Reconciler] Запуск воркера для сверки резерваций (Unified)...
2026-05-12 12:27:59:2759 info: [CraftGovernor] Запуск воркера "Craft Governor"...
2026-05-12 12:27:59:2759 info: [API Server] Запуск процесса...
2026-05-12 12:28:00:280 info: New client connected from IP: ::1
2026-05-12 12:28:00:280 warn: [Infisical] Secret "WEB3_CLIENT_ID" not found in cache.
2026-05-12 12:28:00:280 debug: Unidentified client disconnected
2026-05-12 12:28:00:280 info: dbServer: Successfully connected to Redis (main client).
2026-05-12 12:28:00:280 info: [HealthMonitor] Monitoring started for governor:main
2026-05-12 12:28:00:280 info: [CraftGovernor] Успешное подключение к MongoDB и Redis.
2026-05-12 12:28:00:280 info: [CraftGovernor] Воркер запланирован с cron-выражением: "* * * * *"
2026-05-12 12:28:01:281 info: dbServer: Successfully connected to Redis (main client).
2026-05-12 12:28:01:281 info: [HealthMonitor] Monitoring started for reconciler:main
2026-05-12 12:28:01:281 info: [Reconciler] Успешное подключение к MongoDB и Redis.
2026-05-12 12:28:01:281 debug: [Reconciler] Запуск сверки истекших резерваций...
2026-05-12 12:28:01:281 debug: [Reconciler] Не найдено истекших резерваций для сверки.
2026-05-12 12:28:01:281 info: [API Server] Успешное подключение к MongoDB.
2026-05-12 12:28:01:281 info: dbServer: Successfully connected to Redis (main client).
2026-05-12 12:28:01:281 info: Прогрев не требуется: нет сезона. [context: hydrate_season_null]
2026-05-12 12:28:01:281 info: [HealthMonitor] Monitoring started for api:main
2026-05-12 12:28:01:281 info: Optimized Exp Notifier scheduler started [context: exp_notifier]
2026-05-12 12:28:01:281 info: [API Server] Сервер запущен и готов к приему WebSocket соединений на PID: 20292.
2026-05-12 12:28:01:281 info: Обработчики грациозного завершения инициализированы.
2026-05-12 12:28:01:281 info: New client connected from IP: ::1
2026-05-12 12:28:01:281 info: Client identified and connection stored: web3server, ID: web3server_kkwvq34lvcw2cf
2026-05-12 12:28:02:282 info: New client connected from IP: ::1
2026-05-12 12:28:02:282 info: Client identified and connection stored: gameserver, ID: gameserver-Hddkwe35fsvk_worker_18944
2026-05-12 12:28:03:283 info: dbServer: Successfully connected to Redis (main client).
2026-05-12 12:28:03:283 info: [HealthMonitor] Monitoring started for worker:1
2026-05-12 12:28:30:2830 debug: ExpNotifier: No clients online, skipping EXP check.
2026-05-12 12:29:00:290 debug: [CraftGovernor] Запуск цикла проверки... [context: governor]
2026-05-12 12:29:00:290 debug: [CraftGovernor] Предыдущее состояние: 2 владельцев. Текущее состояние: 2 владельцев. [context: governor]
2026-05-12 12:29:00:290 info: [CraftGovernor] Найдено для паузы: 0. Найдено для возобновления: 0. [context: governor]
2026-05-12 12:29:00:290 debug: [CraftGovernor] Изменений нет, состояние не обновлялось. [context: governor]
2026-05-12 12:29:00:290 debug: [CraftGovernor] Цикл проверки завершен. [context: governor]
2026-05-12 12:29:01:291 debug: [Reconciler] Запуск сверки истекших резерваций...
2026-05-12 12:29:01:291 debug: [Reconciler] Не найдено истекших резерваций для сверки.
2026-05-12 12:29:30:2930 debug: ExpNotifier: No clients online, skipping EXP check.
2026-05-12 12:30:00:300 debug: [CraftGovernor] Запуск цикла проверки... [context: governor]
2026-05-12 12:30:00:300 debug: [CraftGovernor] Предыдущее состояние: 2 владельцев. Текущее состояние: 2 владельцев. [context: governor]
2026-05-12 12:30:00:300 info: [CraftGovernor] Найдено для паузы: 0. Найдено для возобновления: 0. [context: governor]
2026-05-12 12:30:00:300 debug: [CraftGovernor] Изменений нет, состояние не обновлялось. [context: governor]
2026-05-12 12:30:00:300 debug: [CraftGovernor] Цикл проверки завершен. [context: governor]
2026-05-12 12:30:01:301 debug: [Reconciler] Запуск сверки истекших резерваций...
2026-05-12 12:30:01:301 debug: [Reconciler] Не найдено истекших резерваций для сверки.
2026-05-12 12:30:16:3016 debug: Creating session for 0x2da351d8d5840415025c35a7c843a0dfa6e4b89b from web3server (web3server_kkwvq34lvcw2cf) [context: session_0x2da351d8d5840415025c35a7c843a0dfa6e4b89b]
2026-05-12 12:30:16:3016 debug: Session created in Redis for 0x2da351d8d5840415025c35a7c843a0dfa6e4b89b [context: session_0x2da351d8d5840415025c35a7c843a0dfa6e4b89b]
2026-05-12 12:30:18:3018 info: New client connected from IP: 26.132.212.95
2026-05-12 12:30:18:3018 info: Client identified and connection stored: client, ID: cl-6f6a09c0-aab7-4421-84ab-65fe86428d5f
2026-05-12 12:30:19:3019 debug: dbServer: Fetched 6 ships for tokens: 2, 3, 4, 5, 6, 7
2026-05-12 12:30:19:3019 debug: Sent get-ships-response to client for walletAddress: 0x2da351d8d5840415025c35a7c843a0dfa6e4b89b, tokens: 2,3,4,5,6,7
2026-05-12 12:30:30:3030 debug: ExpNotifier: Sent actual-exp to 1 client(s) using a single DB query.
2026-05-12 12:30:41:3041 warn: Попытка списания ресурсов для 0x2da351d8d5840415025c35a7c843a0dfa6e4b89b. Данные: {"blueprints.bp_pulse_shotgun_mk1.quantity":-1,"components.kinetic_amplifier.quantity":-20,"components.energy_matrix.quantity":-10,"components.pulse_emitter.quantity":-5} [context: inventory_0x2da351d8d5840415025c35a7c843a0dfa6e4b89b]
2026-05-12 12:30:44:3044 warn: Попытка списания ресурсов для 0x2da351d8d5840415025c35a7c843a0dfa6e4b89b. Данные: {"blueprints.bp_pulse_shotgun_mk1.quantity":-1,"components.kinetic_amplifier.quantity":-20,"components.energy_matrix.quantity":-10,"components.pulse_emitter.quantity":-5} [context: inventory_0x2da351d8d5840415025c35a7c843a0dfa6e4b89b]
2026-05-12 12:30:49:3049 info: Client disconnected: client, ID: cl-6f6a09c0-aab7-4421-84ab-65fe86428d5f
2026-05-12 12:31:00:310 debug: [CraftGovernor] Запуск цикла проверки... [context: governor]
2026-05-12 12:31:00:310 debug: [CraftGovernor] Предыдущее состояние: 2 владельцев. Текущее состояние: 2 владельцев. [context: governor]
2026-05-12 12:31:00:310 info: [CraftGovernor] Найдено для паузы: 0. Найдено для возобновления: 0. [context: governor]
2026-05-12 12:31:00:310 debug: [CraftGovernor] Изменений нет, состояние не обновлялось. [context: governor]
2026-05-12 12:31:00:310 debug: [CraftGovernor] Цикл проверки завершен. [context: governor]
2026-05-12 12:31:01:311 debug: [Reconciler] Запуск сверки истекших резерваций...
2026-05-12 12:31:01:311 debug: [Reconciler] Не найдено истекших резерваций для сверки.
2026-05-12 12:31:30:3130 debug: ExpNotifier: No clients online, skipping EXP check.
2026-05-12 12:32:00:320 debug: [CraftGovernor] Запуск цикла проверки... [context: governor]
2026-05-12 12:32:00:320 debug: [CraftGovernor] Предыдущее состояние: 2 владельцев. Текущее состояние: 2 владельцев. [context: governor]
2026-05-12 12:32:00:320 info: [CraftGovernor] Найдено для паузы: 0. Найдено для возобновления: 0. [context: governor]
2026-05-12 12:32:00:320 debug: [CraftGovernor] Изменений нет, состояние не обновлялось. [context: governor]
2026-05-12 12:32:00:320 debug: [CraftGovernor] Цикл проверки завершен. [context: governor]
2026-05-12 12:32:01:321 debug: [Reconciler] Запуск сверки истекших резерваций...
2026-05-12 12:32:01:321 debug: [Reconciler] Не найдено истекших резерваций для сверки.
2026-05-12 12:32:08:328 warn: Получен сигнал SIGINT. Начинаю грациозное завершение dbserver...
2026-05-12 12:32:08:328 info: Закрытие серверов (WebSocket и HTTP)...
2026-05-12 12:32:08:328 info: Client disconnected: gameserver, ID: gameserver-Hddkwe35fsvk_worker_18944
2026-05-12 12:33:15:3315 info: [Reconciler] Запуск воркера для сверки резерваций (Unified)...
2026-05-12 12:33:15:3315 info: [CraftGovernor] Запуск воркера "Craft Governor"...
2026-05-12 12:33:15:3315 info: [API Server] Запуск процесса...
2026-05-12 12:33:18:3318 info: New client connected from IP: ::1
2026-05-12 12:33:18:3318 warn: [Infisical] Secret "WEB3_CLIENT_ID" not found in cache.
2026-05-12 12:33:18:3318 debug: Unidentified client disconnected
2026-05-12 12:33:18:3318 info: dbServer: Successfully connected to Redis (main client).
2026-05-12 12:33:18:3318 info: [HealthMonitor] Monitoring started for reconciler:main
2026-05-12 12:33:18:3318 info: [Reconciler] Успешное подключение к MongoDB и Redis.
2026-05-12 12:33:18:3318 info: New client connected from IP: ::1
2026-05-12 12:33:18:3318 debug: [Reconciler] Запуск сверки истекших резерваций...
2026-05-12 12:33:18:3318 info: Client identified and connection stored: gameserver, ID: gameserver-Hddkwe35fsvk_worker_20440
2026-05-12 12:33:18:3318 debug: [Reconciler] Не найдено истекших резерваций для сверки.
2026-05-12 12:33:18:3318 info: Client disconnected: gameserver, ID: gameserver-Hddkwe35fsvk_worker_20440
2026-05-12 12:33:18:3318 info: [API Server] Успешное подключение к MongoDB.
2026-05-12 12:33:18:3318 info: dbServer: Successfully connected to Redis (main client).
2026-05-12 12:33:18:3318 info: Прогрев не требуется: нет сезона. [context: hydrate_season_null]
2026-05-12 12:33:19:3319 info: [HealthMonitor] Monitoring started for api:main
2026-05-12 12:33:19:3319 info: Optimized Exp Notifier scheduler started [context: exp_notifier]
2026-05-12 12:33:19:3319 info: [API Server] Сервер запущен и готов к приему WebSocket соединений на PID: 20004.
2026-05-12 12:33:19:3319 info: Обработчики грациозного завершения инициализированы.
2026-05-12 12:33:19:3319 info: New client connected from IP: ::1
2026-05-12 12:33:19:3319 info: Client identified and connection stored: web3server, ID: web3server_kkwvq34lvcw2cf
2026-05-12 12:33:20:3320 info: dbServer: Successfully connected to Redis (main client).
2026-05-12 12:33:20:3320 info: [HealthMonitor] Monitoring started for worker:1
2026-05-12 12:33:21:3321 info: dbServer: Successfully connected to Redis (main client).
2026-05-12 12:33:21:3321 info: [HealthMonitor] Monitoring started for governor:main
2026-05-12 12:33:21:3321 info: [CraftGovernor] Успешное подключение к MongoDB и Redis.
2026-05-12 12:33:21:3321 info: [CraftGovernor] Воркер запланирован с cron-выражением: "* * * * *"
2026-05-12 12:33:29:3329 info: New client connected from IP: ::1
2026-05-12 12:33:29:3329 info: Client identified and connection stored: gameserver, ID: gameserver-Hddkwe35fsvk_worker_1952
2026-05-12 12:33:30:3330 debug: ExpNotifier: No clients online, skipping EXP check.
2026-05-12 12:34:00:340 debug: [CraftGovernor] Запуск цикла проверки... [context: governor]
2026-05-12 12:34:00:340 debug: [CraftGovernor] Предыдущее состояние: 2 владельцев. Текущее состояние: 2 владельцев. [context: governor]
2026-05-12 12:34:00:340 info: [CraftGovernor] Найдено для паузы: 0. Найдено для возобновления: 0. [context: governor]
2026-05-12 12:34:00:340 debug: [CraftGovernor] Изменений нет, состояние не обновлялось. [context: governor]
2026-05-12 12:34:00:340 debug: [CraftGovernor] Цикл проверки завершен. [context: governor]
2026-05-12 12:34:18:3418 debug: [Reconciler] Запуск сверки истекших резерваций...
2026-05-12 12:34:18:3418 debug: [Reconciler] Не найдено истекших резерваций для сверки.
2026-05-12 12:34:30:3430 debug: ExpNotifier: No clients online, skipping EXP check.
2026-05-12 12:34:48:3448 debug: Creating session for 0x2da351d8d5840415025c35a7c843a0dfa6e4b89b from web3server (web3server_kkwvq34lvcw2cf) [context: session_0x2da351d8d5840415025c35a7c843a0dfa6e4b89b]
2026-05-12 12:34:48:3448 debug: Session created in Redis for 0x2da351d8d5840415025c35a7c843a0dfa6e4b89b [context: session_0x2da351d8d5840415025c35a7c843a0dfa6e4b89b]
2026-05-12 12:34:50:3450 info: New client connected from IP: 26.132.212.95
2026-05-12 12:34:50:3450 info: Client identified and connection stored: client, ID: cl-b1459fc1-9995-413a-ab1e-e8174b74f27a
2026-05-12 12:34:51:3451 debug: dbServer: Fetched 6 ships for tokens: 2, 3, 4, 5, 6, 7
2026-05-12 12:34:51:3451 debug: Sent get-ships-response to client for walletAddress: 0x2da351d8d5840415025c35a7c843a0dfa6e4b89b, tokens: 2,3,4,5,6,7
2026-05-12 12:34:57:3457 debug: Crafting 1 of bp_energy_matrix (components) for 0x2da351d8d5840415025c35a7c843a0dfa6e4b89b [context: craft_0x2da351d8d5840415025c35a7c843a0dfa6e4b89b]
2026-05-12 12:34:57:3457 debug: [CRAFT] Finished successfully for 0x2da351d8d5840415025c35a7c843a0dfa6e4b89b. Data: {"factoryName":"factory1","state":"idle","craftedItem":{"key":"energy_matrix","quantity":1,"category":"components"}} [context: 0x2da351d8d5840415025c35a7c843a0dfa6e4b89b]
2026-05-12 12:35:00:350 debug: [CraftGovernor] Запуск цикла проверки... [context: governor]
2026-05-12 12:35:00:350 debug: [CraftGovernor] Предыдущее состояние: 2 владельцев. Текущее состояние: 2 владельцев. [context: governor]
2026-05-12 12:35:00:350 info: [CraftGovernor] Найдено для паузы: 0. Найдено для возобновления: 0. [context: governor]
2026-05-12 12:35:00:350 debug: [CraftGovernor] Изменений нет, состояние не обновлялось. [context: governor]
2026-05-12 12:35:00:350 debug: [CraftGovernor] Цикл проверки завершен. [context: governor]
2026-05-12 12:35:03:353 warn: Попытка списания ресурсов для 0x2da351d8d5840415025c35a7c843a0dfa6e4b89b. Данные: {"resources.voltaic_cell.quantity":-32,"resources.auracite.quantity":-24,"resources.ferrite_cluster.quantity":-24} [context: inventory_0x2da351d8d5840415025c35a7c843a0dfa6e4b89b]
2026-05-12 12:35:18:3518 debug: [Reconciler] Запуск сверки истекших резерваций...
2026-05-12 12:35:18:3518 debug: [Reconciler] Не найдено истекших резерваций для сверки.
2026-05-12 12:35:30:3530 debug: ExpNotifier: Sent actual-exp to 1 client(s) using a single DB query.
2026-05-12 12:35:50:3550 warn: Попытка списания ресурсов для 0x2da351d8d5840415025c35a7c843a0dfa6e4b89b. Данные: {"resources.verdanite_shard.quantity":-32,"resources.hydronite_gem.quantity":-24,"resources.ferrite_cluster.quantity":-24} [context: inventory_0x2da351d8d5840415025c35a7c843a0dfa6e4b89b]
2026-05-12 12:36:00:360 debug: [CraftGovernor] Запуск цикла проверки... [context: governor]
2026-05-12 12:36:00:360 debug: [CraftGovernor] Предыдущее состояние: 2 владельцев. Текущее состояние: 2 владельцев. [context: governor]
2026-05-12 12:36:00:360 info: [CraftGovernor] Найдено для паузы: 0. Найдено для возобновления: 0. [context: governor]
2026-05-12 12:36:00:360 debug: [CraftGovernor] Изменений нет, состояние не обновлялось. [context: governor]
2026-05-12 12:36:00:360 debug: [CraftGovernor] Цикл проверки завершен. [context: governor]
2026-05-12 12:36:18:3618 debug: [Reconciler] Запуск сверки истекших резерваций...
2026-05-12 12:36:18:3618 debug: [Reconciler] Не найдено истекших резерваций для сверки.
2026-05-12 12:36:30:3630 debug: ExpNotifier: Sent actual-exp to 1 client(s) using a single DB query.
2026-05-12 12:36:54:3654 debug: Crafting 1 of bp_radiation_shielding (components) for 0x2da351d8d5840415025c35a7c843a0dfa6e4b89b [context: craft_0x2da351d8d5840415025c35a7c843a0dfa6e4b89b]
2026-05-12 12:36:54:3654 debug: [CRAFT] Finished successfully for 0x2da351d8d5840415025c35a7c843a0dfa6e4b89b. Data: {"factoryName":"factory3","state":"idle","craftedItem":{"key":"radiation_shielding","quantity":1,"category":"components"}} [context: 0x2da351d8d5840415025c35a7c843a0dfa6e4b89b]
2026-05-12 12:36:56:3656 debug: Crafting 1 of bp_energy_matrix (components) for 0x2da351d8d5840415025c35a7c843a0dfa6e4b89b [context: craft_0x2da351d8d5840415025c35a7c843a0dfa6e4b89b]
2026-05-12 12:36:56:3656 debug: [CRAFT] Finished successfully for 0x2da351d8d5840415025c35a7c843a0dfa6e4b89b. Data: {"factoryName":"factory1","state":"idle","craftedItem":{"key":"energy_matrix","quantity":1,"category":"components"}} [context: 0x2da351d8d5840415025c35a7c843a0dfa6e4b89b]
2026-05-12 12:37:00:370 debug: [CraftGovernor] Запуск цикла проверки... [context: governor]
2026-05-12 12:37:00:370 debug: [CraftGovernor] Предыдущее состояние: 2 владельцев. Текущее состояние: 2 владельцев. [context: governor]
2026-05-12 12:37:00:370 info: [CraftGovernor] Найдено для паузы: 0. Найдено для возобновления: 0. [context: governor]
2026-05-12 12:37:00:370 debug: [CraftGovernor] Изменений нет, состояние не обновлялось. [context: governor]
2026-05-12 12:37:00:370 debug: [CraftGovernor] Цикл проверки завершен. [context: governor]
2026-05-12 12:37:18:3718 debug: [Reconciler] Запуск сверки истекших резерваций...
2026-05-12 12:37:18:3718 debug: [Reconciler] Не найдено истекших резерваций для сверки.
2026-05-12 12:37:30:3730 debug: ExpNotifier: Sent actual-exp to 1 client(s) using a single DB query.
2026-05-12 12:38:00:380 debug: [CraftGovernor] Запуск цикла проверки... [context: governor]
2026-05-12 12:38:00:380 debug: [CraftGovernor] Предыдущее состояние: 2 владельцев. Текущее состояние: 2 владельцев. [context: governor]
2026-05-12 12:38:00:380 info: [CraftGovernor] Найдено для паузы: 0. Найдено для возобновления: 0. [context: governor]
2026-05-12 12:38:00:380 debug: [CraftGovernor] Изменений нет, состояние не обновлялось. [context: governor]
2026-05-12 12:38:00:380 debug: [CraftGovernor] Цикл проверки завершен. [context: governor]
2026-05-12 12:38:18:3818 debug: [Reconciler] Запуск сверки истекших резерваций...
2026-05-12 12:38:18:3818 debug: [Reconciler] Не найдено истекших резерваций для сверки.
2026-05-12 12:38:30:3830 debug: ExpNotifier: Sent actual-exp to 1 client(s) using a single DB query.
2026-05-12 12:39:00:390 debug: [CraftGovernor] Запуск цикла проверки... [context: governor]
2026-05-12 12:39:00:390 debug: [CraftGovernor] Предыдущее состояние: 2 владельцев. Текущее состояние: 2 владельцев. [context: governor]
2026-05-12 12:39:00:390 info: [CraftGovernor] Найдено для паузы: 0. Найдено для возобновления: 0. [context: governor]
2026-05-12 12:39:00:390 debug: [CraftGovernor] Изменений нет, состояние не обновлялось. [context: governor]
2026-05-12 12:39:00:390 debug: [CraftGovernor] Цикл проверки завершен. [context: governor]
2026-05-12 12:39:18:3918 debug: [Reconciler] Запуск сверки истекших резерваций...
2026-05-12 12:39:18:3918 debug: [Reconciler] Не найдено истекших резерваций для сверки.
2026-05-12 12:39:30:3930 debug: ExpNotifier: Sent actual-exp to 1 client(s) using a single DB query.
2026-05-12 12:40:00:400 debug: [CraftGovernor] Запуск цикла проверки... [context: governor]
2026-05-12 12:40:00:400 debug: [CraftGovernor] Предыдущее состояние: 2 владельцев. Текущее состояние: 2 владельцев. [context: governor]
2026-05-12 12:40:00:400 info: [CraftGovernor] Найдено для паузы: 0. Найдено для возобновления: 0. [context: governor]
2026-05-12 12:40:00:400 debug: [CraftGovernor] Изменений нет, состояние не обновлялось. [context: governor]
2026-05-12 12:40:00:400 debug: [CraftGovernor] Цикл проверки завершен. [context: governor]
2026-05-12 12:40:18:4018 debug: [Reconciler] Запуск сверки истекших резерваций...
2026-05-12 12:40:18:4018 debug: [Reconciler] Не найдено истекших резерваций для сверки.
2026-05-12 12:40:30:4030 debug: ExpNotifier: Sent actual-exp to 1 client(s) using a single DB query.
2026-05-12 12:41:00:410 debug: [CraftGovernor] Запуск цикла проверки... [context: governor]
2026-05-12 12:41:00:410 debug: [CraftGovernor] Предыдущее состояние: 2 владельцев. Текущее состояние: 2 владельцев. [context: governor]
2026-05-12 12:41:00:410 info: [CraftGovernor] Найдено для паузы: 0. Найдено для возобновления: 0. [context: governor]
2026-05-12 12:41:00:410 debug: [CraftGovernor] Изменений нет, состояние не обновлялось. [context: governor]
2026-05-12 12:41:00:410 debug: [CraftGovernor] Цикл проверки завершен. [context: governor]
2026-05-12 12:41:18:4118 debug: [Reconciler] Запуск сверки истекших резерваций...
2026-05-12 12:41:18:4118 debug: [Reconciler] Не найдено истекших резерваций для сверки.
2026-05-12 12:41:30:4130 debug: ExpNotifier: Sent actual-exp to 1 client(s) using a single DB query.
2026-05-12 12:41:31:4131 info: Client disconnected: client, ID: cl-b1459fc1-9995-413a-ab1e-e8174b74f27a
2026-05-12 12:41:37:4137 debug: Creating session for 0x2da351d8d5840415025c35a7c843a0dfa6e4b89b from web3server (web3server_kkwvq34lvcw2cf) [context: session_0x2da351d8d5840415025c35a7c843a0dfa6e4b89b]
2026-05-12 12:41:37:4137 debug: Session created in Redis for 0x2da351d8d5840415025c35a7c843a0dfa6e4b89b [context: session_0x2da351d8d5840415025c35a7c843a0dfa6e4b89b]
2026-05-12 12:41:42:4142 info: New client connected from IP: 26.132.212.95
2026-05-12 12:41:42:4142 info: Client identified and connection stored: client, ID: cl-ed540d96-e056-40d6-9d95-46923bdc3fc0
2026-05-12 12:41:42:4142 debug: dbServer: Fetched 6 ships for tokens: 2, 3, 4, 5, 6, 7
2026-05-12 12:41:42:4142 debug: Sent get-ships-response to client for walletAddress: 0x2da351d8d5840415025c35a7c843a0dfa6e4b89b, tokens: 2,3,4,5,6,7
2026-05-12 12:41:49:4149 info: Client disconnected: client, ID: cl-ed540d96-e056-40d6-9d95-46923bdc3fc0
2026-05-12 12:41:55:4155 debug: Creating session for 0x2da351d8d5840415025c35a7c843a0dfa6e4b89b from web3server (web3server_kkwvq34lvcw2cf) [context: session_0x2da351d8d5840415025c35a7c843a0dfa6e4b89b]
2026-05-12 12:41:55:4155 debug: Session created in Redis for 0x2da351d8d5840415025c35a7c843a0dfa6e4b89b [context: session_0x2da351d8d5840415025c35a7c843a0dfa6e4b89b]
2026-05-12 12:41:59:4159 info: New client connected from IP: 26.132.212.95
2026-05-12 12:41:59:4159 info: Client identified and connection stored: client, ID: cl-d4a7a611-e36b-4311-a8e5-aa20dd81b435
2026-05-12 12:42:00:420 debug: [CraftGovernor] Запуск цикла проверки... [context: governor]
2026-05-12 12:42:00:420 debug: [CraftGovernor] Предыдущее состояние: 2 владельцев. Текущее состояние: 2 владельцев. [context: governor]
2026-05-12 12:42:00:420 info: [CraftGovernor] Найдено для паузы: 0. Найдено для возобновления: 0. [context: governor]
2026-05-12 12:42:00:420 debug: [CraftGovernor] Изменений нет, состояние не обновлялось. [context: governor]
2026-05-12 12:42:00:420 debug: [CraftGovernor] Цикл проверки завершен. [context: governor]
2026-05-12 12:42:00:420 debug: dbServer: Fetched 6 ships for tokens: 2, 3, 4, 5, 6, 7
2026-05-12 12:42:00:420 debug: Sent get-ships-response to client for walletAddress: 0x2da351d8d5840415025c35a7c843a0dfa6e4b89b, tokens: 2,3,4,5,6,7
2026-05-12 12:42:08:428 warn: Попытка списания ресурсов для 0x2da351d8d5840415025c35a7c843a0dfa6e4b89b. Данные: {"resources.voltaic_cell.quantity":-32,"resources.auracite.quantity":-24,"resources.ferrite_cluster.quantity":-24} [context: inventory_0x2da351d8d5840415025c35a7c843a0dfa6e4b89b]
2026-05-12 12:42:16:4216 warn: Попытка списания ресурсов для 0x2da351d8d5840415025c35a7c843a0dfa6e4b89b. Данные: {"resources.onyx_blade.quantity":-32,"resources.onyther_rock.quantity":-24,"resources.ferrite_cluster.quantity":-24} [context: inventory_0x2da351d8d5840415025c35a7c843a0dfa6e4b89b]
2026-05-12 12:42:17:4217 debug: Crafting 1 of bp_pulse_shotgun_mk1 (modules) for 0x2da351d8d5840415025c35a7c843a0dfa6e4b89b [context: craft_0x2da351d8d5840415025c35a7c843a0dfa6e4b89b]
2026-05-12 12:42:17:4217 debug: [CRAFT] Finished successfully for 0x2da351d8d5840415025c35a7c843a0dfa6e4b89b. Data: {"factoryName":"factory2","state":"idle","craftedItem":{"key":"pulse_shotgun_mk1","quantity":1,"category":"modules","craftedModules":[{"uid":"ebd58361-571f-41a6-8b78-6011802a9ee8","level":1,"category":"modules","params":{"damage":{"min":4.96,"max":8.14},"fireRate":324,"critical":{"chance":3.91,"modifier":166},"energyCost":7.28},"initialParams":{"damage":{"min":4.96,"max":8.14},"fireRate":324,"critical":{"chance":3.91,"modifier":166},"energyCost":7.28}}]}} [context: 0x2da351d8d5840415025c35a7c843a0dfa6e4b89b]
2026-05-12 12:42:18:4218 debug: [Reconciler] Запуск сверки истекших резерваций...
2026-05-12 12:42:18:4218 debug: [Reconciler] Не найдено истекших резерваций для сверки.
2026-05-12 12:42:22:4222 warn: Попытка списания ресурсов для 0x2da351d8d5840415025c35a7c843a0dfa6e4b89b. Данные: {"components.energy_matrix.quantity":-4,"components.pulse_emitter.quantity":-3,"components.radiation_shielding.quantity":-2} [context: inventory_0x2da351d8d5840415025c35a7c843a0dfa6e4b89b]
2026-05-12 12:42:22:4222 debug: [UPGRADE-MODULE-INVENTORY] Upgrade success! RESULT:{"success":true,"module":{"key":"pulse_blaster_mk1","level":2,"quantity":1,"category":"modules","params":{"damage":{"min":10.61,"max":17.74},"fireRate":130,"critical":{"chance":1.01,"modifier":294.8},"energyCost":3.07},"initialParams":{"damage":{"min":10.61,"max":17.74},"fireRate":130,"critical":{"chance":1.01,"modifier":268},"energyCost":2.98},"uid":"b863c24d-e8df-4329-ac4e-0fa54ed720e9"}} [context: 0x2da351d8d5840415025c35a7c843a0dfa6e4b89b]
2026-05-12 12:42:25:4225 warn: Попытка списания ресурсов для 0x2da351d8d5840415025c35a7c843a0dfa6e4b89b. Данные: {"components.energy_matrix.quantity":-12,"components.pulse_emitter.quantity":-8,"components.radiation_shielding.quantity":-4} [context: inventory_0x2da351d8d5840415025c35a7c843a0dfa6e4b89b]
2026-05-12 12:42:25:4225 debug: [UPGRADE-MODULE-INVENTORY] Upgrade success! RESULT:{"success":true,"module":{"key":"pulse_blaster_mk1","level":4,"quantity":1,"category":"modules","params":{"damage":{"min":10.48,"max":18.5},"fireRate":127,"critical":{"chance":1.69,"modifier":353.41},"energyCost":2.21},"initialParams":{"damage":{"min":9.19,"max":18.5},"fireRate":127,"critical":{"chance":1.69,"modifier":285},"energyCost":2.08},"uid":"349ab618-4156-4082-a404-efbecdc49ff6"}} [context: 0x2da351d8d5840415025c35a7c843a0dfa6e4b89b]
2026-05-12 12:42:30:4230 debug: ExpNotifier: Sent actual-exp to 1 client(s) using a single DB query.
2026-05-12 12:42:30:4230 debug: [MODULE-DISMANTLE] Module pulse_blaster_mk1 dismantled successfully for 0x2da351d8d5840415025c35a7c843a0dfa6e4b89b. [context: 0x2da351d8d5840415025c35a7c843a0dfa6e4b89b]
2026-05-12 12:42:33:4233 debug: [MODULE-DISMANTLE] Module pulse_blaster_mk1 dismantled successfully for 0x2da351d8d5840415025c35a7c843a0dfa6e4b89b. [context: 0x2da351d8d5840415025c35a7c843a0dfa6e4b89b]
2026-05-12 12:42:35:4235 debug: [MODULE-DISMANTLE] Module pulse_blaster_mk1 dismantled successfully for 0x2da351d8d5840415025c35a7c843a0dfa6e4b89b. [context: 0x2da351d8d5840415025c35a7c843a0dfa6e4b89b]
2026-05-12 12:43:00:430 debug: [CraftGovernor] Запуск цикла проверки... [context: governor]
2026-05-12 12:43:00:430 debug: [CraftGovernor] Предыдущее состояние: 2 владельцев. Текущее состояние: 2 владельцев. [context: governor]
2026-05-12 12:43:00:430 info: [CraftGovernor] Найдено для паузы: 0. Найдено для возобновления: 0. [context: governor]
2026-05-12 12:43:00:430 debug: [CraftGovernor] Изменений нет, состояние не обновлялось. [context: governor]
2026-05-12 12:43:00:430 debug: [CraftGovernor] Цикл проверки завершен. [context: governor]
2026-05-12 12:43:18:4318 debug: [Reconciler] Запуск сверки истекших резерваций...
2026-05-12 12:43:18:4318 debug: [Reconciler] Не найдено истекших резерваций для сверки.
2026-05-12 12:43:30:4330 debug: ExpNotifier: Sent actual-exp to 1 client(s) using a single DB query.
2026-05-12 12:44:00:440 debug: [CraftGovernor] Запуск цикла проверки... [context: governor]
2026-05-12 12:44:00:440 debug: [CraftGovernor] Предыдущее состояние: 2 владельцев. Текущее состояние: 2 владельцев. [context: governor]
2026-05-12 12:44:00:440 info: [CraftGovernor] Найдено для паузы: 0. Найдено для возобновления: 0. [context: governor]
2026-05-12 12:44:00:440 debug: [CraftGovernor] Изменений нет, состояние не обновлялось. [context: governor]
2026-05-12 12:44:00:440 debug: [CraftGovernor] Цикл проверки завершен. [context: governor]
2026-05-12 12:44:18:4418 debug: [Reconciler] Запуск сверки истекших резерваций...
2026-05-12 12:44:18:4418 debug: [Reconciler] Не найдено истекших резерваций для сверки.
2026-05-12 12:44:30:4430 debug: ExpNotifier: Sent actual-exp to 1 client(s) using a single DB query.
2026-05-12 12:44:54:4454 warn: Получен сигнал SIGINT. Начинаю грациозное завершение dbserver...
2026-05-12 12:44:54:4454 info: Закрытие серверов (WebSocket и HTTP)...
2026-05-12 12:48:12:4812 info: [Reconciler] Запуск воркера для сверки резерваций (Unified)...
2026-05-12 12:48:12:4812 info: [CraftGovernor] Запуск воркера "Craft Governor"...
2026-05-12 12:48:12:4812 info: [API Server] Запуск процесса...
2026-05-12 12:48:13:4813 info: New client connected from IP: ::1
2026-05-12 12:48:13:4813 warn: [Infisical] Secret "WEB3_CLIENT_ID" not found in cache.
2026-05-12 12:48:13:4813 debug: Unidentified client disconnected
2026-05-12 12:48:14:4814 info: dbServer: Successfully connected to Redis (main client).
2026-05-12 12:48:14:4814 info: [HealthMonitor] Monitoring started for governor:main
2026-05-12 12:48:14:4814 info: [CraftGovernor] Успешное подключение к MongoDB и Redis.
2026-05-12 12:48:24:4824 info: [Reconciler] Запуск воркера для сверки резерваций (Unified)...
2026-05-12 12:48:24:4824 info: [CraftGovernor] Запуск воркера "Craft Governor"...
2026-05-12 12:48:24:4824 info: [API Server] Запуск процесса...
2026-05-12 12:48:28:4828 info: New client connected from IP: ::1
2026-05-12 12:48:28:4828 warn: [Infisical] Secret "WEB3_CLIENT_ID" not found in cache.
2026-05-12 12:48:28:4828 debug: Unidentified client disconnected
2026-05-12 12:48:28:4828 info: [API Server] Успешное подключение к MongoDB.
2026-05-12 12:48:28:4828 info: dbServer: Successfully connected to Redis (main client).
2026-05-12 12:48:28:4828 info: Прогрев не требуется: нет сезона. [context: hydrate_season_null]
2026-05-12 12:48:28:4828 info: [HealthMonitor] Monitoring started for api:main
2026-05-12 12:48:28:4828 info: Optimized Exp Notifier scheduler started [context: exp_notifier]
2026-05-12 12:48:28:4828 info: [API Server] Сервер запущен и готов к приему WebSocket соединений на PID: 18792.
2026-05-12 12:48:28:4828 info: Обработчики грациозного завершения инициализированы.
2026-05-12 12:48:29:4829 info: New client connected from IP: ::1
2026-05-12 12:48:29:4829 info: Client identified and connection stored: web3server, ID: web3server_kkwvq34lvcw2cf
2026-05-12 12:48:29:4829 info: dbServer: Successfully connected to Redis (main client).
2026-05-12 12:48:29:4829 info: [HealthMonitor] Monitoring started for worker:1
2026-05-12 12:48:30:4830 debug: ExpNotifier: No clients online, skipping EXP check.
2026-05-12 12:48:30:4830 info: dbServer: Successfully connected to Redis (main client).
2026-05-12 12:48:30:4830 info: [HealthMonitor] Monitoring started for governor:main
2026-05-12 12:48:30:4830 info: [CraftGovernor] Успешное подключение к MongoDB и Redis.
2026-05-12 12:48:30:4830 info: [CraftGovernor] Воркер запланирован с cron-выражением: "* * * * *"
2026-05-12 12:48:30:4830 info: dbServer: Successfully connected to Redis (main client).
2026-05-12 12:48:30:4830 info: [HealthMonitor] Monitoring started for reconciler:main
2026-05-12 12:48:30:4830 info: [Reconciler] Успешное подключение к MongoDB и Redis.
2026-05-12 12:48:30:4830 debug: [Reconciler] Запуск сверки истекших резерваций...
2026-05-12 12:48:30:4830 debug: [Reconciler] Не найдено истекших резерваций для сверки.
2026-05-12 12:48:30:4830 info: New client connected from IP: ::1
2026-05-12 12:48:30:4830 info: Client identified and connection stored: gameserver, ID: gameserver-Hddkwe35fsvk_worker_3580
2026-05-12 12:48:45:4845 debug: Creating session for 0x2da351d8d5840415025c35a7c843a0dfa6e4b89b from web3server (web3server_kkwvq34lvcw2cf) [context: session_0x2da351d8d5840415025c35a7c843a0dfa6e4b89b]
2026-05-12 12:48:45:4845 debug: Session created in Redis for 0x2da351d8d5840415025c35a7c843a0dfa6e4b89b [context: session_0x2da351d8d5840415025c35a7c843a0dfa6e4b89b]
2026-05-12 12:48:51:4851 info: New client connected from IP: 26.132.212.95
2026-05-12 12:48:51:4851 info: Client identified and connection stored: client, ID: cl-f956349b-e848-45de-a39c-3c00717baf38
2026-05-12 12:48:51:4851 debug: dbServer: Fetched 6 ships for tokens: 2, 3, 4, 5, 6, 7
2026-05-12 12:48:51:4851 debug: Sent get-ships-response to client for walletAddress: 0x2da351d8d5840415025c35a7c843a0dfa6e4b89b, tokens: 2,3,4,5,6,7
2026-05-12 12:48:56:4856 debug: Crafting 1 of bp_kinetic_amplifier (components) for 0x2da351d8d5840415025c35a7c843a0dfa6e4b89b [context: craft_0x2da351d8d5840415025c35a7c843a0dfa6e4b89b]
2026-05-12 12:48:56:4856 debug: [CRAFT] Finished successfully for 0x2da351d8d5840415025c35a7c843a0dfa6e4b89b. Data: {"factoryName":"factory1","state":"idle","craftedItem":{"key":"kinetic_amplifier","quantity":1,"category":"components"}} [context: 0x2da351d8d5840415025c35a7c843a0dfa6e4b89b]
2026-05-12 12:48:59:4859 warn: Попытка списания ресурсов для 0x2da351d8d5840415025c35a7c843a0dfa6e4b89b. Данные: {"resources.voltaic_cell.quantity":-32,"resources.auracite.quantity":-24,"resources.ferrite_cluster.quantity":-24} [context: inventory_0x2da351d8d5840415025c35a7c843a0dfa6e4b89b]
2026-05-12 12:49:00:490 debug: [CraftGovernor] Запуск цикла проверки... [context: governor]
2026-05-12 12:49:00:490 debug: [CraftGovernor] Предыдущее состояние: 2 владельцев. Текущее состояние: 2 владельцев. [context: governor]
2026-05-12 12:49:00:490 info: [CraftGovernor] Найдено для паузы: 0. Найдено для возобновления: 0. [context: governor]
2026-05-12 12:49:00:490 debug: [CraftGovernor] Изменений нет, состояние не обновлялось. [context: governor]
2026-05-12 12:49:00:490 debug: [CraftGovernor] Цикл проверки завершен. [context: governor]
2026-05-12 12:49:01:491 warn: Попытка списания ресурсов для 0x2da351d8d5840415025c35a7c843a0dfa6e4b89b. Данные: {"resources.onyx_blade.quantity":-32,"resources.onyther_rock.quantity":-24,"resources.ferrite_cluster.quantity":-24} [context: inventory_0x2da351d8d5840415025c35a7c843a0dfa6e4b89b]
2026-05-12 12:49:09:499 warn: Попытка списания ресурсов для 0x2da351d8d5840415025c35a7c843a0dfa6e4b89b. Данные: {"components.energy_matrix.quantity":-4,"components.pulse_emitter.quantity":-3,"components.radiation_shielding.quantity":-2} [context: inventory_0x2da351d8d5840415025c35a7c843a0dfa6e4b89b]
2026-05-12 12:49:09:499 debug: [UPGRADE-MODULE-INVENTORY] Upgrade success! RESULT:{"success":true,"module":{"key":"pulse_blaster_mk1","level":2,"quantity":1,"category":"modules","params":{"damage":{"min":11.45,"max":20.83},"fireRate":136,"critical":{"chance":1.55,"modifier":233},"energyCost":2.04},"initialParams":{"damage":{"min":11.45,"max":18.59},"fireRate":136,"critical":{"chance":1.55,"modifier":233},"energyCost":2.01},"uid":"f9d9acbc-5604-4b80-b72f-bfb046773e24"}} [context: 0x2da351d8d5840415025c35a7c843a0dfa6e4b89b]
2026-05-12 12:49:12:4912 warn: Попытка списания ресурсов для 0x2da351d8d5840415025c35a7c843a0dfa6e4b89b. Данные: {"components.energy_matrix.quantity":-14,"components.pulse_emitter.quantity":-10,"components.radiation_shielding.quantity":-5} [context: inventory_0x2da351d8d5840415025c35a7c843a0dfa6e4b89b]
2026-05-12 12:49:12:4912 debug: [UPGRADE-MODULE-INVENTORY] Upgrade success! RESULT:{"success":true,"module":{"key":"pulse_blaster_mk1","level":5,"quantity":1,"category":"modules","params":{"damage":{"min":11.45,"max":25.49},"fireRate":136,"critical":{"chance":1.55,"modifier":265.62},"energyCost":2.21},"initialParams":{"damage":{"min":11.45,"max":18.59},"fireRate":136,"critical":{"chance":1.55,"modifier":233},"energyCost":2.01},"uid":"f9d9acbc-5604-4b80-b72f-bfb046773e24"}} [context: 0x2da351d8d5840415025c35a7c843a0dfa6e4b89b]
2026-05-12 12:49:17:4917 debug: [MODULE-DISMANTLE] Module pulse_blaster_mk1 dismantled successfully for 0x2da351d8d5840415025c35a7c843a0dfa6e4b89b. [context: 0x2da351d8d5840415025c35a7c843a0dfa6e4b89b]
2026-05-12 12:49:30:4930 debug: ExpNotifier: Sent actual-exp to 1 client(s) using a single DB query.
2026-05-12 12:49:30:4930 debug: [Reconciler] Запуск сверки истекших резерваций...
2026-05-12 12:49:30:4930 debug: [Reconciler] Не найдено истекших резерваций для сверки.
2026-05-12 12:49:43:4943 debug: Verifying session for 0x2da351d8d5840415025c35a7c843a0dfa6e4b89b from web3server (web3server_kkwvq34lvcw2cf) [context: session_0x2da351d8d5840415025c35a7c843a0dfa6e4b89b]
2026-05-12 12:49:43:4943 debug: [Reservation] Списываем коины: 3
2026-05-12 12:49:58:4958 debug: [WEB3SERVERHANDLER - finalize-token-claim]: dbServer подтвердил успешную финализацию для 0xcaf68be7257bee66b8d722521da84c7967806a0dddb08b4aee4b91cf06ad2b3f.
2026-05-12 12:49:58:4958 debug: Sent 'tx-history-updated' to 0x2da351d8d5840415025c35a7c843a0dfa6e4b89b [context: redis_subscriber]
2026-05-12 12:50:00:500 debug: [CraftGovernor] Запуск цикла проверки... [context: governor]
2026-05-12 12:50:00:500 debug: [CraftGovernor] Предыдущее состояние: 2 владельцев. Текущее состояние: 2 владельцев. [context: governor]
2026-05-12 12:50:00:500 info: [CraftGovernor] Найдено для паузы: 0. Найдено для возобновления: 0. [context: governor]
2026-05-12 12:50:00:500 debug: [CraftGovernor] Изменений нет, состояние не обновлялось. [context: governor]
2026-05-12 12:50:00:500 debug: [CraftGovernor] Цикл проверки завершен. [context: governor]
2026-05-12 12:50:30:5030 debug: ExpNotifier: Sent actual-exp to 1 client(s) using a single DB query.
2026-05-12 12:50:30:5030 debug: [Reconciler] Запуск сверки истекших резерваций...
2026-05-12 12:50:30:5030 debug: [Reconciler] Не найдено истекших резерваций для сверки.
2026-05-12 12:51:00:510 debug: [CraftGovernor] Запуск цикла проверки... [context: governor]
2026-05-12 12:51:00:510 debug: [CraftGovernor] Предыдущее состояние: 2 владельцев. Текущее состояние: 2 владельцев. [context: governor]
2026-05-12 12:51:00:510 info: [CraftGovernor] Найдено для паузы: 0. Найдено для возобновления: 0. [context: governor]
2026-05-12 12:51:00:510 debug: [CraftGovernor] Изменений нет, состояние не обновлялось. [context: governor]
2026-05-12 12:51:00:510 debug: [CraftGovernor] Цикл проверки завершен. [context: governor]
2026-05-12 12:51:14:5114 debug: Crafting 1 of bp_energy_matrix (components) for 0x2da351d8d5840415025c35a7c843a0dfa6e4b89b [context: craft_0x2da351d8d5840415025c35a7c843a0dfa6e4b89b]
2026-05-12 12:51:14:5114 debug: [CRAFT] Finished successfully for 0x2da351d8d5840415025c35a7c843a0dfa6e4b89b. Data: {"factoryName":"factory1","state":"idle","craftedItem":{"key":"energy_matrix","quantity":1,"category":"components"}} [context: 0x2da351d8d5840415025c35a7c843a0dfa6e4b89b]
2026-05-12 12:51:15:5115 debug: Crafting 1 of bp_kinetic_amplifier (components) for 0x2da351d8d5840415025c35a7c843a0dfa6e4b89b [context: craft_0x2da351d8d5840415025c35a7c843a0dfa6e4b89b]
2026-05-12 12:51:15:5115 debug: [CRAFT] Finished successfully for 0x2da351d8d5840415025c35a7c843a0dfa6e4b89b. Data: {"factoryName":"factory2","state":"idle","craftedItem":{"key":"kinetic_amplifier","quantity":1,"category":"components"}} [context: 0x2da351d8d5840415025c35a7c843a0dfa6e4b89b]
2026-05-12 12:51:18:5118 warn: Попытка списания ресурсов для 0x2da351d8d5840415025c35a7c843a0dfa6e4b89b. Данные: {"resources.voltaic_cell.quantity":-32,"resources.onyx_blade.quantity":-24,"resources.auracite.quantity":-24} [context: inventory_0x2da351d8d5840415025c35a7c843a0dfa6e4b89b]
2026-05-12 12:51:27:5127 warn: Попытка списания ресурсов для 0x2da351d8d5840415025c35a7c843a0dfa6e4b89b. Данные: {"components.energy_matrix.quantity":-6,"components.pulse_emitter.quantity":-4,"components.radiation_shielding.quantity":-2} [context: inventory_0x2da351d8d5840415025c35a7c843a0dfa6e4b89b]
2026-05-12 12:51:27:5127 debug: [UPGRADE-MODULE-INVENTORY] Upgrade success! RESULT:{"success":true,"module":{"key":"pulse_blaster_mk1","level":5,"quantity":1,"category":"modules","params":{"damage":{"min":10.48,"max":18.5},"fireRate":127,"critical":{"chance":1.69,"modifier":393.32},"energyCost":2.24},"initialParams":{"damage":{"min":9.19,"max":18.5},"fireRate":127,"critical":{"chance":1.69,"modifier":285},"energyCost":2.08},"uid":"349ab618-4156-4082-a404-efbecdc49ff6"}} [context: 0x2da351d8d5840415025c35a7c843a0dfa6e4b89b]
2026-05-12 12:51:30:5130 debug: ExpNotifier: Sent actual-exp to 1 client(s) using a single DB query.
2026-05-12 12:51:30:5130 debug: [Reconciler] Запуск сверки истекших резерваций...
2026-05-12 12:51:30:5130 debug: [Reconciler] Не найдено истекших резерваций для сверки.
2026-05-12 12:51:32:5132 debug: [MODULE-DISMANTLE] Module pulse_blaster_mk1 dismantled successfully for 0x2da351d8d5840415025c35a7c843a0dfa6e4b89b. [context: 0x2da351d8d5840415025c35a7c843a0dfa6e4b89b]
2026-05-12 12:51:51:5151 debug: Verifying session for 0x2da351d8d5840415025c35a7c843a0dfa6e4b89b from web3server (web3server_kkwvq34lvcw2cf) [context: session_0x2da351d8d5840415025c35a7c843a0dfa6e4b89b]
2026-05-12 12:51:51:5151 debug: [Reservation] Списываем коины: 3
2026-05-12 12:52:00:520 debug: [CraftGovernor] Запуск цикла проверки... [context: governor]
2026-05-12 12:52:00:520 debug: [CraftGovernor] Предыдущее состояние: 2 владельцев. Текущее состояние: 2 владельцев. [context: governor]
2026-05-12 12:52:00:520 info: [CraftGovernor] Найдено для паузы: 0. Найдено для возобновления: 0. [context: governor]
2026-05-12 12:52:00:520 debug: [CraftGovernor] Изменений нет, состояние не обновлялось. [context: governor]
2026-05-12 12:52:00:520 debug: [CraftGovernor] Цикл проверки завершен. [context: governor]
2026-05-12 12:52:07:527 debug: [WEB3SERVERHANDLER - finalize-token-claim]: dbServer подтвердил успешную финализацию для 0x3c17852b301c6193714ba008c40396f9506d47ff41c9364710046addab2b53fb.
2026-05-12 12:52:07:527 debug: Sent 'tx-history-updated' to 0x2da351d8d5840415025c35a7c843a0dfa6e4b89b [context: redis_subscriber]
2026-05-12 12:52:15:5215 debug: Mail 69f75e494450257adc85aa27 deleted successfully by owner 0x2da351d8d5840415025c35a7c843a0dfa6e4b89b. [context: mail_0x2da351d8d5840415025c35a7c843a0dfa6e4b89b]
2026-05-12 12:52:30:5230 debug: ExpNotifier: Sent actual-exp to 1 client(s) using a single DB query.
2026-05-12 12:52:30:5230 debug: [Reconciler] Запуск сверки истекших резерваций...
2026-05-12 12:52:30:5230 debug: [Reconciler] Не найдено истекших резерваций для сверки.
2026-05-12 12:52:34:5234 debug: Verifying session for 0x2da351d8d5840415025c35a7c843a0dfa6e4b89b from web3server (web3server_kkwvq34lvcw2cf) [context: session_0x2da351d8d5840415025c35a7c843a0dfa6e4b89b]
2026-05-12 12:52:55:5255 debug: Обнаружено 1 новых кораблей для владельца 0x2da351d8d5840415025c35a7c843a0dfa6e4b89b. Создание...
2026-05-12 12:52:55:5255 debug: dbServer: Created ship: shipId=8, typeId=6, type=Leviathan, level=1, hull=100
2026-05-12 12:52:55:5255 debug: dbServer: Fetched 7 ships for tokens: 2, 3, 4, 5, 6, 7, 8
2026-05-12 12:52:55:5255 debug: Sent get-ships-response to client for walletAddress: 0x2da351d8d5840415025c35a7c843a0dfa6e4b89b, tokens: 2,3,4,5,6,7,8
2026-05-12 12:53:00:530 debug: [CraftGovernor] Запуск цикла проверки... [context: governor]
2026-05-12 12:53:00:530 debug: [CraftGovernor] Предыдущее состояние: 2 владельцев. Текущее состояние: 2 владельцев. [context: governor]
2026-05-12 12:53:00:530 info: [CraftGovernor] Найдено для паузы: 0. Найдено для возобновления: 0. [context: governor]
2026-05-12 12:53:00:530 debug: [CraftGovernor] Изменений нет, состояние не обновлялось. [context: governor]
2026-05-12 12:53:00:530 debug: [CraftGovernor] Цикл проверки завершен. [context: governor]
2026-05-12 12:53:07:537 debug: [INSTALL-MODULE-SHIP]: Preparing to INSTALL module pulse_shotgun_mk1 : ebd58361-571f-41a6-8b78-6011802a9ee8 in slot weapon2. Starting transaction. [context: 0x2da351d8d5840415025c35a7c843a0dfa6e4b89b]
2026-05-12 12:53:07:537 debug: [INSTALL-MODULE-SHIP] Module pulse_shotgun_mk1 installed! [context: 0x2da351d8d5840415025c35a7c843a0dfa6e4b89b]
2026-05-12 12:53:09:539 warn: Попытка списания ресурсов для 0x2da351d8d5840415025c35a7c843a0dfa6e4b89b. Данные: {"components.kinetic_amplifier.quantity":-4,"components.energy_matrix.quantity":-3,"components.pulse_emitter.quantity":-2} [context: inventory_0x2da351d8d5840415025c35a7c843a0dfa6e4b89b]
2026-05-12 12:53:09:539 debug: [UPGRADE-MODULE-SHIP] Upgrade success! RESULT:{"success":true,"upgradedShipId":8,"module":{"uid":"ebd58361-571f-41a6-8b78-6011802a9ee8","key":"pulse_shotgun_mk1","category":"modules","level":2,"params":{"damage":{"min":4.96,"max":8.14},"fireRate":324,"critical":{"chance":4.11,"modifier":166},"energyCost":7.5},"initialParams":{"damage":{"min":4.96,"max":8.14},"fireRate":324,"critical":{"chance":3.91,"modifier":166},"energyCost":7.28}}} [context: 0x2da351d8d5840415025c35a7c843a0dfa6e4b89b]
2026-05-12 12:53:12:5312 warn: Попытка списания ресурсов для 0x2da351d8d5840415025c35a7c843a0dfa6e4b89b. Данные: {"components.kinetic_amplifier.quantity":-33,"components.energy_matrix.quantity":-22,"components.pulse_emitter.quantity":-11} [context: inventory_0x2da351d8d5840415025c35a7c843a0dfa6e4b89b]
2026-05-12 12:53:12:5312 debug: [UPGRADE-MODULE-SHIP] Upgrade success! RESULT:{"success":true,"upgradedShipId":8,"module":{"uid":"ebd58361-571f-41a6-8b78-6011802a9ee8","key":"pulse_shotgun_mk1","category":"modules","level":8,"params":{"damage":{"min":5.51,"max":10.18},"fireRate":324,"critical":{"chance":4.43,"modifier":202.52},"energyCost":8.4},"initialParams":{"damage":{"min":4.96,"max":8.14},"fireRate":324,"critical":{"chance":3.91,"modifier":166},"energyCost":7.28}}} [context: 0x2da351d8d5840415025c35a7c843a0dfa6e4b89b]
2026-05-12 12:53:23:5323 warn: Попытка списания ресурсов для 0x2da351d8d5840415025c35a7c843a0dfa6e4b89b. Данные: {"resources.voltaic_cell.quantity":-114,"resources.onyx_blade.quantity":-86,"resources.ferrite_cluster.quantity":-86} [context: inventory_0x2da351d8d5840415025c35a7c843a0dfa6e4b89b]
2026-05-12 12:53:23:5323 debug: [UPGRADE-MODULE-SHIP] Upgrade success! RESULT:{"success":true,"upgradedShipId":8,"module":{"uid":"29905c7c-3e64-43ee-a241-c53d59238454","key":"rookie_cannon","category":"modules","level":5,"params":{"damage":{"min":6.1,"max":7},"fireRate":112,"energyCost":1.1,"critical":{"chance":1.07,"modifier":165}},"initialParams":{"damage":{"min":5,"max":6},"fireRate":112,"critical":{"chance":1,"modifier":150},"energyCost":1}}} [context: 0x2da351d8d5840415025c35a7c843a0dfa6e4b89b]
2026-05-12 12:53:28:5328 warn: Попытка списания ресурсов для 0x2da351d8d5840415025c35a7c843a0dfa6e4b89b. Данные: {"resources.ferrite_cluster.quantity":-100,"resources.onyther_rock.quantity":-80,"resources.verdanite_shard.quantity":-60} [context: inventory_0x2da351d8d5840415025c35a7c843a0dfa6e4b89b]
2026-05-12 12:53:28:5328 debug: [UPGRADE-MODULE-SHIP] Upgrade success! RESULT:{"success":true,"upgradedShipId":8,"module":{"uid":"c9fac75e-8b49-4daf-87de-bcd85937e6bb","key":"rookie_armor","category":"modules","level":4,"params":{"armor":{"capacity":109},"absorption":{"chance":1,"absorb":57.5}},"initialParams":{"armor":{"capacity":100},"absorption":{"chance":1,"absorb":50}}}} [context: 0x2da351d8d5840415025c35a7c843a0dfa6e4b89b]
2026-05-12 12:53:30:5330 debug: ExpNotifier: Sent actual-exp to 1 client(s) using a single DB query.
2026-05-12 12:53:30:5330 debug: [Reconciler] Запуск сверки истекших резерваций...
2026-05-12 12:53:30:5330 debug: [Reconciler] Не найдено истекших резерваций для сверки.
2026-05-12 12:53:33:5333 info: Client disconnected: client, ID: cl-f956349b-e848-45de-a39c-3c00717baf38
2026-05-12 12:53:33:5333 debug: Verifying session for 0x2da351d8d5840415025c35a7c843a0dfa6e4b89b from gameserver (gameserver-Hddkwe35fsvk_worker_3580) [context: session_0x2da351d8d5840415025c35a7c843a0dfa6e4b89b]
2026-05-12 12:53:33:5333 debug: dbServer: Fetched 1 ships for tokens: 8
2026-05-12 12:54:00:540 debug: [CraftGovernor] Запуск цикла проверки... [context: governor]
2026-05-12 12:54:00:540 debug: [CraftGovernor] Предыдущее состояние: 2 владельцев. Текущее состояние: 2 владельцев. [context: governor]
2026-05-12 12:54:00:540 info: [CraftGovernor] Найдено для паузы: 0. Найдено для возобновления: 0. [context: governor]
2026-05-12 12:54:00:540 debug: [CraftGovernor] Изменений нет, состояние не обновлялось. [context: governor]
2026-05-12 12:54:00:540 debug: [CraftGovernor] Цикл проверки завершен. [context: governor]
2026-05-12 12:54:04:544 debug: Статистика для 0x2da351d8d5840415025c35a7c843a0dfa6e4b89b не записана: нет сезона. [context: leaderboard]
2026-05-12 12:54:09:549 info: New client connected from IP: 26.132.212.95
2026-05-12 12:54:09:549 info: Client identified and connection stored: client, ID: cl-6ace09b8-ccc6-4824-be34-a58a6d83eda7
2026-05-12 12:54:09:549 debug: dbServer: Fetched 7 ships for tokens: 2, 3, 4, 5, 6, 7, 8
2026-05-12 12:54:09:549 debug: Sent get-ships-response to client for walletAddress: 0x2da351d8d5840415025c35a7c843a0dfa6e4b89b, tokens: 2,3,4,5,6,7,8
2026-05-12 12:54:30:5430 debug: ExpNotifier: Sent actual-exp to 1 client(s) using a single DB query.
2026-05-12 12:54:30:5430 debug: [Reconciler] Запуск сверки истекших резерваций...
2026-05-12 12:54:30:5430 debug: [Reconciler] Не найдено истекших резерваций для сверки.
2026-05-12 12:55:00:550 debug: [CraftGovernor] Запуск цикла проверки... [context: governor]
2026-05-12 12:55:00:550 debug: [CraftGovernor] Предыдущее состояние: 2 владельцев. Текущее состояние: 2 владельцев. [context: governor]
2026-05-12 12:55:00:550 info: [CraftGovernor] Найдено для паузы: 0. Найдено для возобновления: 0. [context: governor]
2026-05-12 12:55:00:550 debug: [CraftGovernor] Изменений нет, состояние не обновлялось. [context: governor]
2026-05-12 12:55:00:550 debug: [CraftGovernor] Цикл проверки завершен. [context: governor]
2026-05-12 12:55:30:5530 debug: ExpNotifier: Sent actual-exp to 1 client(s) using a single DB query.
2026-05-12 12:55:30:5530 debug: [Reconciler] Запуск сверки истекших резерваций...
2026-05-12 12:55:30:5530 debug: [Reconciler] Не найдено истекших резерваций для сверки.
2026-05-12 12:56:00:560 debug: [CraftGovernor] Запуск цикла проверки... [context: governor]
2026-05-12 12:56:00:560 debug: [CraftGovernor] Предыдущее состояние: 2 владельцев. Текущее состояние: 2 владельцев. [context: governor]
2026-05-12 12:56:00:560 info: [CraftGovernor] Найдено для паузы: 0. Найдено для возобновления: 0. [context: governor]
2026-05-12 12:56:00:560 debug: [CraftGovernor] Изменений нет, состояние не обновлялось. [context: governor]
2026-05-12 12:56:00:560 debug: [CraftGovernor] Цикл проверки завершен. [context: governor]
2026-05-12 12:56:30:5630 debug: ExpNotifier: Sent actual-exp to 1 client(s) using a single DB query.
2026-05-12 12:56:30:5630 debug: [Reconciler] Запуск сверки истекших резерваций...
2026-05-12 12:56:30:5630 debug: [Reconciler] Не найдено истекших резерваций для сверки.
2026-05-12 12:57:00:570 debug: [CraftGovernor] Запуск цикла проверки... [context: governor]
2026-05-12 12:57:00:570 debug: [CraftGovernor] Предыдущее состояние: 2 владельцев. Текущее состояние: 2 владельцев. [context: governor]
2026-05-12 12:57:00:570 info: [CraftGovernor] Найдено для паузы: 0. Найдено для возобновления: 0. [context: governor]
2026-05-12 12:57:00:570 debug: [CraftGovernor] Изменений нет, состояние не обновлялось. [context: governor]
2026-05-12 12:57:00:570 debug: [CraftGovernor] Цикл проверки завершен. [context: governor]
2026-05-12 12:57:30:5730 debug: ExpNotifier: Sent actual-exp to 1 client(s) using a single DB query.
2026-05-12 12:57:30:5730 debug: [Reconciler] Запуск сверки истекших резерваций...
2026-05-12 12:57:30:5730 debug: [Reconciler] Не найдено истекших резерваций для сверки.
2026-05-12 12:58:00:580 debug: [CraftGovernor] Запуск цикла проверки... [context: governor]
2026-05-12 12:58:00:580 debug: [CraftGovernor] Предыдущее состояние: 2 владельцев. Текущее состояние: 2 владельцев. [context: governor]
2026-05-12 12:58:00:580 info: [CraftGovernor] Найдено для паузы: 0. Найдено для возобновления: 0. [context: governor]
2026-05-12 12:58:00:580 debug: [CraftGovernor] Изменений нет, состояние не обновлялось. [context: governor]
2026-05-12 12:58:00:580 debug: [CraftGovernor] Цикл проверки завершен. [context: governor]
2026-05-12 12:58:30:5830 debug: ExpNotifier: Sent actual-exp to 1 client(s) using a single DB query.
2026-05-12 12:58:30:5830 debug: [Reconciler] Запуск сверки истекших резерваций...
2026-05-12 12:58:30:5830 debug: [Reconciler] Не найдено истекших резерваций для сверки.
2026-05-12 12:59:00:590 debug: [CraftGovernor] Запуск цикла проверки... [context: governor]
2026-05-12 12:59:00:590 debug: [CraftGovernor] Предыдущее состояние: 2 владельцев. Текущее состояние: 2 владельцев. [context: governor]
2026-05-12 12:59:00:590 info: [CraftGovernor] Найдено для паузы: 0. Найдено для возобновления: 0. [context: governor]
2026-05-12 12:59:00:590 debug: [CraftGovernor] Изменений нет, состояние не обновлялось. [context: governor]
2026-05-12 12:59:00:590 debug: [CraftGovernor] Цикл проверки завершен. [context: governor]
2026-05-12 12:59:30:5930 debug: ExpNotifier: Sent actual-exp to 1 client(s) using a single DB query.
2026-05-12 12:59:30:5930 debug: [Reconciler] Запуск сверки истекших резерваций...
2026-05-12 12:59:30:5930 debug: [Reconciler] Не найдено истекших резерваций для сверки.
2026-05-12 13:00:00:00 debug: [CraftGovernor] Запуск цикла проверки... [context: governor]
2026-05-12 13:00:00:00 debug: [CraftGovernor] Предыдущее состояние: 2 владельцев. Текущее состояние: 2 владельцев. [context: governor]
2026-05-12 13:00:00:00 info: [CraftGovernor] Найдено для паузы: 0. Найдено для возобновления: 0. [context: governor]
2026-05-12 13:00:00:00 debug: [CraftGovernor] Изменений нет, состояние не обновлялось. [context: governor]
2026-05-12 13:00:00:00 debug: [CraftGovernor] Цикл проверки завершен. [context: governor]
2026-05-12 13:00:30:030 debug: ExpNotifier: Sent actual-exp to 1 client(s) using a single DB query.
2026-05-12 13:00:30:030 debug: [Reconciler] Запуск сверки истекших резерваций...
2026-05-12 13:00:30:030 debug: [Reconciler] Не найдено истекших резерваций для сверки.
2026-05-12 13:01:00:10 debug: [CraftGovernor] Запуск цикла проверки... [context: governor]
2026-05-12 13:01:00:10 debug: [CraftGovernor] Предыдущее состояние: 2 владельцев. Текущее состояние: 2 владельцев. [context: governor]
2026-05-12 13:01:00:10 info: [CraftGovernor] Найдено для паузы: 0. Найдено для возобновления: 0. [context: governor]
2026-05-12 13:01:00:10 debug: [CraftGovernor] Изменений нет, состояние не обновлялось. [context: governor]
2026-05-12 13:01:00:10 debug: [CraftGovernor] Цикл проверки завершен. [context: governor]
2026-05-12 13:01:30:130 debug: ExpNotifier: Sent actual-exp to 1 client(s) using a single DB query.
2026-05-12 13:01:30:130 debug: [Reconciler] Запуск сверки истекших резерваций...
2026-05-12 13:01:30:130 debug: [Reconciler] Не найдено истекших резерваций для сверки.
2026-05-12 13:02:00:20 debug: [CraftGovernor] Запуск цикла проверки... [context: governor]
2026-05-12 13:02:00:20 debug: [CraftGovernor] Предыдущее состояние: 2 владельцев. Текущее состояние: 2 владельцев. [context: governor]
2026-05-12 13:02:00:20 info: [CraftGovernor] Найдено для паузы: 0. Найдено для возобновления: 0. [context: governor]
2026-05-12 13:02:00:20 debug: [CraftGovernor] Изменений нет, состояние не обновлялось. [context: governor]
2026-05-12 13:02:00:20 debug: [CraftGovernor] Цикл проверки завершен. [context: governor]
2026-05-12 13:02:30:230 debug: ExpNotifier: Sent actual-exp to 1 client(s) using a single DB query.
2026-05-12 13:02:30:230 debug: [Reconciler] Запуск сверки истекших резерваций...
2026-05-12 13:02:30:230 debug: [Reconciler] Не найдено истекших резерваций для сверки.
2026-05-12 13:03:00:30 debug: [CraftGovernor] Запуск цикла проверки... [context: governor]
2026-05-12 13:03:00:30 debug: [CraftGovernor] Предыдущее состояние: 2 владельцев. Текущее состояние: 2 владельцев. [context: governor]
2026-05-12 13:03:00:30 info: [CraftGovernor] Найдено для паузы: 0. Найдено для возобновления: 0. [context: governor]
2026-05-12 13:03:00:30 debug: [CraftGovernor] Изменений нет, состояние не обновлялось. [context: governor]
2026-05-12 13:03:00:30 debug: [CraftGovernor] Цикл проверки завершен. [context: governor]
2026-05-12 13:03:30:330 debug: ExpNotifier: Sent actual-exp to 1 client(s) using a single DB query.
2026-05-12 13:03:30:330 debug: [Reconciler] Запуск сверки истекших резерваций...
2026-05-12 13:03:30:330 debug: [Reconciler] Не найдено истекших резерваций для сверки.
2026-05-12 13:04:00:40 debug: [CraftGovernor] Запуск цикла проверки... [context: governor]
2026-05-12 13:04:00:40 debug: [CraftGovernor] Предыдущее состояние: 2 владельцев. Текущее состояние: 2 владельцев. [context: governor]
2026-05-12 13:04:00:40 info: [CraftGovernor] Найдено для паузы: 0. Найдено для возобновления: 0. [context: governor]
2026-05-12 13:04:00:40 debug: [CraftGovernor] Изменений нет, состояние не обновлялось. [context: governor]
2026-05-12 13:04:00:40 debug: [CraftGovernor] Цикл проверки завершен. [context: governor]
2026-05-12 13:04:30:430 debug: ExpNotifier: Sent actual-exp to 1 client(s) using a single DB query.
2026-05-12 13:04:30:430 debug: [Reconciler] Запуск сверки истекших резерваций...
2026-05-12 13:04:30:430 debug: [Reconciler] Не найдено истекших резерваций для сверки.
2026-05-12 13:04:55:455 warn: Получен сигнал SIGINT. Начинаю грациозное завершение dbserver...
2026-05-12 13:05:24:524 info: [Reconciler] Запуск воркера для сверки резерваций (Unified)...
2026-05-12 13:05:24:524 info: [CraftGovernor] Запуск воркера "Craft Governor"...
2026-05-12 13:05:24:524 info: [API Server] Запуск процесса...
2026-05-12 13:05:26:526 info: New client connected from IP: ::1
2026-05-12 13:05:26:526 warn: [Infisical] Secret "WEB3_CLIENT_ID" not found in cache.
2026-05-12 13:05:26:526 debug: Unidentified client disconnected
2026-05-12 13:05:26:526 info: dbServer: Successfully connected to Redis (main client).
2026-05-12 13:05:26:526 info: [HealthMonitor] Monitoring started for governor:main
2026-05-12 13:05:26:526 info: [CraftGovernor] Успешное подключение к MongoDB и Redis.
2026-05-12 13:05:26:526 info: [CraftGovernor] Воркер запланирован с cron-выражением: "* * * * *"
2026-05-12 13:05:27:527 info: dbServer: Successfully connected to Redis (main client).
2026-05-12 13:05:27:527 info: [HealthMonitor] Monitoring started for reconciler:main
2026-05-12 13:05:27:527 info: [Reconciler] Успешное подключение к MongoDB и Redis.
2026-05-12 13:05:27:527 debug: [Reconciler] Запуск сверки истекших резерваций...
2026-05-12 13:05:27:527 debug: [Reconciler] Не найдено истекших резерваций для сверки.
2026-05-12 13:05:27:527 info: New client connected from IP: ::1
2026-05-12 13:05:27:527 info: [API Server] Успешное подключение к MongoDB.
2026-05-12 13:05:27:527 info: Client identified and connection stored: web3server, ID: web3server_kkwvq34lvcw2cf
2026-05-12 13:05:27:527 info: dbServer: Successfully connected to Redis (main client).
2026-05-12 13:05:27:527 info: Прогрев не требуется: нет сезона. [context: hydrate_season_null]
2026-05-12 13:05:27:527 info: [HealthMonitor] Monitoring started for api:main
2026-05-12 13:05:27:527 info: Optimized Exp Notifier scheduler started [context: exp_notifier]
2026-05-12 13:05:27:527 info: [API Server] Сервер запущен и готов к приему WebSocket соединений на PID: 16372.
2026-05-12 13:05:27:527 info: Обработчики грациозного завершения инициализированы.
2026-05-12 13:05:27:527 info: New client connected from IP: ::1
2026-05-12 13:05:27:527 info: Client identified and connection stored: gameserver, ID: gameserver-Hddkwe35fsvk_worker_5832
2026-05-12 13:05:29:529 info: dbServer: Successfully connected to Redis (main client).
2026-05-12 13:05:29:529 info: [HealthMonitor] Monitoring started for worker:1
2026-05-12 13:05:30:530 debug: ExpNotifier: No clients online, skipping EXP check.
2026-05-12 13:05:36:536 debug: Creating session for 0x2da351d8d5840415025c35a7c843a0dfa6e4b89b from web3server (web3server_kkwvq34lvcw2cf) [context: session_0x2da351d8d5840415025c35a7c843a0dfa6e4b89b]
2026-05-12 13:05:36:536 debug: Session created in Redis for 0x2da351d8d5840415025c35a7c843a0dfa6e4b89b [context: session_0x2da351d8d5840415025c35a7c843a0dfa6e4b89b]
2026-05-12 13:05:42:542 info: New client connected from IP: 26.132.212.95
2026-05-12 13:05:42:542 info: Client identified and connection stored: client, ID: cl-2750b0e9-fda0-4824-bc9f-385497def5ee
2026-05-12 13:05:43:543 debug: dbServer: Fetched 7 ships for tokens: 2, 3, 4, 5, 6, 7, 8
2026-05-12 13:05:43:543 debug: Sent get-ships-response to client for walletAddress: 0x2da351d8d5840415025c35a7c843a0dfa6e4b89b, tokens: 2,3,4,5,6,7,8
2026-05-12 13:05:54:554 info: Client disconnected: client, ID: cl-2750b0e9-fda0-4824-bc9f-385497def5ee
2026-05-12 13:05:54:554 debug: Verifying session for 0x2da351d8d5840415025c35a7c843a0dfa6e4b89b from gameserver (gameserver-Hddkwe35fsvk_worker_5832) [context: session_0x2da351d8d5840415025c35a7c843a0dfa6e4b89b]
2026-05-12 13:05:54:554 debug: dbServer: Fetched 1 ships for tokens: 8
2026-05-12 13:06:00:60 debug: [CraftGovernor] Запуск цикла проверки... [context: governor]
2026-05-12 13:06:00:60 debug: [CraftGovernor] Предыдущее состояние: 2 владельцев. Текущее состояние: 2 владельцев. [context: governor]
2026-05-12 13:06:00:60 info: [CraftGovernor] Найдено для паузы: 0. Найдено для возобновления: 0. [context: governor]
2026-05-12 13:06:00:60 debug: [CraftGovernor] Изменений нет, состояние не обновлялось. [context: governor]
2026-05-12 13:06:00:60 debug: [CraftGovernor] Цикл проверки завершен. [context: governor]
2026-05-12 13:06:25:625 info: New client connected from IP: 26.132.212.95
2026-05-12 13:06:25:625 info: Client identified and connection stored: client, ID: cl-9c1c4af2-c97b-4ef8-b9ef-b25b10c01774
2026-05-12 13:06:26:626 debug: dbServer: Fetched 7 ships for tokens: 2, 3, 4, 5, 6, 7, 8
2026-05-12 13:06:26:626 debug: Sent get-ships-response to client for walletAddress: 0x2da351d8d5840415025c35a7c843a0dfa6e4b89b, tokens: 2,3,4,5,6,7,8
2026-05-12 13:06:27:627 debug: [Reconciler] Запуск сверки истекших резерваций...
2026-05-12 13:06:27:627 debug: [Reconciler] Не найдено истекших резерваций для сверки.
2026-05-12 13:06:28:628 info: Client disconnected: client, ID: cl-9c1c4af2-c97b-4ef8-b9ef-b25b10c01774
2026-05-12 13:06:28:628 debug: Verifying session for 0x2da351d8d5840415025c35a7c843a0dfa6e4b89b from gameserver (gameserver-Hddkwe35fsvk_worker_5832) [context: session_0x2da351d8d5840415025c35a7c843a0dfa6e4b89b]
2026-05-12 13:06:28:628 debug: dbServer: Fetched 1 ships for tokens: 8
2026-05-12 13:06:30:630 debug: ExpNotifier: No clients online, skipping EXP check.
2026-05-12 13:07:00:70 debug: [CraftGovernor] Запуск цикла проверки... [context: governor]
2026-05-12 13:07:00:70 debug: [CraftGovernor] Предыдущее состояние: 2 владельцев. Текущее состояние: 2 владельцев. [context: governor]
2026-05-12 13:07:00:70 info: [CraftGovernor] Найдено для паузы: 0. Найдено для возобновления: 0. [context: governor]
2026-05-12 13:07:00:70 debug: [CraftGovernor] Изменений нет, состояние не обновлялось. [context: governor]
2026-05-12 13:07:00:70 debug: [CraftGovernor] Цикл проверки завершен. [context: governor]
2026-05-12 13:07:27:727 debug: [Reconciler] Запуск сверки истекших резерваций...
2026-05-12 13:07:27:727 debug: [Reconciler] Не найдено истекших резерваций для сверки.
2026-05-12 13:07:30:730 debug: ExpNotifier: No clients online, skipping EXP check.
2026-05-12 13:07:40:740 debug: Статистика для 0x2da351d8d5840415025c35a7c843a0dfa6e4b89b не записана: нет сезона. [context: leaderboard]
2026-05-12 13:07:48:748 info: New client connected from IP: 26.132.212.95
2026-05-12 13:07:48:748 info: Client identified and connection stored: client, ID: cl-b7aae9de-6cd7-44fa-ab4f-1fe4a6461321
2026-05-12 13:07:48:748 debug: dbServer: Fetched 7 ships for tokens: 2, 3, 4, 5, 6, 7, 8
2026-05-12 13:07:48:748 debug: Sent get-ships-response to client for walletAddress: 0x2da351d8d5840415025c35a7c843a0dfa6e4b89b, tokens: 2,3,4,5,6,7,8
2026-05-12 13:08:00:80 debug: [CraftGovernor] Запуск цикла проверки... [context: governor]
2026-05-12 13:08:00:80 debug: [CraftGovernor] Предыдущее состояние: 2 владельцев. Текущее состояние: 2 владельцев. [context: governor]
2026-05-12 13:08:00:80 info: [CraftGovernor] Найдено для паузы: 0. Найдено для возобновления: 0. [context: governor]
2026-05-12 13:08:00:80 debug: [CraftGovernor] Изменений нет, состояние не обновлялось. [context: governor]
2026-05-12 13:08:00:80 debug: [CraftGovernor] Цикл проверки завершен. [context: governor]
2026-05-12 13:08:27:827 debug: [Reconciler] Запуск сверки истекших резерваций...
2026-05-12 13:08:27:827 debug: [Reconciler] Не найдено истекших резерваций для сверки.
2026-05-12 13:08:30:830 debug: ExpNotifier: Sent actual-exp to 1 client(s) using a single DB query.
2026-05-12 13:09:00:90 debug: [CraftGovernor] Запуск цикла проверки... [context: governor]
2026-05-12 13:09:00:90 debug: [CraftGovernor] Предыдущее состояние: 2 владельцев. Текущее состояние: 2 владельцев. [context: governor]
2026-05-12 13:09:00:90 info: [CraftGovernor] Найдено для паузы: 0. Найдено для возобновления: 0. [context: governor]
2026-05-12 13:09:00:90 debug: [CraftGovernor] Изменений нет, состояние не обновлялось. [context: governor]
2026-05-12 13:09:00:90 debug: [CraftGovernor] Цикл проверки завершен. [context: governor]
2026-05-12 13:09:27:927 debug: [Reconciler] Запуск сверки истекших резерваций...
2026-05-12 13:09:27:927 debug: [Reconciler] Не найдено истекших резерваций для сверки.
2026-05-12 13:09:30:930 debug: ExpNotifier: Sent actual-exp to 1 client(s) using a single DB query.
2026-05-12 13:10:00:100 debug: [CraftGovernor] Запуск цикла проверки... [context: governor]
2026-05-12 13:10:00:100 debug: [CraftGovernor] Предыдущее состояние: 2 владельцев. Текущее состояние: 2 владельцев. [context: governor]
2026-05-12 13:10:00:100 info: [CraftGovernor] Найдено для паузы: 0. Найдено для возобновления: 0. [context: governor]
2026-05-12 13:10:00:100 debug: [CraftGovernor] Изменений нет, состояние не обновлялось. [context: governor]
2026-05-12 13:10:00:100 debug: [CraftGovernor] Цикл проверки завершен. [context: governor]
2026-05-12 13:10:27:1027 debug: [Reconciler] Запуск сверки истекших резерваций...
2026-05-12 13:10:27:1027 debug: [Reconciler] Не найдено истекших резерваций для сверки.
2026-05-12 13:10:30:1030 debug: ExpNotifier: Sent actual-exp to 1 client(s) using a single DB query.
2026-05-12 13:11:00:110 debug: [CraftGovernor] Запуск цикла проверки... [context: governor]
2026-05-12 13:11:00:110 debug: [CraftGovernor] Предыдущее состояние: 2 владельцев. Текущее состояние: 2 владельцев. [context: governor]
2026-05-12 13:11:00:110 info: [CraftGovernor] Найдено для паузы: 0. Найдено для возобновления: 0. [context: governor]
2026-05-12 13:11:00:110 debug: [CraftGovernor] Изменений нет, состояние не обновлялось. [context: governor]
2026-05-12 13:11:00:110 debug: [CraftGovernor] Цикл проверки завершен. [context: governor]
2026-05-12 13:11:27:1127 debug: [Reconciler] Запуск сверки истекших резерваций...
2026-05-12 13:11:27:1127 debug: [Reconciler] Не найдено истекших резерваций для сверки.
2026-05-12 13:11:30:1130 debug: ExpNotifier: Sent actual-exp to 1 client(s) using a single DB query.
2026-05-12 13:12:00:120 debug: [CraftGovernor] Запуск цикла проверки... [context: governor]
2026-05-12 13:12:00:120 debug: [CraftGovernor] Предыдущее состояние: 2 владельцев. Текущее состояние: 2 владельцев. [context: governor]
2026-05-12 13:12:00:120 info: [CraftGovernor] Найдено для паузы: 0. Найдено для возобновления: 0. [context: governor]
2026-05-12 13:12:00:120 debug: [CraftGovernor] Изменений нет, состояние не обновлялось. [context: governor]
2026-05-12 13:12:00:120 debug: [CraftGovernor] Цикл проверки завершен. [context: governor]
2026-05-12 13:12:27:1227 debug: [Reconciler] Запуск сверки истекших резерваций...
2026-05-12 13:12:27:1227 debug: [Reconciler] Не найдено истекших резерваций для сверки.
2026-05-12 13:12:30:1230 debug: ExpNotifier: Sent actual-exp to 1 client(s) using a single DB query.
2026-05-12 13:13:00:130 debug: [CraftGovernor] Запуск цикла проверки... [context: governor]
2026-05-12 13:13:00:130 debug: [CraftGovernor] Предыдущее состояние: 2 владельцев. Текущее состояние: 2 владельцев. [context: governor]
2026-05-12 13:13:00:130 info: [CraftGovernor] Найдено для паузы: 0. Найдено для возобновления: 0. [context: governor]
2026-05-12 13:13:00:130 debug: [CraftGovernor] Изменений нет, состояние не обновлялось. [context: governor]
2026-05-12 13:13:00:130 debug: [CraftGovernor] Цикл проверки завершен. [context: governor]
2026-05-12 13:13:27:1327 debug: [Reconciler] Запуск сверки истекших резерваций...
2026-05-12 13:13:27:1327 debug: [Reconciler] Не найдено истекших резерваций для сверки.
2026-05-12 13:13:29:1329 warn: Получен сигнал SIGINT. Начинаю грациозное завершение dbserver...
2026-05-12 13:13:41:1341 info: [Reconciler] Запуск воркера для сверки резерваций (Unified)...
2026-05-12 13:13:41:1341 info: [CraftGovernor] Запуск воркера "Craft Governor"...
2026-05-12 13:13:41:1341 info: [API Server] Запуск процесса...
2026-05-12 13:13:47:1347 info: New client connected from IP: ::1
2026-05-12 13:13:47:1347 warn: [Infisical] Secret "WEB3_CLIENT_ID" not found in cache.
2026-05-12 13:13:47:1347 debug: Unidentified client disconnected
2026-05-12 13:13:47:1347 info: New client connected from IP: ::1
2026-05-12 13:13:47:1347 warn: [Infisical] Secret "GS_CLIENT_ID" not found in cache.
2026-05-12 13:13:47:1347 debug: Unidentified client disconnected
2026-05-12 13:13:47:1347 info: dbServer: Successfully connected to Redis (main client).
2026-05-12 13:13:47:1347 info: [HealthMonitor] Monitoring started for worker:1
2026-05-12 13:13:47:1347 info: dbServer: Successfully connected to Redis (main client).
2026-05-12 13:13:47:1347 info: [HealthMonitor] Monitoring started for reconciler:main
2026-05-12 13:13:47:1347 info: [Reconciler] Успешное подключение к MongoDB и Redis.
2026-05-12 13:13:47:1347 debug: [Reconciler] Запуск сверки истекших резерваций...
2026-05-12 13:13:47:1347 debug: [Reconciler] Не найдено истекших резерваций для сверки.
2026-05-12 13:13:48:1348 info: New client connected from IP: ::1
2026-05-12 13:13:48:1348 warn: [Infisical] Secret "WEB3_CLIENT_ID" not found in cache.
2026-05-12 13:13:48:1348 debug: Unidentified client disconnected
2026-05-12 13:13:48:1348 info: dbServer: Successfully connected to Redis (main client).
2026-05-12 13:13:48:1348 info: [HealthMonitor] Monitoring started for governor:main
2026-05-12 13:13:48:1348 info: [CraftGovernor] Успешное подключение к MongoDB и Redis.
2026-05-12 13:13:48:1348 info: [CraftGovernor] Воркер запланирован с cron-выражением: "* * * * *"
2026-05-12 13:13:49:1349 info: New client connected from IP: ::1
2026-05-12 13:13:49:1349 info: [API Server] Успешное подключение к MongoDB.
2026-05-12 13:13:49:1349 info: Client identified and connection stored: web3server, ID: web3server_kkwvq34lvcw2cf
2026-05-12 13:13:49:1349 info: dbServer: Successfully connected to Redis (main client).
2026-05-12 13:13:49:1349 info: Прогрев не требуется: нет сезона. [context: hydrate_season_null]
2026-05-12 13:13:49:1349 info: [HealthMonitor] Monitoring started for api:main
2026-05-12 13:13:49:1349 info: Optimized Exp Notifier scheduler started [context: exp_notifier]
2026-05-12 13:13:49:1349 info: [API Server] Сервер запущен и готов к приему WebSocket соединений на PID: 19580.
2026-05-12 13:13:49:1349 info: Обработчики грациозного завершения инициализированы.
2026-05-12 13:13:49:1349 info: New client connected from IP: ::1
2026-05-12 13:13:49:1349 info: Client identified and connection stored: gameserver, ID: gameserver-Hddkwe35fsvk_worker_17696
2026-05-12 13:13:56:1356 debug: Creating session for 0x2da351d8d5840415025c35a7c843a0dfa6e4b89b from web3server (web3server_kkwvq34lvcw2cf) [context: session_0x2da351d8d5840415025c35a7c843a0dfa6e4b89b]
2026-05-12 13:13:56:1356 debug: Session created in Redis for 0x2da351d8d5840415025c35a7c843a0dfa6e4b89b [context: session_0x2da351d8d5840415025c35a7c843a0dfa6e4b89b]
2026-05-12 13:14:00:140 debug: [CraftGovernor] Запуск цикла проверки... [context: governor]
2026-05-12 13:14:00:140 debug: [CraftGovernor] Предыдущее состояние: 2 владельцев. Текущее состояние: 2 владельцев. [context: governor]
2026-05-12 13:14:00:140 info: [CraftGovernor] Найдено для паузы: 0. Найдено для возобновления: 0. [context: governor]
2026-05-12 13:14:00:140 debug: [CraftGovernor] Изменений нет, состояние не обновлялось. [context: governor]
2026-05-12 13:14:00:140 debug: [CraftGovernor] Цикл проверки завершен. [context: governor]
2026-05-12 13:14:05:145 info: New client connected from IP: 26.132.212.95
2026-05-12 13:14:05:145 info: Client identified and connection stored: client, ID: cl-eb6580ba-baef-4b9e-bbfe-7e2a90277f30
2026-05-12 13:14:06:146 debug: dbServer: Fetched 7 ships for tokens: 2, 3, 4, 5, 6, 7, 8
2026-05-12 13:14:06:146 debug: Sent get-ships-response to client for walletAddress: 0x2da351d8d5840415025c35a7c843a0dfa6e4b89b, tokens: 2,3,4,5,6,7,8
2026-05-12 13:14:14:1414 info: Client disconnected: client, ID: cl-eb6580ba-baef-4b9e-bbfe-7e2a90277f30
2026-05-12 13:14:14:1414 debug: Verifying session for 0x2da351d8d5840415025c35a7c843a0dfa6e4b89b from gameserver (gameserver-Hddkwe35fsvk_worker_17696) [context: session_0x2da351d8d5840415025c35a7c843a0dfa6e4b89b]
2026-05-12 13:14:15:1415 debug: dbServer: Fetched 1 ships for tokens: 8
2026-05-12 13:14:30:1430 debug: ExpNotifier: No clients online, skipping EXP check.
2026-05-12 13:14:47:1447 debug: [Reconciler] Запуск сверки истекших резерваций...
2026-05-12 13:14:47:1447 debug: [Reconciler] Не найдено истекших резерваций для сверки.
2026-05-12 13:14:49:1449 debug: Статистика для 0x2da351d8d5840415025c35a7c843a0dfa6e4b89b не записана: нет сезона. [context: leaderboard]
2026-05-12 13:14:56:1456 info: New client connected from IP: 26.132.212.95
2026-05-12 13:14:56:1456 info: Client identified and connection stored: client, ID: cl-ed15a3ef-8b62-40bc-b26e-288c2a7c9c5f
2026-05-12 13:14:57:1457 debug: dbServer: Fetched 7 ships for tokens: 2, 3, 4, 5, 6, 7, 8
2026-05-12 13:14:57:1457 debug: Sent get-ships-response to client for walletAddress: 0x2da351d8d5840415025c35a7c843a0dfa6e4b89b, tokens: 2,3,4,5,6,7,8
2026-05-12 13:15:00:150 debug: [CraftGovernor] Запуск цикла проверки... [context: governor]
2026-05-12 13:15:00:150 debug: [CraftGovernor] Предыдущее состояние: 2 владельцев. Текущее состояние: 2 владельцев. [context: governor]
2026-05-12 13:15:00:150 info: [CraftGovernor] Найдено для паузы: 0. Найдено для возобновления: 0. [context: governor]
2026-05-12 13:15:00:150 debug: [CraftGovernor] Изменений нет, состояние не обновлялось. [context: governor]
2026-05-12 13:15:00:150 debug: [CraftGovernor] Цикл проверки завершен. [context: governor]
2026-05-12 13:15:30:1530 debug: ExpNotifier: Sent actual-exp to 1 client(s) using a single DB query.
2026-05-12 13:15:47:1547 debug: [Reconciler] Запуск сверки истекших резерваций...
2026-05-12 13:15:47:1547 debug: [Reconciler] Не найдено истекших резерваций для сверки.
2026-05-12 13:16:00:160 debug: [CraftGovernor] Запуск цикла проверки... [context: governor]
2026-05-12 13:16:00:160 debug: [CraftGovernor] Предыдущее состояние: 2 владельцев. Текущее состояние: 2 владельцев. [context: governor]
2026-05-12 13:16:00:160 info: [CraftGovernor] Найдено для паузы: 0. Найдено для возобновления: 0. [context: governor]
2026-05-12 13:16:00:160 debug: [CraftGovernor] Изменений нет, состояние не обновлялось. [context: governor]
2026-05-12 13:16:00:160 debug: [CraftGovernor] Цикл проверки завершен. [context: governor]
2026-05-12 13:16:30:1630 debug: ExpNotifier: Sent actual-exp to 1 client(s) using a single DB query.
2026-05-12 13:16:42:1642 warn: Получен сигнал SIGINT. Начинаю грациозное завершение dbserver...
2026-05-12 13:16:42:1642 info: Закрытие серверов (WebSocket и HTTP)...
2026-05-12 13:18:34:1834 info: [Reconciler] Запуск воркера для сверки резерваций (Unified)...
2026-05-12 13:18:34:1834 info: [CraftGovernor] Запуск воркера "Craft Governor"...
2026-05-12 13:18:34:1834 info: [API Server] Запуск процесса...
2026-05-12 13:18:37:1837 info: [API Server] Успешное подключение к MongoDB.
2026-05-12 13:18:37:1837 info: dbServer: Successfully connected to Redis (main client).
2026-05-12 13:18:37:1837 info: [HealthMonitor] Monitoring started for reconciler:main
2026-05-12 13:18:37:1837 info: [Reconciler] Успешное подключение к MongoDB и Redis.
2026-05-12 13:18:37:1837 info: dbServer: Successfully connected to Redis (main client).
2026-05-12 13:18:37:1837 debug: [Reconciler] Запуск сверки истекших резерваций...
2026-05-12 13:18:37:1837 info: Прогрев не требуется: нет сезона. [context: hydrate_season_null]
2026-05-12 13:18:37:1837 debug: [Reconciler] Не найдено истекших резерваций для сверки.
2026-05-12 13:18:37:1837 info: [HealthMonitor] Monitoring started for api:main
2026-05-12 13:18:37:1837 info: Optimized Exp Notifier scheduler started [context: exp_notifier]
2026-05-12 13:18:37:1837 info: [API Server] Сервер запущен и готов к приему WebSocket соединений на PID: 3052.
2026-05-12 13:18:37:1837 info: Обработчики грациозного завершения инициализированы.
2026-05-12 13:18:41:1841 info: New client connected from IP: ::1
2026-05-12 13:18:41:1841 info: Client identified and connection stored: web3server, ID: web3server_kkwvq34lvcw2cf
2026-05-12 13:18:41:1841 info: New client connected from IP: ::1
2026-05-12 13:18:41:1841 info: Client identified and connection stored: gameserver, ID: gameserver-Hddkwe35fsvk_worker_8912
2026-05-12 13:18:41:1841 info: dbServer: Successfully connected to Redis (main client).
2026-05-12 13:18:41:1841 info: dbServer: Successfully connected to Redis (main client).
2026-05-12 13:18:41:1841 info: [HealthMonitor] Monitoring started for worker:1
2026-05-12 13:18:41:1841 info: [HealthMonitor] Monitoring started for governor:main
2026-05-12 13:18:41:1841 info: [CraftGovernor] Успешное подключение к MongoDB и Redis.
2026-05-12 13:18:41:1841 info: [CraftGovernor] Воркер запланирован с cron-выражением: "* * * * *"
2026-05-12 13:18:48:1848 debug: Creating session for 0x2da351d8d5840415025c35a7c843a0dfa6e4b89b from web3server (web3server_kkwvq34lvcw2cf) [context: session_0x2da351d8d5840415025c35a7c843a0dfa6e4b89b]
2026-05-12 13:18:48:1848 debug: Session created in Redis for 0x2da351d8d5840415025c35a7c843a0dfa6e4b89b [context: session_0x2da351d8d5840415025c35a7c843a0dfa6e4b89b]
2026-05-12 13:18:53:1853 info: New client connected from IP: 26.132.212.95
2026-05-12 13:18:53:1853 info: Client identified and connection stored: client, ID: cl-d3315bc6-9e98-44e3-bd8b-a34a6eaff4ec
2026-05-12 13:18:53:1853 debug: dbServer: Fetched 7 ships for tokens: 2, 3, 4, 5, 6, 7, 8
2026-05-12 13:18:53:1853 debug: Sent get-ships-response to client for walletAddress: 0x2da351d8d5840415025c35a7c843a0dfa6e4b89b, tokens: 2,3,4,5,6,7,8
2026-05-12 13:19:00:190 debug: [CraftGovernor] Запуск цикла проверки... [context: governor]
2026-05-12 13:19:00:190 debug: [CraftGovernor] Предыдущее состояние: 2 владельцев. Текущее состояние: 2 владельцев. [context: governor]
2026-05-12 13:19:00:190 info: [CraftGovernor] Найдено для паузы: 0. Найдено для возобновления: 0. [context: governor]
2026-05-12 13:19:00:190 debug: [CraftGovernor] Изменений нет, состояние не обновлялось. [context: governor]
2026-05-12 13:19:00:190 debug: [CraftGovernor] Цикл проверки завершен. [context: governor]
2026-05-12 13:19:30:1930 debug: ExpNotifier: Sent actual-exp to 1 client(s) using a single DB query.
2026-05-12 13:19:37:1937 debug: [Reconciler] Запуск сверки истекших резерваций...
2026-05-12 13:19:37:1937 debug: [Reconciler] Не найдено истекших резерваций для сверки.
2026-05-12 13:20:00:200 debug: [CraftGovernor] Запуск цикла проверки... [context: governor]
2026-05-12 13:20:00:200 debug: [CraftGovernor] Предыдущее состояние: 2 владельцев. Текущее состояние: 2 владельцев. [context: governor]
2026-05-12 13:20:00:200 info: [CraftGovernor] Найдено для паузы: 0. Найдено для возобновления: 0. [context: governor]
2026-05-12 13:20:00:200 debug: [CraftGovernor] Изменений нет, состояние не обновлялось. [context: governor]
2026-05-12 13:20:00:200 debug: [CraftGovernor] Цикл проверки завершен. [context: governor]
2026-05-12 13:20:13:2013 info: Client disconnected: client, ID: cl-d3315bc6-9e98-44e3-bd8b-a34a6eaff4ec
2026-05-12 13:20:13:2013 debug: Verifying session for 0x2da351d8d5840415025c35a7c843a0dfa6e4b89b from gameserver (gameserver-Hddkwe35fsvk_worker_8912) [context: session_0x2da351d8d5840415025c35a7c843a0dfa6e4b89b]
2026-05-12 13:20:14:2014 debug: dbServer: Fetched 1 ships for tokens: 8
2026-05-12 13:20:30:2030 debug: ExpNotifier: No clients online, skipping EXP check.
2026-05-12 13:20:37:2037 debug: [Reconciler] Запуск сверки истекших резерваций...
2026-05-12 13:20:37:2037 debug: [Reconciler] Не найдено истекших резерваций для сверки.
2026-05-12 13:20:46:2046 debug: Статистика для 0x2da351d8d5840415025c35a7c843a0dfa6e4b89b не записана: нет сезона. [context: leaderboard]
2026-05-12 13:20:50:2050 info: New client connected from IP: 26.132.212.95
2026-05-12 13:20:50:2050 info: Client identified and connection stored: client, ID: cl-2ca3d273-63cb-4c88-a84e-2d6994cc1259
2026-05-12 13:20:50:2050 debug: dbServer: Fetched 7 ships for tokens: 2, 3, 4, 5, 6, 7, 8
2026-05-12 13:20:50:2050 debug: Sent get-ships-response to client for walletAddress: 0x2da351d8d5840415025c35a7c843a0dfa6e4b89b, tokens: 2,3,4,5,6,7,8
2026-05-12 13:21:00:210 debug: [CraftGovernor] Запуск цикла проверки... [context: governor]
2026-05-12 13:21:00:210 debug: [CraftGovernor] Предыдущее состояние: 2 владельцев. Текущее состояние: 2 владельцев. [context: governor]
2026-05-12 13:21:00:210 info: [CraftGovernor] Найдено для паузы: 0. Найдено для возобновления: 0. [context: governor]
2026-05-12 13:21:00:210 debug: [CraftGovernor] Изменений нет, состояние не обновлялось. [context: governor]
2026-05-12 13:21:00:210 debug: [CraftGovernor] Цикл проверки завершен. [context: governor]
2026-05-12 13:21:03:213 info: Client disconnected: client, ID: cl-2ca3d273-63cb-4c88-a84e-2d6994cc1259
2026-05-12 13:21:03:213 debug: Verifying session for 0x2da351d8d5840415025c35a7c843a0dfa6e4b89b from gameserver (gameserver-Hddkwe35fsvk_worker_8912) [context: session_0x2da351d8d5840415025c35a7c843a0dfa6e4b89b]
2026-05-12 13:21:04:214 debug: dbServer: Fetched 1 ships for tokens: 8
2026-05-12 13:21:30:2130 debug: ExpNotifier: No clients online, skipping EXP check.
2026-05-12 13:21:37:2137 debug: [Reconciler] Запуск сверки истекших резерваций...
2026-05-12 13:21:37:2137 debug: [Reconciler] Не найдено истекших резерваций для сверки.
2026-05-12 13:22:00:220 debug: [CraftGovernor] Запуск цикла проверки... [context: governor]
2026-05-12 13:22:00:220 debug: [CraftGovernor] Предыдущее состояние: 2 владельцев. Текущее состояние: 2 владельцев. [context: governor]
2026-05-12 13:22:00:220 info: [CraftGovernor] Найдено для паузы: 0. Найдено для возобновления: 0. [context: governor]
2026-05-12 13:22:00:220 debug: [CraftGovernor] Изменений нет, состояние не обновлялось. [context: governor]
2026-05-12 13:22:00:220 debug: [CraftGovernor] Цикл проверки завершен. [context: governor]
2026-05-12 13:22:30:2230 debug: ExpNotifier: No clients online, skipping EXP check.
2026-05-12 13:22:37:2237 debug: [Reconciler] Запуск сверки истекших резерваций...
2026-05-12 13:22:37:2237 debug: [Reconciler] Не найдено истекших резерваций для сверки.
2026-05-12 13:23:00:230 debug: [CraftGovernor] Запуск цикла проверки... [context: governor]
2026-05-12 13:23:00:230 debug: [CraftGovernor] Предыдущее состояние: 2 владельцев. Текущее состояние: 2 владельцев. [context: governor]
2026-05-12 13:23:00:230 info: [CraftGovernor] Найдено для паузы: 0. Найдено для возобновления: 0. [context: governor]
2026-05-12 13:23:00:230 debug: [CraftGovernor] Изменений нет, состояние не обновлялось. [context: governor]
2026-05-12 13:23:00:230 debug: [CraftGovernor] Цикл проверки завершен. [context: governor]
2026-05-12 13:23:30:2330 debug: ExpNotifier: No clients online, skipping EXP check.
2026-05-12 13:23:34:2334 debug: Статистика для 0x2da351d8d5840415025c35a7c843a0dfa6e4b89b не записана: нет сезона. [context: leaderboard]
2026-05-12 13:23:37:2337 debug: [Reconciler] Запуск сверки истекших резерваций...
2026-05-12 13:23:37:2337 debug: [Reconciler] Не найдено истекших резерваций для сверки.
2026-05-12 13:23:40:2340 info: New client connected from IP: 26.132.212.95
2026-05-12 13:23:40:2340 info: Client identified and connection stored: client, ID: cl-a50a0beb-6ca2-460d-9610-fd9d99f1c8b7
2026-05-12 13:23:41:2341 debug: dbServer: Fetched 7 ships for tokens: 2, 3, 4, 5, 6, 7, 8
2026-05-12 13:23:41:2341 debug: Sent get-ships-response to client for walletAddress: 0x2da351d8d5840415025c35a7c843a0dfa6e4b89b, tokens: 2,3,4,5,6,7,8
2026-05-12 13:24:00:240 debug: [CraftGovernor] Запуск цикла проверки... [context: governor]
2026-05-12 13:24:00:240 debug: [CraftGovernor] Предыдущее состояние: 2 владельцев. Текущее состояние: 2 владельцев. [context: governor]
2026-05-12 13:24:00:240 info: [CraftGovernor] Найдено для паузы: 0. Найдено для возобновления: 0. [context: governor]
2026-05-12 13:24:00:240 debug: [CraftGovernor] Изменений нет, состояние не обновлялось. [context: governor]
2026-05-12 13:24:00:240 debug: [CraftGovernor] Цикл проверки завершен. [context: governor]
2026-05-12 13:24:30:2430 debug: ExpNotifier: Sent actual-exp to 1 client(s) using a single DB query.
2026-05-12 13:24:37:2437 debug: [Reconciler] Запуск сверки истекших резерваций...
2026-05-12 13:24:37:2437 debug: [Reconciler] Не найдено истекших резерваций для сверки.
2026-05-12 13:25:00:250 debug: [CraftGovernor] Запуск цикла проверки... [context: governor]
2026-05-12 13:25:00:250 debug: [CraftGovernor] Предыдущее состояние: 2 владельцев. Текущее состояние: 2 владельцев. [context: governor]
2026-05-12 13:25:00:250 info: [CraftGovernor] Найдено для паузы: 0. Найдено для возобновления: 0. [context: governor]
2026-05-12 13:25:00:250 debug: [CraftGovernor] Изменений нет, состояние не обновлялось. [context: governor]
2026-05-12 13:25:00:250 debug: [CraftGovernor] Цикл проверки завершен. [context: governor]
2026-05-12 13:25:30:2530 debug: ExpNotifier: Sent actual-exp to 1 client(s) using a single DB query.
2026-05-12 13:25:37:2537 debug: [Reconciler] Запуск сверки истекших резерваций...
2026-05-12 13:25:37:2537 debug: [Reconciler] Не найдено истекших резерваций для сверки.
2026-05-12 13:26:00:260 debug: [CraftGovernor] Запуск цикла проверки... [context: governor]
2026-05-12 13:26:00:260 debug: [CraftGovernor] Предыдущее состояние: 2 владельцев. Текущее состояние: 2 владельцев. [context: governor]
2026-05-12 13:26:00:260 info: [CraftGovernor] Найдено для паузы: 0. Найдено для возобновления: 0. [context: governor]
2026-05-12 13:26:00:260 debug: [CraftGovernor] Изменений нет, состояние не обновлялось. [context: governor]
2026-05-12 13:26:00:260 debug: [CraftGovernor] Цикл проверки завершен. [context: governor]
2026-05-12 13:26:30:2630 debug: ExpNotifier: Sent actual-exp to 1 client(s) using a single DB query.
2026-05-12 13:26:37:2637 debug: [Reconciler] Запуск сверки истекших резерваций...
2026-05-12 13:26:37:2637 debug: [Reconciler] Не найдено истекших резерваций для сверки.
2026-05-12 13:27:00:270 debug: [CraftGovernor] Запуск цикла проверки... [context: governor]
2026-05-12 13:27:00:270 debug: [CraftGovernor] Предыдущее состояние: 2 владельцев. Текущее состояние: 2 владельцев. [context: governor]
2026-05-12 13:27:00:270 info: [CraftGovernor] Найдено для паузы: 0. Найдено для возобновления: 0. [context: governor]
2026-05-12 13:27:00:270 debug: [CraftGovernor] Изменений нет, состояние не обновлялось. [context: governor]
2026-05-12 13:27:00:270 debug: [CraftGovernor] Цикл проверки завершен. [context: governor]
2026-05-12 13:27:30:2730 debug: ExpNotifier: Sent actual-exp to 1 client(s) using a single DB query.
2026-05-12 13:27:37:2737 debug: [Reconciler] Запуск сверки истекших резерваций...
2026-05-12 13:27:37:2737 debug: [Reconciler] Не найдено истекших резерваций для сверки.
2026-05-12 13:27:41:2741 warn: Получен сигнал SIGINT. Начинаю грациозное завершение dbserver...
2026-05-12 14:58:47:5847 info: [Reconciler] Запуск воркера для сверки резерваций (Unified)...
2026-05-12 14:58:47:5847 info: [CraftGovernor] Запуск воркера "Craft Governor"...
2026-05-12 14:58:47:5847 info: [API Server] Запуск процесса...
2026-05-12 14:58:49:5849 info: dbServer: Successfully connected to Redis (main client).
2026-05-12 14:58:49:5849 info: [HealthMonitor] Monitoring started for reconciler:main
2026-05-12 14:58:49:5849 info: [Reconciler] Успешное подключение к MongoDB и Redis.
2026-05-12 14:58:49:5849 debug: [Reconciler] Запуск сверки истекших резерваций...
2026-05-12 14:58:49:5849 debug: [Reconciler] Не найдено истекших резерваций для сверки.
2026-05-12 14:58:50:5850 info: New client connected from IP: ::1
2026-05-12 14:58:50:5850 warn: [Infisical] Secret "WEB3_CLIENT_ID" not found in cache.
2026-05-12 14:58:50:5850 debug: Unidentified client disconnected
2026-05-12 14:58:51:5851 info: New client connected from IP: ::1
2026-05-12 14:58:51:5851 warn: [Infisical] Secret "GS_CLIENT_ID" not found in cache.
2026-05-12 14:58:51:5851 debug: Unidentified client disconnected
2026-05-12 14:58:51:5851 info: [API Server] Успешное подключение к MongoDB.
2026-05-12 14:58:51:5851 info: dbServer: Successfully connected to Redis (main client).
2026-05-12 14:58:51:5851 info: Прогрев не требуется: нет сезона. [context: hydrate_season_null]
2026-05-12 14:58:51:5851 info: [HealthMonitor] Monitoring started for api:main
2026-05-12 14:58:51:5851 info: Optimized Exp Notifier scheduler started [context: exp_notifier]
2026-05-12 14:58:51:5851 info: [API Server] Сервер запущен и готов к приему WebSocket соединений на PID: 17816.
2026-05-12 14:58:51:5851 info: Обработчики грациозного завершения инициализированы.
2026-05-12 14:58:51:5851 info: New client connected from IP: ::1
2026-05-12 14:58:51:5851 info: Client identified and connection stored: web3server, ID: web3server_kkwvq34lvcw2cf
2026-05-12 14:58:52:5852 info: dbServer: Successfully connected to Redis (main client).
2026-05-12 14:58:52:5852 info: [HealthMonitor] Monitoring started for worker:1
2026-05-12 14:58:52:5852 info: dbServer: Successfully connected to Redis (main client).
2026-05-12 14:58:52:5852 info: [HealthMonitor] Monitoring started for governor:main
2026-05-12 14:58:52:5852 info: [CraftGovernor] Успешное подключение к MongoDB и Redis.
2026-05-12 14:58:52:5852 info: [CraftGovernor] Воркер запланирован с cron-выражением: "* * * * *"
2026-05-12 14:58:53:5853 info: New client connected from IP: ::1
2026-05-12 14:58:53:5853 info: Client identified and connection stored: gameserver, ID: gameserver-Hddkwe35fsvk_worker_14608
2026-05-12 14:58:57:5857 debug: Creating session for 0x2da351d8d5840415025c35a7c843a0dfa6e4b89b from web3server (web3server_kkwvq34lvcw2cf) [context: session_0x2da351d8d5840415025c35a7c843a0dfa6e4b89b]
2026-05-12 14:58:57:5857 debug: Session created in Redis for 0x2da351d8d5840415025c35a7c843a0dfa6e4b89b [context: session_0x2da351d8d5840415025c35a7c843a0dfa6e4b89b]
2026-05-12 14:59:00:590 debug: [CraftGovernor] Запуск цикла проверки... [context: governor]
2026-05-12 14:59:00:590 debug: [CraftGovernor] Предыдущее состояние: 2 владельцев. Текущее состояние: 2 владельцев. [context: governor]
2026-05-12 14:59:00:590 info: [CraftGovernor] Найдено для паузы: 0. Найдено для возобновления: 0. [context: governor]
2026-05-12 14:59:00:590 debug: [CraftGovernor] Изменений нет, состояние не обновлялось. [context: governor]
2026-05-12 14:59:00:590 debug: [CraftGovernor] Цикл проверки завершен. [context: governor]
2026-05-12 14:59:01:591 info: New client connected from IP: 26.132.212.95
2026-05-12 14:59:01:591 info: Client identified and connection stored: client, ID: cl-8e277a68-4eea-4805-9887-a19c72f37dec
2026-05-12 14:59:02:592 debug: dbServer: Fetched 7 ships for tokens: 2, 3, 4, 5, 6, 7, 8
2026-05-12 14:59:02:592 debug: Sent get-ships-response to client for walletAddress: 0x2da351d8d5840415025c35a7c843a0dfa6e4b89b, tokens: 2,3,4,5,6,7,8
2026-05-12 14:59:12:5912 warn: Получен сигнал SIGINT. Начинаю грациозное завершение dbserver...
2026-05-12 14:59:17:5917 info: [Reconciler] Запуск воркера для сверки резерваций (Unified)...
2026-05-12 14:59:17:5917 info: [CraftGovernor] Запуск воркера "Craft Governor"...
2026-05-12 14:59:17:5917 info: [API Server] Запуск процесса...
2026-05-12 14:59:17:5917 info: New client connected from IP: ::1
2026-05-12 14:59:17:5917 warn: [Infisical] Secret "WEB3_CLIENT_ID" not found in cache.
2026-05-12 14:59:17:5917 debug: Unidentified client disconnected
2026-05-12 14:59:18:5918 info: dbServer: Successfully connected to Redis (main client).
2026-05-12 14:59:18:5918 info: [HealthMonitor] Monitoring started for reconciler:main
2026-05-12 14:59:18:5918 info: [Reconciler] Успешное подключение к MongoDB и Redis.
2026-05-12 14:59:18:5918 debug: [Reconciler] Запуск сверки истекших резерваций...
2026-05-12 14:59:18:5918 debug: [Reconciler] Не найдено истекших резерваций для сверки.
2026-05-12 14:59:18:5918 info: [API Server] Успешное подключение к MongoDB.
2026-05-12 14:59:18:5918 info: dbServer: Successfully connected to Redis (main client).
2026-05-12 14:59:18:5918 info: Прогрев не требуется: нет сезона. [context: hydrate_season_null]
2026-05-12 14:59:18:5918 info: [HealthMonitor] Monitoring started for api:main
2026-05-12 14:59:18:5918 info: Optimized Exp Notifier scheduler started [context: exp_notifier]
2026-05-12 14:59:18:5918 info: [API Server] Сервер запущен и готов к приему WebSocket соединений на PID: 18812.
2026-05-12 14:59:18:5918 info: Обработчики грациозного завершения инициализированы.
2026-05-12 14:59:18:5918 info: New client connected from IP: ::1
2026-05-12 14:59:18:5918 info: Client identified and connection stored: web3server, ID: web3server_kkwvq34lvcw2cf
2026-05-12 14:59:19:5919 info: New client connected from IP: ::1
2026-05-12 14:59:19:5919 info: Client identified and connection stored: gameserver, ID: gameserver-Hddkwe35fsvk_worker_18000
2026-05-12 14:59:19:5919 info: dbServer: Successfully connected to Redis (main client).
2026-05-12 14:59:19:5919 info: [HealthMonitor] Monitoring started for governor:main
2026-05-12 14:59:19:5919 info: [CraftGovernor] Успешное подключение к MongoDB и Redis.
2026-05-12 14:59:19:5919 info: [CraftGovernor] Воркер запланирован с cron-выражением: "* * * * *"
2026-05-12 14:59:20:5920 info: dbServer: Successfully connected to Redis (main client).
2026-05-12 14:59:20:5920 info: [HealthMonitor] Monitoring started for worker:1
2026-05-12 14:59:27:5927 debug: Creating session for 0x2da351d8d5840415025c35a7c843a0dfa6e4b89b from web3server (web3server_kkwvq34lvcw2cf) [context: session_0x2da351d8d5840415025c35a7c843a0dfa6e4b89b]
2026-05-12 14:59:27:5927 debug: Session created in Redis for 0x2da351d8d5840415025c35a7c843a0dfa6e4b89b [context: session_0x2da351d8d5840415025c35a7c843a0dfa6e4b89b]
2026-05-12 14:59:30:5930 debug: ExpNotifier: No clients online, skipping EXP check.
2026-05-12 14:59:32:5932 info: New client connected from IP: 26.132.212.95
2026-05-12 14:59:32:5932 info: Client identified and connection stored: client, ID: cl-b4e05b65-2e8a-4046-b9f5-c7288858e9b3
2026-05-12 14:59:32:5932 debug: dbServer: Fetched 7 ships for tokens: 2, 3, 4, 5, 6, 7, 8
2026-05-12 14:59:32:5932 debug: Sent get-ships-response to client for walletAddress: 0x2da351d8d5840415025c35a7c843a0dfa6e4b89b, tokens: 2,3,4,5,6,7,8
2026-05-12 14:59:49:5949 info: Client disconnected: client, ID: cl-b4e05b65-2e8a-4046-b9f5-c7288858e9b3
2026-05-12 14:59:49:5949 debug: Verifying session for 0x2da351d8d5840415025c35a7c843a0dfa6e4b89b from gameserver (gameserver-Hddkwe35fsvk_worker_18000) [context: session_0x2da351d8d5840415025c35a7c843a0dfa6e4b89b]
2026-05-12 14:59:50:5950 debug: dbServer: Fetched 1 ships for tokens: 6
2026-05-12 15:00:00:00 debug: [CraftGovernor] Запуск цикла проверки... [context: governor]
2026-05-12 15:00:00:00 debug: [CraftGovernor] Предыдущее состояние: 2 владельцев. Текущее состояние: 2 владельцев. [context: governor]
2026-05-12 15:00:00:00 info: [CraftGovernor] Найдено для паузы: 0. Найдено для возобновления: 0. [context: governor]
2026-05-12 15:00:00:00 debug: [CraftGovernor] Изменений нет, состояние не обновлялось. [context: governor]
2026-05-12 15:00:00:00 debug: [CraftGovernor] Цикл проверки завершен. [context: governor]
2026-05-12 15:00:18:018 debug: [Reconciler] Запуск сверки истекших резерваций...
2026-05-12 15:00:18:018 debug: [Reconciler] Не найдено истекших резерваций для сверки.
2026-05-12 15:00:30:030 debug: ExpNotifier: No clients online, skipping EXP check.
2026-05-12 15:01:00:10 debug: [CraftGovernor] Запуск цикла проверки... [context: governor]
2026-05-12 15:01:00:10 debug: [CraftGovernor] Предыдущее состояние: 2 владельцев. Текущее состояние: 2 владельцев. [context: governor]
2026-05-12 15:01:00:10 info: [CraftGovernor] Найдено для паузы: 0. Найдено для возобновления: 0. [context: governor]
2026-05-12 15:01:00:10 debug: [CraftGovernor] Изменений нет, состояние не обновлялось. [context: governor]
2026-05-12 15:01:00:10 debug: [CraftGovernor] Цикл проверки завершен. [context: governor]
2026-05-12 15:01:07:17 debug: Статистика для 0x2da351d8d5840415025c35a7c843a0dfa6e4b89b не записана: нет сезона. [context: leaderboard]
2026-05-12 15:01:15:115 info: New client connected from IP: 26.132.212.95
2026-05-12 15:01:15:115 info: Client identified and connection stored: client, ID: cl-db10f216-3929-4c4f-af70-c1c2b79e3f49
2026-05-12 15:01:15:115 debug: dbServer: Fetched 7 ships for tokens: 2, 3, 4, 5, 6, 7, 8
2026-05-12 15:01:15:115 debug: Sent get-ships-response to client for walletAddress: 0x2da351d8d5840415025c35a7c843a0dfa6e4b89b, tokens: 2,3,4,5,6,7,8
2026-05-12 15:01:18:118 debug: [Reconciler] Запуск сверки истекших резерваций...
2026-05-12 15:01:18:118 debug: [Reconciler] Не найдено истекших резерваций для сверки.
2026-05-12 15:01:30:130 debug: ExpNotifier: Sent actual-exp to 1 client(s) using a single DB query.
2026-05-12 15:02:00:20 debug: [CraftGovernor] Запуск цикла проверки... [context: governor]
2026-05-12 15:02:00:20 debug: [CraftGovernor] Предыдущее состояние: 2 владельцев. Текущее состояние: 2 владельцев. [context: governor]
2026-05-12 15:02:00:20 info: [CraftGovernor] Найдено для паузы: 0. Найдено для возобновления: 0. [context: governor]
2026-05-12 15:02:00:20 debug: [CraftGovernor] Изменений нет, состояние не обновлялось. [context: governor]
2026-05-12 15:02:00:20 debug: [CraftGovernor] Цикл проверки завершен. [context: governor]
2026-05-12 15:02:18:218 debug: [Reconciler] Запуск сверки истекших резерваций...
2026-05-12 15:02:18:218 debug: [Reconciler] Не найдено истекших резерваций для сверки.
2026-05-12 15:02:30:230 debug: ExpNotifier: Sent actual-exp to 1 client(s) using a single DB query.
2026-05-12 15:03:00:30 debug: [CraftGovernor] Запуск цикла проверки... [context: governor]
2026-05-12 15:03:00:30 debug: [CraftGovernor] Предыдущее состояние: 2 владельцев. Текущее состояние: 2 владельцев. [context: governor]
2026-05-12 15:03:00:30 info: [CraftGovernor] Найдено для паузы: 0. Найдено для возобновления: 0. [context: governor]
2026-05-12 15:03:00:30 debug: [CraftGovernor] Изменений нет, состояние не обновлялось. [context: governor]
2026-05-12 15:03:00:30 debug: [CraftGovernor] Цикл проверки завершен. [context: governor]
2026-05-12 15:03:18:318 debug: [Reconciler] Запуск сверки истекших резерваций...
2026-05-12 15:03:18:318 debug: [Reconciler] Не найдено истекших резерваций для сверки.
2026-05-12 15:03:30:330 debug: ExpNotifier: Sent actual-exp to 1 client(s) using a single DB query.
2026-05-12 15:04:00:40 debug: [CraftGovernor] Запуск цикла проверки... [context: governor]
2026-05-12 15:04:00:40 debug: [CraftGovernor] Предыдущее состояние: 2 владельцев. Текущее состояние: 2 владельцев. [context: governor]
2026-05-12 15:04:00:40 info: [CraftGovernor] Найдено для паузы: 0. Найдено для возобновления: 0. [context: governor]
2026-05-12 15:04:00:40 debug: [CraftGovernor] Изменений нет, состояние не обновлялось. [context: governor]
2026-05-12 15:04:00:40 debug: [CraftGovernor] Цикл проверки завершен. [context: governor]
2026-05-12 15:04:18:418 debug: [Reconciler] Запуск сверки истекших резерваций...
2026-05-12 15:04:18:418 debug: [Reconciler] Не найдено истекших резерваций для сверки.
2026-05-12 15:04:30:430 debug: ExpNotifier: Sent actual-exp to 1 client(s) using a single DB query.
2026-05-12 15:05:00:50 debug: [CraftGovernor] Запуск цикла проверки... [context: governor]
2026-05-12 15:05:00:50 debug: [CraftGovernor] Предыдущее состояние: 2 владельцев. Текущее состояние: 2 владельцев. [context: governor]
2026-05-12 15:05:00:50 info: [CraftGovernor] Найдено для паузы: 0. Найдено для возобновления: 0. [context: governor]
2026-05-12 15:05:00:50 debug: [CraftGovernor] Изменений нет, состояние не обновлялось. [context: governor]
2026-05-12 15:05:00:50 debug: [CraftGovernor] Цикл проверки завершен. [context: governor]
2026-05-12 15:05:18:518 debug: [Reconciler] Запуск сверки истекших резерваций...
2026-05-12 15:05:18:518 debug: [Reconciler] Не найдено истекших резерваций для сверки.
2026-05-12 15:05:30:530 debug: ExpNotifier: Sent actual-exp to 1 client(s) using a single DB query.
2026-05-12 15:06:00:60 debug: [CraftGovernor] Запуск цикла проверки... [context: governor]
2026-05-12 15:06:00:60 debug: [CraftGovernor] Предыдущее состояние: 2 владельцев. Текущее состояние: 2 владельцев. [context: governor]
2026-05-12 15:06:00:60 info: [CraftGovernor] Найдено для паузы: 0. Найдено для возобновления: 0. [context: governor]
2026-05-12 15:06:00:60 debug: [CraftGovernor] Изменений нет, состояние не обновлялось. [context: governor]
2026-05-12 15:06:00:60 debug: [CraftGovernor] Цикл проверки завершен. [context: governor]
2026-05-12 15:06:18:618 debug: [Reconciler] Запуск сверки истекших резерваций...
2026-05-12 15:06:18:618 debug: [Reconciler] Не найдено истекших резерваций для сверки.
2026-05-12 15:06:30:630 debug: ExpNotifier: Sent actual-exp to 1 client(s) using a single DB query.
2026-05-12 15:07:00:70 debug: [CraftGovernor] Запуск цикла проверки... [context: governor]
2026-05-12 15:07:00:70 debug: [CraftGovernor] Предыдущее состояние: 2 владельцев. Текущее состояние: 2 владельцев. [context: governor]
2026-05-12 15:07:00:70 info: [CraftGovernor] Найдено для паузы: 0. Найдено для возобновления: 0. [context: governor]
2026-05-12 15:07:00:70 debug: [CraftGovernor] Изменений нет, состояние не обновлялось. [context: governor]
2026-05-12 15:07:00:70 debug: [CraftGovernor] Цикл проверки завершен. [context: governor]
2026-05-12 15:07:18:718 debug: [Reconciler] Запуск сверки истекших резерваций...
2026-05-12 15:07:18:718 debug: [Reconciler] Не найдено истекших резерваций для сверки.
2026-05-12 15:07:30:730 debug: ExpNotifier: Sent actual-exp to 1 client(s) using a single DB query.
2026-05-12 15:08:00:80 debug: [CraftGovernor] Запуск цикла проверки... [context: governor]
2026-05-12 15:08:00:80 debug: [CraftGovernor] Предыдущее состояние: 2 владельцев. Текущее состояние: 2 владельцев. [context: governor]
2026-05-12 15:08:00:80 info: [CraftGovernor] Найдено для паузы: 0. Найдено для возобновления: 0. [context: governor]
2026-05-12 15:08:00:80 debug: [CraftGovernor] Изменений нет, состояние не обновлялось. [context: governor]
2026-05-12 15:08:00:80 debug: [CraftGovernor] Цикл проверки завершен. [context: governor]
2026-05-12 15:08:18:818 debug: [Reconciler] Запуск сверки истекших резерваций...
2026-05-12 15:08:18:818 debug: [Reconciler] Не найдено истекших резерваций для сверки.
2026-05-12 15:08:30:830 debug: ExpNotifier: Sent actual-exp to 1 client(s) using a single DB query.
2026-05-12 15:08:52:852 warn: Получен сигнал SIGINT. Начинаю грациозное завершение dbserver...
2026-05-12 15:08:52:852 info: Закрытие серверов (WebSocket и HTTP)...
2026-05-12 15:14:39:1439 info: [CraftGovernor] Запуск воркера "Craft Governor"...
2026-05-12 15:14:39:1439 info: [Reconciler] Запуск воркера для сверки резерваций (Unified)...
2026-05-12 15:14:39:1439 info: [API Server] Запуск процесса...
2026-05-12 15:14:40:1440 info: dbServer: Successfully connected to Redis (main client).
2026-05-12 15:14:40:1440 info: [HealthMonitor] Monitoring started for governor:main
2026-05-12 15:14:40:1440 info: [CraftGovernor] Успешное подключение к MongoDB и Redis.
2026-05-12 15:14:40:1440 info: [CraftGovernor] Воркер запланирован с cron-выражением: "* * * * *"
2026-05-12 15:14:40:1440 info: dbServer: Successfully connected to Redis (main client).
2026-05-12 15:14:40:1440 info: [HealthMonitor] Monitoring started for reconciler:main
2026-05-12 15:14:40:1440 info: [Reconciler] Успешное подключение к MongoDB и Redis.
2026-05-12 15:14:40:1440 debug: [Reconciler] Запуск сверки истекших резерваций...
2026-05-12 15:14:40:1440 debug: [Reconciler] Не найдено истекших резерваций для сверки.
2026-05-12 15:14:41:1441 info: New client connected from IP: ::1
2026-05-12 15:14:41:1441 warn: [Infisical] Secret "GS_CLIENT_ID" not found in cache.
2026-05-12 15:14:41:1441 debug: Unidentified client disconnected
2026-05-12 15:14:41:1441 info: New client connected from IP: ::1
2026-05-12 15:14:41:1441 warn: [Infisical] Secret "WEB3_CLIENT_ID" not found in cache.
2026-05-12 15:14:41:1441 debug: Unidentified client disconnected
2026-05-12 15:14:42:1442 info: [API Server] Успешное подключение к MongoDB.
2026-05-12 15:14:42:1442 info: dbServer: Successfully connected to Redis (main client).
2026-05-12 15:14:42:1442 info: Прогрев не требуется: нет сезона. [context: hydrate_season_null]
2026-05-12 15:14:42:1442 info: dbServer: Successfully connected to Redis (main client).
2026-05-12 15:14:42:1442 info: [HealthMonitor] Monitoring started for worker:1
2026-05-12 15:14:42:1442 info: [HealthMonitor] Monitoring started for api:main
2026-05-12 15:14:42:1442 info: Optimized Exp Notifier scheduler started [context: exp_notifier]
2026-05-12 15:14:42:1442 info: [API Server] Сервер запущен и готов к приему WebSocket соединений на PID: 17196.
2026-05-12 15:14:42:1442 info: Обработчики грациозного завершения инициализированы.
2026-05-12 15:14:42:1442 info: New client connected from IP: ::1
2026-05-12 15:14:42:1442 info: Client identified and connection stored: web3server, ID: web3server_kkwvq34lvcw2cf
2026-05-12 15:14:43:1443 info: New client connected from IP: ::1
2026-05-12 15:14:43:1443 info: Client identified and connection stored: gameserver, ID: gameserver-Hddkwe35fsvk_worker_20156
2026-05-12 15:14:47:1447 debug: Creating session for 0x2da351d8d5840415025c35a7c843a0dfa6e4b89b from web3server (web3server_kkwvq34lvcw2cf) [context: session_0x2da351d8d5840415025c35a7c843a0dfa6e4b89b]
2026-05-12 15:14:47:1447 debug: Session created in Redis for 0x2da351d8d5840415025c35a7c843a0dfa6e4b89b [context: session_0x2da351d8d5840415025c35a7c843a0dfa6e4b89b]
2026-05-12 15:14:51:1451 info: New client connected from IP: 26.132.212.95
2026-05-12 15:14:51:1451 info: Client identified and connection stored: client, ID: cl-0fe336ac-5ae3-4aa0-94be-19d3232e2fdd
2026-05-12 15:14:51:1451 debug: dbServer: Fetched 7 ships for tokens: 2, 3, 4, 5, 6, 7, 8
2026-05-12 15:14:51:1451 debug: Sent get-ships-response to client for walletAddress: 0x2da351d8d5840415025c35a7c843a0dfa6e4b89b, tokens: 2,3,4,5,6,7,8
2026-05-12 15:15:00:150 debug: [CraftGovernor] Запуск цикла проверки... [context: governor]
2026-05-12 15:15:00:150 debug: [CraftGovernor] Предыдущее состояние: 2 владельцев. Текущее состояние: 2 владельцев. [context: governor]
2026-05-12 15:15:00:150 info: [CraftGovernor] Найдено для паузы: 0. Найдено для возобновления: 0. [context: governor]
2026-05-12 15:15:00:150 debug: [CraftGovernor] Изменений нет, состояние не обновлялось. [context: governor]
2026-05-12 15:15:00:150 debug: [CraftGovernor] Цикл проверки завершен. [context: governor]
2026-05-12 15:15:10:1510 info: Client disconnected: client, ID: cl-0fe336ac-5ae3-4aa0-94be-19d3232e2fdd
2026-05-12 15:15:10:1510 debug: Verifying session for 0x2da351d8d5840415025c35a7c843a0dfa6e4b89b from gameserver (gameserver-Hddkwe35fsvk_worker_20156) [context: session_0x2da351d8d5840415025c35a7c843a0dfa6e4b89b]
2026-05-12 15:15:11:1511 debug: dbServer: Fetched 1 ships for tokens: 6
2026-05-12 15:15:30:1530 debug: ExpNotifier: No clients online, skipping EXP check.
2026-05-12 15:15:40:1540 debug: [Reconciler] Запуск сверки истекших резерваций...
2026-05-12 15:15:40:1540 debug: [Reconciler] Не найдено истекших резерваций для сверки.
2026-05-12 15:16:00:160 debug: [CraftGovernor] Запуск цикла проверки... [context: governor]
2026-05-12 15:16:00:160 debug: [CraftGovernor] Предыдущее состояние: 2 владельцев. Текущее состояние: 2 владельцев. [context: governor]
2026-05-12 15:16:00:160 info: [CraftGovernor] Найдено для паузы: 0. Найдено для возобновления: 0. [context: governor]
2026-05-12 15:16:00:160 debug: [CraftGovernor] Изменений нет, состояние не обновлялось. [context: governor]
2026-05-12 15:16:00:160 debug: [CraftGovernor] Цикл проверки завершен. [context: governor]
2026-05-12 15:16:25:1625 debug: Статистика для 0x2da351d8d5840415025c35a7c843a0dfa6e4b89b не записана: нет сезона. [context: leaderboard]
2026-05-12 15:16:30:1630 debug: ExpNotifier: No clients online, skipping EXP check.
2026-05-12 15:16:40:1640 debug: [Reconciler] Запуск сверки истекших резерваций...
2026-05-12 15:16:40:1640 debug: [Reconciler] Не найдено истекших резерваций для сверки.
2026-05-12 15:17:00:170 debug: [CraftGovernor] Запуск цикла проверки... [context: governor]
2026-05-12 15:17:00:170 debug: [CraftGovernor] Предыдущее состояние: 2 владельцев. Текущее состояние: 2 владельцев. [context: governor]
2026-05-12 15:17:00:170 info: [CraftGovernor] Найдено для паузы: 0. Найдено для возобновления: 0. [context: governor]
2026-05-12 15:17:00:170 debug: [CraftGovernor] Изменений нет, состояние не обновлялось. [context: governor]
2026-05-12 15:17:00:170 debug: [CraftGovernor] Цикл проверки завершен. [context: governor]
2026-05-12 15:17:30:1730 debug: ExpNotifier: No clients online, skipping EXP check.
2026-05-12 15:17:34:1734 debug: Creating session for 0x2da351d8d5840415025c35a7c843a0dfa6e4b89b from web3server (web3server_kkwvq34lvcw2cf) [context: session_0x2da351d8d5840415025c35a7c843a0dfa6e4b89b]
2026-05-12 15:17:34:1734 debug: Session created in Redis for 0x2da351d8d5840415025c35a7c843a0dfa6e4b89b [context: session_0x2da351d8d5840415025c35a7c843a0dfa6e4b89b]
2026-05-12 15:17:40:1740 debug: [Reconciler] Запуск сверки истекших резерваций...
2026-05-12 15:17:40:1740 debug: [Reconciler] Не найдено истекших резерваций для сверки.
2026-05-12 15:17:40:1740 info: New client connected from IP: 26.132.212.95
2026-05-12 15:17:40:1740 info: Client identified and connection stored: client, ID: cl-8b949c3d-cee5-43f5-abb4-c45865d6be1d
2026-05-12 15:17:41:1741 debug: dbServer: Fetched 7 ships for tokens: 2, 3, 4, 5, 6, 7, 8
2026-05-12 15:17:41:1741 debug: Sent get-ships-response to client for walletAddress: 0x2da351d8d5840415025c35a7c843a0dfa6e4b89b, tokens: 2,3,4,5,6,7,8
2026-05-12 15:17:57:1757 info: Client disconnected: client, ID: cl-8b949c3d-cee5-43f5-abb4-c45865d6be1d
2026-05-12 15:17:57:1757 debug: Verifying session for 0x2da351d8d5840415025c35a7c843a0dfa6e4b89b from gameserver (gameserver-Hddkwe35fsvk_worker_20156) [context: session_0x2da351d8d5840415025c35a7c843a0dfa6e4b89b]
2026-05-12 15:17:58:1758 debug: dbServer: Fetched 1 ships for tokens: 6
2026-05-12 15:18:00:180 debug: [CraftGovernor] Запуск цикла проверки... [context: governor]
2026-05-12 15:18:00:180 debug: [CraftGovernor] Предыдущее состояние: 2 владельцев. Текущее состояние: 2 владельцев. [context: governor]
2026-05-12 15:18:00:180 info: [CraftGovernor] Найдено для паузы: 0. Найдено для возобновления: 0. [context: governor]
2026-05-12 15:18:00:180 debug: [CraftGovernor] Изменений нет, состояние не обновлялось. [context: governor]
2026-05-12 15:18:00:180 debug: [CraftGovernor] Цикл проверки завершен. [context: governor]
2026-05-12 15:18:30:1830 debug: ExpNotifier: No clients online, skipping EXP check.
2026-05-12 15:18:40:1840 debug: [Reconciler] Запуск сверки истекших резерваций...
2026-05-12 15:18:40:1840 debug: [Reconciler] Не найдено истекших резерваций для сверки.
2026-05-12 15:19:00:190 debug: [CraftGovernor] Запуск цикла проверки... [context: governor]
2026-05-12 15:19:00:190 debug: [CraftGovernor] Предыдущее состояние: 2 владельцев. Текущее состояние: 2 владельцев. [context: governor]
2026-05-12 15:19:00:190 info: [CraftGovernor] Найдено для паузы: 0. Найдено для возобновления: 0. [context: governor]
2026-05-12 15:19:00:190 debug: [CraftGovernor] Изменений нет, состояние не обновлялось. [context: governor]
2026-05-12 15:19:00:190 debug: [CraftGovernor] Цикл проверки завершен. [context: governor]
2026-05-12 15:19:09:199 debug: Статистика для 0x2da351d8d5840415025c35a7c843a0dfa6e4b89b не записана: нет сезона. [context: leaderboard]
2026-05-12 15:19:19:1919 info: New client connected from IP: 26.132.212.95
2026-05-12 15:19:19:1919 info: Client identified and connection stored: client, ID: cl-8aea49ee-4a51-4f75-8f60-60f3a7667238
2026-05-12 15:19:20:1920 debug: dbServer: Fetched 7 ships for tokens: 2, 3, 4, 5, 6, 7, 8
2026-05-12 15:19:20:1920 debug: Sent get-ships-response to client for walletAddress: 0x2da351d8d5840415025c35a7c843a0dfa6e4b89b, tokens: 2,3,4,5,6,7,8
2026-05-12 15:19:30:1930 debug: ExpNotifier: Sent actual-exp to 1 client(s) using a single DB query.
2026-05-12 15:19:40:1940 debug: [Reconciler] Запуск сверки истекших резерваций...
2026-05-12 15:19:40:1940 debug: [Reconciler] Не найдено истекших резерваций для сверки.
2026-05-12 15:20:00:200 debug: [CraftGovernor] Запуск цикла проверки... [context: governor]
2026-05-12 15:20:00:200 debug: [CraftGovernor] Предыдущее состояние: 2 владельцев. Текущее состояние: 2 владельцев. [context: governor]
2026-05-12 15:20:00:200 info: [CraftGovernor] Найдено для паузы: 0. Найдено для возобновления: 0. [context: governor]
2026-05-12 15:20:00:200 debug: [CraftGovernor] Изменений нет, состояние не обновлялось. [context: governor]
2026-05-12 15:20:00:200 debug: [CraftGovernor] Цикл проверки завершен. [context: governor]
2026-05-12 15:20:30:2030 debug: ExpNotifier: Sent actual-exp to 1 client(s) using a single DB query.
2026-05-12 15:20:40:2040 debug: [Reconciler] Запуск сверки истекших резерваций...
2026-05-12 15:20:40:2040 debug: [Reconciler] Не найдено истекших резерваций для сверки.
2026-05-12 15:21:00:210 debug: [CraftGovernor] Запуск цикла проверки... [context: governor]
2026-05-12 15:21:00:210 debug: [CraftGovernor] Предыдущее состояние: 2 владельцев. Текущее состояние: 2 владельцев. [context: governor]
2026-05-12 15:21:00:210 info: [CraftGovernor] Найдено для паузы: 0. Найдено для возобновления: 0. [context: governor]
2026-05-12 15:21:00:210 debug: [CraftGovernor] Изменений нет, состояние не обновлялось. [context: governor]
2026-05-12 15:21:00:210 debug: [CraftGovernor] Цикл проверки завершен. [context: governor]
2026-05-12 15:21:30:2130 debug: ExpNotifier: Sent actual-exp to 1 client(s) using a single DB query.
2026-05-12 15:21:40:2140 debug: [Reconciler] Запуск сверки истекших резерваций...
2026-05-12 15:21:40:2140 debug: [Reconciler] Не найдено истекших резерваций для сверки.
2026-05-12 15:22:00:220 debug: [CraftGovernor] Запуск цикла проверки... [context: governor]
2026-05-12 15:22:00:220 debug: [CraftGovernor] Предыдущее состояние: 2 владельцев. Текущее состояние: 2 владельцев. [context: governor]
2026-05-12 15:22:00:220 info: [CraftGovernor] Найдено для паузы: 0. Найдено для возобновления: 0. [context: governor]
2026-05-12 15:22:00:220 debug: [CraftGovernor] Изменений нет, состояние не обновлялось. [context: governor]
2026-05-12 15:22:00:220 debug: [CraftGovernor] Цикл проверки завершен. [context: governor]
2026-05-12 15:22:30:2230 debug: ExpNotifier: Sent actual-exp to 1 client(s) using a single DB query.
2026-05-12 15:22:40:2240 debug: [Reconciler] Запуск сверки истекших резерваций...
2026-05-12 15:22:40:2240 debug: [Reconciler] Не найдено истекших резерваций для сверки.
2026-05-12 15:23:00:230 debug: [CraftGovernor] Запуск цикла проверки... [context: governor]
2026-05-12 15:23:00:230 debug: [CraftGovernor] Предыдущее состояние: 2 владельцев. Текущее состояние: 2 владельцев. [context: governor]
2026-05-12 15:23:00:230 info: [CraftGovernor] Найдено для паузы: 0. Найдено для возобновления: 0. [context: governor]
2026-05-12 15:23:00:230 debug: [CraftGovernor] Изменений нет, состояние не обновлялось. [context: governor]
2026-05-12 15:23:00:230 debug: [CraftGovernor] Цикл проверки завершен. [context: governor]
2026-05-12 15:23:30:2330 debug: ExpNotifier: Sent actual-exp to 1 client(s) using a single DB query.
2026-05-12 15:23:40:2340 debug: [Reconciler] Запуск сверки истекших резерваций...
2026-05-12 15:23:40:2340 debug: [Reconciler] Не найдено истекших резерваций для сверки.
2026-05-12 15:24:00:240 debug: [CraftGovernor] Запуск цикла проверки... [context: governor]
2026-05-12 15:24:00:240 debug: [CraftGovernor] Предыдущее состояние: 2 владельцев. Текущее состояние: 2 владельцев. [context: governor]
2026-05-12 15:24:00:240 info: [CraftGovernor] Найдено для паузы: 0. Найдено для возобновления: 0. [context: governor]
2026-05-12 15:24:00:240 debug: [CraftGovernor] Изменений нет, состояние не обновлялось. [context: governor]
2026-05-12 15:24:00:240 debug: [CraftGovernor] Цикл проверки завершен. [context: governor]
2026-05-12 15:24:30:2430 debug: ExpNotifier: Sent actual-exp to 1 client(s) using a single DB query.
2026-05-12 15:24:40:2440 debug: [Reconciler] Запуск сверки истекших резерваций...
2026-05-12 15:24:40:2440 debug: [Reconciler] Не найдено истекших резерваций для сверки.
2026-05-12 15:25:00:250 debug: [CraftGovernor] Запуск цикла проверки... [context: governor]
2026-05-12 15:25:00:250 debug: [CraftGovernor] Предыдущее состояние: 2 владельцев. Текущее состояние: 2 владельцев. [context: governor]
2026-05-12 15:25:00:250 info: [CraftGovernor] Найдено для паузы: 0. Найдено для возобновления: 0. [context: governor]
2026-05-12 15:25:00:250 debug: [CraftGovernor] Изменений нет, состояние не обновлялось. [context: governor]
2026-05-12 15:25:00:250 debug: [CraftGovernor] Цикл проверки завершен. [context: governor]
2026-05-12 15:25:30:2530 debug: ExpNotifier: Sent actual-exp to 1 client(s) using a single DB query.
2026-05-12 15:25:40:2540 debug: [Reconciler] Запуск сверки истекших резерваций...
2026-05-12 15:25:40:2540 debug: [Reconciler] Не найдено истекших резерваций для сверки.
2026-05-12 15:26:00:260 debug: [CraftGovernor] Запуск цикла проверки... [context: governor]
2026-05-12 15:26:00:260 debug: [CraftGovernor] Предыдущее состояние: 2 владельцев. Текущее состояние: 2 владельцев. [context: governor]
2026-05-12 15:26:00:260 info: [CraftGovernor] Найдено для паузы: 0. Найдено для возобновления: 0. [context: governor]
2026-05-12 15:26:00:260 debug: [CraftGovernor] Изменений нет, состояние не обновлялось. [context: governor]
2026-05-12 15:26:00:260 debug: [CraftGovernor] Цикл проверки завершен. [context: governor]
2026-05-12 15:26:15:2615 warn: Получен сигнал SIGINT. Начинаю грациозное завершение dbserver...
2026-05-12 15:26:15:2615 info: Закрытие серверов (WebSocket и HTTP)...
2026-05-12 15:26:20:2620 info: [Reconciler] Запуск воркера для сверки резерваций (Unified)...
2026-05-12 15:26:20:2620 info: [CraftGovernor] Запуск воркера "Craft Governor"...
2026-05-12 15:26:20:2620 info: [API Server] Запуск процесса...
2026-05-12 15:26:33:2633 info: [API Server] Успешное подключение к MongoDB.
2026-05-12 15:26:33:2633 info: dbServer: Successfully connected to Redis (main client).
2026-05-12 15:26:33:2633 info: Прогрев не требуется: нет сезона. [context: hydrate_season_null]
2026-05-12 15:26:34:2634 info: [HealthMonitor] Monitoring started for api:main
2026-05-12 15:26:34:2634 info: Optimized Exp Notifier scheduler started [context: exp_notifier]
2026-05-12 15:26:34:2634 info: [API Server] Сервер запущен и готов к приему WebSocket соединений на PID: 19944.
2026-05-12 15:26:34:2634 info: Обработчики грациозного завершения инициализированы.
2026-05-12 15:26:38:2638 info: dbServer: Successfully connected to Redis (main client).
2026-05-12 15:26:38:2638 info: [HealthMonitor] Monitoring started for governor:main
2026-05-12 15:26:38:2638 info: [CraftGovernor] Успешное подключение к MongoDB и Redis.
2026-05-12 15:26:38:2638 info: [CraftGovernor] Воркер запланирован с cron-выражением: "* * * * *"
2026-05-12 15:26:38:2638 info: New client connected from IP: ::1
2026-05-12 15:26:39:2639 info: Client identified and connection stored: web3server, ID: web3server_kkwvq34lvcw2cf
2026-05-12 15:26:39:2639 info: dbServer: Successfully connected to Redis (main client).
2026-05-12 15:26:39:2639 info: [HealthMonitor] Monitoring started for reconciler:main
2026-05-12 15:26:39:2639 info: [Reconciler] Успешное подключение к MongoDB и Redis.
2026-05-12 15:26:39:2639 debug: [Reconciler] Запуск сверки истекших резерваций...
2026-05-12 15:26:39:2639 debug: [Reconciler] Не найдено истекших резерваций для сверки.
2026-05-12 15:26:42:2642 info: New client connected from IP: ::1
2026-05-12 15:26:42:2642 info: Client identified and connection stored: gameserver, ID: gameserver-Hddkwe35fsvk_worker_20736
2026-05-12 15:26:44:2644 info: dbServer: Successfully connected to Redis (main client).
2026-05-12 15:26:44:2644 info: [HealthMonitor] Monitoring started for worker:1
2026-05-12 15:27:00:270 debug: [CraftGovernor] Запуск цикла проверки... [context: governor]
2026-05-12 15:27:00:270 debug: [CraftGovernor] Предыдущее состояние: 2 владельцев. Текущее состояние: 2 владельцев. [context: governor]
2026-05-12 15:27:00:270 info: [CraftGovernor] Найдено для паузы: 0. Найдено для возобновления: 0. [context: governor]
2026-05-12 15:27:00:270 debug: [CraftGovernor] Изменений нет, состояние не обновлялось. [context: governor]
2026-05-12 15:27:00:270 debug: [CraftGovernor] Цикл проверки завершен. [context: governor]
2026-05-12 15:27:30:2730 debug: ExpNotifier: No clients online, skipping EXP check.
2026-05-12 15:27:39:2739 debug: [Reconciler] Запуск сверки истекших резерваций...
2026-05-12 15:27:39:2739 debug: [Reconciler] Не найдено истекших резерваций для сверки.
2026-05-12 15:28:00:280 debug: [CraftGovernor] Запуск цикла проверки... [context: governor]
2026-05-12 15:28:00:280 debug: [CraftGovernor] Предыдущее состояние: 2 владельцев. Текущее состояние: 2 владельцев. [context: governor]
2026-05-12 15:28:00:280 info: [CraftGovernor] Найдено для паузы: 0. Найдено для возобновления: 0. [context: governor]
2026-05-12 15:28:00:280 debug: [CraftGovernor] Изменений нет, состояние не обновлялось. [context: governor]
2026-05-12 15:28:00:280 debug: [CraftGovernor] Цикл проверки завершен. [context: governor]
2026-05-12 15:28:30:2830 debug: ExpNotifier: No clients online, skipping EXP check.
2026-05-12 15:28:39:2839 debug: [Reconciler] Запуск сверки истекших резерваций...
2026-05-12 15:28:39:2839 debug: [Reconciler] Не найдено истекших резерваций для сверки.
2026-05-12 15:28:43:2843 debug: Creating session for 0x2da351d8d5840415025c35a7c843a0dfa6e4b89b from web3server (web3server_kkwvq34lvcw2cf) [context: session_0x2da351d8d5840415025c35a7c843a0dfa6e4b89b]
2026-05-12 15:28:43:2843 debug: Session created in Redis for 0x2da351d8d5840415025c35a7c843a0dfa6e4b89b [context: session_0x2da351d8d5840415025c35a7c843a0dfa6e4b89b]
2026-05-12 15:29:00:290 debug: [CraftGovernor] Запуск цикла проверки... [context: governor]
2026-05-12 15:29:00:290 debug: [CraftGovernor] Предыдущее состояние: 2 владельцев. Текущее состояние: 2 владельцев. [context: governor]
2026-05-12 15:29:00:290 info: [CraftGovernor] Найдено для паузы: 0. Найдено для возобновления: 0. [context: governor]
2026-05-12 15:29:00:290 debug: [CraftGovernor] Изменений нет, состояние не обновлялось. [context: governor]
2026-05-12 15:29:00:290 debug: [CraftGovernor] Цикл проверки завершен. [context: governor]
2026-05-12 15:29:08:298 debug: Creating session for 0x2da351d8d5840415025c35a7c843a0dfa6e4b89b from web3server (web3server_kkwvq34lvcw2cf) [context: session_0x2da351d8d5840415025c35a7c843a0dfa6e4b89b]
2026-05-12 15:29:08:298 debug: Session created in Redis for 0x2da351d8d5840415025c35a7c843a0dfa6e4b89b [context: session_0x2da351d8d5840415025c35a7c843a0dfa6e4b89b]
2026-05-12 15:29:14:2914 info: New client connected from IP: 26.132.212.95
2026-05-12 15:29:14:2914 info: Client identified and connection stored: client, ID: cl-d8d36734-af93-4b6c-b663-e54090e14202
2026-05-12 15:29:15:2915 debug: dbServer: Fetched 7 ships for tokens: 2, 3, 4, 5, 6, 7, 8
2026-05-12 15:29:15:2915 debug: Sent get-ships-response to client for walletAddress: 0x2da351d8d5840415025c35a7c843a0dfa6e4b89b, tokens: 2,3,4,5,6,7,8
2026-05-12 15:29:24:2924 info: Client disconnected: client, ID: cl-d8d36734-af93-4b6c-b663-e54090e14202
2026-05-12 15:29:24:2924 debug: Verifying session for 0x2da351d8d5840415025c35a7c843a0dfa6e4b89b from gameserver (gameserver-Hddkwe35fsvk_worker_20736) [context: session_0x2da351d8d5840415025c35a7c843a0dfa6e4b89b]
2026-05-12 15:29:25:2925 debug: dbServer: Fetched 1 ships for tokens: 6
2026-05-12 15:29:30:2930 debug: ExpNotifier: No clients online, skipping EXP check.
2026-05-12 15:29:39:2939 debug: [Reconciler] Запуск сверки истекших резерваций...
2026-05-12 15:29:39:2939 debug: [Reconciler] Не найдено истекших резерваций для сверки.
2026-05-12 15:30:00:300 debug: [CraftGovernor] Запуск цикла проверки... [context: governor]
2026-05-12 15:30:00:300 debug: [CraftGovernor] Предыдущее состояние: 2 владельцев. Текущее состояние: 2 владельцев. [context: governor]
2026-05-12 15:30:00:300 info: [CraftGovernor] Найдено для паузы: 0. Найдено для возобновления: 0. [context: governor]
2026-05-12 15:30:00:300 debug: [CraftGovernor] Изменений нет, состояние не обновлялось. [context: governor]
2026-05-12 15:30:00:300 debug: [CraftGovernor] Цикл проверки завершен. [context: governor]
2026-05-12 15:30:30:3030 debug: ExpNotifier: No clients online, skipping EXP check.
2026-05-12 15:30:39:3039 debug: [Reconciler] Запуск сверки истекших резерваций...
2026-05-12 15:30:39:3039 debug: [Reconciler] Не найдено истекших резерваций для сверки.
2026-05-12 15:30:46:3046 debug: Статистика для 0x2da351d8d5840415025c35a7c843a0dfa6e4b89b не записана: нет сезона. [context: leaderboard]
2026-05-12 15:30:58:3058 info: New client connected from IP: 26.132.212.95
2026-05-12 15:30:58:3058 info: Client identified and connection stored: client, ID: cl-4c6e724d-7b4d-47f7-9c28-00a0b5418671
2026-05-12 15:30:58:3058 debug: dbServer: Fetched 7 ships for tokens: 2, 3, 4, 5, 6, 7, 8
2026-05-12 15:30:58:3058 debug: Sent get-ships-response to client for walletAddress: 0x2da351d8d5840415025c35a7c843a0dfa6e4b89b, tokens: 2,3,4,5,6,7,8
2026-05-12 15:31:00:310 debug: [CraftGovernor] Запуск цикла проверки... [context: governor]
2026-05-12 15:31:00:310 debug: [CraftGovernor] Предыдущее состояние: 2 владельцев. Текущее состояние: 2 владельцев. [context: governor]
2026-05-12 15:31:00:310 info: [CraftGovernor] Найдено для паузы: 0. Найдено для возобновления: 0. [context: governor]
2026-05-12 15:31:00:310 debug: [CraftGovernor] Изменений нет, состояние не обновлялось. [context: governor]
2026-05-12 15:31:00:310 debug: [CraftGovernor] Цикл проверки завершен. [context: governor]
2026-05-12 15:31:30:3130 debug: ExpNotifier: Sent actual-exp to 1 client(s) using a single DB query.
2026-05-12 15:31:39:3139 debug: [Reconciler] Запуск сверки истекших резерваций...
2026-05-12 15:31:39:3139 debug: [Reconciler] Не найдено истекших резерваций для сверки.
2026-05-12 15:32:00:320 debug: [CraftGovernor] Запуск цикла проверки... [context: governor]
2026-05-12 15:32:00:320 debug: [CraftGovernor] Предыдущее состояние: 2 владельцев. Текущее состояние: 2 владельцев. [context: governor]
2026-05-12 15:32:00:320 info: [CraftGovernor] Найдено для паузы: 0. Найдено для возобновления: 0. [context: governor]
2026-05-12 15:32:00:320 debug: [CraftGovernor] Изменений нет, состояние не обновлялось. [context: governor]
2026-05-12 15:32:00:320 debug: [CraftGovernor] Цикл проверки завершен. [context: governor]
2026-05-12 15:32:17:3217 info: Client disconnected: client, ID: cl-4c6e724d-7b4d-47f7-9c28-00a0b5418671
2026-05-12 15:32:17:3217 debug: Verifying session for 0x2da351d8d5840415025c35a7c843a0dfa6e4b89b from gameserver (gameserver-Hddkwe35fsvk_worker_20736) [context: session_0x2da351d8d5840415025c35a7c843a0dfa6e4b89b]
2026-05-12 15:32:18:3218 debug: dbServer: Fetched 1 ships for tokens: 6
2026-05-12 15:32:30:3230 debug: ExpNotifier: No clients online, skipping EXP check.
2026-05-12 15:32:39:3239 debug: [Reconciler] Запуск сверки истекших резерваций...
2026-05-12 15:32:39:3239 debug: [Reconciler] Не найдено истекших резерваций для сверки.
2026-05-12 15:33:00:330 debug: [CraftGovernor] Запуск цикла проверки... [context: governor]
2026-05-12 15:33:00:330 debug: [CraftGovernor] Предыдущее состояние: 2 владельцев. Текущее состояние: 2 владельцев. [context: governor]
2026-05-12 15:33:00:330 info: [CraftGovernor] Найдено для паузы: 0. Найдено для возобновления: 0. [context: governor]
2026-05-12 15:33:00:330 debug: [CraftGovernor] Изменений нет, состояние не обновлялось. [context: governor]
2026-05-12 15:33:00:330 debug: [CraftGovernor] Цикл проверки завершен. [context: governor]
2026-05-12 15:33:30:3330 debug: ExpNotifier: No clients online, skipping EXP check.
2026-05-12 15:33:35:3335 debug: Статистика для 0x2da351d8d5840415025c35a7c843a0dfa6e4b89b не записана: нет сезона. [context: leaderboard]
2026-05-12 15:33:39:3339 debug: [Reconciler] Запуск сверки истекших резерваций...
2026-05-12 15:33:39:3339 debug: [Reconciler] Не найдено истекших резерваций для сверки.
2026-05-12 15:34:00:340 debug: [CraftGovernor] Запуск цикла проверки... [context: governor]
2026-05-12 15:34:00:340 debug: [CraftGovernor] Предыдущее состояние: 2 владельцев. Текущее состояние: 2 владельцев. [context: governor]
2026-05-12 15:34:00:340 info: [CraftGovernor] Найдено для паузы: 0. Найдено для возобновления: 0. [context: governor]
2026-05-12 15:34:00:340 debug: [CraftGovernor] Изменений нет, состояние не обновлялось. [context: governor]
2026-05-12 15:34:00:340 debug: [CraftGovernor] Цикл проверки завершен. [context: governor]
2026-05-12 15:34:30:3430 debug: ExpNotifier: No clients online, skipping EXP check.
2026-05-12 15:34:39:3439 debug: [Reconciler] Запуск сверки истекших резерваций...
2026-05-12 15:34:39:3439 debug: [Reconciler] Не найдено истекших резерваций для сверки.
2026-05-12 15:35:00:350 debug: [CraftGovernor] Запуск цикла проверки... [context: governor]
2026-05-12 15:35:00:350 debug: [CraftGovernor] Предыдущее состояние: 2 владельцев. Текущее состояние: 2 владельцев. [context: governor]
2026-05-12 15:35:00:350 info: [CraftGovernor] Найдено для паузы: 0. Найдено для возобновления: 0. [context: governor]
2026-05-12 15:35:00:350 debug: [CraftGovernor] Изменений нет, состояние не обновлялось. [context: governor]
2026-05-12 15:35:00:350 debug: [CraftGovernor] Цикл проверки завершен. [context: governor]
2026-05-12 15:35:30:3530 debug: ExpNotifier: No clients online, skipping EXP check.
2026-05-12 15:35:39:3539 debug: [Reconciler] Запуск сверки истекших резерваций...
2026-05-12 15:35:39:3539 debug: [Reconciler] Не найдено истекших резерваций для сверки.
2026-05-12 15:36:00:360 debug: [CraftGovernor] Запуск цикла проверки... [context: governor]
2026-05-12 15:36:00:360 debug: [CraftGovernor] Предыдущее состояние: 2 владельцев. Текущее состояние: 2 владельцев. [context: governor]
2026-05-12 15:36:00:360 info: [CraftGovernor] Найдено для паузы: 0. Найдено для возобновления: 0. [context: governor]
2026-05-12 15:36:00:360 debug: [CraftGovernor] Изменений нет, состояние не обновлялось. [context: governor]
2026-05-12 15:36:00:360 debug: [CraftGovernor] Цикл проверки завершен. [context: governor]
2026-05-12 15:36:30:3630 debug: ExpNotifier: No clients online, skipping EXP check.
2026-05-12 15:36:39:3639 debug: [Reconciler] Запуск сверки истекших резерваций...
2026-05-12 15:36:39:3639 debug: [Reconciler] Не найдено истекших резерваций для сверки.
2026-05-12 15:37:00:370 debug: [CraftGovernor] Запуск цикла проверки... [context: governor]
2026-05-12 15:37:00:370 debug: [CraftGovernor] Предыдущее состояние: 2 владельцев. Текущее состояние: 2 владельцев. [context: governor]
2026-05-12 15:37:00:370 info: [CraftGovernor] Найдено для паузы: 0. Найдено для возобновления: 0. [context: governor]
2026-05-12 15:37:00:370 debug: [CraftGovernor] Изменений нет, состояние не обновлялось. [context: governor]
2026-05-12 15:37:00:370 debug: [CraftGovernor] Цикл проверки завершен. [context: governor]
2026-05-12 15:37:30:3730 debug: ExpNotifier: No clients online, skipping EXP check.
2026-05-12 15:37:39:3739 debug: [Reconciler] Запуск сверки истекших резерваций...
2026-05-12 15:37:39:3739 debug: [Reconciler] Не найдено истекших резерваций для сверки.
2026-05-12 15:38:00:380 debug: [CraftGovernor] Запуск цикла проверки... [context: governor]
2026-05-12 15:38:00:380 debug: [CraftGovernor] Предыдущее состояние: 2 владельцев. Текущее состояние: 2 владельцев. [context: governor]
2026-05-12 15:38:00:380 info: [CraftGovernor] Найдено для паузы: 0. Найдено для возобновления: 0. [context: governor]
2026-05-12 15:38:00:380 debug: [CraftGovernor] Изменений нет, состояние не обновлялось. [context: governor]
2026-05-12 15:38:00:380 debug: [CraftGovernor] Цикл проверки завершен. [context: governor]
2026-05-12 15:38:30:3830 debug: ExpNotifier: No clients online, skipping EXP check.
2026-05-12 15:38:39:3839 debug: [Reconciler] Запуск сверки истекших резерваций...
2026-05-12 15:38:39:3839 debug: [Reconciler] Не найдено истекших резерваций для сверки.
2026-05-12 15:39:00:390 debug: [CraftGovernor] Запуск цикла проверки... [context: governor]
2026-05-12 15:39:00:390 debug: [CraftGovernor] Предыдущее состояние: 2 владельцев. Текущее состояние: 2 владельцев. [context: governor]
2026-05-12 15:39:00:390 info: [CraftGovernor] Найдено для паузы: 0. Найдено для возобновления: 0. [context: governor]
2026-05-12 15:39:00:390 debug: [CraftGovernor] Изменений нет, состояние не обновлялось. [context: governor]
2026-05-12 15:39:00:390 debug: [CraftGovernor] Цикл проверки завершен. [context: governor]
2026-05-12 15:39:30:3930 debug: ExpNotifier: No clients online, skipping EXP check.
2026-05-12 15:39:39:3939 debug: [Reconciler] Запуск сверки истекших резерваций...
2026-05-12 15:39:39:3939 debug: [Reconciler] Не найдено истекших резерваций для сверки.
2026-05-12 15:40:00:400 debug: [CraftGovernor] Запуск цикла проверки... [context: governor]
2026-05-12 15:40:00:400 debug: [CraftGovernor] Предыдущее состояние: 2 владельцев. Текущее состояние: 2 владельцев. [context: governor]
2026-05-12 15:40:00:400 info: [CraftGovernor] Найдено для паузы: 0. Найдено для возобновления: 0. [context: governor]
2026-05-12 15:40:00:400 debug: [CraftGovernor] Изменений нет, состояние не обновлялось. [context: governor]
2026-05-12 15:40:00:400 debug: [CraftGovernor] Цикл проверки завершен. [context: governor]
2026-05-12 15:40:30:4030 debug: ExpNotifier: No clients online, skipping EXP check.
2026-05-12 15:40:39:4039 debug: [Reconciler] Запуск сверки истекших резерваций...
2026-05-12 15:40:39:4039 debug: [Reconciler] Не найдено истекших резерваций для сверки.
2026-05-12 15:41:00:410 debug: [CraftGovernor] Запуск цикла проверки... [context: governor]
2026-05-12 15:41:00:410 debug: [CraftGovernor] Предыдущее состояние: 2 владельцев. Текущее состояние: 2 владельцев. [context: governor]
2026-05-12 15:41:00:410 info: [CraftGovernor] Найдено для паузы: 0. Найдено для возобновления: 0. [context: governor]
2026-05-12 15:41:00:410 debug: [CraftGovernor] Изменений нет, состояние не обновлялось. [context: governor]
2026-05-12 15:41:00:410 debug: [CraftGovernor] Цикл проверки завершен. [context: governor]
2026-05-12 15:41:30:4130 debug: ExpNotifier: No clients online, skipping EXP check.
2026-05-12 15:41:39:4139 debug: [Reconciler] Запуск сверки истекших резерваций...
2026-05-12 15:41:39:4139 debug: [Reconciler] Не найдено истекших резерваций для сверки.
2026-05-12 15:42:00:420 debug: [CraftGovernor] Запуск цикла проверки... [context: governor]
2026-05-12 15:42:00:420 debug: [CraftGovernor] Предыдущее состояние: 2 владельцев. Текущее состояние: 2 владельцев. [context: governor]
2026-05-12 15:42:00:420 info: [CraftGovernor] Найдено для паузы: 0. Найдено для возобновления: 0. [context: governor]
2026-05-12 15:42:00:420 debug: [CraftGovernor] Изменений нет, состояние не обновлялось. [context: governor]
2026-05-12 15:42:00:420 debug: [CraftGovernor] Цикл проверки завершен. [context: governor]
2026-05-12 15:42:30:4230 debug: ExpNotifier: No clients online, skipping EXP check.
2026-05-12 15:42:39:4239 debug: [Reconciler] Запуск сверки истекших резерваций...
2026-05-12 15:42:39:4239 debug: [Reconciler] Не найдено истекших резерваций для сверки.
2026-05-12 15:43:00:430 debug: [CraftGovernor] Запуск цикла проверки... [context: governor]
2026-05-12 15:43:00:430 debug: [CraftGovernor] Предыдущее состояние: 2 владельцев. Текущее состояние: 2 владельцев. [context: governor]
2026-05-12 15:43:00:430 info: [CraftGovernor] Найдено для паузы: 0. Найдено для возобновления: 0. [context: governor]
2026-05-12 15:43:00:430 debug: [CraftGovernor] Изменений нет, состояние не обновлялось. [context: governor]
2026-05-12 15:43:00:430 debug: [CraftGovernor] Цикл проверки завершен. [context: governor]
2026-05-12 15:43:30:4330 debug: ExpNotifier: No clients online, skipping EXP check.
2026-05-12 15:43:39:4339 debug: [Reconciler] Запуск сверки истекших резерваций...
2026-05-12 15:43:39:4339 debug: [Reconciler] Не найдено истекших резерваций для сверки.
2026-05-12 15:44:00:440 debug: [CraftGovernor] Запуск цикла проверки... [context: governor]
2026-05-12 15:44:00:440 debug: [CraftGovernor] Предыдущее состояние: 2 владельцев. Текущее состояние: 2 владельцев. [context: governor]
2026-05-12 15:44:00:440 info: [CraftGovernor] Найдено для паузы: 0. Найдено для возобновления: 0. [context: governor]
2026-05-12 15:44:00:440 debug: [CraftGovernor] Изменений нет, состояние не обновлялось. [context: governor]
2026-05-12 15:44:00:440 debug: [CraftGovernor] Цикл проверки завершен. [context: governor]
2026-05-12 15:44:30:4430 debug: ExpNotifier: No clients online, skipping EXP check.
2026-05-12 15:44:31:4431 warn: Получен сигнал SIGINT. Начинаю грациозное завершение dbserver...
2026-05-12 15:44:31:4431 info: Закрытие серверов (WebSocket и HTTP)...
2026-05-12 15:44:35:4435 info: [Reconciler] Запуск воркера для сверки резерваций (Unified)...
2026-05-12 15:44:35:4435 info: [CraftGovernor] Запуск воркера "Craft Governor"...
2026-05-12 15:44:36:4436 info: [API Server] Запуск процесса...
2026-05-12 15:44:39:4439 info: New client connected from IP: ::1
2026-05-12 15:44:39:4439 warn: [Infisical] Secret "WEB3_CLIENT_ID" not found in cache.
2026-05-12 15:44:39:4439 debug: Unidentified client disconnected
2026-05-12 15:44:39:4439 info: [API Server] Успешное подключение к MongoDB.
2026-05-12 15:44:39:4439 info: dbServer: Successfully connected to Redis (main client).
2026-05-12 15:44:39:4439 info: dbServer: Successfully connected to Redis (main client).
2026-05-12 15:44:39:4439 info: [HealthMonitor] Monitoring started for reconciler:main
2026-05-12 15:44:39:4439 info: [Reconciler] Успешное подключение к MongoDB и Redis.
2026-05-12 15:44:39:4439 info: Прогрев не требуется: нет сезона. [context: hydrate_season_null]
2026-05-12 15:44:39:4439 debug: [Reconciler] Запуск сверки истекших резерваций...
2026-05-12 15:44:39:4439 debug: [Reconciler] Не найдено истекших резерваций для сверки.
2026-05-12 15:44:39:4439 info: [HealthMonitor] Monitoring started for api:main
2026-05-12 15:44:40:4440 info: Optimized Exp Notifier scheduler started [context: exp_notifier]
2026-05-12 15:44:40:4440 info: [API Server] Сервер запущен и готов к приему WebSocket соединений на PID: 21100.
2026-05-12 15:44:40:4440 info: Обработчики грациозного завершения инициализированы.
2026-05-12 15:44:40:4440 info: New client connected from IP: ::1
2026-05-12 15:44:40:4440 info: Client identified and connection stored: gameserver, ID: gameserver-Hddkwe35fsvk_worker_19688
2026-05-12 15:44:40:4440 info: dbServer: Successfully connected to Redis (main client).
2026-05-12 15:44:40:4440 info: [HealthMonitor] Monitoring started for governor:main
2026-05-12 15:44:40:4440 info: [CraftGovernor] Успешное подключение к MongoDB и Redis.
2026-05-12 15:44:40:4440 info: [CraftGovernor] Воркер запланирован с cron-выражением: "* * * * *"
2026-05-12 15:44:40:4440 info: New client connected from IP: ::1
2026-05-12 15:44:40:4440 info: Client identified and connection stored: web3server, ID: web3server_kkwvq34lvcw2cf
2026-05-12 15:44:42:4442 info: dbServer: Successfully connected to Redis (main client).
2026-05-12 15:44:42:4442 info: [HealthMonitor] Monitoring started for worker:1
2026-05-12 15:44:50:4450 debug: Creating session for 0x2da351d8d5840415025c35a7c843a0dfa6e4b89b from web3server (web3server_kkwvq34lvcw2cf) [context: session_0x2da351d8d5840415025c35a7c843a0dfa6e4b89b]
2026-05-12 15:44:50:4450 debug: Session created in Redis for 0x2da351d8d5840415025c35a7c843a0dfa6e4b89b [context: session_0x2da351d8d5840415025c35a7c843a0dfa6e4b89b]
2026-05-12 15:44:59:4459 info: New client connected from IP: 26.132.212.95
2026-05-12 15:44:59:4459 info: Client identified and connection stored: client, ID: cl-402b7af2-6f96-4d3a-b752-31cec39f7397
2026-05-12 15:45:00:450 debug: [CraftGovernor] Запуск цикла проверки... [context: governor]
2026-05-12 15:45:00:450 debug: [CraftGovernor] Предыдущее состояние: 2 владельцев. Текущее состояние: 2 владельцев. [context: governor]
2026-05-12 15:45:00:450 info: [CraftGovernor] Найдено для паузы: 0. Найдено для возобновления: 0. [context: governor]
2026-05-12 15:45:00:450 debug: [CraftGovernor] Изменений нет, состояние не обновлялось. [context: governor]
2026-05-12 15:45:00:450 debug: [CraftGovernor] Цикл проверки завершен. [context: governor]
2026-05-12 15:45:00:450 debug: dbServer: Fetched 7 ships for tokens: 2, 3, 4, 5, 6, 7, 8
2026-05-12 15:45:00:450 debug: Sent get-ships-response to client for walletAddress: 0x2da351d8d5840415025c35a7c843a0dfa6e4b89b, tokens: 2,3,4,5,6,7,8
2026-05-12 15:45:10:4510 info: Client disconnected: client, ID: cl-402b7af2-6f96-4d3a-b752-31cec39f7397
2026-05-12 15:45:10:4510 debug: Verifying session for 0x2da351d8d5840415025c35a7c843a0dfa6e4b89b from gameserver (gameserver-Hddkwe35fsvk_worker_19688) [context: session_0x2da351d8d5840415025c35a7c843a0dfa6e4b89b]
2026-05-12 15:45:11:4511 debug: dbServer: Fetched 1 ships for tokens: 6
2026-05-12 15:45:30:4530 debug: ExpNotifier: No clients online, skipping EXP check.
2026-05-12 15:45:39:4539 debug: [Reconciler] Запуск сверки истекших резерваций...
2026-05-12 15:45:39:4539 debug: [Reconciler] Не найдено истекших резерваций для сверки.
2026-05-12 15:46:00:460 debug: [CraftGovernor] Запуск цикла проверки... [context: governor]
2026-05-12 15:46:00:460 debug: [CraftGovernor] Предыдущее состояние: 2 владельцев. Текущее состояние: 2 владельцев. [context: governor]
2026-05-12 15:46:00:460 info: [CraftGovernor] Найдено для паузы: 0. Найдено для возобновления: 0. [context: governor]
2026-05-12 15:46:00:460 debug: [CraftGovernor] Изменений нет, состояние не обновлялось. [context: governor]
2026-05-12 15:46:00:460 debug: [CraftGovernor] Цикл проверки завершен. [context: governor]
2026-05-12 15:46:30:4630 debug: ExpNotifier: No clients online, skipping EXP check.
2026-05-12 15:46:39:4639 debug: Статистика для 0x2da351d8d5840415025c35a7c843a0dfa6e4b89b не записана: нет сезона. [context: leaderboard]
2026-05-12 15:46:39:4639 debug: [Reconciler] Запуск сверки истекших резерваций...
2026-05-12 15:46:39:4639 debug: [Reconciler] Не найдено истекших резерваций для сверки.
2026-05-12 15:46:47:4647 info: New client connected from IP: 26.132.212.95
2026-05-12 15:46:47:4647 info: Client identified and connection stored: client, ID: cl-fe0b2cc1-5944-48e6-bdc9-4ca2622fd2e6
2026-05-12 15:46:47:4647 debug: dbServer: Fetched 7 ships for tokens: 2, 3, 4, 5, 6, 7, 8
2026-05-12 15:46:47:4647 debug: Sent get-ships-response to client for walletAddress: 0x2da351d8d5840415025c35a7c843a0dfa6e4b89b, tokens: 2,3,4,5,6,7,8
2026-05-12 15:47:00:470 debug: [CraftGovernor] Запуск цикла проверки... [context: governor]
2026-05-12 15:47:00:470 debug: [CraftGovernor] Предыдущее состояние: 2 владельцев. Текущее состояние: 2 владельцев. [context: governor]
2026-05-12 15:47:00:470 info: [CraftGovernor] Найдено для паузы: 0. Найдено для возобновления: 0. [context: governor]
2026-05-12 15:47:00:470 debug: [CraftGovernor] Изменений нет, состояние не обновлялось. [context: governor]
2026-05-12 15:47:00:470 debug: [CraftGovernor] Цикл проверки завершен. [context: governor]
2026-05-12 15:47:30:4730 debug: ExpNotifier: Sent actual-exp to 1 client(s) using a single DB query.
2026-05-12 15:47:39:4739 debug: [Reconciler] Запуск сверки истекших резерваций...
2026-05-12 15:47:39:4739 debug: [Reconciler] Не найдено истекших резерваций для сверки.
2026-05-12 15:48:00:480 debug: [CraftGovernor] Запуск цикла проверки... [context: governor]
2026-05-12 15:48:00:480 debug: [CraftGovernor] Предыдущее состояние: 2 владельцев. Текущее состояние: 2 владельцев. [context: governor]
2026-05-12 15:48:00:480 info: [CraftGovernor] Найдено для паузы: 0. Найдено для возобновления: 0. [context: governor]
2026-05-12 15:48:00:480 debug: [CraftGovernor] Изменений нет, состояние не обновлялось. [context: governor]
2026-05-12 15:48:00:480 debug: [CraftGovernor] Цикл проверки завершен. [context: governor]
2026-05-12 15:48:14:4814 warn: Получен сигнал SIGINT. Начинаю грациозное завершение dbserver...
2026-05-12 15:48:14:4814 info: Закрытие серверов (WebSocket и HTTP)...
2026-05-12 15:48:14:4814 info: Client disconnected: gameserver, ID: gameserver-Hddkwe35fsvk_worker_19688
2026-05-12 15:48:48:4848 info: [Reconciler] Запуск воркера для сверки резерваций (Unified)...
2026-05-12 15:48:48:4848 info: [CraftGovernor] Запуск воркера "Craft Governor"...
2026-05-12 15:48:49:4849 info: [API Server] Запуск процесса...
2026-05-12 15:48:55:4855 info: New client connected from IP: ::1
2026-05-12 15:48:55:4855 warn: [Infisical] Secret "WEB3_CLIENT_ID" not found in cache.
2026-05-12 15:48:55:4855 debug: Unidentified client disconnected
2026-05-12 15:48:55:4855 info: dbServer: Successfully connected to Redis (main client).
2026-05-12 15:48:55:4855 info: [HealthMonitor] Monitoring started for reconciler:main
2026-05-12 15:48:55:4855 info: [Reconciler] Успешное подключение к MongoDB и Redis.
2026-05-12 15:48:55:4855 debug: [Reconciler] Запуск сверки истекших резерваций...
2026-05-12 15:48:55:4855 debug: [Reconciler] Не найдено истекших резерваций для сверки.
2026-05-12 15:48:55:4855 info: dbServer: Successfully connected to Redis (main client).
2026-05-12 15:48:55:4855 info: [HealthMonitor] Monitoring started for worker:1
2026-05-12 15:48:56:4856 info: dbServer: Successfully connected to Redis (main client).
2026-05-12 15:48:56:4856 info: [HealthMonitor] Monitoring started for governor:main
2026-05-12 15:48:56:4856 info: [CraftGovernor] Успешное подключение к MongoDB и Redis.
2026-05-12 15:48:56:4856 info: [CraftGovernor] Воркер запланирован с cron-выражением: "* * * * *"
2026-05-12 15:48:56:4856 info: New client connected from IP: ::1
2026-05-12 15:48:56:4856 warn: [Infisical] Secret "WEB3_CLIENT_ID" not found in cache.
2026-05-12 15:48:56:4856 debug: Unidentified client disconnected
2026-05-12 15:48:56:4856 info: [API Server] Успешное подключение к MongoDB.
2026-05-12 15:48:56:4856 info: dbServer: Successfully connected to Redis (main client).
2026-05-12 15:48:56:4856 info: Прогрев не требуется: нет сезона. [context: hydrate_season_null]
2026-05-12 15:48:56:4856 info: [HealthMonitor] Monitoring started for api:main
2026-05-12 15:48:56:4856 info: Optimized Exp Notifier scheduler started [context: exp_notifier]
2026-05-12 15:48:56:4856 info: [API Server] Сервер запущен и готов к приему WebSocket соединений на PID: 9128.
2026-05-12 15:48:56:4856 info: Обработчики грациозного завершения инициализированы.
2026-05-12 15:48:57:4857 info: New client connected from IP: ::1
2026-05-12 15:48:57:4857 info: Client identified and connection stored: web3server, ID: web3server_kkwvq34lvcw2cf
2026-05-12 15:48:57:4857 info: New client connected from IP: ::1
2026-05-12 15:48:57:4857 info: Client identified and connection stored: gameserver, ID: gameserver-Hddkwe35fsvk_worker_16440
2026-05-12 15:49:00:490 debug: [CraftGovernor] Запуск цикла проверки... [context: governor]
2026-05-12 15:49:00:490 debug: [CraftGovernor] Предыдущее состояние: 2 владельцев. Текущее состояние: 2 владельцев. [context: governor]
2026-05-12 15:49:00:490 info: [CraftGovernor] Найдено для паузы: 0. Найдено для возобновления: 0. [context: governor]
2026-05-12 15:49:00:490 debug: [CraftGovernor] Изменений нет, состояние не обновлялось. [context: governor]
2026-05-12 15:49:00:490 debug: [CraftGovernor] Цикл проверки завершен. [context: governor]
2026-05-12 15:49:05:495 debug: Creating session for 0x2da351d8d5840415025c35a7c843a0dfa6e4b89b from web3server (web3server_kkwvq34lvcw2cf) [context: session_0x2da351d8d5840415025c35a7c843a0dfa6e4b89b]
2026-05-12 15:49:05:495 debug: Session created in Redis for 0x2da351d8d5840415025c35a7c843a0dfa6e4b89b [context: session_0x2da351d8d5840415025c35a7c843a0dfa6e4b89b]
2026-05-12 15:49:10:4910 info: New client connected from IP: 26.132.212.95
2026-05-12 15:49:10:4910 info: Client identified and connection stored: client, ID: cl-afc3e8fb-747b-49ef-a531-0dc883e2a74d
2026-05-12 15:49:11:4911 debug: dbServer: Fetched 7 ships for tokens: 2, 3, 4, 5, 6, 7, 8
2026-05-12 15:49:11:4911 debug: Sent get-ships-response to client for walletAddress: 0x2da351d8d5840415025c35a7c843a0dfa6e4b89b, tokens: 2,3,4,5,6,7,8
2026-05-12 15:49:30:4930 debug: ExpNotifier: Sent actual-exp to 1 client(s) using a single DB query.
2026-05-12 15:49:55:4955 debug: [Reconciler] Запуск сверки истекших резерваций...
2026-05-12 15:49:55:4955 debug: [Reconciler] Не найдено истекших резерваций для сверки.
2026-05-12 15:49:56:4956 info: Client disconnected: client, ID: cl-afc3e8fb-747b-49ef-a531-0dc883e2a74d
2026-05-12 15:49:56:4956 debug: Verifying session for 0x2da351d8d5840415025c35a7c843a0dfa6e4b89b from gameserver (gameserver-Hddkwe35fsvk_worker_16440) [context: session_0x2da351d8d5840415025c35a7c843a0dfa6e4b89b]
2026-05-12 15:49:57:4957 debug: dbServer: Fetched 1 ships for tokens: 2
2026-05-12 15:50:00:500 debug: [CraftGovernor] Запуск цикла проверки... [context: governor]
2026-05-12 15:50:00:500 debug: [CraftGovernor] Предыдущее состояние: 2 владельцев. Текущее состояние: 2 владельцев. [context: governor]
2026-05-12 15:50:00:500 info: [CraftGovernor] Найдено для паузы: 0. Найдено для возобновления: 0. [context: governor]
2026-05-12 15:50:00:500 debug: [CraftGovernor] Изменений нет, состояние не обновлялось. [context: governor]
2026-05-12 15:50:00:500 debug: [CraftGovernor] Цикл проверки завершен. [context: governor]
2026-05-12 15:50:30:5030 debug: ExpNotifier: No clients online, skipping EXP check.
2026-05-12 15:50:39:5039 warn: Получен сигнал SIGINT. Начинаю грациозное завершение dbserver...
2026-05-12 15:51:04:514 info: [Reconciler] Запуск воркера для сверки резерваций (Unified)...
2026-05-12 15:51:04:514 info: [CraftGovernor] Запуск воркера "Craft Governor"...
2026-05-12 15:51:04:514 info: [API Server] Запуск процесса...
2026-05-12 15:51:09:519 info: New client connected from IP: ::1
2026-05-12 15:51:09:519 warn: [Infisical] Secret "WEB3_CLIENT_ID" not found in cache.
2026-05-12 15:51:09:519 debug: Unidentified client disconnected
2026-05-12 15:51:10:5110 info: New client connected from IP: ::1
2026-05-12 15:51:10:5110 warn: [Infisical] Secret "GS_CLIENT_ID" not found in cache.
2026-05-12 15:51:10:5110 debug: Unidentified client disconnected
2026-05-12 15:51:10:5110 info: New client connected from IP: ::1
2026-05-12 15:51:10:5110 warn: [Infisical] Secret "WEB3_CLIENT_ID" not found in cache.
2026-05-12 15:51:10:5110 debug: Unidentified client disconnected
2026-05-12 15:51:10:5110 info: dbServer: Successfully connected to Redis (main client).
2026-05-12 15:51:10:5110 info: [HealthMonitor] Monitoring started for governor:main
2026-05-12 15:51:10:5110 info: [CraftGovernor] Успешное подключение к MongoDB и Redis.
2026-05-12 15:51:10:5110 info: [CraftGovernor] Воркер запланирован с cron-выражением: "* * * * *"
2026-05-12 15:51:11:5111 info: [API Server] Успешное подключение к MongoDB.
2026-05-12 15:51:11:5111 info: dbServer: Successfully connected to Redis (main client).
2026-05-12 15:51:11:5111 info: Прогрев не требуется: нет сезона. [context: hydrate_season_null]
2026-05-12 15:51:11:5111 info: [HealthMonitor] Monitoring started for api:main
2026-05-12 15:51:11:5111 info: Optimized Exp Notifier scheduler started [context: exp_notifier]
2026-05-12 15:51:11:5111 info: [API Server] Сервер запущен и готов к приему WebSocket соединений на PID: 9452.
2026-05-12 15:51:11:5111 info: Обработчики грациозного завершения инициализированы.
2026-05-12 15:51:11:5111 info: dbServer: Successfully connected to Redis (main client).
2026-05-12 15:51:11:5111 info: [HealthMonitor] Monitoring started for worker:1
2026-05-12 15:51:11:5111 info: dbServer: Successfully connected to Redis (main client).
2026-05-12 15:51:11:5111 info: [HealthMonitor] Monitoring started for reconciler:main
2026-05-12 15:51:11:5111 info: [Reconciler] Успешное подключение к MongoDB и Redis.
2026-05-12 15:51:11:5111 debug: [Reconciler] Запуск сверки истекших резерваций...
2026-05-12 15:51:11:5111 debug: [Reconciler] Не найдено истекших резерваций для сверки.
2026-05-12 15:51:11:5111 info: New client connected from IP: ::1
2026-05-12 15:51:11:5111 info: Client identified and connection stored: web3server, ID: web3server_kkwvq34lvcw2cf
2026-05-12 15:51:12:5112 info: New client connected from IP: ::1
2026-05-12 15:51:12:5112 info: Client identified and connection stored: gameserver, ID: gameserver-Hddkwe35fsvk_worker_18272
2026-05-12 15:51:26:5126 debug: Creating session for 0x2da351d8d5840415025c35a7c843a0dfa6e4b89b from web3server (web3server_kkwvq34lvcw2cf) [context: session_0x2da351d8d5840415025c35a7c843a0dfa6e4b89b]
2026-05-12 15:51:26:5126 debug: Session created in Redis for 0x2da351d8d5840415025c35a7c843a0dfa6e4b89b [context: session_0x2da351d8d5840415025c35a7c843a0dfa6e4b89b]
2026-05-12 15:51:30:5130 debug: ExpNotifier: No clients online, skipping EXP check.
2026-05-12 15:51:31:5131 info: New client connected from IP: 26.132.212.95
2026-05-12 15:51:31:5131 info: Client identified and connection stored: client, ID: cl-28ad714f-b948-417b-aca2-40849c611f31
2026-05-12 15:51:32:5132 debug: dbServer: Fetched 7 ships for tokens: 2, 3, 4, 5, 6, 7, 8
2026-05-12 15:51:32:5132 debug: Sent get-ships-response to client for walletAddress: 0x2da351d8d5840415025c35a7c843a0dfa6e4b89b, tokens: 2,3,4,5,6,7,8
2026-05-12 15:51:38:5138 info: Client disconnected: client, ID: cl-28ad714f-b948-417b-aca2-40849c611f31
2026-05-12 15:51:38:5138 debug: Verifying session for 0x2da351d8d5840415025c35a7c843a0dfa6e4b89b from gameserver (gameserver-Hddkwe35fsvk_worker_18272) [context: session_0x2da351d8d5840415025c35a7c843a0dfa6e4b89b]
2026-05-12 15:51:40:5140 debug: dbServer: Fetched 1 ships for tokens: 4
2026-05-12 15:52:00:520 debug: [CraftGovernor] Запуск цикла проверки... [context: governor]
2026-05-12 15:52:00:520 debug: [CraftGovernor] Предыдущее состояние: 2 владельцев. Текущее состояние: 2 владельцев. [context: governor]
2026-05-12 15:52:00:520 info: [CraftGovernor] Найдено для паузы: 0. Найдено для возобновления: 0. [context: governor]
2026-05-12 15:52:00:520 debug: [CraftGovernor] Изменений нет, состояние не обновлялось. [context: governor]
2026-05-12 15:52:00:520 debug: [CraftGovernor] Цикл проверки завершен. [context: governor]
2026-05-12 15:52:11:5211 debug: [Reconciler] Запуск сверки истекших резерваций...
2026-05-12 15:52:11:5211 debug: [Reconciler] Не найдено истекших резерваций для сверки.
2026-05-12 15:52:30:5230 debug: ExpNotifier: No clients online, skipping EXP check.
2026-05-12 15:52:41:5241 debug: Статистика для 0x2da351d8d5840415025c35a7c843a0dfa6e4b89b не записана: нет сезона. [context: leaderboard]
2026-05-12 15:52:54:5254 warn: Получен сигнал SIGINT. Начинаю грациозное завершение dbserver...
2026-05-12 15:52:54:5254 info: Закрытие серверов (WebSocket и HTTP)...
2026-05-12 15:53:02:532 info: [Reconciler] Запуск воркера для сверки резерваций (Unified)...
2026-05-12 15:53:02:532 info: [CraftGovernor] Запуск воркера "Craft Governor"...
2026-05-12 15:53:02:532 info: [API Server] Запуск процесса...
2026-05-12 15:53:05:535 info: New client connected from IP: ::1
2026-05-12 15:53:05:535 warn: [Infisical] Secret "WEB3_CLIENT_ID" not found in cache.
2026-05-12 15:53:05:535 debug: Unidentified client disconnected
2026-05-12 15:53:05:535 info: [API Server] Успешное подключение к MongoDB.
2026-05-12 15:53:05:535 info: dbServer: Successfully connected to Redis (main client).
2026-05-12 15:53:05:535 info: [HealthMonitor] Monitoring started for reconciler:main
2026-05-12 15:53:05:535 info: [Reconciler] Успешное подключение к MongoDB и Redis.
2026-05-12 15:53:05:535 info: dbServer: Successfully connected to Redis (main client).
2026-05-12 15:53:05:535 info: [HealthMonitor] Monitoring started for governor:main
2026-05-12 15:53:05:535 info: [CraftGovernor] Успешное подключение к MongoDB и Redis.
2026-05-12 15:53:05:535 debug: [Reconciler] Запуск сверки истекших резерваций...
2026-05-12 15:53:05:535 debug: [Reconciler] Не найдено истекших резерваций для сверки.
2026-05-12 15:53:05:535 info: dbServer: Successfully connected to Redis (main client).
2026-05-12 15:53:05:535 info: [CraftGovernor] Воркер запланирован с cron-выражением: "* * * * *"
2026-05-12 15:53:05:535 info: Прогрев не требуется: нет сезона. [context: hydrate_season_null]
2026-05-12 15:53:05:535 info: [HealthMonitor] Monitoring started for api:main
2026-05-12 15:53:06:536 info: Optimized Exp Notifier scheduler started [context: exp_notifier]
2026-05-12 15:53:06:536 info: [API Server] Сервер запущен и готов к приему WebSocket соединений на PID: 8276.
2026-05-12 15:53:06:536 info: Обработчики грациозного завершения инициализированы.
2026-05-12 15:53:06:536 info: New client connected from IP: ::1
2026-05-12 15:53:06:536 info: Client identified and connection stored: gameserver, ID: gameserver-Hddkwe35fsvk_worker_18264
2026-05-12 15:53:06:536 info: New client connected from IP: ::1
2026-05-12 15:53:06:536 info: Client identified and connection stored: web3server, ID: web3server_kkwvq34lvcw2cf
2026-05-12 15:53:07:537 info: dbServer: Successfully connected to Redis (main client).
2026-05-12 15:53:07:537 info: [HealthMonitor] Monitoring started for worker:1
2026-05-12 15:53:30:5330 debug: ExpNotifier: No clients online, skipping EXP check.
2026-05-12 15:53:34:5334 warn: Получен сигнал SIGINT. Начинаю грациозное завершение dbserver...
2026-05-12 15:53:38:5338 info: [Reconciler] Запуск воркера для сверки резерваций (Unified)...
2026-05-12 15:53:38:5338 info: [CraftGovernor] Запуск воркера "Craft Governor"...
2026-05-12 15:53:39:5339 info: [API Server] Запуск процесса...
2026-05-12 15:53:42:5342 info: New client connected from IP: ::1
2026-05-12 15:53:42:5342 warn: [Infisical] Secret "GS_CLIENT_ID" not found in cache.
2026-05-12 15:53:42:5342 debug: Unidentified client disconnected
2026-05-12 15:53:42:5342 info: dbServer: Successfully connected to Redis (main client).
2026-05-12 15:53:42:5342 info: [HealthMonitor] Monitoring started for reconciler:main
2026-05-12 15:53:42:5342 info: [Reconciler] Успешное подключение к MongoDB и Redis.
2026-05-12 15:53:42:5342 debug: [Reconciler] Запуск сверки истекших резерваций...
2026-05-12 15:53:42:5342 debug: [Reconciler] Не найдено истекших резерваций для сверки.
2026-05-12 15:53:43:5343 info: New client connected from IP: ::1
2026-05-12 15:53:43:5343 warn: [Infisical] Secret "WEB3_CLIENT_ID" not found in cache.
2026-05-12 15:53:43:5343 debug: Unidentified client disconnected
2026-05-12 15:53:43:5343 info: [API Server] Успешное подключение к MongoDB.
2026-05-12 15:53:43:5343 info: dbServer: Successfully connected to Redis (main client).
2026-05-12 15:53:43:5343 info: [HealthMonitor] Monitoring started for governor:main
2026-05-12 15:53:43:5343 info: [CraftGovernor] Успешное подключение к MongoDB и Redis.
2026-05-12 15:53:43:5343 info: dbServer: Successfully connected to Redis (main client).
2026-05-12 15:53:43:5343 info: [CraftGovernor] Воркер запланирован с cron-выражением: "* * * * *"
2026-05-12 15:53:43:5343 info: Прогрев не требуется: нет сезона. [context: hydrate_season_null]
2026-05-12 15:53:43:5343 info: [HealthMonitor] Monitoring started for api:main
2026-05-12 15:53:43:5343 info: Optimized Exp Notifier scheduler started [context: exp_notifier]
2026-05-12 15:53:43:5343 info: [API Server] Сервер запущен и готов к приему WebSocket соединений на PID: 1856.
2026-05-12 15:53:43:5343 info: Обработчики грациозного завершения инициализированы.
2026-05-12 15:53:44:5344 info: New client connected from IP: ::1
2026-05-12 15:53:44:5344 info: dbServer: Successfully connected to Redis (main client).
2026-05-12 15:53:44:5344 info: Client identified and connection stored: web3server, ID: web3server_kkwvq34lvcw2cf
2026-05-12 15:53:44:5344 info: [HealthMonitor] Monitoring started for worker:1
2026-05-12 15:53:44:5344 info: New client connected from IP: ::1
2026-05-12 15:53:44:5344 info: Client identified and connection stored: gameserver, ID: gameserver-Hddkwe35fsvk_worker_19464
2026-05-12 15:53:49:5349 debug: Creating session for 0x2da351d8d5840415025c35a7c843a0dfa6e4b89b from web3server (web3server_kkwvq34lvcw2cf) [context: session_0x2da351d8d5840415025c35a7c843a0dfa6e4b89b]
2026-05-12 15:53:49:5349 debug: Session created in Redis for 0x2da351d8d5840415025c35a7c843a0dfa6e4b89b [context: session_0x2da351d8d5840415025c35a7c843a0dfa6e4b89b]
2026-05-12 15:53:53:5353 info: New client connected from IP: 26.132.212.95
2026-05-12 15:53:53:5353 info: Client identified and connection stored: client, ID: cl-de777e5a-f603-4bcf-be7e-1611dff4e4ba
2026-05-12 15:53:53:5353 debug: dbServer: Fetched 7 ships for tokens: 2, 3, 4, 5, 6, 7, 8
2026-05-12 15:53:53:5353 debug: Sent get-ships-response to client for walletAddress: 0x2da351d8d5840415025c35a7c843a0dfa6e4b89b, tokens: 2,3,4,5,6,7,8
2026-05-12 15:54:00:540 debug: [CraftGovernor] Запуск цикла проверки... [context: governor]
2026-05-12 15:54:00:540 debug: [CraftGovernor] Предыдущее состояние: 2 владельцев. Текущее состояние: 2 владельцев. [context: governor]
2026-05-12 15:54:00:540 info: [CraftGovernor] Найдено для паузы: 0. Найдено для возобновления: 0. [context: governor]
2026-05-12 15:54:00:540 debug: [CraftGovernor] Изменений нет, состояние не обновлялось. [context: governor]
2026-05-12 15:54:00:540 debug: [CraftGovernor] Цикл проверки завершен. [context: governor]
2026-05-12 15:54:02:542 info: Client disconnected: client, ID: cl-de777e5a-f603-4bcf-be7e-1611dff4e4ba
2026-05-12 15:54:02:542 debug: Verifying session for 0x2da351d8d5840415025c35a7c843a0dfa6e4b89b from gameserver (gameserver-Hddkwe35fsvk_worker_19464) [context: session_0x2da351d8d5840415025c35a7c843a0dfa6e4b89b]
2026-05-12 15:54:03:543 debug: dbServer: Fetched 1 ships for tokens: 2
2026-05-12 15:54:30:5430 debug: ExpNotifier: No clients online, skipping EXP check.
2026-05-12 15:54:42:5442 debug: [Reconciler] Запуск сверки истекших резерваций...
2026-05-12 15:54:42:5442 debug: [Reconciler] Не найдено истекших резерваций для сверки.
2026-05-12 15:55:00:550 debug: [CraftGovernor] Запуск цикла проверки... [context: governor]
2026-05-12 15:55:00:550 debug: [CraftGovernor] Предыдущее состояние: 2 владельцев. Текущее состояние: 2 владельцев. [context: governor]
2026-05-12 15:55:00:550 info: [CraftGovernor] Найдено для паузы: 0. Найдено для возобновления: 0. [context: governor]
2026-05-12 15:55:00:550 debug: [CraftGovernor] Изменений нет, состояние не обновлялось. [context: governor]
2026-05-12 15:55:00:550 debug: [CraftGovernor] Цикл проверки завершен. [context: governor]
2026-05-12 15:55:06:556 debug: Статистика для 0x2da351d8d5840415025c35a7c843a0dfa6e4b89b не записана: нет сезона. [context: leaderboard]
2026-05-12 15:55:30:5530 debug: ExpNotifier: No clients online, skipping EXP check.
2026-05-12 15:55:42:5542 debug: [Reconciler] Запуск сверки истекших резерваций...
2026-05-12 15:55:42:5542 debug: [Reconciler] Не найдено истекших резерваций для сверки.
2026-05-12 15:56:00:560 debug: [CraftGovernor] Запуск цикла проверки... [context: governor]
2026-05-12 15:56:00:560 debug: [CraftGovernor] Предыдущее состояние: 2 владельцев. Текущее состояние: 2 владельцев. [context: governor]
2026-05-12 15:56:00:560 info: [CraftGovernor] Найдено для паузы: 0. Найдено для возобновления: 0. [context: governor]
2026-05-12 15:56:00:560 debug: [CraftGovernor] Изменений нет, состояние не обновлялось. [context: governor]
2026-05-12 15:56:00:560 debug: [CraftGovernor] Цикл проверки завершен. [context: governor]
2026-05-12 15:56:30:5630 debug: ExpNotifier: No clients online, skipping EXP check.
2026-05-12 15:56:42:5642 debug: [Reconciler] Запуск сверки истекших резерваций...
2026-05-12 15:56:42:5642 debug: [Reconciler] Не найдено истекших резерваций для сверки.
2026-05-12 15:57:00:570 debug: [CraftGovernor] Запуск цикла проверки... [context: governor]
2026-05-12 15:57:00:570 debug: [CraftGovernor] Предыдущее состояние: 2 владельцев. Текущее состояние: 2 владельцев. [context: governor]
2026-05-12 15:57:00:570 info: [CraftGovernor] Найдено для паузы: 0. Найдено для возобновления: 0. [context: governor]
2026-05-12 15:57:00:570 debug: [CraftGovernor] Изменений нет, состояние не обновлялось. [context: governor]
2026-05-12 15:57:00:570 debug: [CraftGovernor] Цикл проверки завершен. [context: governor]
2026-05-12 15:57:30:5730 debug: ExpNotifier: No clients online, skipping EXP check.
2026-05-12 15:57:42:5742 debug: [Reconciler] Запуск сверки истекших резерваций...
2026-05-12 15:57:42:5742 debug: [Reconciler] Не найдено истекших резерваций для сверки.
2026-05-12 15:58:00:580 debug: [CraftGovernor] Запуск цикла проверки... [context: governor]
2026-05-12 15:58:00:580 debug: [CraftGovernor] Предыдущее состояние: 2 владельцев. Текущее состояние: 2 владельцев. [context: governor]
2026-05-12 15:58:00:580 info: [CraftGovernor] Найдено для паузы: 0. Найдено для возобновления: 0. [context: governor]
2026-05-12 15:58:00:580 debug: [CraftGovernor] Изменений нет, состояние не обновлялось. [context: governor]
2026-05-12 15:58:00:580 debug: [CraftGovernor] Цикл проверки завершен. [context: governor]
2026-05-12 15:58:30:5830 debug: ExpNotifier: No clients online, skipping EXP check.
2026-05-12 15:58:42:5842 debug: [Reconciler] Запуск сверки истекших резерваций...
2026-05-12 15:58:42:5842 debug: [Reconciler] Не найдено истекших резерваций для сверки.
2026-05-12 15:59:00:590 debug: [CraftGovernor] Запуск цикла проверки... [context: governor]
2026-05-12 15:59:00:590 debug: [CraftGovernor] Предыдущее состояние: 2 владельцев. Текущее состояние: 2 владельцев. [context: governor]
2026-05-12 15:59:00:590 info: [CraftGovernor] Найдено для паузы: 0. Найдено для возобновления: 0. [context: governor]
2026-05-12 15:59:00:590 debug: [CraftGovernor] Изменений нет, состояние не обновлялось. [context: governor]
2026-05-12 15:59:00:590 debug: [CraftGovernor] Цикл проверки завершен. [context: governor]
2026-05-12 15:59:30:5930 debug: ExpNotifier: No clients online, skipping EXP check.
2026-05-12 15:59:42:5942 debug: [Reconciler] Запуск сверки истекших резерваций...
2026-05-12 15:59:42:5942 debug: [Reconciler] Не найдено истекших резерваций для сверки.
2026-05-12 16:00:00:00 debug: [CraftGovernor] Запуск цикла проверки... [context: governor]
2026-05-12 16:00:00:00 debug: [CraftGovernor] Предыдущее состояние: 2 владельцев. Текущее состояние: 2 владельцев. [context: governor]
2026-05-12 16:00:00:00 info: [CraftGovernor] Найдено для паузы: 0. Найдено для возобновления: 0. [context: governor]
2026-05-12 16:00:00:00 debug: [CraftGovernor] Изменений нет, состояние не обновлялось. [context: governor]
2026-05-12 16:00:00:00 debug: [CraftGovernor] Цикл проверки завершен. [context: governor]
2026-05-12 16:00:03:03 warn: Получен сигнал SIGINT. Начинаю грациозное завершение dbserver...
2026-05-12 16:00:03:03 info: Закрытие серверов (WebSocket и HTTP)...
