2026-05-04 12:12:43:1243 info: [Reconciler] Запуск воркера для сверки резерваций (Unified)...
2026-05-04 12:12:44:1244 info: [CraftGovernor] Запуск воркера "Craft Governor"...
2026-05-04 12:12:45:1245 info: dbServer: Successfully connected to Redis (main client).
2026-05-04 12:12:45:1245 info: [HealthMonitor] Monitoring started for reconciler:main
2026-05-04 12:12:45:1245 info: [Reconciler] Успешное подключение к MongoDB и Redis.
2026-05-04 12:12:45:1245 debug: [Reconciler] Запуск сверки истекших резерваций...
2026-05-04 12:12:46:1246 debug: [Reconciler] Не найдено истекших резерваций для сверки.
2026-05-04 12:12:46:1246 info: dbServer: Successfully connected to Redis (main client).
2026-05-04 12:12:46:1246 info: [HealthMonitor] Monitoring started for governor:main
2026-05-04 12:12:46:1246 info: [CraftGovernor] Успешное подключение к MongoDB и Redis.
2026-05-04 12:12:46:1246 info: [CraftGovernor] Воркер запланирован с cron-выражением: "* * * * *"
2026-05-04 12:12:49:1249 info: dbServer: Successfully connected to Redis (main client).
2026-05-04 12:12:49:1249 info: [HealthMonitor] Monitoring started for worker:1
2026-05-04 12:12:50:1250 info: [API Server] Запуск процесса...
2026-05-04 12:12:55:1255 info: New client connected from IP: ::1
2026-05-04 12:12:55:1255 warn: [Infisical] Secret "GS_CLIENT_ID" not found in cache.
2026-05-04 12:12:55:1255 debug: Unidentified client disconnected
2026-05-04 12:12:56:1256 info: New client connected from IP: ::1
2026-05-04 12:12:56:1256 info: Client identified and connection stored: gameserver, ID: gameserver-Hddkwe35fsvk_worker_6132
2026-05-04 12:12:56:1256 info: [API Server] Успешное подключение к MongoDB.
2026-05-04 12:12:56:1256 info: Client disconnected: gameserver, ID: gameserver-Hddkwe35fsvk_worker_6132
2026-05-04 12:12:56:1256 info: dbServer: Successfully connected to Redis (main client).
2026-05-04 12:12:56:1256 info: Прогрев не требуется: нет сезона. [context: hydrate_season_null]
2026-05-04 12:12:58:1258 info: [HealthMonitor] Monitoring started for api:main
2026-05-04 12:12:58:1258 info: Optimized Exp Notifier scheduler started [context: exp_notifier]
2026-05-04 12:12:58:1258 info: [API Server] Сервер запущен и готов к приему WebSocket соединений на PID: 20268.
2026-05-04 12:12:58:1258 info: Обработчики грациозного завершения инициализированы.
2026-05-04 12:12:58:1258 info: New client connected from IP: ::1
2026-05-04 12:12:58:1258 info: New client connected from IP: ::1
2026-05-04 12:12:58:1258 info: New client connected from IP: ::1
2026-05-04 12:12:58:1258 info: New client connected from IP: ::1
2026-05-04 12:12:58:1258 info: Client identified and connection stored: gameserver, ID: gameserver-Hddkwe35fsvk_worker_13496
2026-05-04 12:12:58:1258 info: Client identified and connection stored: gameserver, ID: gameserver-Hddkwe35fsvk_worker_17988
2026-05-04 12:12:58:1258 info: Client identified and connection stored: gameserver, ID: gameserver-Hddkwe35fsvk_worker_12260
2026-05-04 12:12:58:1258 info: Client identified and connection stored: gameserver, ID: gameserver-Hddkwe35fsvk_worker_11824
2026-05-04 12:13:00:130 debug: [CraftGovernor] Запуск цикла проверки... [context: governor]
2026-05-04 12:13:00:130 debug: [CraftGovernor] Предыдущее состояние: 2 владельцев. Текущее состояние: 2 владельцев. [context: governor]
2026-05-04 12:13:00:130 info: [CraftGovernor] Найдено для паузы: 0. Найдено для возобновления: 0. [context: governor]
2026-05-04 12:13:00:130 debug: [CraftGovernor] Изменений нет, состояние не обновлялось. [context: governor]
2026-05-04 12:13:00:130 debug: [CraftGovernor] Цикл проверки завершен. [context: governor]
2026-05-04 12:13:00:130 info: New client connected from IP: ::1
2026-05-04 12:13:00:130 info: Client identified and connection stored: gameserver, ID: gameserver-Hddkwe35fsvk_worker_15280
2026-05-04 12:13:02:132 info: New client connected from IP: ::1
2026-05-04 12:13:02:132 info: Client identified and connection stored: gameserver, ID: gameserver-Hddkwe35fsvk_worker_19308
2026-05-04 12:13:04:134 info: New client connected from IP: ::1
2026-05-04 12:13:04:134 info: Client identified and connection stored: gameserver, ID: gameserver-Hddkwe35fsvk_worker_9992
2026-05-04 12:13:05:135 info: New client connected from IP: ::1
2026-05-04 12:13:05:135 info: Client identified and connection stored: gameserver, ID: gameserver-Hddkwe35fsvk_worker_13868
2026-05-04 12:13:08:138 info: New client connected from IP: ::1
2026-05-04 12:13:08:138 info: Client identified and connection stored: gameserver, ID: gameserver-Hddkwe35fsvk_worker_13256
2026-05-04 12:13:09:139 info: New client connected from IP: ::1
2026-05-04 12:13:09:139 info: Client identified and connection stored: gameserver, ID: gameserver-Hddkwe35fsvk_worker_15224
2026-05-04 12:13:11:1311 info: New client connected from IP: ::1
2026-05-04 12:13:11:1311 info: Client identified and connection stored: gameserver, ID: gameserver-Hddkwe35fsvk_worker_15140
2026-05-04 12:13:12:1312 info: New client connected from IP: ::1
2026-05-04 12:13:12:1312 info: Client identified and connection stored: gameserver, ID: gameserver-Hddkwe35fsvk_worker_12172
2026-05-04 12:13:30:1330 debug: ExpNotifier: No clients online, skipping EXP check.
2026-05-04 12:13:46:1346 debug: [Reconciler] Запуск сверки истекших резерваций...
2026-05-04 12:13:46:1346 debug: [Reconciler] Не найдено истекших резерваций для сверки.
2026-05-04 12:14:00:140 debug: [CraftGovernor] Запуск цикла проверки... [context: governor]
2026-05-04 12:14:00:140 debug: [CraftGovernor] Предыдущее состояние: 2 владельцев. Текущее состояние: 2 владельцев. [context: governor]
2026-05-04 12:14:00:140 info: [CraftGovernor] Найдено для паузы: 0. Найдено для возобновления: 0. [context: governor]
2026-05-04 12:14:00:140 debug: [CraftGovernor] Изменений нет, состояние не обновлялось. [context: governor]
2026-05-04 12:14:00:140 debug: [CraftGovernor] Цикл проверки завершен. [context: governor]
2026-05-04 12:14:30:1430 debug: ExpNotifier: No clients online, skipping EXP check.
2026-05-04 12:14:46:1446 debug: [Reconciler] Запуск сверки истекших резерваций...
2026-05-04 12:14:46:1446 debug: [Reconciler] Не найдено истекших резерваций для сверки.
2026-05-04 12:15:00:150 debug: [CraftGovernor] Запуск цикла проверки... [context: governor]
2026-05-04 12:15:00:150 debug: [CraftGovernor] Предыдущее состояние: 2 владельцев. Текущее состояние: 2 владельцев. [context: governor]
2026-05-04 12:15:00:150 info: [CraftGovernor] Найдено для паузы: 0. Найдено для возобновления: 0. [context: governor]
2026-05-04 12:15:00:150 debug: [CraftGovernor] Изменений нет, состояние не обновлялось. [context: governor]
2026-05-04 12:15:00:150 debug: [CraftGovernor] Цикл проверки завершен. [context: governor]
2026-05-04 12:15:30:1530 debug: ExpNotifier: No clients online, skipping EXP check.
2026-05-04 12:15:46:1546 debug: [Reconciler] Запуск сверки истекших резерваций...
2026-05-04 12:15:46:1546 debug: [Reconciler] Не найдено истекших резерваций для сверки.
2026-05-04 12:16:00:160 debug: [CraftGovernor] Запуск цикла проверки... [context: governor]
2026-05-04 12:16:00:160 debug: [CraftGovernor] Предыдущее состояние: 2 владельцев. Текущее состояние: 2 владельцев. [context: governor]
2026-05-04 12:16:00:160 info: [CraftGovernor] Найдено для паузы: 0. Найдено для возобновления: 0. [context: governor]
2026-05-04 12:16:00:160 debug: [CraftGovernor] Изменений нет, состояние не обновлялось. [context: governor]
2026-05-04 12:16:00:160 debug: [CraftGovernor] Цикл проверки завершен. [context: governor]
2026-05-04 12:16:30:1630 debug: ExpNotifier: No clients online, skipping EXP check.
2026-05-04 12:16:46:1646 debug: [Reconciler] Запуск сверки истекших резерваций...
2026-05-04 12:16:46:1646 debug: [Reconciler] Не найдено истекших резерваций для сверки.
2026-05-04 12:17:00:170 debug: [CraftGovernor] Запуск цикла проверки... [context: governor]
2026-05-04 12:17:00:170 debug: [CraftGovernor] Предыдущее состояние: 2 владельцев. Текущее состояние: 2 владельцев. [context: governor]
2026-05-04 12:17:00:170 info: [CraftGovernor] Найдено для паузы: 0. Найдено для возобновления: 0. [context: governor]
2026-05-04 12:17:00:170 debug: [CraftGovernor] Изменений нет, состояние не обновлялось. [context: governor]
2026-05-04 12:17:00:170 debug: [CraftGovernor] Цикл проверки завершен. [context: governor]
2026-05-04 12:17:30:1730 debug: ExpNotifier: No clients online, skipping EXP check.
2026-05-04 12:17:46:1746 debug: [Reconciler] Запуск сверки истекших резерваций...
2026-05-04 12:17:46:1746 debug: [Reconciler] Не найдено истекших резерваций для сверки.
2026-05-04 12:18:00:180 debug: [CraftGovernor] Запуск цикла проверки... [context: governor]
2026-05-04 12:18:00:180 debug: [CraftGovernor] Предыдущее состояние: 2 владельцев. Текущее состояние: 2 владельцев. [context: governor]
2026-05-04 12:18:00:180 info: [CraftGovernor] Найдено для паузы: 0. Найдено для возобновления: 0. [context: governor]
2026-05-04 12:18:00:180 debug: [CraftGovernor] Изменений нет, состояние не обновлялось. [context: governor]
2026-05-04 12:18:00:180 debug: [CraftGovernor] Цикл проверки завершен. [context: governor]
2026-05-04 12:18:30:1830 debug: ExpNotifier: No clients online, skipping EXP check.
2026-05-04 12:18:46:1846 debug: [Reconciler] Запуск сверки истекших резерваций...
2026-05-04 12:18:46:1846 debug: [Reconciler] Не найдено истекших резерваций для сверки.
2026-05-04 12:19:00:190 debug: [CraftGovernor] Запуск цикла проверки... [context: governor]
2026-05-04 12:19:00:190 debug: [CraftGovernor] Предыдущее состояние: 2 владельцев. Текущее состояние: 2 владельцев. [context: governor]
2026-05-04 12:19:00:190 info: [CraftGovernor] Найдено для паузы: 0. Найдено для возобновления: 0. [context: governor]
2026-05-04 12:19:00:190 debug: [CraftGovernor] Изменений нет, состояние не обновлялось. [context: governor]
2026-05-04 12:19:00:190 debug: [CraftGovernor] Цикл проверки завершен. [context: governor]
2026-05-04 12:19:30:1930 debug: ExpNotifier: No clients online, skipping EXP check.
2026-05-04 12:19:46:1946 debug: [Reconciler] Запуск сверки истекших резерваций...
2026-05-04 12:19:46:1946 debug: [Reconciler] Не найдено истекших резерваций для сверки.
2026-05-04 12:20:00:200 debug: [CraftGovernor] Запуск цикла проверки... [context: governor]
2026-05-04 12:20:00:200 debug: [CraftGovernor] Предыдущее состояние: 2 владельцев. Текущее состояние: 2 владельцев. [context: governor]
2026-05-04 12:20:00:200 info: [CraftGovernor] Найдено для паузы: 0. Найдено для возобновления: 0. [context: governor]
2026-05-04 12:20:00:200 debug: [CraftGovernor] Изменений нет, состояние не обновлялось. [context: governor]
2026-05-04 12:20:00:200 debug: [CraftGovernor] Цикл проверки завершен. [context: governor]
2026-05-04 12:20:30:2030 debug: ExpNotifier: No clients online, skipping EXP check.
2026-05-04 12:20:46:2046 debug: [Reconciler] Запуск сверки истекших резерваций...
2026-05-04 12:20:46:2046 debug: [Reconciler] Не найдено истекших резерваций для сверки.
2026-05-04 12:21:00:210 debug: [CraftGovernor] Запуск цикла проверки... [context: governor]
2026-05-04 12:21:00:210 debug: [CraftGovernor] Предыдущее состояние: 2 владельцев. Текущее состояние: 2 владельцев. [context: governor]
2026-05-04 12:21:00:210 info: [CraftGovernor] Найдено для паузы: 0. Найдено для возобновления: 0. [context: governor]
2026-05-04 12:21:00:210 debug: [CraftGovernor] Изменений нет, состояние не обновлялось. [context: governor]
2026-05-04 12:21:00:210 debug: [CraftGovernor] Цикл проверки завершен. [context: governor]
2026-05-04 12:21:24:2124 warn: Получен сигнал SIGINT. Начинаю грациозное завершение dbserver...
2026-05-04 12:21:30:2130 info: [Reconciler] Запуск воркера для сверки резерваций (Unified)...
2026-05-04 12:21:30:2130 info: [CraftGovernor] Запуск воркера "Craft Governor"...
2026-05-04 12:21:30:2130 info: [API Server] Запуск процесса...
2026-05-04 12:21:32:2132 info: dbServer: Successfully connected to Redis (main client).
2026-05-04 12:21:32:2132 info: [HealthMonitor] Monitoring started for reconciler:main
2026-05-04 12:21:32:2132 info: [Reconciler] Успешное подключение к MongoDB и Redis.
2026-05-04 12:21:33:2133 debug: [Reconciler] Запуск сверки истекших резерваций...
2026-05-04 12:21:33:2133 debug: [Reconciler] Не найдено истекших резерваций для сверки.
2026-05-04 12:21:33:2133 info: [API Server] Успешное подключение к MongoDB.
2026-05-04 12:21:33:2133 info: dbServer: Successfully connected to Redis (main client).
2026-05-04 12:21:33:2133 info: Прогрев не требуется: нет сезона. [context: hydrate_season_null]
2026-05-04 12:21:33:2133 info: [HealthMonitor] Monitoring started for api:main
2026-05-04 12:21:33:2133 info: Optimized Exp Notifier scheduler started [context: exp_notifier]
2026-05-04 12:21:33:2133 info: [API Server] Сервер запущен и готов к приему WebSocket соединений на PID: 1532.
2026-05-04 12:21:33:2133 info: Обработчики грациозного завершения инициализированы.
2026-05-04 12:21:33:2133 info: New client connected from IP: ::1
2026-05-04 12:21:33:2133 info: Client identified and connection stored: web3server, ID: web3server_kkwvq34lvcw2cf
2026-05-04 12:21:33:2133 info: New client connected from IP: ::1
2026-05-04 12:21:33:2133 info: Client identified and connection stored: gameserver, ID: gameserver-Hddkwe35fsvk_worker_23648
2026-05-04 12:21:34:2134 info: dbServer: Successfully connected to Redis (main client).
2026-05-04 12:21:34:2134 info: [HealthMonitor] Monitoring started for governor:main
2026-05-04 12:21:34:2134 info: [CraftGovernor] Успешное подключение к MongoDB и Redis.
2026-05-04 12:21:34:2134 info: [CraftGovernor] Воркер запланирован с cron-выражением: "* * * * *"
2026-05-04 12:21:35:2135 info: New client connected from IP: ::1
2026-05-04 12:21:35:2135 info: Client identified and connection stored: gameserver, ID: gameserver-Hddkwe35fsvk_worker_15068
2026-05-04 12:21:37:2137 info: dbServer: Successfully connected to Redis (main client).
2026-05-04 12:21:37:2137 info: [HealthMonitor] Monitoring started for worker:1
2026-05-04 12:21:37:2137 info: New client connected from IP: ::1
2026-05-04 12:21:37:2137 info: Client identified and connection stored: gameserver, ID: gameserver-Hddkwe35fsvk_worker_14976
2026-05-04 12:21:41:2141 info: New client connected from IP: ::1
2026-05-04 12:21:41:2141 info: Client identified and connection stored: gameserver, ID: gameserver-Hddkwe35fsvk_worker_5596
2026-05-04 12:21:43:2143 info: New client connected from IP: ::1
2026-05-04 12:21:43:2143 info: Client identified and connection stored: gameserver, ID: gameserver-Hddkwe35fsvk_worker_4948
2026-05-04 12:21:46:2146 info: New client connected from IP: ::1
2026-05-04 12:21:46:2146 info: Client identified and connection stored: gameserver, ID: gameserver-Hddkwe35fsvk_worker_20972
2026-05-04 12:21:47:2147 info: New client connected from IP: ::1
2026-05-04 12:21:47:2147 info: Client identified and connection stored: gameserver, ID: gameserver-Hddkwe35fsvk_worker_21496
2026-05-04 12:21:49:2149 info: New client connected from IP: ::1
2026-05-04 12:21:49:2149 info: Client identified and connection stored: gameserver, ID: gameserver-Hddkwe35fsvk_worker_19332
2026-05-04 12:21:50:2150 info: New client connected from IP: ::1
2026-05-04 12:21:50:2150 info: Client identified and connection stored: gameserver, ID: gameserver-Hddkwe35fsvk_worker_3800
2026-05-04 12:21:52:2152 info: New client connected from IP: ::1
2026-05-04 12:21:52:2152 info: Client identified and connection stored: gameserver, ID: gameserver-Hddkwe35fsvk_worker_21112
2026-05-04 12:21:55:2155 info: New client connected from IP: ::1
2026-05-04 12:21:55:2155 info: Client identified and connection stored: gameserver, ID: gameserver-Hddkwe35fsvk_worker_4676
2026-05-04 12:21:56:2156 info: New client connected from IP: ::1
2026-05-04 12:21:56:2156 info: Client identified and connection stored: gameserver, ID: gameserver-Hddkwe35fsvk_worker_12140
2026-05-04 12:22:00:220 debug: [CraftGovernor] Запуск цикла проверки... [context: governor]
2026-05-04 12:22:00:220 debug: [CraftGovernor] Предыдущее состояние: 2 владельцев. Текущее состояние: 2 владельцев. [context: governor]
2026-05-04 12:22:00:220 info: [CraftGovernor] Найдено для паузы: 0. Найдено для возобновления: 0. [context: governor]
2026-05-04 12:22:00:220 debug: [CraftGovernor] Изменений нет, состояние не обновлялось. [context: governor]
2026-05-04 12:22:00:220 debug: [CraftGovernor] Цикл проверки завершен. [context: governor]
2026-05-04 12:22:30:2230 debug: ExpNotifier: No clients online, skipping EXP check.
2026-05-04 12:22:33:2233 debug: [Reconciler] Запуск сверки истекших резерваций...
2026-05-04 12:22:33:2233 debug: [Reconciler] Не найдено истекших резерваций для сверки.
2026-05-04 12:23:00:230 debug: [CraftGovernor] Запуск цикла проверки... [context: governor]
2026-05-04 12:23:00:230 debug: [CraftGovernor] Предыдущее состояние: 2 владельцев. Текущее состояние: 2 владельцев. [context: governor]
2026-05-04 12:23:00:230 info: [CraftGovernor] Найдено для паузы: 0. Найдено для возобновления: 0. [context: governor]
2026-05-04 12:23:00:230 debug: [CraftGovernor] Изменений нет, состояние не обновлялось. [context: governor]
2026-05-04 12:23:00:230 debug: [CraftGovernor] Цикл проверки завершен. [context: governor]
2026-05-04 12:23:30:2330 debug: ExpNotifier: No clients online, skipping EXP check.
2026-05-04 12:23:33:2333 debug: [Reconciler] Запуск сверки истекших резерваций...
2026-05-04 12:23:33:2333 debug: [Reconciler] Не найдено истекших резерваций для сверки.
2026-05-04 12:24:00:240 debug: [CraftGovernor] Запуск цикла проверки... [context: governor]
2026-05-04 12:24:00:240 debug: [CraftGovernor] Предыдущее состояние: 2 владельцев. Текущее состояние: 2 владельцев. [context: governor]
2026-05-04 12:24:00:240 info: [CraftGovernor] Найдено для паузы: 0. Найдено для возобновления: 0. [context: governor]
2026-05-04 12:24:00:240 debug: [CraftGovernor] Изменений нет, состояние не обновлялось. [context: governor]
2026-05-04 12:24:00:240 debug: [CraftGovernor] Цикл проверки завершен. [context: governor]
2026-05-04 12:24:30:2430 debug: ExpNotifier: No clients online, skipping EXP check.
2026-05-04 12:24:33:2433 debug: [Reconciler] Запуск сверки истекших резерваций...
2026-05-04 12:24:33:2433 debug: [Reconciler] Не найдено истекших резерваций для сверки.
2026-05-04 12:24:58:2458 debug: Creating session for 0x2da351d8d5840415025c35a7c843a0dfa6e4b89b from web3server (web3server_kkwvq34lvcw2cf) [context: session_0x2da351d8d5840415025c35a7c843a0dfa6e4b89b]
2026-05-04 12:24:58:2458 debug: Session created in Redis for 0x2da351d8d5840415025c35a7c843a0dfa6e4b89b [context: session_0x2da351d8d5840415025c35a7c843a0dfa6e4b89b]
2026-05-04 12:25:00:250 debug: [CraftGovernor] Запуск цикла проверки... [context: governor]
2026-05-04 12:25:00:250 debug: [CraftGovernor] Предыдущее состояние: 2 владельцев. Текущее состояние: 2 владельцев. [context: governor]
2026-05-04 12:25:00:250 info: [CraftGovernor] Найдено для паузы: 0. Найдено для возобновления: 0. [context: governor]
2026-05-04 12:25:00:250 debug: [CraftGovernor] Изменений нет, состояние не обновлялось. [context: governor]
2026-05-04 12:25:00:250 debug: [CraftGovernor] Цикл проверки завершен. [context: governor]
2026-05-04 12:25:01:251 info: New client connected from IP: ::1
2026-05-04 12:25:01:251 info: Client identified and connection stored: client, ID: cl-1f7d5ae6-0dfb-4fef-a78a-117bc03e2475
2026-05-04 12:25:02:252 debug: dbServer: Fetched 5 ships for tokens: 2, 3, 4, 5, 6
2026-05-04 12:25:02:252 debug: Sent get-ships-response to client for walletAddress: 0x2da351d8d5840415025c35a7c843a0dfa6e4b89b, tokens: 2,3,4,5,6
2026-05-04 12:25:26:2526 warn: Попытка списания ресурсов для 0x2da351d8d5840415025c35a7c843a0dfa6e4b89b. Данные: {"components.kinetic_amplifier.quantity":-8,"components.energy_matrix.quantity":-5,"components.pulse_emitter.quantity":-3} [context: inventory_0x2da351d8d5840415025c35a7c843a0dfa6e4b89b]
2026-05-04 12:25:26:2526 debug: [UPGRADE-MODULE-SHIP] Upgrade success! RESULT:{"success":true,"upgradedShipId":6,"module":{"uid":"78f4bab6-0d44-4234-be80-16e602189922","key":"pulse_shotgun_mk1","category":"modules","level":8,"params":{"damage":{"min":4.34,"max":9.95},"fireRate":316,"critical":{"chance":5.02,"modifier":217.98},"energyCost":8.58},"initialParams":{"damage":{"min":4.34,"max":8.72},"fireRate":316,"critical":{"chance":3.94,"modifier":173},"energyCost":7.5}}} [context: 0x2da351d8d5840415025c35a7c843a0dfa6e4b89b]
2026-05-04 12:25:30:2530 debug: ExpNotifier: Sent actual-exp to 1 client(s) using a single DB query.
2026-05-04 12:25:33:2533 debug: [Reconciler] Запуск сверки истекших резерваций...
2026-05-04 12:25:33:2533 debug: [Reconciler] Не найдено истекших резерваций для сверки.
2026-05-04 12:25:44:2544 warn: Попытка списания ресурсов для 0x2da351d8d5840415025c35a7c843a0dfa6e4b89b. Данные: {"resources.voltaic_cell.quantity":-32,"resources.auracite.quantity":-24,"resources.ferrite_cluster.quantity":-24} [context: inventory_0x2da351d8d5840415025c35a7c843a0dfa6e4b89b]
2026-05-04 12:26:00:260 debug: [CraftGovernor] Запуск цикла проверки... [context: governor]
2026-05-04 12:26:00:260 debug: [CraftGovernor] Предыдущее состояние: 2 владельцев. Текущее состояние: 2 владельцев. [context: governor]
2026-05-04 12:26:00:260 info: [CraftGovernor] Найдено для паузы: 0. Найдено для возобновления: 0. [context: governor]
2026-05-04 12:26:00:260 debug: [CraftGovernor] Изменений нет, состояние не обновлялось. [context: governor]
2026-05-04 12:26:00:260 debug: [CraftGovernor] Цикл проверки завершен. [context: governor]
2026-05-04 12:26:30:2630 debug: ExpNotifier: Sent actual-exp to 1 client(s) using a single DB query.
2026-05-04 12:26:33:2633 debug: [Reconciler] Запуск сверки истекших резерваций...
2026-05-04 12:26:33:2633 debug: [Reconciler] Не найдено истекших резерваций для сверки.
2026-05-04 12:27:00:270 debug: [CraftGovernor] Запуск цикла проверки... [context: governor]
2026-05-04 12:27:00:270 debug: [CraftGovernor] Предыдущее состояние: 2 владельцев. Текущее состояние: 2 владельцев. [context: governor]
2026-05-04 12:27:00:270 info: [CraftGovernor] Найдено для паузы: 0. Найдено для возобновления: 0. [context: governor]
2026-05-04 12:27:00:270 debug: [CraftGovernor] Изменений нет, состояние не обновлялось. [context: governor]
2026-05-04 12:27:00:270 debug: [CraftGovernor] Цикл проверки завершен. [context: governor]
2026-05-04 12:27:30:2730 debug: ExpNotifier: Sent actual-exp to 1 client(s) using a single DB query.
2026-05-04 12:27:33:2733 debug: [Reconciler] Запуск сверки истекших резерваций...
2026-05-04 12:27:33:2733 debug: [Reconciler] Не найдено истекших резерваций для сверки.
2026-05-04 12:27:50:2750 debug: Crafting 1 of bp_energy_matrix (components) for 0x2da351d8d5840415025c35a7c843a0dfa6e4b89b [context: craft_0x2da351d8d5840415025c35a7c843a0dfa6e4b89b]
2026-05-04 12:27:50:2750 debug: [CRAFT] Finished successfully for 0x2da351d8d5840415025c35a7c843a0dfa6e4b89b. Data: {"factoryName":"factory1","state":"idle","craftedItem":{"key":"energy_matrix","quantity":1,"category":"components"}} [context: 0x2da351d8d5840415025c35a7c843a0dfa6e4b89b]
2026-05-04 12:28:00:280 debug: [CraftGovernor] Запуск цикла проверки... [context: governor]
2026-05-04 12:28:00:280 debug: [CraftGovernor] Предыдущее состояние: 2 владельцев. Текущее состояние: 2 владельцев. [context: governor]
2026-05-04 12:28:00:280 info: [CraftGovernor] Найдено для паузы: 0. Найдено для возобновления: 0. [context: governor]
2026-05-04 12:28:00:280 debug: [CraftGovernor] Изменений нет, состояние не обновлялось. [context: governor]
2026-05-04 12:28:00:280 debug: [CraftGovernor] Цикл проверки завершен. [context: governor]
2026-05-04 12:28:16:2816 warn: Попытка списания ресурсов для 0x2da351d8d5840415025c35a7c843a0dfa6e4b89b. Данные: {"resources.voltaic_cell.quantity":-32,"resources.auracite.quantity":-24,"resources.ferrite_cluster.quantity":-24} [context: inventory_0x2da351d8d5840415025c35a7c843a0dfa6e4b89b]
2026-05-04 12:28:20:2820 warn: Попытка списания ресурсов для 0x2da351d8d5840415025c35a7c843a0dfa6e4b89b. Данные: {"resources.onyx_blade.quantity":-128,"resources.onyther_rock.quantity":-96,"resources.ferrite_cluster.quantity":-96} [context: inventory_0x2da351d8d5840415025c35a7c843a0dfa6e4b89b]
2026-05-04 12:28:28:2828 warn: Попытка списания ресурсов для 0x2da351d8d5840415025c35a7c843a0dfa6e4b89b. Данные: {"other.fuel.quantity":-1,"resources.osms_coin_part.quantity":-10} [context: inventory_0x2da351d8d5840415025c35a7c843a0dfa6e4b89b]
2026-05-04 12:28:30:2830 debug: ExpNotifier: Sent actual-exp to 1 client(s) using a single DB query.
2026-05-04 12:28:33:2833 debug: [Reconciler] Запуск сверки истекших резерваций...
2026-05-04 12:28:33:2833 debug: [Reconciler] Не найдено истекших резерваций для сверки.
2026-05-04 12:29:00:290 debug: [CraftGovernor] Запуск цикла проверки... [context: governor]
2026-05-04 12:29:00:290 debug: [CraftGovernor] Предыдущее состояние: 2 владельцев. Текущее состояние: 2 владельцев. [context: governor]
2026-05-04 12:29:00:290 info: [CraftGovernor] Найдено для паузы: 0. Найдено для возобновления: 0. [context: governor]
2026-05-04 12:29:00:290 debug: [CraftGovernor] Изменений нет, состояние не обновлялось. [context: governor]
2026-05-04 12:29:00:290 debug: [CraftGovernor] Цикл проверки завершен. [context: governor]
2026-05-04 12:29:30:2930 debug: ExpNotifier: Sent actual-exp to 1 client(s) using a single DB query.
2026-05-04 12:29:33:2933 debug: [Reconciler] Запуск сверки истекших резерваций...
2026-05-04 12:29:33:2933 debug: [Reconciler] Не найдено истекших резерваций для сверки.
2026-05-04 12:29:36:2936 warn: Попытка списания ресурсов для 0x2da351d8d5840415025c35a7c843a0dfa6e4b89b. Данные: {"resources.voltaic_cell.quantity":-32,"resources.ferrite_cluster.quantity":-24,"resources.onyx_blade.quantity":-24} [context: inventory_0x2da351d8d5840415025c35a7c843a0dfa6e4b89b]
2026-05-04 12:29:45:2945 warn: Попытка списания ресурсов для 0x2da351d8d5840415025c35a7c843a0dfa6e4b89b. Данные: {"resources.auracite.quantity":-32,"resources.verdanite_shard.quantity":-24,"resources.voltaic_cell.quantity":-24} [context: inventory_0x2da351d8d5840415025c35a7c843a0dfa6e4b89b]
2026-05-04 12:30:00:300 debug: [CraftGovernor] Запуск цикла проверки... [context: governor]
2026-05-04 12:30:00:300 debug: [CraftGovernor] Предыдущее состояние: 2 владельцев. Текущее состояние: 2 владельцев. [context: governor]
2026-05-04 12:30:00:300 info: [CraftGovernor] Найдено для паузы: 0. Найдено для возобновления: 0. [context: governor]
2026-05-04 12:30:00:300 debug: [CraftGovernor] Изменений нет, состояние не обновлялось. [context: governor]
2026-05-04 12:30:00:300 debug: [CraftGovernor] Цикл проверки завершен. [context: governor]
2026-05-04 12:30:30:3030 debug: ExpNotifier: Sent actual-exp to 1 client(s) using a single DB query.
2026-05-04 12:30:33:3033 debug: [Reconciler] Запуск сверки истекших резерваций...
2026-05-04 12:30:33:3033 debug: [Reconciler] Не найдено истекших резерваций для сверки.
2026-05-04 12:31:00:310 debug: [CraftGovernor] Запуск цикла проверки... [context: governor]
2026-05-04 12:31:00:310 debug: [CraftGovernor] Предыдущее состояние: 2 владельцев. Текущее состояние: 2 владельцев. [context: governor]
2026-05-04 12:31:00:310 info: [CraftGovernor] Найдено для паузы: 0. Найдено для возобновления: 0. [context: governor]
2026-05-04 12:31:00:310 debug: [CraftGovernor] Изменений нет, состояние не обновлялось. [context: governor]
2026-05-04 12:31:00:310 debug: [CraftGovernor] Цикл проверки завершен. [context: governor]
2026-05-04 12:31:30:3130 debug: ExpNotifier: Sent actual-exp to 1 client(s) using a single DB query.
2026-05-04 12:31:33:3133 debug: [Reconciler] Запуск сверки истекших резерваций...
2026-05-04 12:31:33:3133 debug: [Reconciler] Не найдено истекших резерваций для сверки.
2026-05-04 12:32:00:320 debug: [CraftGovernor] Запуск цикла проверки... [context: governor]
2026-05-04 12:32:00:320 debug: [CraftGovernor] Предыдущее состояние: 2 владельцев. Текущее состояние: 2 владельцев. [context: governor]
2026-05-04 12:32:00:320 info: [CraftGovernor] Найдено для паузы: 0. Найдено для возобновления: 0. [context: governor]
2026-05-04 12:32:00:320 debug: [CraftGovernor] Изменений нет, состояние не обновлялось. [context: governor]
2026-05-04 12:32:00:320 debug: [CraftGovernor] Цикл проверки завершен. [context: governor]
2026-05-04 12:32:30:3230 debug: ExpNotifier: Sent actual-exp to 1 client(s) using a single DB query.
2026-05-04 12:32:33:3233 debug: [Reconciler] Запуск сверки истекших резерваций...
2026-05-04 12:32:33:3233 debug: [Reconciler] Не найдено истекших резерваций для сверки.
2026-05-04 12:33:00:330 debug: [CraftGovernor] Запуск цикла проверки... [context: governor]
2026-05-04 12:33:00:330 debug: [CraftGovernor] Предыдущее состояние: 2 владельцев. Текущее состояние: 2 владельцев. [context: governor]
2026-05-04 12:33:00:330 info: [CraftGovernor] Найдено для паузы: 0. Найдено для возобновления: 0. [context: governor]
2026-05-04 12:33:00:330 debug: [CraftGovernor] Изменений нет, состояние не обновлялось. [context: governor]
2026-05-04 12:33:00:330 debug: [CraftGovernor] Цикл проверки завершен. [context: governor]
2026-05-04 12:33:30:3330 debug: ExpNotifier: Sent actual-exp to 1 client(s) using a single DB query.
2026-05-04 12:33:33:3333 debug: [Reconciler] Запуск сверки истекших резерваций...
2026-05-04 12:33:33:3333 debug: [Reconciler] Не найдено истекших резерваций для сверки.
2026-05-04 12:34:00:340 debug: [CraftGovernor] Запуск цикла проверки... [context: governor]
2026-05-04 12:34:00:340 debug: [CraftGovernor] Предыдущее состояние: 2 владельцев. Текущее состояние: 2 владельцев. [context: governor]
2026-05-04 12:34:00:340 info: [CraftGovernor] Найдено для паузы: 0. Найдено для возобновления: 0. [context: governor]
2026-05-04 12:34:00:340 debug: [CraftGovernor] Изменений нет, состояние не обновлялось. [context: governor]
2026-05-04 12:34:00:340 debug: [CraftGovernor] Цикл проверки завершен. [context: governor]
2026-05-04 12:34:30:3430 debug: ExpNotifier: Sent actual-exp to 1 client(s) using a single DB query.
2026-05-04 12:34:33:3433 debug: [Reconciler] Запуск сверки истекших резерваций...
2026-05-04 12:34:33:3433 debug: [Reconciler] Не найдено истекших резерваций для сверки.
2026-05-04 12:35:00:350 debug: [CraftGovernor] Запуск цикла проверки... [context: governor]
2026-05-04 12:35:00:350 debug: [CraftGovernor] Предыдущее состояние: 2 владельцев. Текущее состояние: 2 владельцев. [context: governor]
2026-05-04 12:35:00:350 info: [CraftGovernor] Найдено для паузы: 0. Найдено для возобновления: 0. [context: governor]
2026-05-04 12:35:00:350 debug: [CraftGovernor] Изменений нет, состояние не обновлялось. [context: governor]
2026-05-04 12:35:00:350 debug: [CraftGovernor] Цикл проверки завершен. [context: governor]
2026-05-04 12:35:30:3530 debug: ExpNotifier: Sent actual-exp to 1 client(s) using a single DB query.
2026-05-04 12:35:33:3533 debug: [Reconciler] Запуск сверки истекших резерваций...
2026-05-04 12:35:33:3533 debug: [Reconciler] Не найдено истекших резерваций для сверки.
2026-05-04 12:36:00:360 debug: [CraftGovernor] Запуск цикла проверки... [context: governor]
2026-05-04 12:36:00:360 debug: [CraftGovernor] Предыдущее состояние: 2 владельцев. Текущее состояние: 2 владельцев. [context: governor]
2026-05-04 12:36:00:360 info: [CraftGovernor] Найдено для паузы: 0. Найдено для возобновления: 0. [context: governor]
2026-05-04 12:36:00:360 debug: [CraftGovernor] Изменений нет, состояние не обновлялось. [context: governor]
2026-05-04 12:36:00:360 debug: [CraftGovernor] Цикл проверки завершен. [context: governor]
2026-05-04 12:36:30:3630 debug: ExpNotifier: Sent actual-exp to 1 client(s) using a single DB query.
2026-05-04 12:36:33:3633 debug: [Reconciler] Запуск сверки истекших резерваций...
2026-05-04 12:36:33:3633 debug: [Reconciler] Не найдено истекших резерваций для сверки.
2026-05-04 12:37:00:370 debug: [CraftGovernor] Запуск цикла проверки... [context: governor]
2026-05-04 12:37:00:370 debug: [CraftGovernor] Предыдущее состояние: 2 владельцев. Текущее состояние: 2 владельцев. [context: governor]
2026-05-04 12:37:00:370 info: [CraftGovernor] Найдено для паузы: 0. Найдено для возобновления: 0. [context: governor]
2026-05-04 12:37:00:370 debug: [CraftGovernor] Изменений нет, состояние не обновлялось. [context: governor]
2026-05-04 12:37:00:370 debug: [CraftGovernor] Цикл проверки завершен. [context: governor]
2026-05-04 12:37:30:3730 debug: ExpNotifier: Sent actual-exp to 1 client(s) using a single DB query.
2026-05-04 12:37:33:3733 debug: [Reconciler] Запуск сверки истекших резерваций...
2026-05-04 12:37:33:3733 debug: [Reconciler] Не найдено истекших резерваций для сверки.
2026-05-04 12:38:00:380 debug: [CraftGovernor] Запуск цикла проверки... [context: governor]
2026-05-04 12:38:00:380 debug: [CraftGovernor] Предыдущее состояние: 2 владельцев. Текущее состояние: 2 владельцев. [context: governor]
2026-05-04 12:38:00:380 info: [CraftGovernor] Найдено для паузы: 0. Найдено для возобновления: 0. [context: governor]
2026-05-04 12:38:00:380 debug: [CraftGovernor] Изменений нет, состояние не обновлялось. [context: governor]
2026-05-04 12:38:00:380 debug: [CraftGovernor] Цикл проверки завершен. [context: governor]
2026-05-04 12:38:30:3830 debug: ExpNotifier: Sent actual-exp to 1 client(s) using a single DB query.
2026-05-04 12:38:33:3833 debug: [Reconciler] Запуск сверки истекших резерваций...
2026-05-04 12:38:33:3833 debug: [Reconciler] Не найдено истекших резерваций для сверки.
2026-05-04 12:39:00:390 debug: [CraftGovernor] Запуск цикла проверки... [context: governor]
2026-05-04 12:39:00:390 debug: [CraftGovernor] Предыдущее состояние: 2 владельцев. Текущее состояние: 2 владельцев. [context: governor]
2026-05-04 12:39:00:390 info: [CraftGovernor] Найдено для паузы: 0. Найдено для возобновления: 0. [context: governor]
2026-05-04 12:39:00:390 debug: [CraftGovernor] Изменений нет, состояние не обновлялось. [context: governor]
2026-05-04 12:39:00:390 debug: [CraftGovernor] Цикл проверки завершен. [context: governor]
2026-05-04 12:39:30:3930 debug: ExpNotifier: Sent actual-exp to 1 client(s) using a single DB query.
2026-05-04 12:39:33:3933 debug: [Reconciler] Запуск сверки истекших резерваций...
2026-05-04 12:39:33:3933 debug: [Reconciler] Не найдено истекших резерваций для сверки.
2026-05-04 12:40:00:400 debug: [CraftGovernor] Запуск цикла проверки... [context: governor]
2026-05-04 12:40:00:400 debug: [CraftGovernor] Предыдущее состояние: 2 владельцев. Текущее состояние: 2 владельцев. [context: governor]
2026-05-04 12:40:00:400 info: [CraftGovernor] Найдено для паузы: 0. Найдено для возобновления: 0. [context: governor]
2026-05-04 12:40:00:400 debug: [CraftGovernor] Изменений нет, состояние не обновлялось. [context: governor]
2026-05-04 12:40:00:400 debug: [CraftGovernor] Цикл проверки завершен. [context: governor]
2026-05-04 12:40:30:4030 debug: ExpNotifier: Sent actual-exp to 1 client(s) using a single DB query.
2026-05-04 12:40:33:4033 debug: [Reconciler] Запуск сверки истекших резерваций...
2026-05-04 12:40:33:4033 debug: [Reconciler] Не найдено истекших резерваций для сверки.
2026-05-04 12:41:00:410 debug: [CraftGovernor] Запуск цикла проверки... [context: governor]
2026-05-04 12:41:00:410 debug: [CraftGovernor] Предыдущее состояние: 2 владельцев. Текущее состояние: 2 владельцев. [context: governor]
2026-05-04 12:41:00:410 info: [CraftGovernor] Найдено для паузы: 0. Найдено для возобновления: 0. [context: governor]
2026-05-04 12:41:00:410 debug: [CraftGovernor] Изменений нет, состояние не обновлялось. [context: governor]
2026-05-04 12:41:00:410 debug: [CraftGovernor] Цикл проверки завершен. [context: governor]
2026-05-04 12:41:30:4130 debug: ExpNotifier: Sent actual-exp to 1 client(s) using a single DB query.
2026-05-04 12:41:33:4133 debug: [Reconciler] Запуск сверки истекших резерваций...
2026-05-04 12:41:33:4133 debug: [Reconciler] Не найдено истекших резерваций для сверки.
2026-05-04 12:42:00:420 debug: [CraftGovernor] Запуск цикла проверки... [context: governor]
2026-05-04 12:42:00:420 debug: [CraftGovernor] Предыдущее состояние: 2 владельцев. Текущее состояние: 2 владельцев. [context: governor]
2026-05-04 12:42:00:420 info: [CraftGovernor] Найдено для паузы: 0. Найдено для возобновления: 0. [context: governor]
2026-05-04 12:42:00:420 debug: [CraftGovernor] Изменений нет, состояние не обновлялось. [context: governor]
2026-05-04 12:42:00:420 debug: [CraftGovernor] Цикл проверки завершен. [context: governor]
2026-05-04 12:42:30:4230 debug: ExpNotifier: Sent actual-exp to 1 client(s) using a single DB query.
2026-05-04 12:42:33:4233 debug: [Reconciler] Запуск сверки истекших резерваций...
2026-05-04 12:42:33:4233 debug: [Reconciler] Не найдено истекших резерваций для сверки.
2026-05-04 12:43:00:430 debug: [CraftGovernor] Запуск цикла проверки... [context: governor]
2026-05-04 12:43:00:430 debug: [CraftGovernor] Предыдущее состояние: 2 владельцев. Текущее состояние: 2 владельцев. [context: governor]
2026-05-04 12:43:00:430 info: [CraftGovernor] Найдено для паузы: 0. Найдено для возобновления: 0. [context: governor]
2026-05-04 12:43:00:430 debug: [CraftGovernor] Изменений нет, состояние не обновлялось. [context: governor]
2026-05-04 12:43:00:430 debug: [CraftGovernor] Цикл проверки завершен. [context: governor]
2026-05-04 12:43:30:4330 debug: ExpNotifier: Sent actual-exp to 1 client(s) using a single DB query.
2026-05-04 12:43:33:4333 debug: [Reconciler] Запуск сверки истекших резерваций...
2026-05-04 12:43:33:4333 debug: [Reconciler] Не найдено истекших резерваций для сверки.
2026-05-04 12:44:00:440 debug: [CraftGovernor] Запуск цикла проверки... [context: governor]
2026-05-04 12:44:00:440 debug: [CraftGovernor] Предыдущее состояние: 2 владельцев. Текущее состояние: 2 владельцев. [context: governor]
2026-05-04 12:44:00:440 info: [CraftGovernor] Найдено для паузы: 0. Найдено для возобновления: 0. [context: governor]
2026-05-04 12:44:00:440 debug: [CraftGovernor] Изменений нет, состояние не обновлялось. [context: governor]
2026-05-04 12:44:00:440 debug: [CraftGovernor] Цикл проверки завершен. [context: governor]
2026-05-04 12:44:30:4430 debug: ExpNotifier: Sent actual-exp to 1 client(s) using a single DB query.
2026-05-04 12:44:33:4433 debug: [Reconciler] Запуск сверки истекших резерваций...
2026-05-04 12:44:33:4433 debug: [Reconciler] Не найдено истекших резерваций для сверки.
2026-05-04 12:45:00:450 debug: [CraftGovernor] Запуск цикла проверки... [context: governor]
2026-05-04 12:45:00:450 debug: [CraftGovernor] Предыдущее состояние: 2 владельцев. Текущее состояние: 2 владельцев. [context: governor]
2026-05-04 12:45:00:450 info: [CraftGovernor] Найдено для паузы: 0. Найдено для возобновления: 0. [context: governor]
2026-05-04 12:45:00:450 debug: [CraftGovernor] Изменений нет, состояние не обновлялось. [context: governor]
2026-05-04 12:45:00:450 debug: [CraftGovernor] Цикл проверки завершен. [context: governor]
2026-05-04 12:45:30:4530 debug: ExpNotifier: Sent actual-exp to 1 client(s) using a single DB query.
2026-05-04 12:45:33:4533 debug: [Reconciler] Запуск сверки истекших резерваций...
2026-05-04 12:45:33:4533 debug: [Reconciler] Не найдено истекших резерваций для сверки.
2026-05-04 12:46:00:460 debug: [CraftGovernor] Запуск цикла проверки... [context: governor]
2026-05-04 12:46:00:460 debug: [CraftGovernor] Предыдущее состояние: 2 владельцев. Текущее состояние: 2 владельцев. [context: governor]
2026-05-04 12:46:00:460 info: [CraftGovernor] Найдено для паузы: 0. Найдено для возобновления: 0. [context: governor]
2026-05-04 12:46:00:460 debug: [CraftGovernor] Изменений нет, состояние не обновлялось. [context: governor]
2026-05-04 12:46:00:460 debug: [CraftGovernor] Цикл проверки завершен. [context: governor]
2026-05-04 12:46:30:4630 debug: ExpNotifier: Sent actual-exp to 1 client(s) using a single DB query.
2026-05-04 12:46:33:4633 debug: [Reconciler] Запуск сверки истекших резерваций...
2026-05-04 12:46:33:4633 debug: [Reconciler] Не найдено истекших резерваций для сверки.
2026-05-04 12:47:00:470 debug: [CraftGovernor] Запуск цикла проверки... [context: governor]
2026-05-04 12:47:00:470 debug: [CraftGovernor] Предыдущее состояние: 2 владельцев. Текущее состояние: 2 владельцев. [context: governor]
2026-05-04 12:47:00:470 info: [CraftGovernor] Найдено для паузы: 0. Найдено для возобновления: 0. [context: governor]
2026-05-04 12:47:00:470 debug: [CraftGovernor] Изменений нет, состояние не обновлялось. [context: governor]
2026-05-04 12:47:00:470 debug: [CraftGovernor] Цикл проверки завершен. [context: governor]
2026-05-04 12:47:30:4730 debug: ExpNotifier: Sent actual-exp to 1 client(s) using a single DB query.
2026-05-04 12:47:33:4733 debug: [Reconciler] Запуск сверки истекших резерваций...
2026-05-04 12:47:33:4733 debug: [Reconciler] Не найдено истекших резерваций для сверки.
2026-05-04 12:48:00:480 debug: [CraftGovernor] Запуск цикла проверки... [context: governor]
2026-05-04 12:48:00:480 debug: [CraftGovernor] Предыдущее состояние: 2 владельцев. Текущее состояние: 2 владельцев. [context: governor]
2026-05-04 12:48:00:480 info: [CraftGovernor] Найдено для паузы: 0. Найдено для возобновления: 0. [context: governor]
2026-05-04 12:48:00:480 debug: [CraftGovernor] Изменений нет, состояние не обновлялось. [context: governor]
2026-05-04 12:48:00:480 debug: [CraftGovernor] Цикл проверки завершен. [context: governor]
2026-05-04 12:48:30:4830 debug: ExpNotifier: Sent actual-exp to 1 client(s) using a single DB query.
2026-05-04 12:48:33:4833 debug: [Reconciler] Запуск сверки истекших резерваций...
2026-05-04 12:48:33:4833 debug: [Reconciler] Не найдено истекших резерваций для сверки.
2026-05-04 12:49:00:490 debug: [CraftGovernor] Запуск цикла проверки... [context: governor]
2026-05-04 12:49:00:490 debug: [CraftGovernor] Предыдущее состояние: 2 владельцев. Текущее состояние: 2 владельцев. [context: governor]
2026-05-04 12:49:00:490 info: [CraftGovernor] Найдено для паузы: 0. Найдено для возобновления: 0. [context: governor]
2026-05-04 12:49:00:490 debug: [CraftGovernor] Изменений нет, состояние не обновлялось. [context: governor]
2026-05-04 12:49:00:490 debug: [CraftGovernor] Цикл проверки завершен. [context: governor]
2026-05-04 12:49:30:4930 debug: ExpNotifier: Sent actual-exp to 1 client(s) using a single DB query.
2026-05-04 12:49:33:4933 debug: [Reconciler] Запуск сверки истекших резерваций...
2026-05-04 12:49:33:4933 debug: [Reconciler] Не найдено истекших резерваций для сверки.
2026-05-04 12:50:00:500 debug: [CraftGovernor] Запуск цикла проверки... [context: governor]
2026-05-04 12:50:00:500 debug: [CraftGovernor] Предыдущее состояние: 2 владельцев. Текущее состояние: 2 владельцев. [context: governor]
2026-05-04 12:50:00:500 info: [CraftGovernor] Найдено для паузы: 0. Найдено для возобновления: 0. [context: governor]
2026-05-04 12:50:00:500 debug: [CraftGovernor] Изменений нет, состояние не обновлялось. [context: governor]
2026-05-04 12:50:00:500 debug: [CraftGovernor] Цикл проверки завершен. [context: governor]
2026-05-04 12:50:30:5030 debug: ExpNotifier: Sent actual-exp to 1 client(s) using a single DB query.
2026-05-04 12:50:33:5033 debug: [Reconciler] Запуск сверки истекших резерваций...
2026-05-04 12:50:33:5033 debug: [Reconciler] Не найдено истекших резерваций для сверки.
2026-05-04 12:51:00:510 debug: [CraftGovernor] Запуск цикла проверки... [context: governor]
2026-05-04 12:51:00:510 debug: [CraftGovernor] Предыдущее состояние: 2 владельцев. Текущее состояние: 2 владельцев. [context: governor]
2026-05-04 12:51:00:510 info: [CraftGovernor] Найдено для паузы: 0. Найдено для возобновления: 0. [context: governor]
2026-05-04 12:51:00:510 debug: [CraftGovernor] Изменений нет, состояние не обновлялось. [context: governor]
2026-05-04 12:51:00:510 debug: [CraftGovernor] Цикл проверки завершен. [context: governor]
2026-05-04 12:51:30:5130 debug: ExpNotifier: Sent actual-exp to 1 client(s) using a single DB query.
2026-05-04 12:51:33:5133 debug: [Reconciler] Запуск сверки истекших резерваций...
2026-05-04 12:51:33:5133 debug: [Reconciler] Не найдено истекших резерваций для сверки.
2026-05-04 12:52:00:520 debug: [CraftGovernor] Запуск цикла проверки... [context: governor]
2026-05-04 12:52:00:520 debug: [CraftGovernor] Предыдущее состояние: 2 владельцев. Текущее состояние: 2 владельцев. [context: governor]
2026-05-04 12:52:00:520 info: [CraftGovernor] Найдено для паузы: 0. Найдено для возобновления: 0. [context: governor]
2026-05-04 12:52:00:520 debug: [CraftGovernor] Изменений нет, состояние не обновлялось. [context: governor]
2026-05-04 12:52:00:520 debug: [CraftGovernor] Цикл проверки завершен. [context: governor]
2026-05-04 12:52:30:5230 debug: ExpNotifier: Sent actual-exp to 1 client(s) using a single DB query.
2026-05-04 12:52:33:5233 debug: [Reconciler] Запуск сверки истекших резерваций...
2026-05-04 12:52:33:5233 debug: [Reconciler] Не найдено истекших резерваций для сверки.
2026-05-04 12:53:00:530 debug: [CraftGovernor] Запуск цикла проверки... [context: governor]
2026-05-04 12:53:00:530 debug: [CraftGovernor] Предыдущее состояние: 2 владельцев. Текущее состояние: 2 владельцев. [context: governor]
2026-05-04 12:53:00:530 info: [CraftGovernor] Найдено для паузы: 0. Найдено для возобновления: 0. [context: governor]
2026-05-04 12:53:00:530 debug: [CraftGovernor] Изменений нет, состояние не обновлялось. [context: governor]
2026-05-04 12:53:00:530 debug: [CraftGovernor] Цикл проверки завершен. [context: governor]
2026-05-04 12:53:30:5330 debug: ExpNotifier: Sent actual-exp to 1 client(s) using a single DB query.
2026-05-04 12:53:33:5333 debug: [Reconciler] Запуск сверки истекших резерваций...
2026-05-04 12:53:33:5333 debug: [Reconciler] Не найдено истекших резерваций для сверки.
2026-05-04 12:54:00:540 debug: [CraftGovernor] Запуск цикла проверки... [context: governor]
2026-05-04 12:54:00:540 debug: [CraftGovernor] Предыдущее состояние: 2 владельцев. Текущее состояние: 2 владельцев. [context: governor]
2026-05-04 12:54:00:540 info: [CraftGovernor] Найдено для паузы: 0. Найдено для возобновления: 0. [context: governor]
2026-05-04 12:54:00:540 debug: [CraftGovernor] Изменений нет, состояние не обновлялось. [context: governor]
2026-05-04 12:54:00:540 debug: [CraftGovernor] Цикл проверки завершен. [context: governor]
2026-05-04 12:54:30:5430 debug: ExpNotifier: Sent actual-exp to 1 client(s) using a single DB query.
2026-05-04 12:54:33:5433 debug: [Reconciler] Запуск сверки истекших резерваций...
2026-05-04 12:54:33:5433 debug: [Reconciler] Не найдено истекших резерваций для сверки.
2026-05-04 12:55:00:550 debug: [CraftGovernor] Запуск цикла проверки... [context: governor]
2026-05-04 12:55:00:550 debug: [CraftGovernor] Предыдущее состояние: 2 владельцев. Текущее состояние: 2 владельцев. [context: governor]
2026-05-04 12:55:00:550 info: [CraftGovernor] Найдено для паузы: 0. Найдено для возобновления: 0. [context: governor]
2026-05-04 12:55:00:550 debug: [CraftGovernor] Изменений нет, состояние не обновлялось. [context: governor]
2026-05-04 12:55:00:550 debug: [CraftGovernor] Цикл проверки завершен. [context: governor]
2026-05-04 12:55:30:5530 debug: ExpNotifier: Sent actual-exp to 1 client(s) using a single DB query.
2026-05-04 12:55:33:5533 debug: [Reconciler] Запуск сверки истекших резерваций...
2026-05-04 12:55:33:5533 debug: [Reconciler] Не найдено истекших резерваций для сверки.
2026-05-04 12:56:00:560 debug: [CraftGovernor] Запуск цикла проверки... [context: governor]
2026-05-04 12:56:00:560 debug: [CraftGovernor] Предыдущее состояние: 2 владельцев. Текущее состояние: 2 владельцев. [context: governor]
2026-05-04 12:56:00:560 info: [CraftGovernor] Найдено для паузы: 0. Найдено для возобновления: 0. [context: governor]
2026-05-04 12:56:00:560 debug: [CraftGovernor] Изменений нет, состояние не обновлялось. [context: governor]
2026-05-04 12:56:00:560 debug: [CraftGovernor] Цикл проверки завершен. [context: governor]
2026-05-04 12:56:30:5630 debug: ExpNotifier: Sent actual-exp to 1 client(s) using a single DB query.
2026-05-04 12:56:33:5633 debug: [Reconciler] Запуск сверки истекших резерваций...
2026-05-04 12:56:33:5633 debug: [Reconciler] Не найдено истекших резерваций для сверки.
2026-05-04 12:57:00:570 debug: [CraftGovernor] Запуск цикла проверки... [context: governor]
2026-05-04 12:57:00:570 debug: [CraftGovernor] Предыдущее состояние: 2 владельцев. Текущее состояние: 2 владельцев. [context: governor]
2026-05-04 12:57:00:570 info: [CraftGovernor] Найдено для паузы: 0. Найдено для возобновления: 0. [context: governor]
2026-05-04 12:57:00:570 debug: [CraftGovernor] Изменений нет, состояние не обновлялось. [context: governor]
2026-05-04 12:57:00:570 debug: [CraftGovernor] Цикл проверки завершен. [context: governor]
2026-05-04 12:57:30:5730 debug: ExpNotifier: Sent actual-exp to 1 client(s) using a single DB query.
2026-05-04 12:57:33:5733 debug: [Reconciler] Запуск сверки истекших резерваций...
2026-05-04 12:57:33:5733 debug: [Reconciler] Не найдено истекших резерваций для сверки.
2026-05-04 12:58:00:580 debug: [CraftGovernor] Запуск цикла проверки... [context: governor]
2026-05-04 12:58:00:580 debug: [CraftGovernor] Предыдущее состояние: 2 владельцев. Текущее состояние: 2 владельцев. [context: governor]
2026-05-04 12:58:00:580 info: [CraftGovernor] Найдено для паузы: 0. Найдено для возобновления: 0. [context: governor]
2026-05-04 12:58:00:580 debug: [CraftGovernor] Изменений нет, состояние не обновлялось. [context: governor]
2026-05-04 12:58:00:580 debug: [CraftGovernor] Цикл проверки завершен. [context: governor]
2026-05-04 12:58:30:5830 debug: ExpNotifier: Sent actual-exp to 1 client(s) using a single DB query.
2026-05-04 12:58:33:5833 debug: [Reconciler] Запуск сверки истекших резерваций...
2026-05-04 12:58:33:5833 debug: [Reconciler] Не найдено истекших резерваций для сверки.
2026-05-04 12:59:00:590 debug: [CraftGovernor] Запуск цикла проверки... [context: governor]
2026-05-04 12:59:00:590 debug: [CraftGovernor] Предыдущее состояние: 2 владельцев. Текущее состояние: 2 владельцев. [context: governor]
2026-05-04 12:59:00:590 info: [CraftGovernor] Найдено для паузы: 0. Найдено для возобновления: 0. [context: governor]
2026-05-04 12:59:00:590 debug: [CraftGovernor] Изменений нет, состояние не обновлялось. [context: governor]
2026-05-04 12:59:00:590 debug: [CraftGovernor] Цикл проверки завершен. [context: governor]
2026-05-04 12:59:30:5930 debug: ExpNotifier: Sent actual-exp to 1 client(s) using a single DB query.
2026-05-04 12:59:33:5933 debug: [Reconciler] Запуск сверки истекших резерваций...
2026-05-04 12:59:33:5933 debug: [Reconciler] Не найдено истекших резерваций для сверки.
2026-05-04 13:00:00:00 debug: [CraftGovernor] Запуск цикла проверки... [context: governor]
2026-05-04 13:00:00:00 debug: [CraftGovernor] Предыдущее состояние: 2 владельцев. Текущее состояние: 2 владельцев. [context: governor]
2026-05-04 13:00:00:00 info: [CraftGovernor] Найдено для паузы: 0. Найдено для возобновления: 0. [context: governor]
2026-05-04 13:00:00:00 debug: [CraftGovernor] Изменений нет, состояние не обновлялось. [context: governor]
2026-05-04 13:00:00:00 debug: [CraftGovernor] Цикл проверки завершен. [context: governor]
2026-05-04 13:00:30:030 debug: ExpNotifier: Sent actual-exp to 1 client(s) using a single DB query.
2026-05-04 13:00:33:033 debug: [Reconciler] Запуск сверки истекших резерваций...
2026-05-04 13:00:33:033 debug: [Reconciler] Не найдено истекших резерваций для сверки.
2026-05-04 13:01:00:10 debug: [CraftGovernor] Запуск цикла проверки... [context: governor]
2026-05-04 13:01:00:10 debug: [CraftGovernor] Предыдущее состояние: 2 владельцев. Текущее состояние: 2 владельцев. [context: governor]
2026-05-04 13:01:00:10 info: [CraftGovernor] Найдено для паузы: 0. Найдено для возобновления: 0. [context: governor]
2026-05-04 13:01:00:10 debug: [CraftGovernor] Изменений нет, состояние не обновлялось. [context: governor]
2026-05-04 13:01:00:10 debug: [CraftGovernor] Цикл проверки завершен. [context: governor]
2026-05-04 13:01:30:130 debug: ExpNotifier: Sent actual-exp to 1 client(s) using a single DB query.
2026-05-04 13:01:33:133 debug: [Reconciler] Запуск сверки истекших резерваций...
2026-05-04 13:01:33:133 debug: [Reconciler] Не найдено истекших резерваций для сверки.
2026-05-04 13:02:00:20 debug: [CraftGovernor] Запуск цикла проверки... [context: governor]
2026-05-04 13:02:00:20 debug: [CraftGovernor] Предыдущее состояние: 2 владельцев. Текущее состояние: 2 владельцев. [context: governor]
2026-05-04 13:02:00:20 info: [CraftGovernor] Найдено для паузы: 0. Найдено для возобновления: 0. [context: governor]
2026-05-04 13:02:00:20 debug: [CraftGovernor] Изменений нет, состояние не обновлялось. [context: governor]
2026-05-04 13:02:00:20 debug: [CraftGovernor] Цикл проверки завершен. [context: governor]
2026-05-04 13:02:30:230 debug: ExpNotifier: Sent actual-exp to 1 client(s) using a single DB query.
2026-05-04 13:02:33:233 debug: [Reconciler] Запуск сверки истекших резерваций...
2026-05-04 13:02:33:233 debug: [Reconciler] Не найдено истекших резерваций для сверки.
2026-05-04 13:03:00:30 debug: [CraftGovernor] Запуск цикла проверки... [context: governor]
2026-05-04 13:03:00:30 debug: [CraftGovernor] Предыдущее состояние: 2 владельцев. Текущее состояние: 2 владельцев. [context: governor]
2026-05-04 13:03:00:30 info: [CraftGovernor] Найдено для паузы: 0. Найдено для возобновления: 0. [context: governor]
2026-05-04 13:03:00:30 debug: [CraftGovernor] Изменений нет, состояние не обновлялось. [context: governor]
2026-05-04 13:03:00:30 debug: [CraftGovernor] Цикл проверки завершен. [context: governor]
2026-05-04 13:03:30:330 debug: ExpNotifier: Sent actual-exp to 1 client(s) using a single DB query.
2026-05-04 13:03:33:333 debug: [Reconciler] Запуск сверки истекших резерваций...
2026-05-04 13:03:33:333 debug: [Reconciler] Не найдено истекших резерваций для сверки.
2026-05-04 13:04:00:40 debug: [CraftGovernor] Запуск цикла проверки... [context: governor]
2026-05-04 13:04:00:40 debug: [CraftGovernor] Предыдущее состояние: 2 владельцев. Текущее состояние: 2 владельцев. [context: governor]
2026-05-04 13:04:00:40 info: [CraftGovernor] Найдено для паузы: 0. Найдено для возобновления: 0. [context: governor]
2026-05-04 13:04:00:40 debug: [CraftGovernor] Изменений нет, состояние не обновлялось. [context: governor]
2026-05-04 13:04:00:40 debug: [CraftGovernor] Цикл проверки завершен. [context: governor]
2026-05-04 13:04:30:430 debug: ExpNotifier: Sent actual-exp to 1 client(s) using a single DB query.
2026-05-04 13:04:33:433 debug: [Reconciler] Запуск сверки истекших резерваций...
2026-05-04 13:04:33:433 debug: [Reconciler] Не найдено истекших резерваций для сверки.
2026-05-04 13:05:00:50 debug: [CraftGovernor] Запуск цикла проверки... [context: governor]
2026-05-04 13:05:00:50 debug: [CraftGovernor] Предыдущее состояние: 2 владельцев. Текущее состояние: 2 владельцев. [context: governor]
2026-05-04 13:05:00:50 info: [CraftGovernor] Найдено для паузы: 0. Найдено для возобновления: 0. [context: governor]
2026-05-04 13:05:00:50 debug: [CraftGovernor] Изменений нет, состояние не обновлялось. [context: governor]
2026-05-04 13:05:00:50 debug: [CraftGovernor] Цикл проверки завершен. [context: governor]
2026-05-04 13:05:30:530 debug: ExpNotifier: Sent actual-exp to 1 client(s) using a single DB query.
2026-05-04 13:05:33:533 debug: [Reconciler] Запуск сверки истекших резерваций...
2026-05-04 13:05:33:533 debug: [Reconciler] Не найдено истекших резерваций для сверки.
2026-05-04 13:06:00:60 debug: [CraftGovernor] Запуск цикла проверки... [context: governor]
2026-05-04 13:06:00:60 debug: [CraftGovernor] Предыдущее состояние: 2 владельцев. Текущее состояние: 2 владельцев. [context: governor]
2026-05-04 13:06:00:60 info: [CraftGovernor] Найдено для паузы: 0. Найдено для возобновления: 0. [context: governor]
2026-05-04 13:06:00:60 debug: [CraftGovernor] Изменений нет, состояние не обновлялось. [context: governor]
2026-05-04 13:06:00:60 debug: [CraftGovernor] Цикл проверки завершен. [context: governor]
2026-05-04 13:06:30:630 debug: ExpNotifier: Sent actual-exp to 1 client(s) using a single DB query.
2026-05-04 13:06:33:633 debug: [Reconciler] Запуск сверки истекших резерваций...
2026-05-04 13:06:33:633 debug: [Reconciler] Не найдено истекших резерваций для сверки.
2026-05-04 13:07:00:70 debug: [CraftGovernor] Запуск цикла проверки... [context: governor]
2026-05-04 13:07:00:70 debug: [CraftGovernor] Предыдущее состояние: 2 владельцев. Текущее состояние: 2 владельцев. [context: governor]
2026-05-04 13:07:00:70 info: [CraftGovernor] Найдено для паузы: 0. Найдено для возобновления: 0. [context: governor]
2026-05-04 13:07:00:70 debug: [CraftGovernor] Изменений нет, состояние не обновлялось. [context: governor]
2026-05-04 13:07:00:70 debug: [CraftGovernor] Цикл проверки завершен. [context: governor]
2026-05-04 13:07:30:730 debug: ExpNotifier: Sent actual-exp to 1 client(s) using a single DB query.
2026-05-04 13:07:33:733 debug: [Reconciler] Запуск сверки истекших резерваций...
2026-05-04 13:07:33:733 debug: [Reconciler] Не найдено истекших резерваций для сверки.
2026-05-04 13:08:00:80 debug: [CraftGovernor] Запуск цикла проверки... [context: governor]
2026-05-04 13:08:00:80 debug: [CraftGovernor] Предыдущее состояние: 2 владельцев. Текущее состояние: 2 владельцев. [context: governor]
2026-05-04 13:08:00:80 info: [CraftGovernor] Найдено для паузы: 0. Найдено для возобновления: 0. [context: governor]
2026-05-04 13:08:00:80 debug: [CraftGovernor] Изменений нет, состояние не обновлялось. [context: governor]
2026-05-04 13:08:00:80 debug: [CraftGovernor] Цикл проверки завершен. [context: governor]
2026-05-04 13:08:30:830 debug: ExpNotifier: Sent actual-exp to 1 client(s) using a single DB query.
2026-05-04 13:08:33:833 debug: [Reconciler] Запуск сверки истекших резерваций...
2026-05-04 13:08:33:833 debug: [Reconciler] Не найдено истекших резерваций для сверки.
2026-05-04 13:09:00:90 debug: [CraftGovernor] Запуск цикла проверки... [context: governor]
2026-05-04 13:09:00:90 debug: [CraftGovernor] Предыдущее состояние: 2 владельцев. Текущее состояние: 2 владельцев. [context: governor]
2026-05-04 13:09:00:90 info: [CraftGovernor] Найдено для паузы: 0. Найдено для возобновления: 0. [context: governor]
2026-05-04 13:09:00:90 debug: [CraftGovernor] Изменений нет, состояние не обновлялось. [context: governor]
2026-05-04 13:09:00:90 debug: [CraftGovernor] Цикл проверки завершен. [context: governor]
2026-05-04 13:09:30:930 debug: ExpNotifier: Sent actual-exp to 1 client(s) using a single DB query.
2026-05-04 13:09:33:933 debug: [Reconciler] Запуск сверки истекших резерваций...
2026-05-04 13:09:33:933 debug: [Reconciler] Не найдено истекших резерваций для сверки.
2026-05-04 13:10:00:100 debug: [CraftGovernor] Запуск цикла проверки... [context: governor]
2026-05-04 13:10:00:100 debug: [CraftGovernor] Предыдущее состояние: 2 владельцев. Текущее состояние: 2 владельцев. [context: governor]
2026-05-04 13:10:00:100 info: [CraftGovernor] Найдено для паузы: 0. Найдено для возобновления: 0. [context: governor]
2026-05-04 13:10:00:100 debug: [CraftGovernor] Изменений нет, состояние не обновлялось. [context: governor]
2026-05-04 13:10:00:100 debug: [CraftGovernor] Цикл проверки завершен. [context: governor]
2026-05-04 13:10:30:1030 debug: ExpNotifier: Sent actual-exp to 1 client(s) using a single DB query.
2026-05-04 13:10:33:1033 debug: [Reconciler] Запуск сверки истекших резерваций...
2026-05-04 13:10:33:1033 debug: [Reconciler] Не найдено истекших резерваций для сверки.
2026-05-04 13:11:00:110 debug: [CraftGovernor] Запуск цикла проверки... [context: governor]
2026-05-04 13:11:00:110 debug: [CraftGovernor] Предыдущее состояние: 2 владельцев. Текущее состояние: 2 владельцев. [context: governor]
2026-05-04 13:11:00:110 info: [CraftGovernor] Найдено для паузы: 0. Найдено для возобновления: 0. [context: governor]
2026-05-04 13:11:00:110 debug: [CraftGovernor] Изменений нет, состояние не обновлялось. [context: governor]
2026-05-04 13:11:00:110 debug: [CraftGovernor] Цикл проверки завершен. [context: governor]
2026-05-04 13:11:30:1130 debug: ExpNotifier: Sent actual-exp to 1 client(s) using a single DB query.
2026-05-04 13:11:33:1133 debug: [Reconciler] Запуск сверки истекших резерваций...
2026-05-04 13:11:33:1133 debug: [Reconciler] Не найдено истекших резерваций для сверки.
2026-05-04 13:12:00:120 debug: [CraftGovernor] Запуск цикла проверки... [context: governor]
2026-05-04 13:12:00:120 debug: [CraftGovernor] Предыдущее состояние: 2 владельцев. Текущее состояние: 2 владельцев. [context: governor]
2026-05-04 13:12:00:120 info: [CraftGovernor] Найдено для паузы: 0. Найдено для возобновления: 0. [context: governor]
2026-05-04 13:12:00:120 debug: [CraftGovernor] Изменений нет, состояние не обновлялось. [context: governor]
2026-05-04 13:12:00:120 debug: [CraftGovernor] Цикл проверки завершен. [context: governor]
2026-05-04 13:12:30:1230 debug: ExpNotifier: Sent actual-exp to 1 client(s) using a single DB query.
2026-05-04 13:12:33:1233 debug: [Reconciler] Запуск сверки истекших резерваций...
2026-05-04 13:12:33:1233 debug: [Reconciler] Не найдено истекших резерваций для сверки.
2026-05-04 13:13:00:130 debug: [CraftGovernor] Запуск цикла проверки... [context: governor]
2026-05-04 13:13:00:130 debug: [CraftGovernor] Предыдущее состояние: 2 владельцев. Текущее состояние: 2 владельцев. [context: governor]
2026-05-04 13:13:00:130 info: [CraftGovernor] Найдено для паузы: 0. Найдено для возобновления: 0. [context: governor]
2026-05-04 13:13:00:130 debug: [CraftGovernor] Изменений нет, состояние не обновлялось. [context: governor]
2026-05-04 13:13:00:130 debug: [CraftGovernor] Цикл проверки завершен. [context: governor]
2026-05-04 13:13:30:1330 debug: ExpNotifier: Sent actual-exp to 1 client(s) using a single DB query.
2026-05-04 13:13:33:1333 debug: [Reconciler] Запуск сверки истекших резерваций...
2026-05-04 13:13:33:1333 debug: [Reconciler] Не найдено истекших резерваций для сверки.
2026-05-04 13:14:00:140 debug: [CraftGovernor] Запуск цикла проверки... [context: governor]
2026-05-04 13:14:00:140 debug: [CraftGovernor] Предыдущее состояние: 2 владельцев. Текущее состояние: 2 владельцев. [context: governor]
2026-05-04 13:14:00:140 info: [CraftGovernor] Найдено для паузы: 0. Найдено для возобновления: 0. [context: governor]
2026-05-04 13:14:00:140 debug: [CraftGovernor] Изменений нет, состояние не обновлялось. [context: governor]
2026-05-04 13:14:00:140 debug: [CraftGovernor] Цикл проверки завершен. [context: governor]
2026-05-04 13:14:30:1430 debug: ExpNotifier: Sent actual-exp to 1 client(s) using a single DB query.
2026-05-04 13:14:33:1433 debug: [Reconciler] Запуск сверки истекших резерваций...
2026-05-04 13:14:33:1433 debug: [Reconciler] Не найдено истекших резерваций для сверки.
2026-05-04 13:15:00:150 debug: [CraftGovernor] Запуск цикла проверки... [context: governor]
2026-05-04 13:15:00:150 debug: [CraftGovernor] Предыдущее состояние: 2 владельцев. Текущее состояние: 2 владельцев. [context: governor]
2026-05-04 13:15:00:150 info: [CraftGovernor] Найдено для паузы: 0. Найдено для возобновления: 0. [context: governor]
2026-05-04 13:15:00:150 debug: [CraftGovernor] Изменений нет, состояние не обновлялось. [context: governor]
2026-05-04 13:15:00:150 debug: [CraftGovernor] Цикл проверки завершен. [context: governor]
2026-05-04 13:15:30:1530 debug: ExpNotifier: Sent actual-exp to 1 client(s) using a single DB query.
2026-05-04 13:15:33:1533 debug: [Reconciler] Запуск сверки истекших резерваций...
2026-05-04 13:15:33:1533 debug: [Reconciler] Не найдено истекших резерваций для сверки.
2026-05-04 13:16:00:160 debug: [CraftGovernor] Запуск цикла проверки... [context: governor]
2026-05-04 13:16:00:160 debug: [CraftGovernor] Предыдущее состояние: 2 владельцев. Текущее состояние: 2 владельцев. [context: governor]
2026-05-04 13:16:00:160 info: [CraftGovernor] Найдено для паузы: 0. Найдено для возобновления: 0. [context: governor]
2026-05-04 13:16:00:160 debug: [CraftGovernor] Изменений нет, состояние не обновлялось. [context: governor]
2026-05-04 13:16:00:160 debug: [CraftGovernor] Цикл проверки завершен. [context: governor]
2026-05-04 13:16:30:1630 debug: ExpNotifier: Sent actual-exp to 1 client(s) using a single DB query.
2026-05-04 13:16:33:1633 debug: [Reconciler] Запуск сверки истекших резерваций...
2026-05-04 13:16:33:1633 debug: [Reconciler] Не найдено истекших резерваций для сверки.
2026-05-04 13:17:00:170 debug: [CraftGovernor] Запуск цикла проверки... [context: governor]
2026-05-04 13:17:00:170 debug: [CraftGovernor] Предыдущее состояние: 2 владельцев. Текущее состояние: 2 владельцев. [context: governor]
2026-05-04 13:17:00:170 info: [CraftGovernor] Найдено для паузы: 0. Найдено для возобновления: 0. [context: governor]
2026-05-04 13:17:00:170 debug: [CraftGovernor] Изменений нет, состояние не обновлялось. [context: governor]
2026-05-04 13:17:00:170 debug: [CraftGovernor] Цикл проверки завершен. [context: governor]
2026-05-04 13:17:30:1730 debug: ExpNotifier: Sent actual-exp to 1 client(s) using a single DB query.
2026-05-04 13:17:33:1733 debug: [Reconciler] Запуск сверки истекших резерваций...
2026-05-04 13:17:33:1733 debug: [Reconciler] Не найдено истекших резерваций для сверки.
2026-05-04 13:18:00:180 debug: [CraftGovernor] Запуск цикла проверки... [context: governor]
2026-05-04 13:18:00:180 debug: [CraftGovernor] Предыдущее состояние: 2 владельцев. Текущее состояние: 2 владельцев. [context: governor]
2026-05-04 13:18:00:180 info: [CraftGovernor] Найдено для паузы: 0. Найдено для возобновления: 0. [context: governor]
2026-05-04 13:18:00:180 debug: [CraftGovernor] Изменений нет, состояние не обновлялось. [context: governor]
2026-05-04 13:18:00:180 debug: [CraftGovernor] Цикл проверки завершен. [context: governor]
2026-05-04 13:18:30:1830 debug: ExpNotifier: Sent actual-exp to 1 client(s) using a single DB query.
2026-05-04 13:18:33:1833 debug: [Reconciler] Запуск сверки истекших резерваций...
2026-05-04 13:18:33:1833 debug: [Reconciler] Не найдено истекших резерваций для сверки.
2026-05-04 13:19:00:190 debug: [CraftGovernor] Запуск цикла проверки... [context: governor]
2026-05-04 13:19:00:190 debug: [CraftGovernor] Предыдущее состояние: 2 владельцев. Текущее состояние: 2 владельцев. [context: governor]
2026-05-04 13:19:00:190 info: [CraftGovernor] Найдено для паузы: 0. Найдено для возобновления: 0. [context: governor]
2026-05-04 13:19:00:190 debug: [CraftGovernor] Изменений нет, состояние не обновлялось. [context: governor]
2026-05-04 13:19:00:190 debug: [CraftGovernor] Цикл проверки завершен. [context: governor]
2026-05-04 13:19:30:1930 debug: ExpNotifier: Sent actual-exp to 1 client(s) using a single DB query.
2026-05-04 13:19:33:1933 debug: [Reconciler] Запуск сверки истекших резерваций...
2026-05-04 13:19:33:1933 debug: [Reconciler] Не найдено истекших резерваций для сверки.
2026-05-04 13:20:00:200 debug: [CraftGovernor] Запуск цикла проверки... [context: governor]
2026-05-04 13:20:00:200 debug: [CraftGovernor] Предыдущее состояние: 2 владельцев. Текущее состояние: 2 владельцев. [context: governor]
2026-05-04 13:20:00:200 info: [CraftGovernor] Найдено для паузы: 0. Найдено для возобновления: 0. [context: governor]
2026-05-04 13:20:00:200 debug: [CraftGovernor] Изменений нет, состояние не обновлялось. [context: governor]
2026-05-04 13:20:00:200 debug: [CraftGovernor] Цикл проверки завершен. [context: governor]
2026-05-04 13:20:30:2030 debug: ExpNotifier: Sent actual-exp to 1 client(s) using a single DB query.
2026-05-04 13:20:33:2033 debug: [Reconciler] Запуск сверки истекших резерваций...
2026-05-04 13:20:33:2033 debug: [Reconciler] Не найдено истекших резерваций для сверки.
2026-05-04 13:21:00:210 debug: [CraftGovernor] Запуск цикла проверки... [context: governor]
2026-05-04 13:21:00:210 debug: [CraftGovernor] Предыдущее состояние: 2 владельцев. Текущее состояние: 2 владельцев. [context: governor]
2026-05-04 13:21:00:210 info: [CraftGovernor] Найдено для паузы: 0. Найдено для возобновления: 0. [context: governor]
2026-05-04 13:21:00:210 debug: [CraftGovernor] Изменений нет, состояние не обновлялось. [context: governor]
2026-05-04 13:21:00:210 debug: [CraftGovernor] Цикл проверки завершен. [context: governor]
2026-05-04 13:21:30:2130 debug: ExpNotifier: Sent actual-exp to 1 client(s) using a single DB query.
2026-05-04 13:21:33:2133 debug: [Reconciler] Запуск сверки истекших резерваций...
2026-05-04 13:21:33:2133 debug: [Reconciler] Не найдено истекших резерваций для сверки.
2026-05-04 13:22:00:220 debug: [CraftGovernor] Запуск цикла проверки... [context: governor]
2026-05-04 13:22:00:220 debug: [CraftGovernor] Предыдущее состояние: 2 владельцев. Текущее состояние: 2 владельцев. [context: governor]
2026-05-04 13:22:00:220 info: [CraftGovernor] Найдено для паузы: 0. Найдено для возобновления: 0. [context: governor]
2026-05-04 13:22:00:220 debug: [CraftGovernor] Изменений нет, состояние не обновлялось. [context: governor]
2026-05-04 13:22:00:220 debug: [CraftGovernor] Цикл проверки завершен. [context: governor]
2026-05-04 13:22:30:2230 debug: ExpNotifier: Sent actual-exp to 1 client(s) using a single DB query.
2026-05-04 13:22:33:2233 debug: [Reconciler] Запуск сверки истекших резерваций...
2026-05-04 13:22:33:2233 debug: [Reconciler] Не найдено истекших резерваций для сверки.
2026-05-04 13:23:00:230 debug: [CraftGovernor] Запуск цикла проверки... [context: governor]
2026-05-04 13:23:00:230 debug: [CraftGovernor] Предыдущее состояние: 2 владельцев. Текущее состояние: 2 владельцев. [context: governor]
2026-05-04 13:23:00:230 info: [CraftGovernor] Найдено для паузы: 0. Найдено для возобновления: 0. [context: governor]
2026-05-04 13:23:00:230 debug: [CraftGovernor] Изменений нет, состояние не обновлялось. [context: governor]
2026-05-04 13:23:00:230 debug: [CraftGovernor] Цикл проверки завершен. [context: governor]
2026-05-04 13:23:30:2330 debug: ExpNotifier: Sent actual-exp to 1 client(s) using a single DB query.
2026-05-04 13:23:33:2333 debug: [Reconciler] Запуск сверки истекших резерваций...
2026-05-04 13:23:33:2333 debug: [Reconciler] Не найдено истекших резерваций для сверки.
2026-05-04 13:24:00:240 debug: [CraftGovernor] Запуск цикла проверки... [context: governor]
2026-05-04 13:24:00:240 debug: [CraftGovernor] Предыдущее состояние: 2 владельцев. Текущее состояние: 2 владельцев. [context: governor]
2026-05-04 13:24:00:240 info: [CraftGovernor] Найдено для паузы: 0. Найдено для возобновления: 0. [context: governor]
2026-05-04 13:24:00:240 debug: [CraftGovernor] Изменений нет, состояние не обновлялось. [context: governor]
2026-05-04 13:24:00:240 debug: [CraftGovernor] Цикл проверки завершен. [context: governor]
2026-05-04 13:24:30:2430 debug: ExpNotifier: Sent actual-exp to 1 client(s) using a single DB query.
2026-05-04 13:24:33:2433 debug: [Reconciler] Запуск сверки истекших резерваций...
2026-05-04 13:24:33:2433 debug: [Reconciler] Не найдено истекших резерваций для сверки.
2026-05-04 13:25:00:250 debug: [CraftGovernor] Запуск цикла проверки... [context: governor]
2026-05-04 13:25:00:250 debug: [CraftGovernor] Предыдущее состояние: 2 владельцев. Текущее состояние: 2 владельцев. [context: governor]
2026-05-04 13:25:00:250 info: [CraftGovernor] Найдено для паузы: 0. Найдено для возобновления: 0. [context: governor]
2026-05-04 13:25:00:250 debug: [CraftGovernor] Изменений нет, состояние не обновлялось. [context: governor]
2026-05-04 13:25:00:250 debug: [CraftGovernor] Цикл проверки завершен. [context: governor]
2026-05-04 13:25:30:2530 debug: ExpNotifier: Sent actual-exp to 1 client(s) using a single DB query.
2026-05-04 13:25:33:2533 debug: [Reconciler] Запуск сверки истекших резерваций...
2026-05-04 13:25:33:2533 debug: [Reconciler] Не найдено истекших резерваций для сверки.
2026-05-04 13:26:00:260 debug: [CraftGovernor] Запуск цикла проверки... [context: governor]
2026-05-04 13:26:00:260 debug: [CraftGovernor] Предыдущее состояние: 2 владельцев. Текущее состояние: 2 владельцев. [context: governor]
2026-05-04 13:26:00:260 info: [CraftGovernor] Найдено для паузы: 0. Найдено для возобновления: 0. [context: governor]
2026-05-04 13:26:00:260 debug: [CraftGovernor] Изменений нет, состояние не обновлялось. [context: governor]
2026-05-04 13:26:00:260 debug: [CraftGovernor] Цикл проверки завершен. [context: governor]
2026-05-04 13:26:30:2630 debug: ExpNotifier: Sent actual-exp to 1 client(s) using a single DB query.
2026-05-04 13:26:33:2633 debug: [Reconciler] Запуск сверки истекших резерваций...
2026-05-04 13:26:33:2633 debug: [Reconciler] Не найдено истекших резерваций для сверки.
2026-05-04 13:27:00:270 debug: [CraftGovernor] Запуск цикла проверки... [context: governor]
2026-05-04 13:27:00:270 debug: [CraftGovernor] Предыдущее состояние: 2 владельцев. Текущее состояние: 2 владельцев. [context: governor]
2026-05-04 13:27:00:270 info: [CraftGovernor] Найдено для паузы: 0. Найдено для возобновления: 0. [context: governor]
2026-05-04 13:27:00:270 debug: [CraftGovernor] Изменений нет, состояние не обновлялось. [context: governor]
2026-05-04 13:27:00:270 debug: [CraftGovernor] Цикл проверки завершен. [context: governor]
2026-05-04 13:27:30:2730 debug: ExpNotifier: Sent actual-exp to 1 client(s) using a single DB query.
2026-05-04 13:27:33:2733 debug: [Reconciler] Запуск сверки истекших резерваций...
2026-05-04 13:27:33:2733 debug: [Reconciler] Не найдено истекших резерваций для сверки.
2026-05-04 13:28:00:280 debug: [CraftGovernor] Запуск цикла проверки... [context: governor]
2026-05-04 13:28:00:280 debug: [CraftGovernor] Предыдущее состояние: 2 владельцев. Текущее состояние: 2 владельцев. [context: governor]
2026-05-04 13:28:00:280 info: [CraftGovernor] Найдено для паузы: 0. Найдено для возобновления: 0. [context: governor]
2026-05-04 13:28:00:280 debug: [CraftGovernor] Изменений нет, состояние не обновлялось. [context: governor]
2026-05-04 13:28:00:280 debug: [CraftGovernor] Цикл проверки завершен. [context: governor]
2026-05-04 13:28:30:2830 debug: ExpNotifier: Sent actual-exp to 1 client(s) using a single DB query.
2026-05-04 13:28:33:2833 debug: [Reconciler] Запуск сверки истекших резерваций...
2026-05-04 13:28:33:2833 debug: [Reconciler] Не найдено истекших резерваций для сверки.
2026-05-04 13:29:00:290 debug: [CraftGovernor] Запуск цикла проверки... [context: governor]
2026-05-04 13:29:00:290 debug: [CraftGovernor] Предыдущее состояние: 2 владельцев. Текущее состояние: 2 владельцев. [context: governor]
2026-05-04 13:29:00:290 info: [CraftGovernor] Найдено для паузы: 0. Найдено для возобновления: 0. [context: governor]
2026-05-04 13:29:00:290 debug: [CraftGovernor] Изменений нет, состояние не обновлялось. [context: governor]
2026-05-04 13:29:00:290 debug: [CraftGovernor] Цикл проверки завершен. [context: governor]
2026-05-04 13:29:30:2930 debug: ExpNotifier: Sent actual-exp to 1 client(s) using a single DB query.
2026-05-04 13:29:33:2933 debug: [Reconciler] Запуск сверки истекших резерваций...
2026-05-04 13:29:33:2933 debug: [Reconciler] Не найдено истекших резерваций для сверки.
2026-05-04 13:30:00:300 debug: [CraftGovernor] Запуск цикла проверки... [context: governor]
2026-05-04 13:30:00:300 debug: [CraftGovernor] Предыдущее состояние: 2 владельцев. Текущее состояние: 2 владельцев. [context: governor]
2026-05-04 13:30:00:300 info: [CraftGovernor] Найдено для паузы: 0. Найдено для возобновления: 0. [context: governor]
2026-05-04 13:30:00:300 debug: [CraftGovernor] Изменений нет, состояние не обновлялось. [context: governor]
2026-05-04 13:30:00:300 debug: [CraftGovernor] Цикл проверки завершен. [context: governor]
2026-05-04 13:30:30:3030 debug: ExpNotifier: Sent actual-exp to 1 client(s) using a single DB query.
2026-05-04 13:30:33:3033 debug: [Reconciler] Запуск сверки истекших резерваций...
2026-05-04 13:30:33:3033 debug: [Reconciler] Не найдено истекших резерваций для сверки.
2026-05-04 13:31:00:310 debug: [CraftGovernor] Запуск цикла проверки... [context: governor]
2026-05-04 13:31:00:310 debug: [CraftGovernor] Предыдущее состояние: 2 владельцев. Текущее состояние: 2 владельцев. [context: governor]
2026-05-04 13:31:00:310 info: [CraftGovernor] Найдено для паузы: 0. Найдено для возобновления: 0. [context: governor]
2026-05-04 13:31:00:310 debug: [CraftGovernor] Изменений нет, состояние не обновлялось. [context: governor]
2026-05-04 13:31:00:310 debug: [CraftGovernor] Цикл проверки завершен. [context: governor]
2026-05-04 13:31:30:3130 debug: ExpNotifier: Sent actual-exp to 1 client(s) using a single DB query.
2026-05-04 13:31:33:3133 debug: [Reconciler] Запуск сверки истекших резерваций...
2026-05-04 13:31:33:3133 debug: [Reconciler] Не найдено истекших резерваций для сверки.
2026-05-04 13:32:00:320 debug: [CraftGovernor] Запуск цикла проверки... [context: governor]
2026-05-04 13:32:00:320 debug: [CraftGovernor] Предыдущее состояние: 2 владельцев. Текущее состояние: 2 владельцев. [context: governor]
2026-05-04 13:32:00:320 info: [CraftGovernor] Найдено для паузы: 0. Найдено для возобновления: 0. [context: governor]
2026-05-04 13:32:00:320 debug: [CraftGovernor] Изменений нет, состояние не обновлялось. [context: governor]
2026-05-04 13:32:00:320 debug: [CraftGovernor] Цикл проверки завершен. [context: governor]
2026-05-04 13:32:30:3230 debug: ExpNotifier: Sent actual-exp to 1 client(s) using a single DB query.
2026-05-04 13:32:33:3233 debug: [Reconciler] Запуск сверки истекших резерваций...
2026-05-04 13:32:33:3233 debug: [Reconciler] Не найдено истекших резерваций для сверки.
2026-05-04 13:33:00:330 debug: [CraftGovernor] Запуск цикла проверки... [context: governor]
2026-05-04 13:33:00:330 debug: [CraftGovernor] Предыдущее состояние: 2 владельцев. Текущее состояние: 2 владельцев. [context: governor]
2026-05-04 13:33:00:330 info: [CraftGovernor] Найдено для паузы: 0. Найдено для возобновления: 0. [context: governor]
2026-05-04 13:33:00:330 debug: [CraftGovernor] Изменений нет, состояние не обновлялось. [context: governor]
2026-05-04 13:33:00:330 debug: [CraftGovernor] Цикл проверки завершен. [context: governor]
2026-05-04 13:33:30:3330 debug: ExpNotifier: Sent actual-exp to 1 client(s) using a single DB query.
2026-05-04 13:33:33:3333 debug: [Reconciler] Запуск сверки истекших резерваций...
2026-05-04 13:33:33:3333 debug: [Reconciler] Не найдено истекших резерваций для сверки.
2026-05-04 13:34:00:340 debug: [CraftGovernor] Запуск цикла проверки... [context: governor]
2026-05-04 13:34:00:340 debug: [CraftGovernor] Предыдущее состояние: 2 владельцев. Текущее состояние: 2 владельцев. [context: governor]
2026-05-04 13:34:00:340 info: [CraftGovernor] Найдено для паузы: 0. Найдено для возобновления: 0. [context: governor]
2026-05-04 13:34:00:340 debug: [CraftGovernor] Изменений нет, состояние не обновлялось. [context: governor]
2026-05-04 13:34:00:340 debug: [CraftGovernor] Цикл проверки завершен. [context: governor]
2026-05-04 13:34:30:3430 debug: ExpNotifier: Sent actual-exp to 1 client(s) using a single DB query.
2026-05-04 13:34:33:3433 debug: [Reconciler] Запуск сверки истекших резерваций...
2026-05-04 13:34:33:3433 debug: [Reconciler] Не найдено истекших резерваций для сверки.
2026-05-04 13:35:00:350 debug: [CraftGovernor] Запуск цикла проверки... [context: governor]
2026-05-04 13:35:00:350 debug: [CraftGovernor] Предыдущее состояние: 2 владельцев. Текущее состояние: 2 владельцев. [context: governor]
2026-05-04 13:35:00:350 info: [CraftGovernor] Найдено для паузы: 0. Найдено для возобновления: 0. [context: governor]
2026-05-04 13:35:00:350 debug: [CraftGovernor] Изменений нет, состояние не обновлялось. [context: governor]
2026-05-04 13:35:00:350 debug: [CraftGovernor] Цикл проверки завершен. [context: governor]
2026-05-04 13:35:30:3530 debug: ExpNotifier: Sent actual-exp to 1 client(s) using a single DB query.
2026-05-04 13:35:33:3533 debug: [Reconciler] Запуск сверки истекших резерваций...
2026-05-04 13:35:33:3533 debug: [Reconciler] Не найдено истекших резерваций для сверки.
2026-05-04 13:36:00:360 debug: [CraftGovernor] Запуск цикла проверки... [context: governor]
2026-05-04 13:36:00:360 debug: [CraftGovernor] Предыдущее состояние: 2 владельцев. Текущее состояние: 2 владельцев. [context: governor]
2026-05-04 13:36:00:360 info: [CraftGovernor] Найдено для паузы: 0. Найдено для возобновления: 0. [context: governor]
2026-05-04 13:36:00:360 debug: [CraftGovernor] Изменений нет, состояние не обновлялось. [context: governor]
2026-05-04 13:36:00:360 debug: [CraftGovernor] Цикл проверки завершен. [context: governor]
2026-05-04 13:36:30:3630 debug: ExpNotifier: Sent actual-exp to 1 client(s) using a single DB query.
2026-05-04 13:36:33:3633 debug: [Reconciler] Запуск сверки истекших резерваций...
2026-05-04 13:36:33:3633 debug: [Reconciler] Не найдено истекших резерваций для сверки.
2026-05-04 13:37:00:370 debug: [CraftGovernor] Запуск цикла проверки... [context: governor]
2026-05-04 13:37:00:370 debug: [CraftGovernor] Предыдущее состояние: 2 владельцев. Текущее состояние: 2 владельцев. [context: governor]
2026-05-04 13:37:00:370 info: [CraftGovernor] Найдено для паузы: 0. Найдено для возобновления: 0. [context: governor]
2026-05-04 13:37:00:370 debug: [CraftGovernor] Изменений нет, состояние не обновлялось. [context: governor]
2026-05-04 13:37:00:370 debug: [CraftGovernor] Цикл проверки завершен. [context: governor]
2026-05-04 13:37:30:3730 debug: ExpNotifier: Sent actual-exp to 1 client(s) using a single DB query.
2026-05-04 13:37:33:3733 debug: [Reconciler] Запуск сверки истекших резерваций...
2026-05-04 13:37:33:3733 debug: [Reconciler] Не найдено истекших резерваций для сверки.
2026-05-04 13:38:00:380 debug: [CraftGovernor] Запуск цикла проверки... [context: governor]
2026-05-04 13:38:00:380 debug: [CraftGovernor] Предыдущее состояние: 2 владельцев. Текущее состояние: 2 владельцев. [context: governor]
2026-05-04 13:38:00:380 info: [CraftGovernor] Найдено для паузы: 0. Найдено для возобновления: 0. [context: governor]
2026-05-04 13:38:00:380 debug: [CraftGovernor] Изменений нет, состояние не обновлялось. [context: governor]
2026-05-04 13:38:00:380 debug: [CraftGovernor] Цикл проверки завершен. [context: governor]
2026-05-04 13:38:30:3830 debug: ExpNotifier: Sent actual-exp to 1 client(s) using a single DB query.
2026-05-04 13:38:33:3833 debug: [Reconciler] Запуск сверки истекших резерваций...
2026-05-04 13:38:33:3833 debug: [Reconciler] Не найдено истекших резерваций для сверки.
2026-05-04 13:39:00:390 debug: [CraftGovernor] Запуск цикла проверки... [context: governor]
2026-05-04 13:39:00:390 debug: [CraftGovernor] Предыдущее состояние: 2 владельцев. Текущее состояние: 2 владельцев. [context: governor]
2026-05-04 13:39:00:390 info: [CraftGovernor] Найдено для паузы: 0. Найдено для возобновления: 0. [context: governor]
2026-05-04 13:39:00:390 debug: [CraftGovernor] Изменений нет, состояние не обновлялось. [context: governor]
2026-05-04 13:39:00:390 debug: [CraftGovernor] Цикл проверки завершен. [context: governor]
2026-05-04 13:39:30:3930 debug: ExpNotifier: Sent actual-exp to 1 client(s) using a single DB query.
2026-05-04 13:39:33:3933 debug: [Reconciler] Запуск сверки истекших резерваций...
2026-05-04 13:39:33:3933 debug: [Reconciler] Не найдено истекших резерваций для сверки.
2026-05-04 13:40:00:400 debug: [CraftGovernor] Запуск цикла проверки... [context: governor]
2026-05-04 13:40:00:400 debug: [CraftGovernor] Предыдущее состояние: 2 владельцев. Текущее состояние: 2 владельцев. [context: governor]
2026-05-04 13:40:00:400 info: [CraftGovernor] Найдено для паузы: 0. Найдено для возобновления: 0. [context: governor]
2026-05-04 13:40:00:400 debug: [CraftGovernor] Изменений нет, состояние не обновлялось. [context: governor]
2026-05-04 13:40:00:400 debug: [CraftGovernor] Цикл проверки завершен. [context: governor]
2026-05-04 13:40:30:4030 debug: ExpNotifier: Sent actual-exp to 1 client(s) using a single DB query.
2026-05-04 13:40:33:4033 debug: [Reconciler] Запуск сверки истекших резерваций...
2026-05-04 13:40:33:4033 debug: [Reconciler] Не найдено истекших резерваций для сверки.
2026-05-04 13:41:00:410 debug: [CraftGovernor] Запуск цикла проверки... [context: governor]
2026-05-04 13:41:00:410 debug: [CraftGovernor] Предыдущее состояние: 2 владельцев. Текущее состояние: 2 владельцев. [context: governor]
2026-05-04 13:41:00:410 info: [CraftGovernor] Найдено для паузы: 0. Найдено для возобновления: 0. [context: governor]
2026-05-04 13:41:00:410 debug: [CraftGovernor] Изменений нет, состояние не обновлялось. [context: governor]
2026-05-04 13:41:00:410 debug: [CraftGovernor] Цикл проверки завершен. [context: governor]
2026-05-04 13:41:30:4130 debug: ExpNotifier: Sent actual-exp to 1 client(s) using a single DB query.
2026-05-04 13:41:33:4133 debug: [Reconciler] Запуск сверки истекших резерваций...
2026-05-04 13:41:33:4133 debug: [Reconciler] Не найдено истекших резерваций для сверки.
2026-05-04 13:42:00:420 debug: [CraftGovernor] Запуск цикла проверки... [context: governor]
2026-05-04 13:42:00:420 debug: [CraftGovernor] Предыдущее состояние: 2 владельцев. Текущее состояние: 2 владельцев. [context: governor]
2026-05-04 13:42:00:420 info: [CraftGovernor] Найдено для паузы: 0. Найдено для возобновления: 0. [context: governor]
2026-05-04 13:42:00:420 debug: [CraftGovernor] Изменений нет, состояние не обновлялось. [context: governor]
2026-05-04 13:42:00:420 debug: [CraftGovernor] Цикл проверки завершен. [context: governor]
2026-05-04 13:42:30:4230 debug: ExpNotifier: Sent actual-exp to 1 client(s) using a single DB query.
2026-05-04 13:42:33:4233 debug: [Reconciler] Запуск сверки истекших резерваций...
2026-05-04 13:42:33:4233 debug: [Reconciler] Не найдено истекших резерваций для сверки.
2026-05-04 13:43:00:430 debug: [CraftGovernor] Запуск цикла проверки... [context: governor]
2026-05-04 13:43:00:430 debug: [CraftGovernor] Предыдущее состояние: 2 владельцев. Текущее состояние: 2 владельцев. [context: governor]
2026-05-04 13:43:00:430 info: [CraftGovernor] Найдено для паузы: 0. Найдено для возобновления: 0. [context: governor]
2026-05-04 13:43:00:430 debug: [CraftGovernor] Изменений нет, состояние не обновлялось. [context: governor]
2026-05-04 13:43:00:430 debug: [CraftGovernor] Цикл проверки завершен. [context: governor]
2026-05-04 13:43:30:4330 debug: ExpNotifier: Sent actual-exp to 1 client(s) using a single DB query.
2026-05-04 13:43:33:4333 debug: [Reconciler] Запуск сверки истекших резерваций...
2026-05-04 13:43:33:4333 debug: [Reconciler] Не найдено истекших резерваций для сверки.
2026-05-04 13:44:00:440 debug: [CraftGovernor] Запуск цикла проверки... [context: governor]
2026-05-04 13:44:00:440 debug: [CraftGovernor] Предыдущее состояние: 2 владельцев. Текущее состояние: 2 владельцев. [context: governor]
2026-05-04 13:44:00:440 info: [CraftGovernor] Найдено для паузы: 0. Найдено для возобновления: 0. [context: governor]
2026-05-04 13:44:00:440 debug: [CraftGovernor] Изменений нет, состояние не обновлялось. [context: governor]
2026-05-04 13:44:00:440 debug: [CraftGovernor] Цикл проверки завершен. [context: governor]
2026-05-04 13:44:30:4430 debug: ExpNotifier: Sent actual-exp to 1 client(s) using a single DB query.
2026-05-04 13:44:33:4433 debug: [Reconciler] Запуск сверки истекших резерваций...
2026-05-04 13:44:33:4433 debug: [Reconciler] Не найдено истекших резерваций для сверки.
2026-05-04 13:45:00:450 debug: [CraftGovernor] Запуск цикла проверки... [context: governor]
2026-05-04 13:45:00:450 debug: [CraftGovernor] Предыдущее состояние: 2 владельцев. Текущее состояние: 2 владельцев. [context: governor]
2026-05-04 13:45:00:450 info: [CraftGovernor] Найдено для паузы: 0. Найдено для возобновления: 0. [context: governor]
2026-05-04 13:45:00:450 debug: [CraftGovernor] Изменений нет, состояние не обновлялось. [context: governor]
2026-05-04 13:45:00:450 debug: [CraftGovernor] Цикл проверки завершен. [context: governor]
2026-05-04 13:45:30:4530 debug: ExpNotifier: Sent actual-exp to 1 client(s) using a single DB query.
2026-05-04 13:45:33:4533 debug: [Reconciler] Запуск сверки истекших резерваций...
2026-05-04 13:45:33:4533 debug: [Reconciler] Не найдено истекших резерваций для сверки.
2026-05-04 13:46:00:460 debug: [CraftGovernor] Запуск цикла проверки... [context: governor]
2026-05-04 13:46:00:460 debug: [CraftGovernor] Предыдущее состояние: 2 владельцев. Текущее состояние: 2 владельцев. [context: governor]
2026-05-04 13:46:00:460 info: [CraftGovernor] Найдено для паузы: 0. Найдено для возобновления: 0. [context: governor]
2026-05-04 13:46:00:460 debug: [CraftGovernor] Изменений нет, состояние не обновлялось. [context: governor]
2026-05-04 13:46:00:460 debug: [CraftGovernor] Цикл проверки завершен. [context: governor]
2026-05-04 13:46:30:4630 debug: ExpNotifier: Sent actual-exp to 1 client(s) using a single DB query.
2026-05-04 13:46:33:4633 debug: [Reconciler] Запуск сверки истекших резерваций...
2026-05-04 13:46:33:4633 debug: [Reconciler] Не найдено истекших резерваций для сверки.
2026-05-04 13:47:00:470 debug: [CraftGovernor] Запуск цикла проверки... [context: governor]
2026-05-04 13:47:00:470 debug: [CraftGovernor] Предыдущее состояние: 2 владельцев. Текущее состояние: 2 владельцев. [context: governor]
2026-05-04 13:47:00:470 info: [CraftGovernor] Найдено для паузы: 0. Найдено для возобновления: 0. [context: governor]
2026-05-04 13:47:00:470 debug: [CraftGovernor] Изменений нет, состояние не обновлялось. [context: governor]
2026-05-04 13:47:00:470 debug: [CraftGovernor] Цикл проверки завершен. [context: governor]
2026-05-04 13:47:30:4730 debug: ExpNotifier: Sent actual-exp to 1 client(s) using a single DB query.
2026-05-04 13:47:33:4733 debug: [Reconciler] Запуск сверки истекших резерваций...
2026-05-04 13:47:33:4733 debug: [Reconciler] Не найдено истекших резерваций для сверки.
2026-05-04 13:48:00:480 debug: [CraftGovernor] Запуск цикла проверки... [context: governor]
2026-05-04 13:48:00:480 debug: [CraftGovernor] Предыдущее состояние: 2 владельцев. Текущее состояние: 2 владельцев. [context: governor]
2026-05-04 13:48:00:480 info: [CraftGovernor] Найдено для паузы: 0. Найдено для возобновления: 0. [context: governor]
2026-05-04 13:48:00:480 debug: [CraftGovernor] Изменений нет, состояние не обновлялось. [context: governor]
2026-05-04 13:48:00:480 debug: [CraftGovernor] Цикл проверки завершен. [context: governor]
2026-05-04 13:48:30:4830 debug: ExpNotifier: Sent actual-exp to 1 client(s) using a single DB query.
2026-05-04 13:48:33:4833 debug: [Reconciler] Запуск сверки истекших резерваций...
2026-05-04 13:48:33:4833 debug: [Reconciler] Не найдено истекших резерваций для сверки.
2026-05-04 13:49:00:490 debug: [CraftGovernor] Запуск цикла проверки... [context: governor]
2026-05-04 13:49:00:490 debug: [CraftGovernor] Предыдущее состояние: 2 владельцев. Текущее состояние: 2 владельцев. [context: governor]
2026-05-04 13:49:00:490 info: [CraftGovernor] Найдено для паузы: 0. Найдено для возобновления: 0. [context: governor]
2026-05-04 13:49:00:490 debug: [CraftGovernor] Изменений нет, состояние не обновлялось. [context: governor]
2026-05-04 13:49:00:490 debug: [CraftGovernor] Цикл проверки завершен. [context: governor]
2026-05-04 13:49:30:4930 debug: ExpNotifier: Sent actual-exp to 1 client(s) using a single DB query.
2026-05-04 13:49:33:4933 debug: [Reconciler] Запуск сверки истекших резерваций...
2026-05-04 13:49:33:4933 debug: [Reconciler] Не найдено истекших резерваций для сверки.
2026-05-04 13:50:00:500 debug: [CraftGovernor] Запуск цикла проверки... [context: governor]
2026-05-04 13:50:00:500 debug: [CraftGovernor] Предыдущее состояние: 2 владельцев. Текущее состояние: 2 владельцев. [context: governor]
2026-05-04 13:50:00:500 info: [CraftGovernor] Найдено для паузы: 0. Найдено для возобновления: 0. [context: governor]
2026-05-04 13:50:00:500 debug: [CraftGovernor] Изменений нет, состояние не обновлялось. [context: governor]
2026-05-04 13:50:00:500 debug: [CraftGovernor] Цикл проверки завершен. [context: governor]
2026-05-04 13:50:30:5030 debug: ExpNotifier: Sent actual-exp to 1 client(s) using a single DB query.
2026-05-04 13:50:33:5033 debug: [Reconciler] Запуск сверки истекших резерваций...
2026-05-04 13:50:33:5033 debug: [Reconciler] Не найдено истекших резерваций для сверки.
2026-05-04 13:51:00:510 debug: [CraftGovernor] Запуск цикла проверки... [context: governor]
2026-05-04 13:51:00:510 debug: [CraftGovernor] Предыдущее состояние: 2 владельцев. Текущее состояние: 2 владельцев. [context: governor]
2026-05-04 13:51:00:510 info: [CraftGovernor] Найдено для паузы: 0. Найдено для возобновления: 0. [context: governor]
2026-05-04 13:51:00:510 debug: [CraftGovernor] Изменений нет, состояние не обновлялось. [context: governor]
2026-05-04 13:51:00:510 debug: [CraftGovernor] Цикл проверки завершен. [context: governor]
2026-05-04 13:51:30:5130 debug: ExpNotifier: Sent actual-exp to 1 client(s) using a single DB query.
2026-05-04 13:51:34:5134 debug: [Reconciler] Запуск сверки истекших резерваций...
2026-05-04 13:51:34:5134 debug: [Reconciler] Не найдено истекших резерваций для сверки.
2026-05-04 13:52:00:520 debug: [CraftGovernor] Запуск цикла проверки... [context: governor]
2026-05-04 13:52:00:520 debug: [CraftGovernor] Предыдущее состояние: 2 владельцев. Текущее состояние: 2 владельцев. [context: governor]
2026-05-04 13:52:00:520 info: [CraftGovernor] Найдено для паузы: 0. Найдено для возобновления: 0. [context: governor]
2026-05-04 13:52:00:520 debug: [CraftGovernor] Изменений нет, состояние не обновлялось. [context: governor]
2026-05-04 13:52:00:520 debug: [CraftGovernor] Цикл проверки завершен. [context: governor]
2026-05-04 13:52:30:5230 debug: ExpNotifier: Sent actual-exp to 1 client(s) using a single DB query.
2026-05-04 13:52:34:5234 debug: [Reconciler] Запуск сверки истекших резерваций...
2026-05-04 13:52:34:5234 debug: [Reconciler] Не найдено истекших резерваций для сверки.
2026-05-04 13:53:00:530 debug: [CraftGovernor] Запуск цикла проверки... [context: governor]
2026-05-04 13:53:00:530 debug: [CraftGovernor] Предыдущее состояние: 2 владельцев. Текущее состояние: 2 владельцев. [context: governor]
2026-05-04 13:53:00:530 info: [CraftGovernor] Найдено для паузы: 0. Найдено для возобновления: 0. [context: governor]
2026-05-04 13:53:00:530 debug: [CraftGovernor] Изменений нет, состояние не обновлялось. [context: governor]
2026-05-04 13:53:00:530 debug: [CraftGovernor] Цикл проверки завершен. [context: governor]
2026-05-04 13:53:30:5330 debug: ExpNotifier: Sent actual-exp to 1 client(s) using a single DB query.
2026-05-04 13:53:34:5334 debug: [Reconciler] Запуск сверки истекших резерваций...
2026-05-04 13:53:34:5334 debug: [Reconciler] Не найдено истекших резерваций для сверки.
2026-05-04 13:54:00:540 debug: [CraftGovernor] Запуск цикла проверки... [context: governor]
2026-05-04 13:54:00:540 debug: [CraftGovernor] Предыдущее состояние: 2 владельцев. Текущее состояние: 2 владельцев. [context: governor]
2026-05-04 13:54:00:540 info: [CraftGovernor] Найдено для паузы: 0. Найдено для возобновления: 0. [context: governor]
2026-05-04 13:54:00:540 debug: [CraftGovernor] Изменений нет, состояние не обновлялось. [context: governor]
2026-05-04 13:54:00:540 debug: [CraftGovernor] Цикл проверки завершен. [context: governor]
2026-05-04 13:54:30:5430 debug: ExpNotifier: Sent actual-exp to 1 client(s) using a single DB query.
2026-05-04 13:54:34:5434 debug: [Reconciler] Запуск сверки истекших резерваций...
2026-05-04 13:54:34:5434 debug: [Reconciler] Не найдено истекших резерваций для сверки.
2026-05-04 13:55:00:550 debug: [CraftGovernor] Запуск цикла проверки... [context: governor]
2026-05-04 13:55:00:550 debug: [CraftGovernor] Предыдущее состояние: 2 владельцев. Текущее состояние: 2 владельцев. [context: governor]
2026-05-04 13:55:00:550 info: [CraftGovernor] Найдено для паузы: 0. Найдено для возобновления: 0. [context: governor]
2026-05-04 13:55:00:550 debug: [CraftGovernor] Изменений нет, состояние не обновлялось. [context: governor]
2026-05-04 13:55:00:550 debug: [CraftGovernor] Цикл проверки завершен. [context: governor]
2026-05-04 13:55:30:5530 debug: ExpNotifier: Sent actual-exp to 1 client(s) using a single DB query.
2026-05-04 13:55:34:5534 debug: [Reconciler] Запуск сверки истекших резерваций...
2026-05-04 13:55:34:5534 debug: [Reconciler] Не найдено истекших резерваций для сверки.
2026-05-04 13:56:00:560 debug: [CraftGovernor] Запуск цикла проверки... [context: governor]
2026-05-04 13:56:00:560 debug: [CraftGovernor] Предыдущее состояние: 2 владельцев. Текущее состояние: 2 владельцев. [context: governor]
2026-05-04 13:56:00:560 info: [CraftGovernor] Найдено для паузы: 0. Найдено для возобновления: 0. [context: governor]
2026-05-04 13:56:00:560 debug: [CraftGovernor] Изменений нет, состояние не обновлялось. [context: governor]
2026-05-04 13:56:00:560 debug: [CraftGovernor] Цикл проверки завершен. [context: governor]
2026-05-04 13:56:30:5630 debug: ExpNotifier: Sent actual-exp to 1 client(s) using a single DB query.
2026-05-04 13:56:34:5634 debug: [Reconciler] Запуск сверки истекших резерваций...
2026-05-04 13:56:34:5634 debug: [Reconciler] Не найдено истекших резерваций для сверки.
2026-05-04 13:57:00:570 debug: [CraftGovernor] Запуск цикла проверки... [context: governor]
2026-05-04 13:57:00:570 debug: [CraftGovernor] Предыдущее состояние: 2 владельцев. Текущее состояние: 2 владельцев. [context: governor]
2026-05-04 13:57:00:570 info: [CraftGovernor] Найдено для паузы: 0. Найдено для возобновления: 0. [context: governor]
2026-05-04 13:57:00:570 debug: [CraftGovernor] Изменений нет, состояние не обновлялось. [context: governor]
2026-05-04 13:57:00:570 debug: [CraftGovernor] Цикл проверки завершен. [context: governor]
2026-05-04 13:57:30:5730 debug: ExpNotifier: Sent actual-exp to 1 client(s) using a single DB query.
2026-05-04 13:57:34:5734 debug: [Reconciler] Запуск сверки истекших резерваций...
2026-05-04 13:57:34:5734 debug: [Reconciler] Не найдено истекших резерваций для сверки.
2026-05-04 13:58:00:580 debug: [CraftGovernor] Запуск цикла проверки... [context: governor]
2026-05-04 13:58:00:580 debug: [CraftGovernor] Предыдущее состояние: 2 владельцев. Текущее состояние: 2 владельцев. [context: governor]
2026-05-04 13:58:00:580 info: [CraftGovernor] Найдено для паузы: 0. Найдено для возобновления: 0. [context: governor]
2026-05-04 13:58:00:580 debug: [CraftGovernor] Изменений нет, состояние не обновлялось. [context: governor]
2026-05-04 13:58:00:580 debug: [CraftGovernor] Цикл проверки завершен. [context: governor]
2026-05-04 13:58:30:5830 debug: ExpNotifier: Sent actual-exp to 1 client(s) using a single DB query.
2026-05-04 13:58:34:5834 debug: [Reconciler] Запуск сверки истекших резерваций...
2026-05-04 13:58:34:5834 debug: [Reconciler] Не найдено истекших резерваций для сверки.
2026-05-04 13:59:00:590 debug: [CraftGovernor] Запуск цикла проверки... [context: governor]
2026-05-04 13:59:00:590 debug: [CraftGovernor] Предыдущее состояние: 2 владельцев. Текущее состояние: 2 владельцев. [context: governor]
2026-05-04 13:59:00:590 info: [CraftGovernor] Найдено для паузы: 0. Найдено для возобновления: 0. [context: governor]
2026-05-04 13:59:00:590 debug: [CraftGovernor] Изменений нет, состояние не обновлялось. [context: governor]
2026-05-04 13:59:00:590 debug: [CraftGovernor] Цикл проверки завершен. [context: governor]
2026-05-04 13:59:30:5930 debug: ExpNotifier: Sent actual-exp to 1 client(s) using a single DB query.
2026-05-04 13:59:34:5934 debug: [Reconciler] Запуск сверки истекших резерваций...
2026-05-04 13:59:34:5934 debug: [Reconciler] Не найдено истекших резерваций для сверки.
2026-05-04 14:00:00:00 debug: [CraftGovernor] Запуск цикла проверки... [context: governor]
2026-05-04 14:00:00:00 debug: [CraftGovernor] Предыдущее состояние: 2 владельцев. Текущее состояние: 2 владельцев. [context: governor]
2026-05-04 14:00:00:00 info: [CraftGovernor] Найдено для паузы: 0. Найдено для возобновления: 0. [context: governor]
2026-05-04 14:00:00:00 debug: [CraftGovernor] Изменений нет, состояние не обновлялось. [context: governor]
2026-05-04 14:00:00:00 debug: [CraftGovernor] Цикл проверки завершен. [context: governor]
2026-05-04 14:00:30:030 debug: ExpNotifier: Sent actual-exp to 1 client(s) using a single DB query.
2026-05-04 14:00:34:034 debug: [Reconciler] Запуск сверки истекших резерваций...
2026-05-04 14:00:34:034 debug: [Reconciler] Не найдено истекших резерваций для сверки.
2026-05-04 14:01:00:10 debug: [CraftGovernor] Запуск цикла проверки... [context: governor]
2026-05-04 14:01:00:10 debug: [CraftGovernor] Предыдущее состояние: 2 владельцев. Текущее состояние: 2 владельцев. [context: governor]
2026-05-04 14:01:00:10 info: [CraftGovernor] Найдено для паузы: 0. Найдено для возобновления: 0. [context: governor]
2026-05-04 14:01:00:10 debug: [CraftGovernor] Изменений нет, состояние не обновлялось. [context: governor]
2026-05-04 14:01:00:10 debug: [CraftGovernor] Цикл проверки завершен. [context: governor]
2026-05-04 14:01:30:130 debug: ExpNotifier: Sent actual-exp to 1 client(s) using a single DB query.
2026-05-04 14:01:34:134 debug: [Reconciler] Запуск сверки истекших резерваций...
2026-05-04 14:01:34:134 debug: [Reconciler] Не найдено истекших резерваций для сверки.
2026-05-04 14:02:00:20 debug: [CraftGovernor] Запуск цикла проверки... [context: governor]
2026-05-04 14:02:00:20 debug: [CraftGovernor] Предыдущее состояние: 2 владельцев. Текущее состояние: 2 владельцев. [context: governor]
2026-05-04 14:02:00:20 info: [CraftGovernor] Найдено для паузы: 0. Найдено для возобновления: 0. [context: governor]
2026-05-04 14:02:00:20 debug: [CraftGovernor] Изменений нет, состояние не обновлялось. [context: governor]
2026-05-04 14:02:00:20 debug: [CraftGovernor] Цикл проверки завершен. [context: governor]
2026-05-04 14:02:30:230 debug: ExpNotifier: Sent actual-exp to 1 client(s) using a single DB query.
2026-05-04 14:02:34:234 debug: [Reconciler] Запуск сверки истекших резерваций...
2026-05-04 14:02:34:234 debug: [Reconciler] Не найдено истекших резерваций для сверки.
2026-05-04 14:03:00:30 debug: [CraftGovernor] Запуск цикла проверки... [context: governor]
2026-05-04 14:03:00:30 debug: [CraftGovernor] Предыдущее состояние: 2 владельцев. Текущее состояние: 2 владельцев. [context: governor]
2026-05-04 14:03:00:30 info: [CraftGovernor] Найдено для паузы: 0. Найдено для возобновления: 0. [context: governor]
2026-05-04 14:03:00:30 debug: [CraftGovernor] Изменений нет, состояние не обновлялось. [context: governor]
2026-05-04 14:03:00:30 debug: [CraftGovernor] Цикл проверки завершен. [context: governor]
2026-05-04 14:03:30:330 debug: ExpNotifier: Sent actual-exp to 1 client(s) using a single DB query.
2026-05-04 14:03:34:334 debug: [Reconciler] Запуск сверки истекших резерваций...
2026-05-04 14:03:34:334 debug: [Reconciler] Не найдено истекших резерваций для сверки.
2026-05-04 14:04:00:40 debug: [CraftGovernor] Запуск цикла проверки... [context: governor]
2026-05-04 14:04:00:40 debug: [CraftGovernor] Предыдущее состояние: 2 владельцев. Текущее состояние: 2 владельцев. [context: governor]
2026-05-04 14:04:00:40 info: [CraftGovernor] Найдено для паузы: 0. Найдено для возобновления: 0. [context: governor]
2026-05-04 14:04:00:40 debug: [CraftGovernor] Изменений нет, состояние не обновлялось. [context: governor]
2026-05-04 14:04:00:40 debug: [CraftGovernor] Цикл проверки завершен. [context: governor]
2026-05-04 14:04:30:430 debug: ExpNotifier: Sent actual-exp to 1 client(s) using a single DB query.
2026-05-04 14:04:34:434 debug: [Reconciler] Запуск сверки истекших резерваций...
2026-05-04 14:04:34:434 debug: [Reconciler] Не найдено истекших резерваций для сверки.
2026-05-04 14:05:00:50 debug: [CraftGovernor] Запуск цикла проверки... [context: governor]
2026-05-04 14:05:00:50 debug: [CraftGovernor] Предыдущее состояние: 2 владельцев. Текущее состояние: 2 владельцев. [context: governor]
2026-05-04 14:05:00:50 info: [CraftGovernor] Найдено для паузы: 0. Найдено для возобновления: 0. [context: governor]
2026-05-04 14:05:00:50 debug: [CraftGovernor] Изменений нет, состояние не обновлялось. [context: governor]
2026-05-04 14:05:00:50 debug: [CraftGovernor] Цикл проверки завершен. [context: governor]
2026-05-04 14:05:30:530 debug: ExpNotifier: Sent actual-exp to 1 client(s) using a single DB query.
2026-05-04 14:05:34:534 debug: [Reconciler] Запуск сверки истекших резерваций...
2026-05-04 14:05:34:534 debug: [Reconciler] Не найдено истекших резерваций для сверки.
2026-05-04 14:06:00:60 debug: [CraftGovernor] Запуск цикла проверки... [context: governor]
2026-05-04 14:06:00:60 debug: [CraftGovernor] Предыдущее состояние: 2 владельцев. Текущее состояние: 2 владельцев. [context: governor]
2026-05-04 14:06:00:60 info: [CraftGovernor] Найдено для паузы: 0. Найдено для возобновления: 0. [context: governor]
2026-05-04 14:06:00:60 debug: [CraftGovernor] Изменений нет, состояние не обновлялось. [context: governor]
2026-05-04 14:06:00:60 debug: [CraftGovernor] Цикл проверки завершен. [context: governor]
2026-05-04 14:06:30:630 debug: ExpNotifier: Sent actual-exp to 1 client(s) using a single DB query.
2026-05-04 14:06:34:634 debug: [Reconciler] Запуск сверки истекших резерваций...
2026-05-04 14:06:34:634 debug: [Reconciler] Не найдено истекших резерваций для сверки.
2026-05-04 14:07:00:70 debug: [CraftGovernor] Запуск цикла проверки... [context: governor]
2026-05-04 14:07:00:70 debug: [CraftGovernor] Предыдущее состояние: 2 владельцев. Текущее состояние: 2 владельцев. [context: governor]
2026-05-04 14:07:00:70 info: [CraftGovernor] Найдено для паузы: 0. Найдено для возобновления: 0. [context: governor]
2026-05-04 14:07:00:70 debug: [CraftGovernor] Изменений нет, состояние не обновлялось. [context: governor]
2026-05-04 14:07:00:70 debug: [CraftGovernor] Цикл проверки завершен. [context: governor]
2026-05-04 14:07:30:730 debug: ExpNotifier: Sent actual-exp to 1 client(s) using a single DB query.
2026-05-04 14:07:34:734 debug: [Reconciler] Запуск сверки истекших резерваций...
2026-05-04 14:07:34:734 debug: [Reconciler] Не найдено истекших резерваций для сверки.
2026-05-04 14:08:00:80 debug: [CraftGovernor] Запуск цикла проверки... [context: governor]
2026-05-04 14:08:00:80 debug: [CraftGovernor] Предыдущее состояние: 2 владельцев. Текущее состояние: 2 владельцев. [context: governor]
2026-05-04 14:08:00:80 info: [CraftGovernor] Найдено для паузы: 0. Найдено для возобновления: 0. [context: governor]
2026-05-04 14:08:00:80 debug: [CraftGovernor] Изменений нет, состояние не обновлялось. [context: governor]
2026-05-04 14:08:00:80 debug: [CraftGovernor] Цикл проверки завершен. [context: governor]
2026-05-04 14:08:30:830 debug: ExpNotifier: Sent actual-exp to 1 client(s) using a single DB query.
2026-05-04 14:08:34:834 debug: [Reconciler] Запуск сверки истекших резерваций...
2026-05-04 14:08:34:834 debug: [Reconciler] Не найдено истекших резерваций для сверки.
2026-05-04 14:09:00:90 debug: [CraftGovernor] Запуск цикла проверки... [context: governor]
2026-05-04 14:09:00:90 debug: [CraftGovernor] Предыдущее состояние: 2 владельцев. Текущее состояние: 2 владельцев. [context: governor]
2026-05-04 14:09:00:90 info: [CraftGovernor] Найдено для паузы: 0. Найдено для возобновления: 0. [context: governor]
2026-05-04 14:09:00:90 debug: [CraftGovernor] Изменений нет, состояние не обновлялось. [context: governor]
2026-05-04 14:09:00:90 debug: [CraftGovernor] Цикл проверки завершен. [context: governor]
2026-05-04 14:09:30:930 debug: ExpNotifier: Sent actual-exp to 1 client(s) using a single DB query.
2026-05-04 14:09:34:934 debug: [Reconciler] Запуск сверки истекших резерваций...
2026-05-04 14:09:34:934 debug: [Reconciler] Не найдено истекших резерваций для сверки.
2026-05-04 14:10:00:100 debug: [CraftGovernor] Запуск цикла проверки... [context: governor]
2026-05-04 14:10:00:100 debug: [CraftGovernor] Предыдущее состояние: 2 владельцев. Текущее состояние: 2 владельцев. [context: governor]
2026-05-04 14:10:00:100 info: [CraftGovernor] Найдено для паузы: 0. Найдено для возобновления: 0. [context: governor]
2026-05-04 14:10:00:100 debug: [CraftGovernor] Изменений нет, состояние не обновлялось. [context: governor]
2026-05-04 14:10:00:100 debug: [CraftGovernor] Цикл проверки завершен. [context: governor]
2026-05-04 14:10:30:1030 debug: ExpNotifier: Sent actual-exp to 1 client(s) using a single DB query.
2026-05-04 14:10:34:1034 debug: [Reconciler] Запуск сверки истекших резерваций...
2026-05-04 14:10:34:1034 debug: [Reconciler] Не найдено истекших резерваций для сверки.
2026-05-04 14:11:00:110 debug: [CraftGovernor] Запуск цикла проверки... [context: governor]
2026-05-04 14:11:00:110 debug: [CraftGovernor] Предыдущее состояние: 2 владельцев. Текущее состояние: 2 владельцев. [context: governor]
2026-05-04 14:11:00:110 info: [CraftGovernor] Найдено для паузы: 0. Найдено для возобновления: 0. [context: governor]
2026-05-04 14:11:00:110 debug: [CraftGovernor] Изменений нет, состояние не обновлялось. [context: governor]
2026-05-04 14:11:00:110 debug: [CraftGovernor] Цикл проверки завершен. [context: governor]
2026-05-04 14:11:30:1130 debug: ExpNotifier: Sent actual-exp to 1 client(s) using a single DB query.
2026-05-04 14:11:34:1134 debug: [Reconciler] Запуск сверки истекших резерваций...
2026-05-04 14:11:34:1134 debug: [Reconciler] Не найдено истекших резерваций для сверки.
2026-05-04 14:12:00:120 debug: [CraftGovernor] Запуск цикла проверки... [context: governor]
2026-05-04 14:12:00:120 debug: [CraftGovernor] Предыдущее состояние: 2 владельцев. Текущее состояние: 2 владельцев. [context: governor]
2026-05-04 14:12:00:120 info: [CraftGovernor] Найдено для паузы: 0. Найдено для возобновления: 0. [context: governor]
2026-05-04 14:12:00:120 debug: [CraftGovernor] Изменений нет, состояние не обновлялось. [context: governor]
2026-05-04 14:12:00:120 debug: [CraftGovernor] Цикл проверки завершен. [context: governor]
2026-05-04 14:12:30:1230 debug: ExpNotifier: Sent actual-exp to 1 client(s) using a single DB query.
2026-05-04 14:12:34:1234 debug: [Reconciler] Запуск сверки истекших резерваций...
2026-05-04 14:12:34:1234 debug: [Reconciler] Не найдено истекших резерваций для сверки.
2026-05-04 14:13:00:130 debug: [CraftGovernor] Запуск цикла проверки... [context: governor]
2026-05-04 14:13:00:130 debug: [CraftGovernor] Предыдущее состояние: 2 владельцев. Текущее состояние: 2 владельцев. [context: governor]
2026-05-04 14:13:00:130 info: [CraftGovernor] Найдено для паузы: 0. Найдено для возобновления: 0. [context: governor]
2026-05-04 14:13:00:130 debug: [CraftGovernor] Изменений нет, состояние не обновлялось. [context: governor]
2026-05-04 14:13:00:130 debug: [CraftGovernor] Цикл проверки завершен. [context: governor]
2026-05-04 14:13:30:1330 debug: ExpNotifier: Sent actual-exp to 1 client(s) using a single DB query.
2026-05-04 14:13:34:1334 debug: [Reconciler] Запуск сверки истекших резерваций...
2026-05-04 14:13:34:1334 debug: [Reconciler] Не найдено истекших резерваций для сверки.
2026-05-04 14:14:00:140 debug: [CraftGovernor] Запуск цикла проверки... [context: governor]
2026-05-04 14:14:00:140 debug: [CraftGovernor] Предыдущее состояние: 2 владельцев. Текущее состояние: 2 владельцев. [context: governor]
2026-05-04 14:14:00:140 info: [CraftGovernor] Найдено для паузы: 0. Найдено для возобновления: 0. [context: governor]
2026-05-04 14:14:00:140 debug: [CraftGovernor] Изменений нет, состояние не обновлялось. [context: governor]
2026-05-04 14:14:00:140 debug: [CraftGovernor] Цикл проверки завершен. [context: governor]
2026-05-04 14:14:30:1430 debug: ExpNotifier: Sent actual-exp to 1 client(s) using a single DB query.
2026-05-04 14:14:34:1434 debug: [Reconciler] Запуск сверки истекших резерваций...
2026-05-04 14:14:34:1434 debug: [Reconciler] Не найдено истекших резерваций для сверки.
2026-05-04 14:15:00:150 debug: [CraftGovernor] Запуск цикла проверки... [context: governor]
2026-05-04 14:15:00:150 debug: [CraftGovernor] Предыдущее состояние: 2 владельцев. Текущее состояние: 2 владельцев. [context: governor]
2026-05-04 14:15:00:150 info: [CraftGovernor] Найдено для паузы: 0. Найдено для возобновления: 0. [context: governor]
2026-05-04 14:15:00:150 debug: [CraftGovernor] Изменений нет, состояние не обновлялось. [context: governor]
2026-05-04 14:15:00:150 debug: [CraftGovernor] Цикл проверки завершен. [context: governor]
2026-05-04 14:15:30:1530 debug: ExpNotifier: Sent actual-exp to 1 client(s) using a single DB query.
2026-05-04 14:15:34:1534 debug: [Reconciler] Запуск сверки истекших резерваций...
2026-05-04 14:15:34:1534 debug: [Reconciler] Не найдено истекших резерваций для сверки.
2026-05-04 14:16:00:160 debug: [CraftGovernor] Запуск цикла проверки... [context: governor]
2026-05-04 14:16:00:160 debug: [CraftGovernor] Предыдущее состояние: 2 владельцев. Текущее состояние: 2 владельцев. [context: governor]
2026-05-04 14:16:00:160 info: [CraftGovernor] Найдено для паузы: 0. Найдено для возобновления: 0. [context: governor]
2026-05-04 14:16:00:160 debug: [CraftGovernor] Изменений нет, состояние не обновлялось. [context: governor]
2026-05-04 14:16:00:160 debug: [CraftGovernor] Цикл проверки завершен. [context: governor]
2026-05-04 14:16:30:1630 debug: ExpNotifier: Sent actual-exp to 1 client(s) using a single DB query.
2026-05-04 14:16:34:1634 debug: [Reconciler] Запуск сверки истекших резерваций...
2026-05-04 14:16:34:1634 debug: [Reconciler] Не найдено истекших резерваций для сверки.
2026-05-04 14:17:00:170 debug: [CraftGovernor] Запуск цикла проверки... [context: governor]
2026-05-04 14:17:00:170 debug: [CraftGovernor] Предыдущее состояние: 2 владельцев. Текущее состояние: 2 владельцев. [context: governor]
2026-05-04 14:17:00:170 info: [CraftGovernor] Найдено для паузы: 0. Найдено для возобновления: 0. [context: governor]
2026-05-04 14:17:00:170 debug: [CraftGovernor] Изменений нет, состояние не обновлялось. [context: governor]
2026-05-04 14:17:00:170 debug: [CraftGovernor] Цикл проверки завершен. [context: governor]
2026-05-04 14:17:30:1730 debug: ExpNotifier: Sent actual-exp to 1 client(s) using a single DB query.
2026-05-04 14:17:34:1734 debug: [Reconciler] Запуск сверки истекших резерваций...
2026-05-04 14:17:34:1734 debug: [Reconciler] Не найдено истекших резерваций для сверки.
2026-05-04 14:17:40:1740 debug: Creating session for 0x2da351d8d5840415025c35a7c843a0dfa6e4b89b from web3server (web3server_kkwvq34lvcw2cf) [context: session_0x2da351d8d5840415025c35a7c843a0dfa6e4b89b]
2026-05-04 14:17:40:1740 debug: Session created in Redis for 0x2da351d8d5840415025c35a7c843a0dfa6e4b89b [context: session_0x2da351d8d5840415025c35a7c843a0dfa6e4b89b]
2026-05-04 14:17:40:1740 warn: Items Refunded: Fuel x2500 claimed by 0x2da351d8d5840415025c35a7c843a0dfa6e4b89b. [context: mail_0x2da351d8d5840415025c35a7c843a0dfa6e4b89b]
2026-05-04 14:17:59:1759 debug: Crafting 1 of bp_energy_matrix (components) for 0x2da351d8d5840415025c35a7c843a0dfa6e4b89b [context: craft_0x2da351d8d5840415025c35a7c843a0dfa6e4b89b]
2026-05-04 14:17:59:1759 debug: [CRAFT] Finished successfully for 0x2da351d8d5840415025c35a7c843a0dfa6e4b89b. Data: {"factoryName":"factory1","state":"idle","craftedItem":{"key":"energy_matrix","quantity":1,"category":"components"}} [context: 0x2da351d8d5840415025c35a7c843a0dfa6e4b89b]
2026-05-04 14:18:00:180 debug: [CraftGovernor] Запуск цикла проверки... [context: governor]
2026-05-04 14:18:00:180 debug: [CraftGovernor] Предыдущее состояние: 2 владельцев. Текущее состояние: 2 владельцев. [context: governor]
2026-05-04 14:18:00:180 info: [CraftGovernor] Найдено для паузы: 0. Найдено для возобновления: 0. [context: governor]
2026-05-04 14:18:00:180 debug: [CraftGovernor] Изменений нет, состояние не обновлялось. [context: governor]
2026-05-04 14:18:00:180 debug: [CraftGovernor] Цикл проверки завершен. [context: governor]
2026-05-04 14:18:00:180 debug: Crafting 1 of bp_thruster_core (components) for 0x2da351d8d5840415025c35a7c843a0dfa6e4b89b [context: craft_0x2da351d8d5840415025c35a7c843a0dfa6e4b89b]
2026-05-04 14:18:00:180 debug: [CRAFT] Finished successfully for 0x2da351d8d5840415025c35a7c843a0dfa6e4b89b. Data: {"factoryName":"factory2","state":"idle","craftedItem":{"key":"thruster_core","quantity":1,"category":"components"}} [context: 0x2da351d8d5840415025c35a7c843a0dfa6e4b89b]
2026-05-04 14:18:30:1830 debug: ExpNotifier: Sent actual-exp to 1 client(s) using a single DB query.
2026-05-04 14:18:34:1834 debug: [Reconciler] Запуск сверки истекших резерваций...
2026-05-04 14:18:34:1834 debug: [Reconciler] Не найдено истекших резерваций для сверки.
2026-05-04 14:19:00:190 debug: [CraftGovernor] Запуск цикла проверки... [context: governor]
2026-05-04 14:19:00:190 debug: [CraftGovernor] Предыдущее состояние: 2 владельцев. Текущее состояние: 2 владельцев. [context: governor]
2026-05-04 14:19:00:190 info: [CraftGovernor] Найдено для паузы: 0. Найдено для возобновления: 0. [context: governor]
2026-05-04 14:19:00:190 debug: [CraftGovernor] Изменений нет, состояние не обновлялось. [context: governor]
2026-05-04 14:19:00:190 debug: [CraftGovernor] Цикл проверки завершен. [context: governor]
2026-05-04 14:19:04:194 info: Client disconnected: client, ID: cl-1f7d5ae6-0dfb-4fef-a78a-117bc03e2475
2026-05-04 14:19:11:1911 debug: Creating session for 0x2da351d8d5840415025c35a7c843a0dfa6e4b89b from web3server (web3server_kkwvq34lvcw2cf) [context: session_0x2da351d8d5840415025c35a7c843a0dfa6e4b89b]
2026-05-04 14:19:11:1911 debug: Session created in Redis for 0x2da351d8d5840415025c35a7c843a0dfa6e4b89b [context: session_0x2da351d8d5840415025c35a7c843a0dfa6e4b89b]
2026-05-04 14:19:13:1913 info: New client connected from IP: ::1
2026-05-04 14:19:13:1913 info: Client identified and connection stored: client, ID: cl-66efce13-b9c7-4fe7-a3b2-6255e2f4c159
2026-05-04 14:19:14:1914 debug: dbServer: Fetched 5 ships for tokens: 2, 3, 4, 5, 6
2026-05-04 14:19:14:1914 debug: Sent get-ships-response to client for walletAddress: 0x2da351d8d5840415025c35a7c843a0dfa6e4b89b, tokens: 2,3,4,5,6
2026-05-04 14:19:30:1930 debug: ExpNotifier: Sent actual-exp to 1 client(s) using a single DB query.
2026-05-04 14:19:34:1934 debug: [Reconciler] Запуск сверки истекших резерваций...
2026-05-04 14:19:34:1934 debug: [Reconciler] Не найдено истекших резерваций для сверки.
2026-05-04 14:20:00:200 debug: [CraftGovernor] Запуск цикла проверки... [context: governor]
2026-05-04 14:20:00:200 debug: [CraftGovernor] Предыдущее состояние: 2 владельцев. Текущее состояние: 2 владельцев. [context: governor]
2026-05-04 14:20:00:200 info: [CraftGovernor] Найдено для паузы: 0. Найдено для возобновления: 0. [context: governor]
2026-05-04 14:20:00:200 debug: [CraftGovernor] Изменений нет, состояние не обновлялось. [context: governor]
2026-05-04 14:20:00:200 debug: [CraftGovernor] Цикл проверки завершен. [context: governor]
2026-05-04 14:20:05:205 info: Client disconnected: client, ID: cl-66efce13-b9c7-4fe7-a3b2-6255e2f4c159
2026-05-04 14:20:13:2013 debug: Creating session for 0x2da351d8d5840415025c35a7c843a0dfa6e4b89b from web3server (web3server_kkwvq34lvcw2cf) [context: session_0x2da351d8d5840415025c35a7c843a0dfa6e4b89b]
2026-05-04 14:20:13:2013 debug: Session created in Redis for 0x2da351d8d5840415025c35a7c843a0dfa6e4b89b [context: session_0x2da351d8d5840415025c35a7c843a0dfa6e4b89b]
2026-05-04 14:20:16:2016 info: New client connected from IP: ::1
2026-05-04 14:20:16:2016 info: Client identified and connection stored: client, ID: cl-e75267c8-b4b1-4bb9-b04c-825b2522774b
2026-05-04 14:20:16:2016 debug: dbServer: Fetched 5 ships for tokens: 2, 3, 4, 5, 6
2026-05-04 14:20:16:2016 debug: Sent get-ships-response to client for walletAddress: 0x2da351d8d5840415025c35a7c843a0dfa6e4b89b, tokens: 2,3,4,5,6
2026-05-04 14:20:30:2030 debug: ExpNotifier: Sent actual-exp to 1 client(s) using a single DB query.
2026-05-04 14:20:34:2034 debug: [Reconciler] Запуск сверки истекших резерваций...
2026-05-04 14:20:34:2034 debug: [Reconciler] Не найдено истекших резерваций для сверки.
2026-05-04 14:21:00:210 debug: [CraftGovernor] Запуск цикла проверки... [context: governor]
2026-05-04 14:21:00:210 debug: [CraftGovernor] Предыдущее состояние: 2 владельцев. Текущее состояние: 2 владельцев. [context: governor]
2026-05-04 14:21:00:210 info: [CraftGovernor] Найдено для паузы: 0. Найдено для возобновления: 0. [context: governor]
2026-05-04 14:21:00:210 debug: [CraftGovernor] Изменений нет, состояние не обновлялось. [context: governor]
2026-05-04 14:21:00:210 debug: [CraftGovernor] Цикл проверки завершен. [context: governor]
2026-05-04 14:21:30:2130 debug: ExpNotifier: Sent actual-exp to 1 client(s) using a single DB query.
2026-05-04 14:21:34:2134 debug: [Reconciler] Запуск сверки истекших резерваций...
2026-05-04 14:21:34:2134 debug: [Reconciler] Не найдено истекших резерваций для сверки.
2026-05-04 14:22:00:220 debug: [CraftGovernor] Запуск цикла проверки... [context: governor]
2026-05-04 14:22:00:220 debug: [CraftGovernor] Предыдущее состояние: 2 владельцев. Текущее состояние: 2 владельцев. [context: governor]
2026-05-04 14:22:00:220 info: [CraftGovernor] Найдено для паузы: 0. Найдено для возобновления: 0. [context: governor]
2026-05-04 14:22:00:220 debug: [CraftGovernor] Изменений нет, состояние не обновлялось. [context: governor]
2026-05-04 14:22:00:220 debug: [CraftGovernor] Цикл проверки завершен. [context: governor]
2026-05-04 14:22:30:2230 debug: ExpNotifier: Sent actual-exp to 1 client(s) using a single DB query.
2026-05-04 14:22:34:2234 warn: Попытка списания ресурсов для 0x2da351d8d5840415025c35a7c843a0dfa6e4b89b. Данные: {"blueprints.bp_pulse_shotgun_mk1.quantity":-1,"components.kinetic_amplifier.quantity":-20,"components.energy_matrix.quantity":-10,"components.pulse_emitter.quantity":-5} [context: inventory_0x2da351d8d5840415025c35a7c843a0dfa6e4b89b]
2026-05-04 14:22:34:2234 debug: [Reconciler] Запуск сверки истекших резерваций...
2026-05-04 14:22:34:2234 debug: [Reconciler] Не найдено истекших резерваций для сверки.
2026-05-04 14:23:00:230 debug: [CraftGovernor] Запуск цикла проверки... [context: governor]
2026-05-04 14:23:00:230 debug: [CraftGovernor] Предыдущее состояние: 2 владельцев. Текущее состояние: 2 владельцев. [context: governor]
2026-05-04 14:23:00:230 info: [CraftGovernor] Найдено для паузы: 0. Найдено для возобновления: 0. [context: governor]
2026-05-04 14:23:00:230 debug: [CraftGovernor] Изменений нет, состояние не обновлялось. [context: governor]
2026-05-04 14:23:00:230 debug: [CraftGovernor] Цикл проверки завершен. [context: governor]
2026-05-04 14:23:29:2329 debug: Crafting 1 of bp_propulsion_booster (components) for 0x2da351d8d5840415025c35a7c843a0dfa6e4b89b [context: craft_0x2da351d8d5840415025c35a7c843a0dfa6e4b89b]
2026-05-04 14:23:29:2329 debug: [CRAFT] Finished successfully for 0x2da351d8d5840415025c35a7c843a0dfa6e4b89b. Data: {"factoryName":"factory3","state":"idle","craftedItem":{"key":"propulsion_booster","quantity":1,"category":"components"}} [context: 0x2da351d8d5840415025c35a7c843a0dfa6e4b89b]
2026-05-04 14:23:30:2330 debug: ExpNotifier: Sent actual-exp to 1 client(s) using a single DB query.
2026-05-04 14:23:34:2334 debug: [Reconciler] Запуск сверки истекших резерваций...
2026-05-04 14:23:34:2334 debug: [Reconciler] Не найдено истекших резерваций для сверки.
2026-05-04 14:23:49:2349 info: Client disconnected: client, ID: cl-e75267c8-b4b1-4bb9-b04c-825b2522774b
2026-05-04 14:23:56:2356 debug: Creating session for 0x2da351d8d5840415025c35a7c843a0dfa6e4b89b from web3server (web3server_kkwvq34lvcw2cf) [context: session_0x2da351d8d5840415025c35a7c843a0dfa6e4b89b]
2026-05-04 14:23:56:2356 debug: Session created in Redis for 0x2da351d8d5840415025c35a7c843a0dfa6e4b89b [context: session_0x2da351d8d5840415025c35a7c843a0dfa6e4b89b]
2026-05-04 14:23:58:2358 info: New client connected from IP: ::1
2026-05-04 14:23:58:2358 info: Client identified and connection stored: client, ID: cl-d4368575-c5aa-4855-9389-349c18fd1fa0
2026-05-04 14:23:58:2358 debug: dbServer: Fetched 5 ships for tokens: 2, 3, 4, 5, 6
2026-05-04 14:23:58:2358 debug: Sent get-ships-response to client for walletAddress: 0x2da351d8d5840415025c35a7c843a0dfa6e4b89b, tokens: 2,3,4,5,6
2026-05-04 14:24:00:240 debug: [CraftGovernor] Запуск цикла проверки... [context: governor]
2026-05-04 14:24:00:240 debug: [CraftGovernor] Предыдущее состояние: 2 владельцев. Текущее состояние: 2 владельцев. [context: governor]
2026-05-04 14:24:00:240 info: [CraftGovernor] Найдено для паузы: 0. Найдено для возобновления: 0. [context: governor]
2026-05-04 14:24:00:240 debug: [CraftGovernor] Изменений нет, состояние не обновлялось. [context: governor]
2026-05-04 14:24:00:240 debug: [CraftGovernor] Цикл проверки завершен. [context: governor]
2026-05-04 14:24:11:2411 warn: Попытка списания ресурсов для 0x2da351d8d5840415025c35a7c843a0dfa6e4b89b. Данные: {"blueprints.bp_ion_thruster_mk1.quantity":-5,"components.thruster_core.quantity":-90,"components.propulsion_booster.quantity":-45,"components.energy_matrix.quantity":-20} [context: inventory_0x2da351d8d5840415025c35a7c843a0dfa6e4b89b]
2026-05-04 14:24:30:2430 debug: ExpNotifier: Sent actual-exp to 1 client(s) using a single DB query.
2026-05-04 14:24:34:2434 debug: [Reconciler] Запуск сверки истекших резерваций...
2026-05-04 14:24:34:2434 debug: [Reconciler] Не найдено истекших резерваций для сверки.
2026-05-04 14:24:36:2436 warn: Попытка списания ресурсов для 0x2da351d8d5840415025c35a7c843a0dfa6e4b89b. Данные: {"resources.voltaic_cell.quantity":-50,"resources.onyx_blade.quantity":-38,"resources.ferrite_cluster.quantity":-38} [context: inventory_0x2da351d8d5840415025c35a7c843a0dfa6e4b89b]
2026-05-04 14:24:36:2436 debug: [UPGRADE-MODULE-SHIP] Upgrade success! RESULT:{"success":true,"upgradedShipId":2,"module":{"uid":"70b5a3e2-309c-40a6-bf9f-92f201bd53db","key":"rookie_engine","category":"modules","level":3,"params":{"speed":400,"energy":{"capacity":43.2,"regen":6},"evasion":2.04},"initialParams":{"speed":400,"energy":{"capacity":40,"regen":6},"evasion":2}}} [context: 0x2da351d8d5840415025c35a7c843a0dfa6e4b89b]
2026-05-04 14:25:00:250 debug: [CraftGovernor] Запуск цикла проверки... [context: governor]
2026-05-04 14:25:00:250 debug: [CraftGovernor] Предыдущее состояние: 2 владельцев. Текущее состояние: 2 владельцев. [context: governor]
2026-05-04 14:25:00:250 info: [CraftGovernor] Найдено для паузы: 0. Найдено для возобновления: 0. [context: governor]
2026-05-04 14:25:00:250 debug: [CraftGovernor] Изменений нет, состояние не обновлялось. [context: governor]
2026-05-04 14:25:00:250 debug: [CraftGovernor] Цикл проверки завершен. [context: governor]
2026-05-04 14:25:30:2530 debug: ExpNotifier: Sent actual-exp to 1 client(s) using a single DB query.
2026-05-04 14:25:34:2534 debug: [Reconciler] Запуск сверки истекших резерваций...
2026-05-04 14:25:34:2534 debug: [Reconciler] Не найдено истекших резерваций для сверки.
2026-05-04 14:25:43:2543 info: Client disconnected: client, ID: cl-d4368575-c5aa-4855-9389-349c18fd1fa0
2026-05-04 14:25:49:2549 debug: Creating session for 0x2da351d8d5840415025c35a7c843a0dfa6e4b89b from web3server (web3server_kkwvq34lvcw2cf) [context: session_0x2da351d8d5840415025c35a7c843a0dfa6e4b89b]
2026-05-04 14:25:49:2549 debug: Session created in Redis for 0x2da351d8d5840415025c35a7c843a0dfa6e4b89b [context: session_0x2da351d8d5840415025c35a7c843a0dfa6e4b89b]
2026-05-04 14:25:52:2552 info: New client connected from IP: ::1
2026-05-04 14:25:52:2552 info: Client identified and connection stored: client, ID: cl-a523123c-ef24-49d1-822c-b74e6de4f90c
2026-05-04 14:25:52:2552 debug: dbServer: Fetched 5 ships for tokens: 2, 3, 4, 5, 6
2026-05-04 14:25:52:2552 debug: Sent get-ships-response to client for walletAddress: 0x2da351d8d5840415025c35a7c843a0dfa6e4b89b, tokens: 2,3,4,5,6
2026-05-04 14:25:59:2559 debug: Crafting 1 of bp_pulse_shotgun_mk1 (modules) for 0x2da351d8d5840415025c35a7c843a0dfa6e4b89b [context: craft_0x2da351d8d5840415025c35a7c843a0dfa6e4b89b]
2026-05-04 14:25:59:2559 debug: [CRAFT] Finished successfully for 0x2da351d8d5840415025c35a7c843a0dfa6e4b89b. Data: {"factoryName":"factory1","state":"idle","craftedItem":{"key":"pulse_shotgun_mk1","quantity":1,"category":"modules","craftedModules":[{"uid":"296eaf35-f30b-4c11-9da1-ac837069ea66","level":1,"category":"modules","params":{"damage":{"min":5.09,"max":7.16},"fireRate":479,"critical":{"chance":4.62,"modifier":159},"energyCost":6.63},"initialParams":{"damage":{"min":5.09,"max":7.16},"fireRate":479,"critical":{"chance":4.62,"modifier":159},"energyCost":6.63}}]}} [context: 0x2da351d8d5840415025c35a7c843a0dfa6e4b89b]
2026-05-04 14:26:00:260 debug: [CraftGovernor] Запуск цикла проверки... [context: governor]
2026-05-04 14:26:00:260 debug: [CraftGovernor] Предыдущее состояние: 2 владельцев. Текущее состояние: 2 владельцев. [context: governor]
2026-05-04 14:26:00:260 info: [CraftGovernor] Найдено для паузы: 0. Найдено для возобновления: 0. [context: governor]
2026-05-04 14:26:00:260 debug: [CraftGovernor] Изменений нет, состояние не обновлялось. [context: governor]
2026-05-04 14:26:00:260 debug: [CraftGovernor] Цикл проверки завершен. [context: governor]
2026-05-04 14:26:26:2626 info: Client disconnected: client, ID: cl-a523123c-ef24-49d1-822c-b74e6de4f90c
2026-05-04 14:26:30:2630 debug: ExpNotifier: No clients online, skipping EXP check.
2026-05-04 14:26:33:2633 debug: Creating session for 0x2da351d8d5840415025c35a7c843a0dfa6e4b89b from web3server (web3server_kkwvq34lvcw2cf) [context: session_0x2da351d8d5840415025c35a7c843a0dfa6e4b89b]
2026-05-04 14:26:33:2633 debug: Session created in Redis for 0x2da351d8d5840415025c35a7c843a0dfa6e4b89b [context: session_0x2da351d8d5840415025c35a7c843a0dfa6e4b89b]
2026-05-04 14:26:34:2634 debug: [Reconciler] Запуск сверки истекших резерваций...
2026-05-04 14:26:34:2634 debug: [Reconciler] Не найдено истекших резерваций для сверки.
2026-05-04 14:26:35:2635 info: New client connected from IP: ::1
2026-05-04 14:26:35:2635 info: Client identified and connection stored: client, ID: cl-960c38f6-8f9c-491f-a2c2-e8be8ac59706
2026-05-04 14:26:36:2636 debug: dbServer: Fetched 5 ships for tokens: 2, 3, 4, 5, 6
2026-05-04 14:26:36:2636 debug: Sent get-ships-response to client for walletAddress: 0x2da351d8d5840415025c35a7c843a0dfa6e4b89b, tokens: 2,3,4,5,6
2026-05-04 14:27:00:270 debug: [CraftGovernor] Запуск цикла проверки... [context: governor]
2026-05-04 14:27:00:270 debug: [CraftGovernor] Предыдущее состояние: 2 владельцев. Текущее состояние: 2 владельцев. [context: governor]
2026-05-04 14:27:00:270 info: [CraftGovernor] Найдено для паузы: 0. Найдено для возобновления: 0. [context: governor]
2026-05-04 14:27:00:270 debug: [CraftGovernor] Изменений нет, состояние не обновлялось. [context: governor]
2026-05-04 14:27:00:270 debug: [CraftGovernor] Цикл проверки завершен. [context: governor]
2026-05-04 14:27:04:274 warn: Попытка списания ресурсов для 0x2da351d8d5840415025c35a7c843a0dfa6e4b89b. Данные: {"blueprints.bp_pulse_shotgun_mk1.quantity":-1,"components.kinetic_amplifier.quantity":-20,"components.energy_matrix.quantity":-10,"components.pulse_emitter.quantity":-5} [context: inventory_0x2da351d8d5840415025c35a7c843a0dfa6e4b89b]
2026-05-04 14:27:30:2730 debug: ExpNotifier: Sent actual-exp to 1 client(s) using a single DB query.
2026-05-04 14:27:34:2734 debug: [Reconciler] Запуск сверки истекших резерваций...
2026-05-04 14:27:34:2734 debug: [Reconciler] Не найдено истекших резерваций для сверки.
2026-05-04 14:27:49:2749 info: Client disconnected: client, ID: cl-960c38f6-8f9c-491f-a2c2-e8be8ac59706
2026-05-04 14:27:56:2756 debug: Creating session for 0x2da351d8d5840415025c35a7c843a0dfa6e4b89b from web3server (web3server_kkwvq34lvcw2cf) [context: session_0x2da351d8d5840415025c35a7c843a0dfa6e4b89b]
2026-05-04 14:27:56:2756 debug: Session created in Redis for 0x2da351d8d5840415025c35a7c843a0dfa6e4b89b [context: session_0x2da351d8d5840415025c35a7c843a0dfa6e4b89b]
2026-05-04 14:27:58:2758 info: New client connected from IP: ::1
2026-05-04 14:27:58:2758 info: Client identified and connection stored: client, ID: cl-8490739b-b9fe-4568-a6a6-f8a00518b25b
2026-05-04 14:27:59:2759 debug: dbServer: Fetched 5 ships for tokens: 2, 3, 4, 5, 6
2026-05-04 14:27:59:2759 debug: Sent get-ships-response to client for walletAddress: 0x2da351d8d5840415025c35a7c843a0dfa6e4b89b, tokens: 2,3,4,5,6
2026-05-04 14:28:00:280 debug: [CraftGovernor] Запуск цикла проверки... [context: governor]
2026-05-04 14:28:00:280 debug: [CraftGovernor] Предыдущее состояние: 2 владельцев. Текущее состояние: 2 владельцев. [context: governor]
2026-05-04 14:28:00:280 info: [CraftGovernor] Найдено для паузы: 0. Найдено для возобновления: 0. [context: governor]
2026-05-04 14:28:00:280 debug: [CraftGovernor] Изменений нет, состояние не обновлялось. [context: governor]
2026-05-04 14:28:00:280 debug: [CraftGovernor] Цикл проверки завершен. [context: governor]
2026-05-04 14:28:30:2830 debug: ExpNotifier: Sent actual-exp to 1 client(s) using a single DB query.
2026-05-04 14:28:34:2834 debug: [Reconciler] Запуск сверки истекших резерваций...
2026-05-04 14:28:34:2834 debug: [Reconciler] Не найдено истекших резерваций для сверки.
2026-05-04 14:29:00:290 debug: [CraftGovernor] Запуск цикла проверки... [context: governor]
2026-05-04 14:29:00:290 debug: [CraftGovernor] Предыдущее состояние: 2 владельцев. Текущее состояние: 2 владельцев. [context: governor]
2026-05-04 14:29:00:290 info: [CraftGovernor] Найдено для паузы: 0. Найдено для возобновления: 0. [context: governor]
2026-05-04 14:29:00:290 debug: [CraftGovernor] Изменений нет, состояние не обновлялось. [context: governor]
2026-05-04 14:29:00:290 debug: [CraftGovernor] Цикл проверки завершен. [context: governor]
2026-05-04 14:29:30:2930 debug: ExpNotifier: Sent actual-exp to 1 client(s) using a single DB query.
2026-05-04 14:29:34:2934 debug: [Reconciler] Запуск сверки истекших резерваций...
2026-05-04 14:29:34:2934 debug: [Reconciler] Не найдено истекших резерваций для сверки.
2026-05-04 14:29:41:2941 info: Client disconnected: client, ID: cl-8490739b-b9fe-4568-a6a6-f8a00518b25b
2026-05-04 14:29:47:2947 debug: Creating session for 0x2da351d8d5840415025c35a7c843a0dfa6e4b89b from web3server (web3server_kkwvq34lvcw2cf) [context: session_0x2da351d8d5840415025c35a7c843a0dfa6e4b89b]
2026-05-04 14:29:47:2947 debug: Session created in Redis for 0x2da351d8d5840415025c35a7c843a0dfa6e4b89b [context: session_0x2da351d8d5840415025c35a7c843a0dfa6e4b89b]
2026-05-04 14:29:50:2950 info: New client connected from IP: ::1
2026-05-04 14:29:50:2950 info: Client identified and connection stored: client, ID: cl-0cf9f7c2-c097-486e-a587-0d62cbad6bb2
2026-05-04 14:29:50:2950 debug: dbServer: Fetched 5 ships for tokens: 2, 3, 4, 5, 6
2026-05-04 14:29:50:2950 debug: Sent get-ships-response to client for walletAddress: 0x2da351d8d5840415025c35a7c843a0dfa6e4b89b, tokens: 2,3,4,5,6
2026-05-04 14:30:00:300 debug: [CraftGovernor] Запуск цикла проверки... [context: governor]
2026-05-04 14:30:00:300 debug: [CraftGovernor] Предыдущее состояние: 2 владельцев. Текущее состояние: 2 владельцев. [context: governor]
2026-05-04 14:30:00:300 info: [CraftGovernor] Найдено для паузы: 0. Найдено для возобновления: 0. [context: governor]
2026-05-04 14:30:00:300 debug: [CraftGovernor] Изменений нет, состояние не обновлялось. [context: governor]
2026-05-04 14:30:00:300 debug: [CraftGovernor] Цикл проверки завершен. [context: governor]
2026-05-04 14:30:30:3030 debug: ExpNotifier: Sent actual-exp to 1 client(s) using a single DB query.
2026-05-04 14:30:34:3034 debug: [Reconciler] Запуск сверки истекших резерваций...
2026-05-04 14:30:34:3034 debug: [Reconciler] Не найдено истекших резерваций для сверки.
2026-05-04 14:31:00:310 debug: [CraftGovernor] Запуск цикла проверки... [context: governor]
2026-05-04 14:31:00:310 debug: [CraftGovernor] Предыдущее состояние: 2 владельцев. Текущее состояние: 2 владельцев. [context: governor]
2026-05-04 14:31:00:310 info: [CraftGovernor] Найдено для паузы: 0. Найдено для возобновления: 0. [context: governor]
2026-05-04 14:31:00:310 debug: [CraftGovernor] Изменений нет, состояние не обновлялось. [context: governor]
2026-05-04 14:31:00:310 debug: [CraftGovernor] Цикл проверки завершен. [context: governor]
2026-05-04 14:31:30:3130 debug: ExpNotifier: Sent actual-exp to 1 client(s) using a single DB query.
2026-05-04 14:31:34:3134 debug: [Reconciler] Запуск сверки истекших резерваций...
2026-05-04 14:31:34:3134 debug: [Reconciler] Не найдено истекших резерваций для сверки.
2026-05-04 14:32:00:320 debug: [CraftGovernor] Запуск цикла проверки... [context: governor]
2026-05-04 14:32:00:320 debug: [CraftGovernor] Предыдущее состояние: 2 владельцев. Текущее состояние: 2 владельцев. [context: governor]
2026-05-04 14:32:00:320 info: [CraftGovernor] Найдено для паузы: 0. Найдено для возобновления: 0. [context: governor]
2026-05-04 14:32:00:320 debug: [CraftGovernor] Изменений нет, состояние не обновлялось. [context: governor]
2026-05-04 14:32:00:320 debug: [CraftGovernor] Цикл проверки завершен. [context: governor]
2026-05-04 14:32:30:3230 debug: ExpNotifier: Sent actual-exp to 1 client(s) using a single DB query.
2026-05-04 14:32:34:3234 debug: [Reconciler] Запуск сверки истекших резерваций...
2026-05-04 14:32:34:3234 debug: [Reconciler] Не найдено истекших резерваций для сверки.
2026-05-04 14:33:00:330 debug: [CraftGovernor] Запуск цикла проверки... [context: governor]
2026-05-04 14:33:00:330 debug: [CraftGovernor] Предыдущее состояние: 2 владельцев. Текущее состояние: 2 владельцев. [context: governor]
2026-05-04 14:33:00:330 info: [CraftGovernor] Найдено для паузы: 0. Найдено для возобновления: 0. [context: governor]
2026-05-04 14:33:00:330 debug: [CraftGovernor] Изменений нет, состояние не обновлялось. [context: governor]
2026-05-04 14:33:00:330 debug: [CraftGovernor] Цикл проверки завершен. [context: governor]
2026-05-04 14:33:30:3330 debug: ExpNotifier: Sent actual-exp to 1 client(s) using a single DB query.
2026-05-04 14:33:34:3334 debug: [Reconciler] Запуск сверки истекших резерваций...
2026-05-04 14:33:34:3334 debug: [Reconciler] Не найдено истекших резерваций для сверки.
2026-05-04 14:34:00:340 debug: [CraftGovernor] Запуск цикла проверки... [context: governor]
2026-05-04 14:34:00:340 debug: [CraftGovernor] Предыдущее состояние: 2 владельцев. Текущее состояние: 2 владельцев. [context: governor]
2026-05-04 14:34:00:340 info: [CraftGovernor] Найдено для паузы: 0. Найдено для возобновления: 0. [context: governor]
2026-05-04 14:34:00:340 debug: [CraftGovernor] Изменений нет, состояние не обновлялось. [context: governor]
2026-05-04 14:34:00:340 debug: [CraftGovernor] Цикл проверки завершен. [context: governor]
2026-05-04 14:34:30:3430 debug: ExpNotifier: Sent actual-exp to 1 client(s) using a single DB query.
2026-05-04 14:34:34:3434 debug: [Reconciler] Запуск сверки истекших резерваций...
2026-05-04 14:34:34:3434 debug: [Reconciler] Не найдено истекших резерваций для сверки.
2026-05-04 14:35:00:350 debug: [CraftGovernor] Запуск цикла проверки... [context: governor]
2026-05-04 14:35:00:350 debug: [CraftGovernor] Предыдущее состояние: 2 владельцев. Текущее состояние: 2 владельцев. [context: governor]
2026-05-04 14:35:00:350 info: [CraftGovernor] Найдено для паузы: 0. Найдено для возобновления: 0. [context: governor]
2026-05-04 14:35:00:350 debug: [CraftGovernor] Изменений нет, состояние не обновлялось. [context: governor]
2026-05-04 14:35:00:350 debug: [CraftGovernor] Цикл проверки завершен. [context: governor]
2026-05-04 14:35:30:3530 debug: ExpNotifier: Sent actual-exp to 1 client(s) using a single DB query.
2026-05-04 14:35:34:3534 debug: [Reconciler] Запуск сверки истекших резерваций...
2026-05-04 14:35:34:3534 debug: [Reconciler] Не найдено истекших резерваций для сверки.
2026-05-04 14:36:00:360 debug: [CraftGovernor] Запуск цикла проверки... [context: governor]
2026-05-04 14:36:00:360 debug: [CraftGovernor] Предыдущее состояние: 2 владельцев. Текущее состояние: 2 владельцев. [context: governor]
2026-05-04 14:36:00:360 info: [CraftGovernor] Найдено для паузы: 0. Найдено для возобновления: 0. [context: governor]
2026-05-04 14:36:00:360 debug: [CraftGovernor] Изменений нет, состояние не обновлялось. [context: governor]
2026-05-04 14:36:00:360 debug: [CraftGovernor] Цикл проверки завершен. [context: governor]
2026-05-04 14:36:30:3630 debug: ExpNotifier: Sent actual-exp to 1 client(s) using a single DB query.
2026-05-04 14:36:34:3634 debug: [Reconciler] Запуск сверки истекших резерваций...
2026-05-04 14:36:34:3634 debug: [Reconciler] Не найдено истекших резерваций для сверки.
2026-05-04 14:37:00:370 debug: [CraftGovernor] Запуск цикла проверки... [context: governor]
2026-05-04 14:37:00:370 debug: [CraftGovernor] Предыдущее состояние: 2 владельцев. Текущее состояние: 2 владельцев. [context: governor]
2026-05-04 14:37:00:370 info: [CraftGovernor] Найдено для паузы: 0. Найдено для возобновления: 0. [context: governor]
2026-05-04 14:37:00:370 debug: [CraftGovernor] Изменений нет, состояние не обновлялось. [context: governor]
2026-05-04 14:37:00:370 debug: [CraftGovernor] Цикл проверки завершен. [context: governor]
2026-05-04 14:37:30:3730 debug: ExpNotifier: Sent actual-exp to 1 client(s) using a single DB query.
2026-05-04 14:37:34:3734 debug: [Reconciler] Запуск сверки истекших резерваций...
2026-05-04 14:37:34:3734 debug: [Reconciler] Не найдено истекших резерваций для сверки.
2026-05-04 14:38:00:380 debug: [CraftGovernor] Запуск цикла проверки... [context: governor]
2026-05-04 14:38:00:380 debug: [CraftGovernor] Предыдущее состояние: 2 владельцев. Текущее состояние: 2 владельцев. [context: governor]
2026-05-04 14:38:00:380 info: [CraftGovernor] Найдено для паузы: 0. Найдено для возобновления: 0. [context: governor]
2026-05-04 14:38:00:380 debug: [CraftGovernor] Изменений нет, состояние не обновлялось. [context: governor]
2026-05-04 14:38:00:380 debug: [CraftGovernor] Цикл проверки завершен. [context: governor]
2026-05-04 14:38:30:3830 debug: ExpNotifier: Sent actual-exp to 1 client(s) using a single DB query.
2026-05-04 14:38:34:3834 debug: [Reconciler] Запуск сверки истекших резерваций...
2026-05-04 14:38:34:3834 debug: [Reconciler] Не найдено истекших резерваций для сверки.
2026-05-04 14:39:00:390 debug: [CraftGovernor] Запуск цикла проверки... [context: governor]
2026-05-04 14:39:00:390 debug: [CraftGovernor] Предыдущее состояние: 2 владельцев. Текущее состояние: 2 владельцев. [context: governor]
2026-05-04 14:39:00:390 info: [CraftGovernor] Найдено для паузы: 0. Найдено для возобновления: 0. [context: governor]
2026-05-04 14:39:00:390 debug: [CraftGovernor] Изменений нет, состояние не обновлялось. [context: governor]
2026-05-04 14:39:00:390 debug: [CraftGovernor] Цикл проверки завершен. [context: governor]
2026-05-04 14:39:30:3930 debug: ExpNotifier: Sent actual-exp to 1 client(s) using a single DB query.
2026-05-04 14:39:34:3934 debug: [Reconciler] Запуск сверки истекших резерваций...
2026-05-04 14:39:34:3934 debug: [Reconciler] Не найдено истекших резерваций для сверки.
2026-05-04 14:40:00:400 debug: [CraftGovernor] Запуск цикла проверки... [context: governor]
2026-05-04 14:40:00:400 debug: [CraftGovernor] Предыдущее состояние: 2 владельцев. Текущее состояние: 2 владельцев. [context: governor]
2026-05-04 14:40:00:400 info: [CraftGovernor] Найдено для паузы: 0. Найдено для возобновления: 0. [context: governor]
2026-05-04 14:40:00:400 debug: [CraftGovernor] Изменений нет, состояние не обновлялось. [context: governor]
2026-05-04 14:40:00:400 debug: [CraftGovernor] Цикл проверки завершен. [context: governor]
2026-05-04 14:40:30:4030 debug: ExpNotifier: Sent actual-exp to 1 client(s) using a single DB query.
2026-05-04 14:40:34:4034 debug: [Reconciler] Запуск сверки истекших резерваций...
2026-05-04 14:40:34:4034 debug: [Reconciler] Не найдено истекших резерваций для сверки.
2026-05-04 14:41:00:410 debug: [CraftGovernor] Запуск цикла проверки... [context: governor]
2026-05-04 14:41:00:410 debug: [CraftGovernor] Предыдущее состояние: 2 владельцев. Текущее состояние: 2 владельцев. [context: governor]
2026-05-04 14:41:00:410 info: [CraftGovernor] Найдено для паузы: 0. Найдено для возобновления: 0. [context: governor]
2026-05-04 14:41:00:410 debug: [CraftGovernor] Изменений нет, состояние не обновлялось. [context: governor]
2026-05-04 14:41:00:410 debug: [CraftGovernor] Цикл проверки завершен. [context: governor]
2026-05-04 14:41:30:4130 debug: ExpNotifier: Sent actual-exp to 1 client(s) using a single DB query.
2026-05-04 14:41:34:4134 debug: [Reconciler] Запуск сверки истекших резерваций...
2026-05-04 14:41:34:4134 debug: [Reconciler] Не найдено истекших резерваций для сверки.
2026-05-04 14:42:00:420 debug: [CraftGovernor] Запуск цикла проверки... [context: governor]
2026-05-04 14:42:00:420 debug: [CraftGovernor] Предыдущее состояние: 2 владельцев. Текущее состояние: 2 владельцев. [context: governor]
2026-05-04 14:42:00:420 info: [CraftGovernor] Найдено для паузы: 0. Найдено для возобновления: 0. [context: governor]
2026-05-04 14:42:00:420 debug: [CraftGovernor] Изменений нет, состояние не обновлялось. [context: governor]
2026-05-04 14:42:00:420 debug: [CraftGovernor] Цикл проверки завершен. [context: governor]
2026-05-04 14:42:30:4230 debug: ExpNotifier: Sent actual-exp to 1 client(s) using a single DB query.
2026-05-04 14:42:34:4234 debug: [Reconciler] Запуск сверки истекших резерваций...
2026-05-04 14:42:34:4234 debug: [Reconciler] Не найдено истекших резерваций для сверки.
2026-05-04 14:43:00:430 debug: [CraftGovernor] Запуск цикла проверки... [context: governor]
2026-05-04 14:43:00:430 debug: [CraftGovernor] Предыдущее состояние: 2 владельцев. Текущее состояние: 2 владельцев. [context: governor]
2026-05-04 14:43:00:430 info: [CraftGovernor] Найдено для паузы: 0. Найдено для возобновления: 0. [context: governor]
2026-05-04 14:43:00:430 debug: [CraftGovernor] Изменений нет, состояние не обновлялось. [context: governor]
2026-05-04 14:43:00:430 debug: [CraftGovernor] Цикл проверки завершен. [context: governor]
2026-05-04 14:43:30:4330 debug: ExpNotifier: Sent actual-exp to 1 client(s) using a single DB query.
2026-05-04 14:43:34:4334 debug: [Reconciler] Запуск сверки истекших резерваций...
2026-05-04 14:43:34:4334 debug: [Reconciler] Не найдено истекших резерваций для сверки.
2026-05-04 14:44:00:440 debug: [CraftGovernor] Запуск цикла проверки... [context: governor]
2026-05-04 14:44:00:440 debug: [CraftGovernor] Предыдущее состояние: 2 владельцев. Текущее состояние: 2 владельцев. [context: governor]
2026-05-04 14:44:00:440 info: [CraftGovernor] Найдено для паузы: 0. Найдено для возобновления: 0. [context: governor]
2026-05-04 14:44:00:440 debug: [CraftGovernor] Изменений нет, состояние не обновлялось. [context: governor]
2026-05-04 14:44:00:440 debug: [CraftGovernor] Цикл проверки завершен. [context: governor]
2026-05-04 14:44:30:4430 debug: ExpNotifier: Sent actual-exp to 1 client(s) using a single DB query.
2026-05-04 14:44:34:4434 debug: Crafting 10 of bp_pulse_blaster_mk1 (modules) for 0x2da351d8d5840415025c35a7c843a0dfa6e4b89b [context: craft_0x2da351d8d5840415025c35a7c843a0dfa6e4b89b]
2026-05-04 14:44:34:4434 debug: [CRAFT] Finished successfully for 0x2da351d8d5840415025c35a7c843a0dfa6e4b89b. Data: {"factoryName":"factory1","state":"idle","craftedItem":{"key":"pulse_blaster_mk1","quantity":10,"category":"modules","craftedModules":[{"uid":"1ef60ad0-c645-44c0-8b50-4c8345c1eb59","level":1,"category":"modules","params":{"damage":{"min":8.79,"max":19.34},"fireRate":112,"critical":{"chance":1.03,"modifier":209},"energyCost":2.54},"initialParams":{"damage":{"min":8.79,"max":19.34},"fireRate":112,"critical":{"chance":1.03,"modifier":209},"energyCost":2.54}},{"uid":"cb9639ec-78e0-41fe-bb7c-e2cd8ddabc39","level":1,"category":"modules","params":{"damage":{"min":10.83,"max":19.75},"fireRate":143,"critical":{"chance":1.98,"modifier":207},"energyCost":2.15},"initialParams":{"damage":{"min":10.83,"max":19.75},"fireRate":143,"critical":{"chance":1.98,"modifier":207},"energyCost":2.15}},{"uid":"b863c24d-e8df-4329-ac4e-0fa54ed720e9","level":1,"category":"modules","params":{"damage":{"min":10.61,"max":17.74},"fireRate":130,"critical":{"chance":1.01,"modifier":268},"energyCost":2.98},"initialParams":{"damage":{"min":10.61,"max":17.74},"fireRate":130,"critical":{"chance":1.01,"modifier":268},"energyCost":2.98}},{"uid":"349ab618-4156-4082-a404-efbecdc49ff6","level":1,"category":"modules","params":{"damage":{"min":9.19,"max":18.5},"fireRate":127,"critical":{"chance":1.69,"modifier":285},"energyCost":2.08},"initialParams":{"damage":{"min":9.19,"max":18.5},"fireRate":127,"critical":{"chance":1.69,"modifier":285},"energyCost":2.08}},{"uid":"0f3ba4cd-541b-4105-8c34-0cf6ccc8171a","level":1,"category":"modules","params":{"damage":{"min":11.73,"max":19.82},"fireRate":143,"critical":{"chance":1.02,"modifier":258},"energyCost":2.32},"initialParams":{"damage":{"min":11.73,"max":19.82},"fireRate":143,"critical":{"chance":1.02,"modifier":258},"energyCost":2.32}},{"uid":"15c7326c-e60e-4b52-b876-50f3c6bcb52d","level":1,"category":"modules","params":{"damage":{"min":9.82,"max":15.05},"fireRate":121,"critical":{"chance":1.78,"modifier":268},"energyCost":2.26},"initialParams":{"damage":{"min":9.82,"max":15.05},"fireRate":121,"critical":{"chance":1.78,"modifier":268},"energyCost":2.26}},{"uid":"f9d9acbc-5604-4b80-b72f-bfb046773e24","level":1,"category":"modules","params":{"damage":{"min":11.45,"max":18.59},"fireRate":136,"critical":{"chance":1.55,"modifier":233},"energyCost":2.01},"initialParams":{"damage":{"min":11.45,"max":18.59},"fireRate":136,"critical":{"chance":1.55,"modifier":233},"energyCost":2.01}},{"uid":"c62e05c5-83b8-48c9-9523-3164687fa612","level":1,"category":"modules","params":{"damage":{"min":11.18,"max":19.08},"fireRate":131,"critical":{"chance":1.31,"modifier":259},"energyCost":2.41},"initialParams":{"damage":{"min":11.18,"max":19.08},"fireRate":131,"critical":{"chance":1.31,"modifier":259},"energyCost":2.41}},{"uid":"1abf6de3-8945-4b3d-ae9c-3397f2699150","level":1,"category":"modules","params":{"damage":{"min":11.18,"max":18.33},"fireRate":113,"critical":{"chance":1.8,"modifier":226},"energyCost":2.35},"initialParams":{"damage":{"min":11.18,"max":18.33},"fireRate":113,"critical":{"chance":1.8,"modifier":226},"energyCost":2.35}},{"uid":"baa7addc-2f42-454f-98e9-d0d0da5d1c36","level":1,"category":"modules","params":{"damage":{"min":8.65,"max":16.73},"fireRate":148,"critical":{"chance":1.74,"modifier":226},"energyCost":2.6},"initialParams":{"damage":{"min":8.65,"max":16.73},"fireRate":148,"critical":{"chance":1.74,"modifier":226},"energyCost":2.6}}]}} [context: 0x2da351d8d5840415025c35a7c843a0dfa6e4b89b]
2026-05-04 14:44:34:4434 debug: [Reconciler] Запуск сверки истекших резерваций...
2026-05-04 14:44:34:4434 debug: [Reconciler] Не найдено истекших резерваций для сверки.
2026-05-04 14:44:35:4435 debug: Crafting 20 of bp_ion_thruster_mk1 (modules) for 0x2da351d8d5840415025c35a7c843a0dfa6e4b89b [context: craft_0x2da351d8d5840415025c35a7c843a0dfa6e4b89b]
2026-05-04 14:44:35:4435 debug: [CRAFT] Finished successfully for 0x2da351d8d5840415025c35a7c843a0dfa6e4b89b. Data: {"factoryName":"factory2","state":"idle","craftedItem":{"key":"ion_thruster_mk1","quantity":20,"category":"modules","craftedModules":[{"uid":"80da67a9-e06f-4191-8fa9-d2030979207e","level":1,"category":"modules","params":{"speed":400,"energy":{"capacity":138,"regen":11.66},"evasion":9},"initialParams":{"speed":400,"energy":{"capacity":138,"regen":11.66},"evasion":9}},{"uid":"01cf4d87-cebb-41db-abc9-b3016fb39447","level":1,"category":"modules","params":{"speed":400,"energy":{"capacity":100,"regen":14.06},"evasion":8.09},"initialParams":{"speed":400,"energy":{"capacity":100,"regen":14.06},"evasion":8.09}},{"uid":"4ed24494-3177-4e85-85cf-d03e85935c1b","level":1,"category":"modules","params":{"speed":400,"energy":{"capacity":128,"regen":12.08},"evasion":6.92},"initialParams":{"speed":400,"energy":{"capacity":128,"regen":12.08},"evasion":6.92}},{"uid":"483285fc-0e19-44ec-a6cb-5935b97bc8ca","level":1,"category":"modules","params":{"speed":400,"energy":{"capacity":141,"regen":12.19},"evasion":6.39},"initialParams":{"speed":400,"energy":{"capacity":141,"regen":12.19},"evasion":6.39}},{"uid":"8c9ee879-4d2d-40c8-a488-9a9059de2c1c","level":1,"category":"modules","params":{"speed":400,"energy":{"capacity":143,"regen":14.06},"evasion":7.77},"initialParams":{"speed":400,"energy":{"capacity":143,"regen":14.06},"evasion":7.77}},{"uid":"eab80591-fa58-42bf-ae9d-5f04fc6adf47","level":1,"category":"modules","params":{"speed":400,"energy":{"capacity":130,"regen":12.46},"evasion":6.65},"initialParams":{"speed":400,"energy":{"capacity":130,"regen":12.46},"evasion":6.65}},{"uid":"2540aca6-f237-4373-aaf3-719ff8d19aed","level":1,"category":"modules","params":{"speed":400,"energy":{"capacity":116,"regen":13.94},"evasion":6.15},"initialParams":{"speed":400,"energy":{"capacity":116,"regen":13.94},"evasion":6.15}},{"uid":"cbc1166c-a7c9-4364-b90e-721ae76ce5b7","level":1,"category":"modules","params":{"speed":400,"energy":{"capacity":104,"regen":12.24},"evasion":5.8},"initialParams":{"speed":400,"energy":{"capacity":104,"regen":12.24},"evasion":5.8}},{"uid":"53ad0749-d746-47f1-bda3-3b3f4f8769ef","level":1,"category":"modules","params":{"speed":400,"energy":{"capacity":138,"regen":12.98},"evasion":9.23},"initialParams":{"speed":400,"energy":{"capacity":138,"regen":12.98},"evasion":9.23}},{"uid":"20c8f62a-dd43-4354-8097-3965d624af35","level":1,"category":"modules","params":{"speed":400,"energy":{"capacity":142,"regen":14.64},"evasion":8.48},"initialParams":{"speed":400,"energy":{"capacity":142,"regen":14.64},"evasion":8.48}},{"uid":"97d1276c-eefe-4401-98f7-ed31d0beeb5b","level":1,"category":"modules","params":{"speed":400,"energy":{"capacity":129,"regen":13.9},"evasion":9.12},"initialParams":{"speed":400,"energy":{"capacity":129,"regen":13.9},"evasion":9.12}},{"uid":"e357eed2-f655-4c80-a630-3c8aa030e23c","level":1,"category":"modules","params":{"speed":400,"energy":{"capacity":149,"regen":13.98},"evasion":7.81},"initialParams":{"speed":400,"energy":{"capacity":149,"regen":13.98},"evasion":7.81}},{"uid":"941d5471-6fba-4ff9-8820-a3719754c887","level":1,"category":"modules","params":{"speed":400,"energy":{"capacity":101,"regen":10.35},"evasion":9.3},"initialParams":{"speed":400,"energy":{"capacity":101,"regen":10.35},"evasion":9.3}},{"uid":"b94bb8fb-44de-42d8-a750-77cc030c65ff","level":1,"category":"modules","params":{"speed":400,"energy":{"capacity":103,"regen":11.69},"evasion":7.67},"initialParams":{"speed":400,"energy":{"capacity":103,"regen":11.69},"evasion":7.67}},{"uid":"3ec4f11c-9b9d-4b74-a4c0-9cf93077168a","level":1,"category":"modules","params":{"speed":400,"energy":{"capacity":115,"regen":10.03},"evasion":5.36},"initialParams":{"speed":400,"energy":{"capacity":115,"regen":10.03},"evasion":5.36}},{"uid":"36870c05-de10-451c-92c5-7c7109271c61","level":1,"category":"modules","params":{"speed":400,"energy":{"capacity":134,"regen":13.92},"evasion":7.44},"initialParams":{"speed":400,"energy":{"capacity":134,"regen":13.92},"evasion":7.44}},{"uid":"db40976a-8f8a-4d10-a940-2f50302ec5e9","level":1,"category":"modules","params":{"speed":400,"energy":{"capacity":101,"regen":13.09},"evasion":6.67},"initialParams":{"speed":400,"energy":{"capacity":101,"regen":13.09},"evasion":6.67}},{"uid":"0a6314b1-9373-4cf6-a62d-eb6994516de9","level":1,"category":"modules","params":{"speed":400,"energy":{"capacity":115,"regen":11.2},"evasion":5.37},"initialParams":{"speed":400,"energy":{"capacity":115,"regen":11.2},"evasion":5.37}},{"uid":"372237b0-487b-409f-9844-158d680581cd","level":1,"category":"modules","params":{"speed":400,"energy":{"capacity":125,"regen":13.18},"evasion":8.29},"initialParams":{"speed":400,"energy":{"capacity":125,"regen":13.18},"evasion":8.29}},{"uid":"d24f0c0a-4dab-41cc-a5c2-700a2256313b","level":1,"category":"modules","params":{"speed":400,"energy":{"capacity":140,"regen":12.14},"evasion":8.99},"initialParams":{"speed":400,"energy":{"capacity":140,"regen":12.14},"evasion":8.99}}]}} [context: 0x2da351d8d5840415025c35a7c843a0dfa6e4b89b]
2026-05-04 14:44:53:4453 warn: Попытка списания ресурсов для 0x2da351d8d5840415025c35a7c843a0dfa6e4b89b. Данные: {"resources.voltaic_cell.quantity":-32,"resources.auracite.quantity":-24,"resources.ferrite_cluster.quantity":-24} [context: inventory_0x2da351d8d5840415025c35a7c843a0dfa6e4b89b]
2026-05-04 14:44:57:4457 warn: Попытка списания ресурсов для 0x2da351d8d5840415025c35a7c843a0dfa6e4b89b. Данные: {"resources.onyx_blade.quantity":-32,"resources.onyther_rock.quantity":-24,"resources.ferrite_cluster.quantity":-24} [context: inventory_0x2da351d8d5840415025c35a7c843a0dfa6e4b89b]
2026-05-04 14:45:00:450 debug: [CraftGovernor] Запуск цикла проверки... [context: governor]
2026-05-04 14:45:00:450 debug: [CraftGovernor] Предыдущее состояние: 2 владельцев. Текущее состояние: 2 владельцев. [context: governor]
2026-05-04 14:45:00:450 info: [CraftGovernor] Найдено для паузы: 0. Найдено для возобновления: 0. [context: governor]
2026-05-04 14:45:00:450 debug: [CraftGovernor] Изменений нет, состояние не обновлялось. [context: governor]
2026-05-04 14:45:00:450 debug: [CraftGovernor] Цикл проверки завершен. [context: governor]
2026-05-04 14:45:12:4512 warn: Попытка списания ресурсов для 0x2da351d8d5840415025c35a7c843a0dfa6e4b89b. Данные: {"components.kinetic_amplifier.quantity":-12,"components.energy_matrix.quantity":-8,"components.pulse_emitter.quantity":-4} [context: inventory_0x2da351d8d5840415025c35a7c843a0dfa6e4b89b]
2026-05-04 14:45:12:4512 debug: [UPGRADE-MODULE-INVENTORY] Upgrade success! RESULT:{"success":true,"module":{"key":"pulse_shotgun_mk1","level":4,"quantity":1,"category":"modules","params":{"damage":{"min":5.09,"max":7.95},"fireRate":479,"critical":{"chance":5.04,"modifier":182.85},"energyCost":7.17},"initialParams":{"damage":{"min":5.09,"max":7.16},"fireRate":479,"critical":{"chance":4.62,"modifier":159},"energyCost":6.63},"uid":"296eaf35-f30b-4c11-9da1-ac837069ea66"}} [context: 0x2da351d8d5840415025c35a7c843a0dfa6e4b89b]
2026-05-04 14:45:22:4522 debug: [MODULE-DISMANTLE] Module pulse_blaster_mk1 dismantled successfully for 0x2da351d8d5840415025c35a7c843a0dfa6e4b89b. [context: 0x2da351d8d5840415025c35a7c843a0dfa6e4b89b]
2026-05-04 14:45:30:4530 debug: ExpNotifier: Sent actual-exp to 1 client(s) using a single DB query.
2026-05-04 14:45:34:4534 debug: [Reconciler] Запуск сверки истекших резерваций...
2026-05-04 14:45:34:4534 debug: [Reconciler] Не найдено истекших резерваций для сверки.
2026-05-04 14:46:00:460 debug: [CraftGovernor] Запуск цикла проверки... [context: governor]
2026-05-04 14:46:00:460 debug: [CraftGovernor] Предыдущее состояние: 2 владельцев. Текущее состояние: 2 владельцев. [context: governor]
2026-05-04 14:46:00:460 info: [CraftGovernor] Найдено для паузы: 0. Найдено для возобновления: 0. [context: governor]
2026-05-04 14:46:00:460 debug: [CraftGovernor] Изменений нет, состояние не обновлялось. [context: governor]
2026-05-04 14:46:00:460 debug: [CraftGovernor] Цикл проверки завершен. [context: governor]
2026-05-04 14:46:08:468 debug: Verifying session for 0x2da351d8d5840415025c35a7c843a0dfa6e4b89b from web3server (web3server_kkwvq34lvcw2cf) [context: session_0x2da351d8d5840415025c35a7c843a0dfa6e4b89b]
2026-05-04 14:46:08:468 debug: [Reservation] Списываем коины: 6
2026-05-04 14:46:24:4624 debug: [WEB3SERVERHANDLER - finalize-token-claim]: dbServer подтвердил успешную финализацию для 0x5c6c9c174033f295c3ddc199c8614217d5106e52d1eced4e68645f7ef1b58e13.
2026-05-04 14:46:24:4624 debug: Sent 'tx-history-updated' to 0x2da351d8d5840415025c35a7c843a0dfa6e4b89b [context: redis_subscriber]
2026-05-04 14:46:30:4630 debug: ExpNotifier: Sent actual-exp to 1 client(s) using a single DB query.
2026-05-04 14:46:34:4634 debug: [Reconciler] Запуск сверки истекших резерваций...
2026-05-04 14:46:34:4634 debug: [Reconciler] Не найдено истекших резерваций для сверки.
2026-05-04 14:46:56:4656 debug: Verifying session for 0x2da351d8d5840415025c35a7c843a0dfa6e4b89b from web3server (web3server_kkwvq34lvcw2cf) [context: session_0x2da351d8d5840415025c35a7c843a0dfa6e4b89b]
2026-05-04 14:47:00:470 debug: [CraftGovernor] Запуск цикла проверки... [context: governor]
2026-05-04 14:47:00:470 debug: [CraftGovernor] Предыдущее состояние: 2 владельцев. Текущее состояние: 2 владельцев. [context: governor]
2026-05-04 14:47:00:470 info: [CraftGovernor] Найдено для паузы: 0. Найдено для возобновления: 0. [context: governor]
2026-05-04 14:47:00:470 debug: [CraftGovernor] Изменений нет, состояние не обновлялось. [context: governor]
2026-05-04 14:47:00:470 debug: [CraftGovernor] Цикл проверки завершен. [context: governor]
2026-05-04 14:47:16:4716 debug: Обнаружено 1 новых кораблей для владельца 0x2da351d8d5840415025c35a7c843a0dfa6e4b89b. Создание...
2026-05-04 14:47:16:4716 debug: dbServer: Created ship: shipId=7, typeId=4, type=Cerberus, level=1, hull=100
2026-05-04 14:47:16:4716 debug: dbServer: Fetched 6 ships for tokens: 2, 3, 4, 5, 6, 7
2026-05-04 14:47:16:4716 debug: Sent get-ships-response to client for walletAddress: 0x2da351d8d5840415025c35a7c843a0dfa6e4b89b, tokens: 2,3,4,5,6,7
2026-05-04 14:47:28:4728 debug: [INSTALL-MODULE-SHIP]: Preparing to INSTALL module pulse_shotgun_mk1 : 296eaf35-f30b-4c11-9da1-ac837069ea66 in slot weapon2. Starting transaction. [context: 0x2da351d8d5840415025c35a7c843a0dfa6e4b89b]
2026-05-04 14:47:28:4728 debug: [INSTALL-MODULE-SHIP] Module pulse_shotgun_mk1 installed! [context: 0x2da351d8d5840415025c35a7c843a0dfa6e4b89b]
2026-05-04 14:47:30:4730 debug: ExpNotifier: Sent actual-exp to 1 client(s) using a single DB query.
2026-05-04 14:47:34:4734 debug: [Reconciler] Запуск сверки истекших резерваций...
2026-05-04 14:47:34:4734 debug: [Reconciler] Не найдено истекших резерваций для сверки.
2026-05-04 14:47:40:4740 debug: [INSTALL-MODULE-SHIP]: Preparing to REPLACE module pulse_blaster_mk1 : cb9639ec-78e0-41fe-bb7c-e2cd8ddabc39 in slot weapon1. Starting transaction. [context: 0x2da351d8d5840415025c35a7c843a0dfa6e4b89b]
2026-05-04 14:47:40:4740 debug: [INSTALL-MODULE-SHIP] Module pulse_blaster_mk1 installed! [context: 0x2da351d8d5840415025c35a7c843a0dfa6e4b89b]
2026-05-04 14:47:51:4751 warn: Попытка списания ресурсов для 0x2da351d8d5840415025c35a7c843a0dfa6e4b89b. Данные: {"components.kinetic_amplifier.quantity":-62,"components.energy_matrix.quantity":-42,"components.pulse_emitter.quantity":-21} [context: inventory_0x2da351d8d5840415025c35a7c843a0dfa6e4b89b]
2026-05-04 14:47:51:4751 debug: [UPGRADE-MODULE-SHIP] Upgrade success! RESULT:{"success":true,"upgradedShipId":7,"module":{"uid":"296eaf35-f30b-4c11-9da1-ac837069ea66","key":"pulse_shotgun_mk1","category":"modules","level":12,"params":{"damage":{"min":6.37,"max":10.04},"fireRate":479,"critical":{"chance":6.68,"modifier":182.85},"energyCost":8.15},"initialParams":{"damage":{"min":5.09,"max":7.16},"fireRate":479,"critical":{"chance":4.62,"modifier":159},"energyCost":6.63}}} [context: 0x2da351d8d5840415025c35a7c843a0dfa6e4b89b]
2026-05-04 14:48:00:480 debug: [CraftGovernor] Запуск цикла проверки... [context: governor]
2026-05-04 14:48:00:480 debug: [CraftGovernor] Предыдущее состояние: 2 владельцев. Текущее состояние: 2 владельцев. [context: governor]
2026-05-04 14:48:00:480 info: [CraftGovernor] Найдено для паузы: 0. Найдено для возобновления: 0. [context: governor]
2026-05-04 14:48:00:480 debug: [CraftGovernor] Изменений нет, состояние не обновлялось. [context: governor]
2026-05-04 14:48:00:480 debug: [CraftGovernor] Цикл проверки завершен. [context: governor]
2026-05-04 14:48:08:488 warn: Попытка списания ресурсов для 0x2da351d8d5840415025c35a7c843a0dfa6e4b89b. Данные: {"resources.crylonite.quantity":-3384,"resources.voltaic_cell.quantity":-2538,"resources.auracite.quantity":-1692} [context: inventory_0x2da351d8d5840415025c35a7c843a0dfa6e4b89b]
2026-05-04 14:48:08:488 debug: [UPGRADE-MODULE-SHIP] Upgrade success! RESULT:{"success":true,"upgradedShipId":7,"module":{"uid":"c5f14e70-27d4-4f70-bbdc-2dbeebcebc3a","key":"rookie_shield","category":"modules","level":29,"params":{"shield":{"capacity":87.21,"regen":8.03,"delay":1000}},"initialParams":{"shield":{"capacity":40,"regen":4,"delay":1000}}}} [context: 0x2da351d8d5840415025c35a7c843a0dfa6e4b89b]
2026-05-04 14:48:22:4822 warn: Попытка списания ресурсов для 0x2da351d8d5840415025c35a7c843a0dfa6e4b89b. Данные: {"resources.voltaic_cell.quantity":-492,"resources.onyx_blade.quantity":-369,"resources.ferrite_cluster.quantity":-369} [context: inventory_0x2da351d8d5840415025c35a7c843a0dfa6e4b89b]
2026-05-04 14:48:22:4822 debug: [UPGRADE-MODULE-SHIP] Upgrade success! RESULT:{"success":true,"upgradedShipId":7,"module":{"uid":"93e71702-deec-4c65-9eff-d34d414bbf2f","key":"rookie_engine","category":"modules","level":12,"params":{"speed":400,"energy":{"capacity":46.8,"regen":8.16},"evasion":2.12},"initialParams":{"speed":400,"energy":{"capacity":40,"regen":6},"evasion":2}}} [context: 0x2da351d8d5840415025c35a7c843a0dfa6e4b89b]
2026-05-04 14:48:30:4830 debug: ExpNotifier: Sent actual-exp to 1 client(s) using a single DB query.
2026-05-04 14:48:34:4834 debug: [Reconciler] Запуск сверки истекших резерваций...
2026-05-04 14:48:34:4834 debug: [Reconciler] Не найдено истекших резерваций для сверки.
2026-05-04 14:48:37:4837 warn: Попытка списания ресурсов для 0x2da351d8d5840415025c35a7c843a0dfa6e4b89b. Данные: {"components.kinetic_amplifier.quantity":-40,"components.energy_matrix.quantity":-27,"components.pulse_emitter.quantity":-14} [context: inventory_0x2da351d8d5840415025c35a7c843a0dfa6e4b89b]
2026-05-04 14:48:37:4837 debug: [UPGRADE-MODULE-SHIP] Upgrade success! RESULT:{"success":true,"upgradedShipId":7,"module":{"uid":"296eaf35-f30b-4c11-9da1-ac837069ea66","key":"pulse_shotgun_mk1","category":"modules","level":15,"params":{"damage":{"min":7.76,"max":10.04},"fireRate":479,"critical":{"chance":6.68,"modifier":206.7},"energyCost":8.56},"initialParams":{"damage":{"min":5.09,"max":7.16},"fireRate":479,"critical":{"chance":4.62,"modifier":159},"energyCost":6.63}}} [context: 0x2da351d8d5840415025c35a7c843a0dfa6e4b89b]
2026-05-04 14:48:43:4843 info: Client disconnected: client, ID: cl-0cf9f7c2-c097-486e-a587-0d62cbad6bb2
2026-05-04 14:48:43:4843 debug: Verifying session for 0x2da351d8d5840415025c35a7c843a0dfa6e4b89b from gameserver (gameserver-Hddkwe35fsvk_worker_23648) [context: session_0x2da351d8d5840415025c35a7c843a0dfa6e4b89b]
2026-05-04 14:48:43:4843 debug: dbServer: Fetched 1 ships for tokens: 7
2026-05-04 14:49:00:490 debug: [CraftGovernor] Запуск цикла проверки... [context: governor]
2026-05-04 14:49:00:490 debug: [CraftGovernor] Предыдущее состояние: 2 владельцев. Текущее состояние: 2 владельцев. [context: governor]
2026-05-04 14:49:00:490 info: [CraftGovernor] Найдено для паузы: 0. Найдено для возобновления: 0. [context: governor]
2026-05-04 14:49:00:490 debug: [CraftGovernor] Изменений нет, состояние не обновлялось. [context: governor]
2026-05-04 14:49:00:490 debug: [CraftGovernor] Цикл проверки завершен. [context: governor]
2026-05-04 14:49:16:4916 info: New client connected from IP: ::1
2026-05-04 14:49:16:4916 info: Client identified and connection stored: client, ID: cl-83b2adf0-d8aa-4271-aee5-a61d5fb56ce0
2026-05-04 14:49:16:4916 debug: dbServer: Fetched 6 ships for tokens: 2, 3, 4, 5, 6, 7
2026-05-04 14:49:16:4916 debug: Sent get-ships-response to client for walletAddress: 0x2da351d8d5840415025c35a7c843a0dfa6e4b89b, tokens: 2,3,4,5,6,7
2026-05-04 14:49:30:4930 debug: ExpNotifier: Sent actual-exp to 1 client(s) using a single DB query.
2026-05-04 14:49:34:4934 debug: [Reconciler] Запуск сверки истекших резерваций...
2026-05-04 14:49:34:4934 debug: [Reconciler] Не найдено истекших резерваций для сверки.
2026-05-04 14:50:00:500 debug: [CraftGovernor] Запуск цикла проверки... [context: governor]
2026-05-04 14:50:00:500 debug: [CraftGovernor] Предыдущее состояние: 2 владельцев. Текущее состояние: 2 владельцев. [context: governor]
2026-05-04 14:50:00:500 info: [CraftGovernor] Найдено для паузы: 0. Найдено для возобновления: 0. [context: governor]
2026-05-04 14:50:00:500 debug: [CraftGovernor] Изменений нет, состояние не обновлялось. [context: governor]
2026-05-04 14:50:00:500 debug: [CraftGovernor] Цикл проверки завершен. [context: governor]
2026-05-04 14:50:01:501 debug: Mail 69f75d1b4450257adc85aa19 deleted successfully by owner 0x2da351d8d5840415025c35a7c843a0dfa6e4b89b. [context: mail_0x2da351d8d5840415025c35a7c843a0dfa6e4b89b]
2026-05-04 14:50:02:502 warn: Items Refunded: OSMS Coin x2 claimed by 0x2da351d8d5840415025c35a7c843a0dfa6e4b89b. [context: mail_0x2da351d8d5840415025c35a7c843a0dfa6e4b89b]
2026-05-04 14:50:30:5030 debug: ExpNotifier: Sent actual-exp to 1 client(s) using a single DB query.
2026-05-04 14:50:33:5033 warn: Items Refunded: OSMS Coin x2 claimed by 0x2da351d8d5840415025c35a7c843a0dfa6e4b89b. [context: mail_0x2da351d8d5840415025c35a7c843a0dfa6e4b89b]
2026-05-04 14:50:34:5034 debug: [Reconciler] Запуск сверки истекших резерваций...
2026-05-04 14:50:34:5034 debug: [Reconciler] Не найдено истекших резерваций для сверки.
2026-05-04 14:50:38:5038 info: Client disconnected: client, ID: cl-83b2adf0-d8aa-4271-aee5-a61d5fb56ce0
2026-05-04 14:50:49:5049 debug: Creating session for 0x2da351d8d5840415025c35a7c843a0dfa6e4b89b from web3server (web3server_kkwvq34lvcw2cf) [context: session_0x2da351d8d5840415025c35a7c843a0dfa6e4b89b]
2026-05-04 14:50:49:5049 debug: Session created in Redis for 0x2da351d8d5840415025c35a7c843a0dfa6e4b89b [context: session_0x2da351d8d5840415025c35a7c843a0dfa6e4b89b]
2026-05-04 14:50:52:5052 info: New client connected from IP: ::1
2026-05-04 14:50:52:5052 info: Client identified and connection stored: client, ID: cl-f08b72a0-a202-4c81-86e4-c5073479c3fb
2026-05-04 14:50:52:5052 debug: dbServer: Fetched 6 ships for tokens: 2, 3, 4, 5, 6, 7
2026-05-04 14:50:52:5052 debug: Sent get-ships-response to client for walletAddress: 0x2da351d8d5840415025c35a7c843a0dfa6e4b89b, tokens: 2,3,4,5,6,7
2026-05-04 14:51:00:510 debug: [CraftGovernor] Запуск цикла проверки... [context: governor]
2026-05-04 14:51:00:510 debug: [CraftGovernor] Предыдущее состояние: 2 владельцев. Текущее состояние: 2 владельцев. [context: governor]
2026-05-04 14:51:00:510 info: [CraftGovernor] Найдено для паузы: 0. Найдено для возобновления: 0. [context: governor]
2026-05-04 14:51:00:510 debug: [CraftGovernor] Изменений нет, состояние не обновлялось. [context: governor]
2026-05-04 14:51:00:510 debug: [CraftGovernor] Цикл проверки завершен. [context: governor]
2026-05-04 14:51:12:5112 warn: Items Refunded: OSMS Coin x2 claimed by 0x2da351d8d5840415025c35a7c843a0dfa6e4b89b. [context: mail_0x2da351d8d5840415025c35a7c843a0dfa6e4b89b]
2026-05-04 14:51:30:5130 debug: ExpNotifier: Sent actual-exp to 1 client(s) using a single DB query.
2026-05-04 14:51:34:5134 debug: [Reconciler] Запуск сверки истекших резерваций...
2026-05-04 14:51:34:5134 debug: [Reconciler] Не найдено истекших резерваций для сверки.
2026-05-04 14:51:38:5138 info: Client disconnected: client, ID: cl-f08b72a0-a202-4c81-86e4-c5073479c3fb
2026-05-04 14:51:38:5138 debug: Verifying session for 0x2da351d8d5840415025c35a7c843a0dfa6e4b89b from gameserver (gameserver-Hddkwe35fsvk_worker_15068) [context: session_0x2da351d8d5840415025c35a7c843a0dfa6e4b89b]
2026-05-04 14:51:38:5138 debug: dbServer: Fetched 1 ships for tokens: 7
2026-05-04 14:52:00:520 debug: [CraftGovernor] Запуск цикла проверки... [context: governor]
2026-05-04 14:52:00:520 debug: [CraftGovernor] Предыдущее состояние: 2 владельцев. Текущее состояние: 2 владельцев. [context: governor]
2026-05-04 14:52:00:520 info: [CraftGovernor] Найдено для паузы: 0. Найдено для возобновления: 0. [context: governor]
2026-05-04 14:52:00:520 debug: [CraftGovernor] Изменений нет, состояние не обновлялось. [context: governor]
2026-05-04 14:52:00:520 debug: [CraftGovernor] Цикл проверки завершен. [context: governor]
2026-05-04 14:52:30:5230 debug: ExpNotifier: No clients online, skipping EXP check.
2026-05-04 14:52:34:5234 debug: [Reconciler] Запуск сверки истекших резерваций...
2026-05-04 14:52:34:5234 debug: [Reconciler] Не найдено истекших резерваций для сверки.
2026-05-04 14:52:42:5242 debug: Статистика для 0x2da351d8d5840415025c35a7c843a0dfa6e4b89b не записана: нет сезона. [context: leaderboard]
2026-05-04 14:52:47:5247 info: New client connected from IP: ::1
2026-05-04 14:52:47:5247 info: Client identified and connection stored: client, ID: cl-0174cf85-58d5-4711-bb72-a4e3dcef29a2
2026-05-04 14:52:47:5247 debug: dbServer: Fetched 6 ships for tokens: 2, 3, 4, 5, 6, 7
2026-05-04 14:52:47:5247 debug: Sent get-ships-response to client for walletAddress: 0x2da351d8d5840415025c35a7c843a0dfa6e4b89b, tokens: 2,3,4,5,6,7
2026-05-04 14:53:00:530 debug: [CraftGovernor] Запуск цикла проверки... [context: governor]
2026-05-04 14:53:00:530 debug: [CraftGovernor] Предыдущее состояние: 2 владельцев. Текущее состояние: 2 владельцев. [context: governor]
2026-05-04 14:53:00:530 info: [CraftGovernor] Найдено для паузы: 0. Найдено для возобновления: 0. [context: governor]
2026-05-04 14:53:00:530 debug: [CraftGovernor] Изменений нет, состояние не обновлялось. [context: governor]
2026-05-04 14:53:00:530 debug: [CraftGovernor] Цикл проверки завершен. [context: governor]
2026-05-04 14:53:10:5310 warn: Получен сигнал SIGINT. Начинаю грациозное завершение dbserver...
2026-05-04 15:11:51:1151 info: [Reconciler] Запуск воркера для сверки резерваций (Unified)...
2026-05-04 15:11:51:1151 info: [CraftGovernor] Запуск воркера "Craft Governor"...
2026-05-04 15:11:51:1151 info: [API Server] Запуск процесса...
2026-05-04 15:11:52:1152 info: New client connected from IP: ::1
2026-05-04 15:11:52:1152 warn: [Infisical] Secret "WEB3_CLIENT_ID" not found in cache.
2026-05-04 15:11:52:1152 debug: Unidentified client disconnected
2026-05-04 15:11:53:1153 info: dbServer: Successfully connected to Redis (main client).
2026-05-04 15:11:53:1153 info: [HealthMonitor] Monitoring started for reconciler:main
2026-05-04 15:11:53:1153 info: [Reconciler] Успешное подключение к MongoDB и Redis.
2026-05-04 15:11:53:1153 debug: [Reconciler] Запуск сверки истекших резерваций...
2026-05-04 15:11:53:1153 debug: [Reconciler] Не найдено истекших резерваций для сверки.
2026-05-04 15:11:53:1153 info: dbServer: Successfully connected to Redis (main client).
2026-05-04 15:11:53:1153 info: [HealthMonitor] Monitoring started for governor:main
2026-05-04 15:11:53:1153 info: [CraftGovernor] Успешное подключение к MongoDB и Redis.
2026-05-04 15:11:53:1153 info: [CraftGovernor] Воркер запланирован с cron-выражением: "* * * * *"
2026-05-04 15:11:53:1153 info: New client connected from IP: ::1
2026-05-04 15:11:53:1153 warn: [Infisical] Secret "WEB3_CLIENT_ID" not found in cache.
2026-05-04 15:11:53:1153 debug: Unidentified client disconnected
2026-05-04 15:11:54:1154 info: [API Server] Успешное подключение к MongoDB.
2026-05-04 15:11:54:1154 info: New client connected from IP: ::1
2026-05-04 15:11:54:1154 info: Client identified and connection stored: web3server, ID: web3server_kkwvq34lvcw2cf
2026-05-04 15:11:54:1154 info: dbServer: Successfully connected to Redis (main client).
2026-05-04 15:11:54:1154 info: Прогрев не требуется: нет сезона. [context: hydrate_season_null]
2026-05-04 15:11:55:1155 info: [HealthMonitor] Monitoring started for api:main
2026-05-04 15:11:55:1155 info: Optimized Exp Notifier scheduler started [context: exp_notifier]
2026-05-04 15:11:55:1155 info: [API Server] Сервер запущен и готов к приему WebSocket соединений на PID: 9036.
2026-05-04 15:11:55:1155 info: Обработчики грациозного завершения инициализированы.
2026-05-04 15:11:55:1155 info: New client connected from IP: ::1
2026-05-04 15:11:55:1155 info: Client identified and connection stored: gameserver, ID: gameserver-Hddkwe35fsvk_worker_14856
2026-05-04 15:11:56:1156 info: dbServer: Successfully connected to Redis (main client).
2026-05-04 15:11:56:1156 info: [HealthMonitor] Monitoring started for worker:1
2026-05-04 15:11:56:1156 info: New client connected from IP: ::1
2026-05-04 15:11:56:1156 info: Client identified and connection stored: gameserver, ID: gameserver-Hddkwe35fsvk_worker_19720
2026-05-04 15:12:00:120 debug: [CraftGovernor] Запуск цикла проверки... [context: governor]
2026-05-04 15:12:00:120 debug: [CraftGovernor] Предыдущее состояние: 2 владельцев. Текущее состояние: 2 владельцев. [context: governor]
2026-05-04 15:12:00:120 info: [CraftGovernor] Найдено для паузы: 0. Найдено для возобновления: 0. [context: governor]
2026-05-04 15:12:00:120 debug: [CraftGovernor] Изменений нет, состояние не обновлялось. [context: governor]
2026-05-04 15:12:00:120 debug: [CraftGovernor] Цикл проверки завершен. [context: governor]
2026-05-04 15:12:29:1229 debug: Creating session for 0x2da351d8d5840415025c35a7c843a0dfa6e4b89b from web3server (web3server_kkwvq34lvcw2cf) [context: session_0x2da351d8d5840415025c35a7c843a0dfa6e4b89b]
2026-05-04 15:12:29:1229 debug: Session created in Redis for 0x2da351d8d5840415025c35a7c843a0dfa6e4b89b [context: session_0x2da351d8d5840415025c35a7c843a0dfa6e4b89b]
2026-05-04 15:12:30:1230 debug: ExpNotifier: No clients online, skipping EXP check.
2026-05-04 15:12:33:1233 info: New client connected from IP: ::1
2026-05-04 15:12:33:1233 info: Client identified and connection stored: client, ID: cl-9d89b09b-cdfa-4f70-ab00-4a7cdbf89179
2026-05-04 15:12:33:1233 debug: dbServer: Fetched 6 ships for tokens: 2, 3, 4, 5, 6, 7
2026-05-04 15:12:33:1233 debug: Sent get-ships-response to client for walletAddress: 0x2da351d8d5840415025c35a7c843a0dfa6e4b89b, tokens: 2,3,4,5,6,7
2026-05-04 15:12:49:1249 info: Client disconnected: client, ID: cl-9d89b09b-cdfa-4f70-ab00-4a7cdbf89179
2026-05-04 15:12:49:1249 debug: Verifying session for 0x2da351d8d5840415025c35a7c843a0dfa6e4b89b from gameserver (gameserver-Hddkwe35fsvk_worker_14856) [context: session_0x2da351d8d5840415025c35a7c843a0dfa6e4b89b]
2026-05-04 15:12:50:1250 debug: dbServer: Fetched 1 ships for tokens: 7
2026-05-04 15:12:53:1253 debug: [Reconciler] Запуск сверки истекших резерваций...
2026-05-04 15:12:53:1253 debug: [Reconciler] Не найдено истекших резерваций для сверки.
2026-05-04 15:13:00:130 debug: [CraftGovernor] Запуск цикла проверки... [context: governor]
2026-05-04 15:13:00:130 debug: [CraftGovernor] Предыдущее состояние: 2 владельцев. Текущее состояние: 2 владельцев. [context: governor]
2026-05-04 15:13:00:130 info: [CraftGovernor] Найдено для паузы: 0. Найдено для возобновления: 0. [context: governor]
2026-05-04 15:13:00:130 debug: [CraftGovernor] Изменений нет, состояние не обновлялось. [context: governor]
2026-05-04 15:13:00:130 debug: [CraftGovernor] Цикл проверки завершен. [context: governor]
2026-05-04 15:13:30:1330 debug: ExpNotifier: No clients online, skipping EXP check.
2026-05-04 15:13:37:1337 debug: Статистика для 0x2da351d8d5840415025c35a7c843a0dfa6e4b89b не записана: нет сезона. [context: leaderboard]
2026-05-04 15:13:42:1342 info: New client connected from IP: ::1
2026-05-04 15:13:42:1342 info: Client identified and connection stored: client, ID: cl-bf42879d-e8b0-4117-b781-1929a88439c0
2026-05-04 15:13:43:1343 debug: dbServer: Fetched 6 ships for tokens: 2, 3, 4, 5, 6, 7
2026-05-04 15:13:43:1343 debug: Sent get-ships-response to client for walletAddress: 0x2da351d8d5840415025c35a7c843a0dfa6e4b89b, tokens: 2,3,4,5,6,7
2026-05-04 15:13:53:1353 debug: [Reconciler] Запуск сверки истекших резерваций...
2026-05-04 15:13:53:1353 debug: [Reconciler] Не найдено истекших резерваций для сверки.
2026-05-04 15:13:53:1353 warn: Получен сигнал SIGINT. Начинаю грациозное завершение dbserver...
2026-05-04 15:26:30:2630 info: [Reconciler] Запуск воркера для сверки резерваций (Unified)...
2026-05-04 15:26:30:2630 info: [CraftGovernor] Запуск воркера "Craft Governor"...
2026-05-04 15:26:30:2630 info: [API Server] Запуск процесса...
2026-05-04 15:26:31:2631 info: New client connected from IP: ::1
2026-05-04 15:26:31:2631 warn: [Infisical] Secret "WEB3_CLIENT_ID" not found in cache.
2026-05-04 15:26:31:2631 debug: Unidentified client disconnected
2026-05-04 15:26:32:2632 info: dbServer: Successfully connected to Redis (main client).
2026-05-04 15:26:32:2632 info: [HealthMonitor] Monitoring started for governor:main
2026-05-04 15:26:32:2632 info: [CraftGovernor] Успешное подключение к MongoDB и Redis.
2026-05-04 15:26:32:2632 info: dbServer: Successfully connected to Redis (main client).
2026-05-04 15:26:32:2632 info: [CraftGovernor] Воркер запланирован с cron-выражением: "* * * * *"
2026-05-04 15:26:32:2632 info: [HealthMonitor] Monitoring started for reconciler:main
2026-05-04 15:26:32:2632 info: [Reconciler] Успешное подключение к MongoDB и Redis.
2026-05-04 15:26:32:2632 debug: [Reconciler] Запуск сверки истекших резерваций...
2026-05-04 15:26:32:2632 info: [API Server] Успешное подключение к MongoDB.
2026-05-04 15:26:32:2632 debug: [Reconciler] Не найдено истекших резерваций для сверки.
2026-05-04 15:26:32:2632 info: dbServer: Successfully connected to Redis (main client).
2026-05-04 15:26:32:2632 info: Прогрев не требуется: нет сезона. [context: hydrate_season_null]
2026-05-04 15:26:32:2632 info: [HealthMonitor] Monitoring started for api:main
2026-05-04 15:26:32:2632 info: Optimized Exp Notifier scheduler started [context: exp_notifier]
2026-05-04 15:26:32:2632 info: [API Server] Сервер запущен и готов к приему WebSocket соединений на PID: 15020.
2026-05-04 15:26:32:2632 info: Обработчики грациозного завершения инициализированы.
2026-05-04 15:26:32:2632 info: New client connected from IP: ::1
2026-05-04 15:26:32:2632 info: Client identified and connection stored: web3server, ID: web3server_kkwvq34lvcw2cf
2026-05-04 15:26:33:2633 info: New client connected from IP: ::1
2026-05-04 15:26:33:2633 info: Client identified and connection stored: gameserver, ID: gameserver-Hddkwe35fsvk_worker_14304
2026-05-04 15:26:35:2635 info: New client connected from IP: ::1
2026-05-04 15:26:35:2635 info: Client identified and connection stored: gameserver, ID: gameserver-Hddkwe35fsvk_worker_12408
2026-05-04 15:26:36:2636 info: dbServer: Successfully connected to Redis (main client).
2026-05-04 15:26:36:2636 info: [HealthMonitor] Monitoring started for worker:1
2026-05-04 15:27:00:270 debug: [CraftGovernor] Запуск цикла проверки... [context: governor]
2026-05-04 15:27:00:270 debug: [CraftGovernor] Предыдущее состояние: 2 владельцев. Текущее состояние: 2 владельцев. [context: governor]
2026-05-04 15:27:00:270 info: [CraftGovernor] Найдено для паузы: 0. Найдено для возобновления: 0. [context: governor]
2026-05-04 15:27:00:270 debug: [CraftGovernor] Изменений нет, состояние не обновлялось. [context: governor]
2026-05-04 15:27:00:270 debug: [CraftGovernor] Цикл проверки завершен. [context: governor]
2026-05-04 15:27:30:2730 debug: ExpNotifier: No clients online, skipping EXP check.
2026-05-04 15:27:32:2732 debug: [Reconciler] Запуск сверки истекших резерваций...
2026-05-04 15:27:32:2732 debug: [Reconciler] Не найдено истекших резерваций для сверки.
2026-05-04 15:28:00:280 debug: [CraftGovernor] Запуск цикла проверки... [context: governor]
2026-05-04 15:28:00:280 debug: [CraftGovernor] Предыдущее состояние: 2 владельцев. Текущее состояние: 2 владельцев. [context: governor]
2026-05-04 15:28:00:280 info: [CraftGovernor] Найдено для паузы: 0. Найдено для возобновления: 0. [context: governor]
2026-05-04 15:28:00:280 debug: [CraftGovernor] Изменений нет, состояние не обновлялось. [context: governor]
2026-05-04 15:28:00:280 debug: [CraftGovernor] Цикл проверки завершен. [context: governor]
2026-05-04 15:28:30:2830 debug: ExpNotifier: No clients online, skipping EXP check.
2026-05-04 15:28:32:2832 debug: [Reconciler] Запуск сверки истекших резерваций...
2026-05-04 15:28:32:2832 debug: [Reconciler] Не найдено истекших резерваций для сверки.
2026-05-04 15:29:00:290 debug: [CraftGovernor] Запуск цикла проверки... [context: governor]
2026-05-04 15:29:00:290 debug: [CraftGovernor] Предыдущее состояние: 2 владельцев. Текущее состояние: 2 владельцев. [context: governor]
2026-05-04 15:29:00:290 info: [CraftGovernor] Найдено для паузы: 0. Найдено для возобновления: 0. [context: governor]
2026-05-04 15:29:00:290 debug: [CraftGovernor] Изменений нет, состояние не обновлялось. [context: governor]
2026-05-04 15:29:00:290 debug: [CraftGovernor] Цикл проверки завершен. [context: governor]
2026-05-04 15:29:30:2930 debug: ExpNotifier: No clients online, skipping EXP check.
2026-05-04 15:29:32:2932 debug: [Reconciler] Запуск сверки истекших резерваций...
2026-05-04 15:29:32:2932 debug: [Reconciler] Не найдено истекших резерваций для сверки.
2026-05-04 15:30:00:300 debug: [CraftGovernor] Запуск цикла проверки... [context: governor]
2026-05-04 15:30:00:300 debug: [CraftGovernor] Предыдущее состояние: 2 владельцев. Текущее состояние: 2 владельцев. [context: governor]
2026-05-04 15:30:00:300 info: [CraftGovernor] Найдено для паузы: 0. Найдено для возобновления: 0. [context: governor]
2026-05-04 15:30:00:300 debug: [CraftGovernor] Изменений нет, состояние не обновлялось. [context: governor]
2026-05-04 15:30:00:300 debug: [CraftGovernor] Цикл проверки завершен. [context: governor]
2026-05-04 15:30:19:3019 debug: Creating session for 0x2da351d8d5840415025c35a7c843a0dfa6e4b89b from web3server (web3server_kkwvq34lvcw2cf) [context: session_0x2da351d8d5840415025c35a7c843a0dfa6e4b89b]
2026-05-04 15:30:19:3019 debug: Session created in Redis for 0x2da351d8d5840415025c35a7c843a0dfa6e4b89b [context: session_0x2da351d8d5840415025c35a7c843a0dfa6e4b89b]
2026-05-04 15:30:22:3022 info: New client connected from IP: ::1
2026-05-04 15:30:22:3022 info: Client identified and connection stored: client, ID: cl-bfdcd7cf-d1f7-4d77-a62c-98ea8b55fc66
2026-05-04 15:30:23:3023 debug: dbServer: Fetched 6 ships for tokens: 2, 3, 4, 5, 6, 7
2026-05-04 15:30:23:3023 debug: Sent get-ships-response to client for walletAddress: 0x2da351d8d5840415025c35a7c843a0dfa6e4b89b, tokens: 2,3,4,5,6,7
2026-05-04 15:30:30:3030 debug: ExpNotifier: Sent actual-exp to 1 client(s) using a single DB query.
2026-05-04 15:30:32:3032 debug: [Reconciler] Запуск сверки истекших резерваций...
2026-05-04 15:30:32:3032 debug: [Reconciler] Не найдено истекших резерваций для сверки.
2026-05-04 15:30:39:3039 info: Client disconnected: client, ID: cl-bfdcd7cf-d1f7-4d77-a62c-98ea8b55fc66
2026-05-04 15:30:39:3039 debug: Verifying session for 0x2da351d8d5840415025c35a7c843a0dfa6e4b89b from gameserver (gameserver-Hddkwe35fsvk_worker_14304) [context: session_0x2da351d8d5840415025c35a7c843a0dfa6e4b89b]
2026-05-04 15:30:39:3039 debug: dbServer: Fetched 1 ships for tokens: 7
2026-05-04 15:31:00:310 debug: [CraftGovernor] Запуск цикла проверки... [context: governor]
2026-05-04 15:31:00:310 debug: [CraftGovernor] Предыдущее состояние: 2 владельцев. Текущее состояние: 2 владельцев. [context: governor]
2026-05-04 15:31:00:310 info: [CraftGovernor] Найдено для паузы: 0. Найдено для возобновления: 0. [context: governor]
2026-05-04 15:31:00:310 debug: [CraftGovernor] Изменений нет, состояние не обновлялось. [context: governor]
2026-05-04 15:31:00:310 debug: [CraftGovernor] Цикл проверки завершен. [context: governor]
2026-05-04 15:31:09:319 debug: Статистика для 0x2da351d8d5840415025c35a7c843a0dfa6e4b89b не записана: нет сезона. [context: leaderboard]
2026-05-04 15:31:14:3114 info: New client connected from IP: ::1
2026-05-04 15:31:14:3114 info: Client identified and connection stored: client, ID: cl-e789bca1-a339-4857-8a98-748e37e33ff6
2026-05-04 15:31:15:3115 debug: dbServer: Fetched 6 ships for tokens: 2, 3, 4, 5, 6, 7
2026-05-04 15:31:15:3115 debug: Sent get-ships-response to client for walletAddress: 0x2da351d8d5840415025c35a7c843a0dfa6e4b89b, tokens: 2,3,4,5,6,7
2026-05-04 15:31:30:3130 debug: ExpNotifier: Sent actual-exp to 1 client(s) using a single DB query.
2026-05-04 15:31:32:3132 debug: [Reconciler] Запуск сверки истекших резерваций...
2026-05-04 15:31:32:3132 debug: [Reconciler] Не найдено истекших резерваций для сверки.
2026-05-04 15:32:00:320 debug: [CraftGovernor] Запуск цикла проверки... [context: governor]
2026-05-04 15:32:00:320 debug: [CraftGovernor] Предыдущее состояние: 2 владельцев. Текущее состояние: 2 владельцев. [context: governor]
2026-05-04 15:32:00:320 info: [CraftGovernor] Найдено для паузы: 0. Найдено для возобновления: 0. [context: governor]
2026-05-04 15:32:00:320 debug: [CraftGovernor] Изменений нет, состояние не обновлялось. [context: governor]
2026-05-04 15:32:00:320 debug: [CraftGovernor] Цикл проверки завершен. [context: governor]
2026-05-04 15:32:24:3224 warn: Получен сигнал SIGINT. Начинаю грациозное завершение dbserver...
2026-05-04 15:32:51:3251 info: [Reconciler] Запуск воркера для сверки резерваций (Unified)...
2026-05-04 15:32:51:3251 info: [CraftGovernor] Запуск воркера "Craft Governor"...
2026-05-04 15:32:52:3252 info: [API Server] Запуск процесса...
2026-05-04 15:32:53:3253 info: New client connected from IP: ::1
2026-05-04 15:32:53:3253 warn: [Infisical] Secret "WEB3_CLIENT_ID" not found in cache.
2026-05-04 15:32:53:3253 debug: Unidentified client disconnected
2026-05-04 15:32:53:3253 info: dbServer: Successfully connected to Redis (main client).
2026-05-04 15:32:53:3253 info: [HealthMonitor] Monitoring started for reconciler:main
2026-05-04 15:32:53:3253 info: [Reconciler] Успешное подключение к MongoDB и Redis.
2026-05-04 15:32:53:3253 debug: [Reconciler] Запуск сверки истекших резерваций...
2026-05-04 15:32:53:3253 info: dbServer: Successfully connected to Redis (main client).
2026-05-04 15:32:53:3253 info: [HealthMonitor] Monitoring started for governor:main
2026-05-04 15:32:53:3253 info: [CraftGovernor] Успешное подключение к MongoDB и Redis.
2026-05-04 15:32:53:3253 debug: [Reconciler] Не найдено истекших резерваций для сверки.
2026-05-04 15:32:53:3253 info: [CraftGovernor] Воркер запланирован с cron-выражением: "* * * * *"
2026-05-04 15:32:53:3253 info: [API Server] Успешное подключение к MongoDB.
2026-05-04 15:32:53:3253 info: dbServer: Successfully connected to Redis (main client).
2026-05-04 15:32:53:3253 info: Прогрев не требуется: нет сезона. [context: hydrate_season_null]
2026-05-04 15:32:54:3254 info: [HealthMonitor] Monitoring started for api:main
2026-05-04 15:32:54:3254 info: Optimized Exp Notifier scheduler started [context: exp_notifier]
2026-05-04 15:32:54:3254 info: [API Server] Сервер запущен и готов к приему WebSocket соединений на PID: 12972.
2026-05-04 15:32:54:3254 info: Обработчики грациозного завершения инициализированы.
2026-05-04 15:32:54:3254 info: New client connected from IP: ::1
2026-05-04 15:32:54:3254 info: Client identified and connection stored: web3server, ID: web3server_kkwvq34lvcw2cf
2026-05-04 15:32:54:3254 info: New client connected from IP: ::1
2026-05-04 15:32:54:3254 info: Client identified and connection stored: gameserver, ID: gameserver-Hddkwe35fsvk_worker_14404
2026-05-04 15:32:55:3255 info: dbServer: Successfully connected to Redis (main client).
2026-05-04 15:32:55:3255 info: [HealthMonitor] Monitoring started for worker:1
2026-05-04 15:33:00:330 debug: [CraftGovernor] Запуск цикла проверки... [context: governor]
2026-05-04 15:33:00:330 debug: [CraftGovernor] Предыдущее состояние: 2 владельцев. Текущее состояние: 2 владельцев. [context: governor]
2026-05-04 15:33:00:330 info: [CraftGovernor] Найдено для паузы: 0. Найдено для возобновления: 0. [context: governor]
2026-05-04 15:33:00:330 debug: [CraftGovernor] Изменений нет, состояние не обновлялось. [context: governor]
2026-05-04 15:33:00:330 debug: [CraftGovernor] Цикл проверки завершен. [context: governor]
2026-05-04 15:33:08:338 debug: Creating session for 0x2da351d8d5840415025c35a7c843a0dfa6e4b89b from web3server (web3server_kkwvq34lvcw2cf) [context: session_0x2da351d8d5840415025c35a7c843a0dfa6e4b89b]
2026-05-04 15:33:08:338 debug: Session created in Redis for 0x2da351d8d5840415025c35a7c843a0dfa6e4b89b [context: session_0x2da351d8d5840415025c35a7c843a0dfa6e4b89b]
2026-05-04 15:33:11:3311 info: New client connected from IP: ::1
2026-05-04 15:33:11:3311 info: Client identified and connection stored: client, ID: cl-648b5064-dbb5-4b8e-adaa-5db3abdcd321
2026-05-04 15:33:11:3311 debug: dbServer: Fetched 6 ships for tokens: 2, 3, 4, 5, 6, 7
2026-05-04 15:33:11:3311 debug: Sent get-ships-response to client for walletAddress: 0x2da351d8d5840415025c35a7c843a0dfa6e4b89b, tokens: 2,3,4,5,6,7
2026-05-04 15:33:24:3324 info: Client disconnected: client, ID: cl-648b5064-dbb5-4b8e-adaa-5db3abdcd321
2026-05-04 15:33:24:3324 debug: Verifying session for 0x2da351d8d5840415025c35a7c843a0dfa6e4b89b from gameserver (gameserver-Hddkwe35fsvk_worker_14404) [context: session_0x2da351d8d5840415025c35a7c843a0dfa6e4b89b]
2026-05-04 15:33:25:3325 debug: dbServer: Fetched 1 ships for tokens: 7
2026-05-04 15:33:30:3330 debug: ExpNotifier: No clients online, skipping EXP check.
2026-05-04 15:33:51:3351 debug: Статистика для 0x2da351d8d5840415025c35a7c843a0dfa6e4b89b не записана: нет сезона. [context: leaderboard]
2026-05-04 15:33:53:3353 debug: [Reconciler] Запуск сверки истекших резерваций...
2026-05-04 15:33:53:3353 debug: [Reconciler] Не найдено истекших резерваций для сверки.
2026-05-04 15:33:59:3359 info: New client connected from IP: ::1
2026-05-04 15:33:59:3359 info: Client identified and connection stored: client, ID: cl-3c10f7f8-6b3b-43d5-b824-197d4bdfb943
2026-05-04 15:34:00:340 debug: [CraftGovernor] Запуск цикла проверки... [context: governor]
2026-05-04 15:34:00:340 debug: [CraftGovernor] Предыдущее состояние: 2 владельцев. Текущее состояние: 2 владельцев. [context: governor]
2026-05-04 15:34:00:340 info: [CraftGovernor] Найдено для паузы: 0. Найдено для возобновления: 0. [context: governor]
2026-05-04 15:34:00:340 debug: [CraftGovernor] Изменений нет, состояние не обновлялось. [context: governor]
2026-05-04 15:34:00:340 debug: [CraftGovernor] Цикл проверки завершен. [context: governor]
2026-05-04 15:34:00:340 debug: dbServer: Fetched 6 ships for tokens: 2, 3, 4, 5, 6, 7
2026-05-04 15:34:00:340 debug: Sent get-ships-response to client for walletAddress: 0x2da351d8d5840415025c35a7c843a0dfa6e4b89b, tokens: 2,3,4,5,6,7
2026-05-04 15:34:30:3430 debug: ExpNotifier: Sent actual-exp to 1 client(s) using a single DB query.
2026-05-04 15:34:35:3435 info: Client disconnected: client, ID: cl-3c10f7f8-6b3b-43d5-b824-197d4bdfb943
2026-05-04 15:34:35:3435 debug: Verifying session for 0x2da351d8d5840415025c35a7c843a0dfa6e4b89b from gameserver (gameserver-Hddkwe35fsvk_worker_14404) [context: session_0x2da351d8d5840415025c35a7c843a0dfa6e4b89b]
2026-05-04 15:34:35:3435 debug: dbServer: Fetched 1 ships for tokens: 7
2026-05-04 15:34:53:3453 debug: [Reconciler] Запуск сверки истекших резерваций...
2026-05-04 15:34:53:3453 debug: [Reconciler] Не найдено истекших резерваций для сверки.
2026-05-04 15:34:54:3454 info: New client connected from IP: ::1
2026-05-04 15:34:54:3454 info: Client identified and connection stored: client, ID: cl-382bbb39-afd8-4ece-b52b-3c78403949c0
2026-05-04 15:34:54:3454 debug: dbServer: Fetched 6 ships for tokens: 2, 3, 4, 5, 6, 7
2026-05-04 15:34:54:3454 debug: Sent get-ships-response to client for walletAddress: 0x2da351d8d5840415025c35a7c843a0dfa6e4b89b, tokens: 2,3,4,5,6,7
2026-05-04 15:35:00:350 debug: [CraftGovernor] Запуск цикла проверки... [context: governor]
2026-05-04 15:35:00:350 debug: [CraftGovernor] Предыдущее состояние: 2 владельцев. Текущее состояние: 2 владельцев. [context: governor]
2026-05-04 15:35:00:350 info: [CraftGovernor] Найдено для паузы: 0. Найдено для возобновления: 0. [context: governor]
2026-05-04 15:35:00:350 debug: [CraftGovernor] Изменений нет, состояние не обновлялось. [context: governor]
2026-05-04 15:35:00:350 debug: [CraftGovernor] Цикл проверки завершен. [context: governor]
2026-05-04 15:35:10:3510 warn: Получен сигнал SIGINT. Начинаю грациозное завершение dbserver...
2026-05-04 15:35:15:3515 info: [Reconciler] Запуск воркера для сверки резерваций (Unified)...
2026-05-04 15:35:15:3515 info: [CraftGovernor] Запуск воркера "Craft Governor"...
2026-05-04 15:35:15:3515 info: [API Server] Запуск процесса...
2026-05-04 15:35:16:3516 info: New client connected from IP: ::1
2026-05-04 15:35:16:3516 warn: [Infisical] Secret "WEB3_CLIENT_ID" not found in cache.
2026-05-04 15:35:16:3516 debug: Unidentified client disconnected
2026-05-04 15:35:16:3516 info: dbServer: Successfully connected to Redis (main client).
2026-05-04 15:35:16:3516 info: [HealthMonitor] Monitoring started for governor:main
2026-05-04 15:35:16:3516 info: [CraftGovernor] Успешное подключение к MongoDB и Redis.
2026-05-04 15:35:16:3516 info: [CraftGovernor] Воркер запланирован с cron-выражением: "* * * * *"
2026-05-04 15:35:17:3517 info: dbServer: Successfully connected to Redis (main client).
2026-05-04 15:35:17:3517 info: [HealthMonitor] Monitoring started for reconciler:main
2026-05-04 15:35:17:3517 info: [Reconciler] Успешное подключение к MongoDB и Redis.
2026-05-04 15:35:17:3517 debug: [Reconciler] Запуск сверки истекших резерваций...
2026-05-04 15:35:17:3517 debug: [Reconciler] Не найдено истекших резерваций для сверки.
2026-05-04 15:35:17:3517 info: New client connected from IP: ::1
2026-05-04 15:35:17:3517 warn: [Infisical] Secret "WEB3_CLIENT_ID" not found in cache.
2026-05-04 15:35:17:3517 debug: Unidentified client disconnected
2026-05-04 15:35:17:3517 info: New client connected from IP: ::1
2026-05-04 15:35:17:3517 warn: [Infisical] Secret "GS_CLIENT_ID" not found in cache.
2026-05-04 15:35:17:3517 debug: Unidentified client disconnected
2026-05-04 15:35:18:3518 info: [API Server] Успешное подключение к MongoDB.
2026-05-04 15:35:18:3518 info: dbServer: Successfully connected to Redis (main client).
2026-05-04 15:35:18:3518 info: Прогрев не требуется: нет сезона. [context: hydrate_season_null]
2026-05-04 15:35:18:3518 info: [HealthMonitor] Monitoring started for api:main
2026-05-04 15:35:18:3518 info: Optimized Exp Notifier scheduler started [context: exp_notifier]
2026-05-04 15:35:18:3518 info: [API Server] Сервер запущен и готов к приему WebSocket соединений на PID: 15116.
2026-05-04 15:35:18:3518 info: Обработчики грациозного завершения инициализированы.
2026-05-04 15:35:18:3518 info: New client connected from IP: ::1
2026-05-04 15:35:18:3518 info: Client identified and connection stored: web3server, ID: web3server_kkwvq34lvcw2cf
2026-05-04 15:35:19:3519 info: dbServer: Successfully connected to Redis (main client).
2026-05-04 15:35:19:3519 info: [HealthMonitor] Monitoring started for worker:1
2026-05-04 15:35:19:3519 info: New client connected from IP: ::1
2026-05-04 15:35:19:3519 info: Client identified and connection stored: gameserver, ID: gameserver-Hddkwe35fsvk_worker_22788
2026-05-04 15:35:30:3530 debug: ExpNotifier: No clients online, skipping EXP check.
2026-05-04 15:35:30:3530 debug: Creating session for 0x2da351d8d5840415025c35a7c843a0dfa6e4b89b from web3server (web3server_kkwvq34lvcw2cf) [context: session_0x2da351d8d5840415025c35a7c843a0dfa6e4b89b]
2026-05-04 15:35:30:3530 debug: Session created in Redis for 0x2da351d8d5840415025c35a7c843a0dfa6e4b89b [context: session_0x2da351d8d5840415025c35a7c843a0dfa6e4b89b]
2026-05-04 15:35:33:3533 info: New client connected from IP: ::1
2026-05-04 15:35:33:3533 info: Client identified and connection stored: client, ID: cl-1efbcb67-97ae-40ea-b363-601247c50ac8
2026-05-04 15:35:33:3533 debug: dbServer: Fetched 6 ships for tokens: 2, 3, 4, 5, 6, 7
2026-05-04 15:35:33:3533 debug: Sent get-ships-response to client for walletAddress: 0x2da351d8d5840415025c35a7c843a0dfa6e4b89b, tokens: 2,3,4,5,6,7
2026-05-04 15:35:36:3536 info: Client disconnected: client, ID: cl-1efbcb67-97ae-40ea-b363-601247c50ac8
2026-05-04 15:35:36:3536 debug: Verifying session for 0x2da351d8d5840415025c35a7c843a0dfa6e4b89b from gameserver (gameserver-Hddkwe35fsvk_worker_22788) [context: session_0x2da351d8d5840415025c35a7c843a0dfa6e4b89b]
2026-05-04 15:35:36:3536 debug: dbServer: Fetched 1 ships for tokens: 2
2026-05-04 15:36:00:360 debug: [CraftGovernor] Запуск цикла проверки... [context: governor]
2026-05-04 15:36:00:360 debug: [CraftGovernor] Предыдущее состояние: 2 владельцев. Текущее состояние: 2 владельцев. [context: governor]
2026-05-04 15:36:00:360 info: [CraftGovernor] Найдено для паузы: 0. Найдено для возобновления: 0. [context: governor]
2026-05-04 15:36:00:360 debug: [CraftGovernor] Изменений нет, состояние не обновлялось. [context: governor]
2026-05-04 15:36:00:360 debug: [CraftGovernor] Цикл проверки завершен. [context: governor]
2026-05-04 15:36:09:369 debug: Статистика для 0x2da351d8d5840415025c35a7c843a0dfa6e4b89b не записана: нет сезона. [context: leaderboard]
2026-05-04 15:36:17:3617 debug: [Reconciler] Запуск сверки истекших резерваций...
2026-05-04 15:36:17:3617 debug: [Reconciler] Не найдено истекших резерваций для сверки.
2026-05-04 15:36:20:3620 warn: Получен сигнал SIGINT. Начинаю грациозное завершение dbserver...
2026-05-04 15:36:20:3620 info: Закрытие серверов (WebSocket и HTTP)...
2026-05-04 15:36:28:3628 info: [Reconciler] Запуск воркера для сверки резерваций (Unified)...
2026-05-04 15:36:28:3628 info: [CraftGovernor] Запуск воркера "Craft Governor"...
2026-05-04 15:36:29:3629 info: [API Server] Запуск процесса...
2026-05-04 15:36:29:3629 info: New client connected from IP: ::1
2026-05-04 15:36:29:3629 warn: [Infisical] Secret "WEB3_CLIENT_ID" not found in cache.
2026-05-04 15:36:29:3629 debug: Unidentified client disconnected
2026-05-04 15:36:30:3630 info: dbServer: Successfully connected to Redis (main client).
2026-05-04 15:36:30:3630 info: [HealthMonitor] Monitoring started for reconciler:main
2026-05-04 15:36:30:3630 info: [Reconciler] Успешное подключение к MongoDB и Redis.
2026-05-04 15:36:30:3630 debug: [Reconciler] Запуск сверки истекших резерваций...
2026-05-04 15:36:30:3630 info: dbServer: Successfully connected to Redis (main client).
2026-05-04 15:36:30:3630 info: [HealthMonitor] Monitoring started for governor:main
2026-05-04 15:36:30:3630 info: [CraftGovernor] Успешное подключение к MongoDB и Redis.
2026-05-04 15:36:30:3630 debug: [Reconciler] Не найдено истекших резерваций для сверки.
2026-05-04 15:36:30:3630 info: [CraftGovernor] Воркер запланирован с cron-выражением: "* * * * *"
2026-05-04 15:36:30:3630 info: New client connected from IP: ::1
2026-05-04 15:36:30:3630 warn: [Infisical] Secret "WEB3_CLIENT_ID" not found in cache.
2026-05-04 15:36:30:3630 debug: Unidentified client disconnected
2026-05-04 15:36:30:3630 info: [API Server] Успешное подключение к MongoDB.
2026-05-04 15:36:30:3630 info: dbServer: Successfully connected to Redis (main client).
2026-05-04 15:36:31:3631 info: Прогрев не требуется: нет сезона. [context: hydrate_season_null]
2026-05-04 15:36:31:3631 info: [HealthMonitor] Monitoring started for api:main
2026-05-04 15:36:31:3631 info: Optimized Exp Notifier scheduler started [context: exp_notifier]
2026-05-04 15:36:31:3631 info: [API Server] Сервер запущен и готов к приему WebSocket соединений на PID: 19168.
2026-05-04 15:36:31:3631 info: Обработчики грациозного завершения инициализированы.
2026-05-04 15:36:31:3631 info: New client connected from IP: ::1
2026-05-04 15:36:31:3631 info: Client identified and connection stored: web3server, ID: web3server_kkwvq34lvcw2cf
2026-05-04 15:36:33:3633 info: dbServer: Successfully connected to Redis (main client).
2026-05-04 15:36:33:3633 info: [HealthMonitor] Monitoring started for worker:1
2026-05-04 15:36:39:3639 debug: Creating session for 0x2da351d8d5840415025c35a7c843a0dfa6e4b89b from web3server (web3server_kkwvq34lvcw2cf) [context: session_0x2da351d8d5840415025c35a7c843a0dfa6e4b89b]
2026-05-04 15:36:39:3639 debug: Session created in Redis for 0x2da351d8d5840415025c35a7c843a0dfa6e4b89b [context: session_0x2da351d8d5840415025c35a7c843a0dfa6e4b89b]
2026-05-04 15:36:41:3641 info: New client connected from IP: ::1
2026-05-04 15:36:41:3641 info: Client identified and connection stored: client, ID: cl-cbd726ef-3904-433b-a35c-f1de0c61a953
2026-05-04 15:36:42:3642 debug: dbServer: Fetched 6 ships for tokens: 2, 3, 4, 5, 6, 7
2026-05-04 15:36:42:3642 debug: Sent get-ships-response to client for walletAddress: 0x2da351d8d5840415025c35a7c843a0dfa6e4b89b, tokens: 2,3,4,5,6,7
2026-05-04 15:36:43:3643 info: Client disconnected: client, ID: cl-cbd726ef-3904-433b-a35c-f1de0c61a953
2026-05-04 15:36:44:3644 info: New client connected from IP: ::1
2026-05-04 15:36:44:3644 info: Client identified and connection stored: gameserver, ID: gameserver-Hddkwe35fsvk_worker_21464
2026-05-04 15:36:45:3645 debug: Verifying session for 0x2da351d8d5840415025c35a7c843a0dfa6e4b89b from gameserver (gameserver-Hddkwe35fsvk_worker_21464) [context: session_0x2da351d8d5840415025c35a7c843a0dfa6e4b89b]
2026-05-04 15:36:45:3645 debug: dbServer: Fetched 1 ships for tokens: 2
2026-05-04 15:37:00:370 debug: [CraftGovernor] Запуск цикла проверки... [context: governor]
2026-05-04 15:37:00:370 debug: [CraftGovernor] Предыдущее состояние: 2 владельцев. Текущее состояние: 2 владельцев. [context: governor]
2026-05-04 15:37:00:370 info: [CraftGovernor] Найдено для паузы: 0. Найдено для возобновления: 0. [context: governor]
2026-05-04 15:37:00:370 debug: [CraftGovernor] Изменений нет, состояние не обновлялось. [context: governor]
2026-05-04 15:37:00:370 debug: [CraftGovernor] Цикл проверки завершен. [context: governor]
2026-05-04 15:37:22:3722 info: New client connected from IP: ::1
2026-05-04 15:37:22:3722 info: Client identified and connection stored: client, ID: cl-4c8e5f75-7f4b-4319-b5c6-10cea75c701f
2026-05-04 15:37:23:3723 debug: dbServer: Fetched 6 ships for tokens: 2, 3, 4, 5, 6, 7
2026-05-04 15:37:23:3723 debug: Sent get-ships-response to client for walletAddress: 0x2da351d8d5840415025c35a7c843a0dfa6e4b89b, tokens: 2,3,4,5,6,7
2026-05-04 15:37:30:3730 debug: ExpNotifier: Sent actual-exp to 1 client(s) using a single DB query.
2026-05-04 15:37:30:3730 debug: [Reconciler] Запуск сверки истекших резерваций...
2026-05-04 15:37:30:3730 debug: [Reconciler] Не найдено истекших резерваций для сверки.
2026-05-04 15:37:46:3746 info: Client disconnected: client, ID: cl-4c8e5f75-7f4b-4319-b5c6-10cea75c701f
2026-05-04 15:37:46:3746 debug: Verifying session for 0x2da351d8d5840415025c35a7c843a0dfa6e4b89b from gameserver (gameserver-Hddkwe35fsvk_worker_21464) [context: session_0x2da351d8d5840415025c35a7c843a0dfa6e4b89b]
2026-05-04 15:37:46:3746 debug: dbServer: Fetched 1 ships for tokens: 7
2026-05-04 15:38:00:380 debug: [CraftGovernor] Запуск цикла проверки... [context: governor]
2026-05-04 15:38:00:380 debug: [CraftGovernor] Предыдущее состояние: 2 владельцев. Текущее состояние: 2 владельцев. [context: governor]
2026-05-04 15:38:00:380 info: [CraftGovernor] Найдено для паузы: 0. Найдено для возобновления: 0. [context: governor]
2026-05-04 15:38:00:380 debug: [CraftGovernor] Изменений нет, состояние не обновлялось. [context: governor]
2026-05-04 15:38:00:380 debug: [CraftGovernor] Цикл проверки завершен. [context: governor]
2026-05-04 15:38:21:3821 debug: Статистика для 0x2da351d8d5840415025c35a7c843a0dfa6e4b89b не записана: нет сезона. [context: leaderboard]
2026-05-04 15:38:25:3825 info: New client connected from IP: ::1
2026-05-04 15:38:25:3825 info: Client identified and connection stored: client, ID: cl-25a34698-6e22-41ec-b6dd-ee4071dffa60
2026-05-04 15:38:26:3826 debug: dbServer: Fetched 6 ships for tokens: 2, 3, 4, 5, 6, 7
2026-05-04 15:38:26:3826 debug: Sent get-ships-response to client for walletAddress: 0x2da351d8d5840415025c35a7c843a0dfa6e4b89b, tokens: 2,3,4,5,6,7
2026-05-04 15:38:30:3830 debug: ExpNotifier: Sent actual-exp to 1 client(s) using a single DB query.
2026-05-04 15:38:30:3830 debug: [Reconciler] Запуск сверки истекших резерваций...
2026-05-04 15:38:30:3830 debug: [Reconciler] Не найдено истекших резерваций для сверки.
2026-05-04 15:39:00:390 debug: [CraftGovernor] Запуск цикла проверки... [context: governor]
2026-05-04 15:39:00:390 debug: [CraftGovernor] Предыдущее состояние: 2 владельцев. Текущее состояние: 2 владельцев. [context: governor]
2026-05-04 15:39:00:390 info: [CraftGovernor] Найдено для паузы: 0. Найдено для возобновления: 0. [context: governor]
2026-05-04 15:39:00:390 debug: [CraftGovernor] Изменений нет, состояние не обновлялось. [context: governor]
2026-05-04 15:39:00:390 debug: [CraftGovernor] Цикл проверки завершен. [context: governor]
2026-05-04 15:39:30:3930 debug: ExpNotifier: Sent actual-exp to 1 client(s) using a single DB query.
2026-05-04 15:39:30:3930 debug: [Reconciler] Запуск сверки истекших резерваций...
2026-05-04 15:39:30:3930 debug: [Reconciler] Не найдено истекших резерваций для сверки.
2026-05-04 15:40:00:400 debug: [CraftGovernor] Запуск цикла проверки... [context: governor]
2026-05-04 15:40:00:400 debug: [CraftGovernor] Предыдущее состояние: 2 владельцев. Текущее состояние: 2 владельцев. [context: governor]
2026-05-04 15:40:00:400 info: [CraftGovernor] Найдено для паузы: 0. Найдено для возобновления: 0. [context: governor]
2026-05-04 15:40:00:400 debug: [CraftGovernor] Изменений нет, состояние не обновлялось. [context: governor]
2026-05-04 15:40:00:400 debug: [CraftGovernor] Цикл проверки завершен. [context: governor]
2026-05-04 15:40:30:4030 debug: ExpNotifier: Sent actual-exp to 1 client(s) using a single DB query.
2026-05-04 15:40:30:4030 debug: [Reconciler] Запуск сверки истекших резерваций...
2026-05-04 15:40:30:4030 debug: [Reconciler] Не найдено истекших резерваций для сверки.
2026-05-04 15:41:00:410 debug: [CraftGovernor] Запуск цикла проверки... [context: governor]
2026-05-04 15:41:00:410 debug: [CraftGovernor] Предыдущее состояние: 2 владельцев. Текущее состояние: 2 владельцев. [context: governor]
2026-05-04 15:41:00:410 info: [CraftGovernor] Найдено для паузы: 0. Найдено для возобновления: 0. [context: governor]
2026-05-04 15:41:00:410 debug: [CraftGovernor] Изменений нет, состояние не обновлялось. [context: governor]
2026-05-04 15:41:00:410 debug: [CraftGovernor] Цикл проверки завершен. [context: governor]
2026-05-04 15:41:30:4130 debug: ExpNotifier: Sent actual-exp to 1 client(s) using a single DB query.
2026-05-04 15:41:30:4130 debug: [Reconciler] Запуск сверки истекших резерваций...
2026-05-04 15:41:30:4130 debug: [Reconciler] Не найдено истекших резерваций для сверки.
2026-05-04 15:42:00:420 debug: [CraftGovernor] Запуск цикла проверки... [context: governor]
2026-05-04 15:42:00:420 debug: [CraftGovernor] Предыдущее состояние: 2 владельцев. Текущее состояние: 2 владельцев. [context: governor]
2026-05-04 15:42:00:420 info: [CraftGovernor] Найдено для паузы: 0. Найдено для возобновления: 0. [context: governor]
2026-05-04 15:42:00:420 debug: [CraftGovernor] Изменений нет, состояние не обновлялось. [context: governor]
2026-05-04 15:42:00:420 debug: [CraftGovernor] Цикл проверки завершен. [context: governor]
2026-05-04 15:42:30:4230 debug: ExpNotifier: Sent actual-exp to 1 client(s) using a single DB query.
2026-05-04 15:42:30:4230 debug: [Reconciler] Запуск сверки истекших резерваций...
2026-05-04 15:42:30:4230 debug: [Reconciler] Не найдено истекших резерваций для сверки.
2026-05-04 15:43:00:430 debug: [CraftGovernor] Запуск цикла проверки... [context: governor]
2026-05-04 15:43:00:430 debug: [CraftGovernor] Предыдущее состояние: 2 владельцев. Текущее состояние: 2 владельцев. [context: governor]
2026-05-04 15:43:00:430 info: [CraftGovernor] Найдено для паузы: 0. Найдено для возобновления: 0. [context: governor]
2026-05-04 15:43:00:430 debug: [CraftGovernor] Изменений нет, состояние не обновлялось. [context: governor]
2026-05-04 15:43:00:430 debug: [CraftGovernor] Цикл проверки завершен. [context: governor]
2026-05-04 15:43:30:4330 debug: ExpNotifier: Sent actual-exp to 1 client(s) using a single DB query.
2026-05-04 15:43:30:4330 debug: [Reconciler] Запуск сверки истекших резерваций...
2026-05-04 15:43:30:4330 debug: [Reconciler] Не найдено истекших резерваций для сверки.
2026-05-04 15:44:00:440 debug: [CraftGovernor] Запуск цикла проверки... [context: governor]
2026-05-04 15:44:00:440 debug: [CraftGovernor] Предыдущее состояние: 2 владельцев. Текущее состояние: 2 владельцев. [context: governor]
2026-05-04 15:44:00:440 info: [CraftGovernor] Найдено для паузы: 0. Найдено для возобновления: 0. [context: governor]
2026-05-04 15:44:00:440 debug: [CraftGovernor] Изменений нет, состояние не обновлялось. [context: governor]
2026-05-04 15:44:00:440 debug: [CraftGovernor] Цикл проверки завершен. [context: governor]
2026-05-04 15:44:30:4430 debug: ExpNotifier: Sent actual-exp to 1 client(s) using a single DB query.
2026-05-04 15:44:30:4430 debug: [Reconciler] Запуск сверки истекших резерваций...
2026-05-04 15:44:30:4430 debug: [Reconciler] Не найдено истекших резерваций для сверки.
2026-05-04 15:45:00:450 debug: [CraftGovernor] Запуск цикла проверки... [context: governor]
2026-05-04 15:45:00:450 debug: [CraftGovernor] Предыдущее состояние: 2 владельцев. Текущее состояние: 2 владельцев. [context: governor]
2026-05-04 15:45:00:450 info: [CraftGovernor] Найдено для паузы: 0. Найдено для возобновления: 0. [context: governor]
2026-05-04 15:45:00:450 debug: [CraftGovernor] Изменений нет, состояние не обновлялось. [context: governor]
2026-05-04 15:45:00:450 debug: [CraftGovernor] Цикл проверки завершен. [context: governor]
2026-05-04 15:45:30:4530 debug: ExpNotifier: Sent actual-exp to 1 client(s) using a single DB query.
2026-05-04 15:45:30:4530 debug: [Reconciler] Запуск сверки истекших резерваций...
2026-05-04 15:45:30:4530 debug: [Reconciler] Не найдено истекших резерваций для сверки.
2026-05-04 15:45:34:4534 warn: Получен сигнал SIGINT. Начинаю грациозное завершение dbserver...
2026-05-04 15:49:25:4925 info: [Reconciler] Запуск воркера для сверки резерваций (Unified)...
2026-05-04 15:49:25:4925 info: [CraftGovernor] Запуск воркера "Craft Governor"...
2026-05-04 15:49:25:4925 info: [API Server] Запуск процесса...
2026-05-04 15:49:26:4926 info: New client connected from IP: ::1
2026-05-04 15:49:26:4926 warn: [Infisical] Secret "WEB3_CLIENT_ID" not found in cache.
2026-05-04 15:49:26:4926 debug: Unidentified client disconnected
2026-05-04 15:49:27:4927 info: dbServer: Successfully connected to Redis (main client).
2026-05-04 15:49:27:4927 info: [HealthMonitor] Monitoring started for reconciler:main
2026-05-04 15:49:27:4927 info: [Reconciler] Успешное подключение к MongoDB и Redis.
2026-05-04 15:49:27:4927 debug: [Reconciler] Запуск сверки истекших резерваций...
2026-05-04 15:49:27:4927 info: dbServer: Successfully connected to Redis (main client).
2026-05-04 15:49:27:4927 debug: [Reconciler] Не найдено истекших резерваций для сверки.
2026-05-04 15:49:27:4927 info: [HealthMonitor] Monitoring started for governor:main
2026-05-04 15:49:27:4927 info: [CraftGovernor] Успешное подключение к MongoDB и Redis.
2026-05-04 15:49:27:4927 info: [CraftGovernor] Воркер запланирован с cron-выражением: "* * * * *"
2026-05-04 15:49:27:4927 info: [API Server] Успешное подключение к MongoDB.
2026-05-04 15:49:27:4927 info: dbServer: Successfully connected to Redis (main client).
2026-05-04 15:49:27:4927 info: Прогрев не требуется: нет сезона. [context: hydrate_season_null]
2026-05-04 15:49:28:4928 info: [HealthMonitor] Monitoring started for api:main
2026-05-04 15:49:28:4928 info: Optimized Exp Notifier scheduler started [context: exp_notifier]
2026-05-04 15:49:28:4928 info: [API Server] Сервер запущен и готов к приему WebSocket соединений на PID: 8944.
2026-05-04 15:49:28:4928 info: Обработчики грациозного завершения инициализированы.
2026-05-04 15:49:28:4928 info: New client connected from IP: ::1
2026-05-04 15:49:28:4928 info: Client identified and connection stored: web3server, ID: web3server_kkwvq34lvcw2cf
2026-05-04 15:49:29:4929 info: New client connected from IP: ::1
2026-05-04 15:49:29:4929 info: Client identified and connection stored: gameserver, ID: gameserver-Hddkwe35fsvk_worker_21836
2026-05-04 15:49:30:4930 debug: ExpNotifier: No clients online, skipping EXP check.
2026-05-04 15:49:30:4930 info: dbServer: Successfully connected to Redis (main client).
2026-05-04 15:49:30:4930 info: [HealthMonitor] Monitoring started for worker:1
2026-05-04 15:50:00:500 debug: [CraftGovernor] Запуск цикла проверки... [context: governor]
2026-05-04 15:50:00:500 debug: [CraftGovernor] Предыдущее состояние: 2 владельцев. Текущее состояние: 2 владельцев. [context: governor]
2026-05-04 15:50:00:500 info: [CraftGovernor] Найдено для паузы: 0. Найдено для возобновления: 0. [context: governor]
2026-05-04 15:50:00:500 debug: [CraftGovernor] Изменений нет, состояние не обновлялось. [context: governor]
2026-05-04 15:50:00:500 debug: [CraftGovernor] Цикл проверки завершен. [context: governor]
2026-05-04 15:50:27:5027 debug: [Reconciler] Запуск сверки истекших резерваций...
2026-05-04 15:50:27:5027 debug: [Reconciler] Не найдено истекших резерваций для сверки.
2026-05-04 15:50:30:5030 debug: ExpNotifier: No clients online, skipping EXP check.
2026-05-04 15:51:00:510 debug: [CraftGovernor] Запуск цикла проверки... [context: governor]
2026-05-04 15:51:00:510 debug: [CraftGovernor] Предыдущее состояние: 2 владельцев. Текущее состояние: 2 владельцев. [context: governor]
2026-05-04 15:51:00:510 info: [CraftGovernor] Найдено для паузы: 0. Найдено для возобновления: 0. [context: governor]
2026-05-04 15:51:00:510 debug: [CraftGovernor] Изменений нет, состояние не обновлялось. [context: governor]
2026-05-04 15:51:00:510 debug: [CraftGovernor] Цикл проверки завершен. [context: governor]
2026-05-04 15:51:27:5127 debug: [Reconciler] Запуск сверки истекших резерваций...
2026-05-04 15:51:27:5127 debug: [Reconciler] Не найдено истекших резерваций для сверки.
2026-05-04 15:51:30:5130 debug: ExpNotifier: No clients online, skipping EXP check.
2026-05-04 15:52:00:520 debug: [CraftGovernor] Запуск цикла проверки... [context: governor]
2026-05-04 15:52:00:520 debug: [CraftGovernor] Предыдущее состояние: 2 владельцев. Текущее состояние: 2 владельцев. [context: governor]
2026-05-04 15:52:00:520 info: [CraftGovernor] Найдено для паузы: 0. Найдено для возобновления: 0. [context: governor]
2026-05-04 15:52:00:520 debug: [CraftGovernor] Изменений нет, состояние не обновлялось. [context: governor]
2026-05-04 15:52:00:520 debug: [CraftGovernor] Цикл проверки завершен. [context: governor]
2026-05-04 15:52:27:5227 debug: [Reconciler] Запуск сверки истекших резерваций...
2026-05-04 15:52:27:5227 debug: [Reconciler] Не найдено истекших резерваций для сверки.
2026-05-04 15:52:30:5230 debug: ExpNotifier: No clients online, skipping EXP check.
2026-05-04 15:53:00:530 debug: [CraftGovernor] Запуск цикла проверки... [context: governor]
2026-05-04 15:53:00:530 debug: [CraftGovernor] Предыдущее состояние: 2 владельцев. Текущее состояние: 2 владельцев. [context: governor]
2026-05-04 15:53:00:530 info: [CraftGovernor] Найдено для паузы: 0. Найдено для возобновления: 0. [context: governor]
2026-05-04 15:53:00:530 debug: [CraftGovernor] Изменений нет, состояние не обновлялось. [context: governor]
2026-05-04 15:53:00:530 debug: [CraftGovernor] Цикл проверки завершен. [context: governor]
2026-05-04 15:53:27:5327 debug: [Reconciler] Запуск сверки истекших резерваций...
2026-05-04 15:53:27:5327 debug: [Reconciler] Не найдено истекших резерваций для сверки.
2026-05-04 15:53:30:5330 debug: ExpNotifier: No clients online, skipping EXP check.
2026-05-04 15:54:00:540 debug: [CraftGovernor] Запуск цикла проверки... [context: governor]
2026-05-04 15:54:00:540 debug: [CraftGovernor] Предыдущее состояние: 2 владельцев. Текущее состояние: 2 владельцев. [context: governor]
2026-05-04 15:54:00:540 info: [CraftGovernor] Найдено для паузы: 0. Найдено для возобновления: 0. [context: governor]
2026-05-04 15:54:00:540 debug: [CraftGovernor] Изменений нет, состояние не обновлялось. [context: governor]
2026-05-04 15:54:00:540 debug: [CraftGovernor] Цикл проверки завершен. [context: governor]
2026-05-04 15:54:10:5410 warn: Получен сигнал SIGINT. Начинаю грациозное завершение dbserver...
2026-05-04 15:54:16:5416 info: [Reconciler] Запуск воркера для сверки резерваций (Unified)...
2026-05-04 15:54:16:5416 info: [CraftGovernor] Запуск воркера "Craft Governor"...
2026-05-04 15:54:16:5416 info: [API Server] Запуск процесса...
2026-05-04 15:54:17:5417 info: dbServer: Successfully connected to Redis (main client).
2026-05-04 15:54:17:5417 info: [HealthMonitor] Monitoring started for governor:main
2026-05-04 15:54:17:5417 info: [CraftGovernor] Успешное подключение к MongoDB и Redis.
2026-05-04 15:54:17:5417 info: [CraftGovernor] Воркер запланирован с cron-выражением: "* * * * *"
2026-05-04 15:54:17:5417 info: New client connected from IP: ::1
2026-05-04 15:54:17:5417 warn: [Infisical] Secret "GS_CLIENT_ID" not found in cache.
2026-05-04 15:54:17:5417 debug: Unidentified client disconnected
2026-05-04 15:54:18:5418 info: New client connected from IP: ::1
2026-05-04 15:54:18:5418 warn: [Infisical] Secret "WEB3_CLIENT_ID" not found in cache.
2026-05-04 15:54:18:5418 debug: Unidentified client disconnected
2026-05-04 15:54:18:5418 info: dbServer: Successfully connected to Redis (main client).
2026-05-04 15:54:18:5418 info: [HealthMonitor] Monitoring started for reconciler:main
2026-05-04 15:54:18:5418 info: [Reconciler] Успешное подключение к MongoDB и Redis.
2026-05-04 15:54:18:5418 debug: [Reconciler] Запуск сверки истекших резерваций...
2026-05-04 15:54:18:5418 debug: [Reconciler] Не найдено истекших резерваций для сверки.
2026-05-04 15:54:18:5418 info: [API Server] Успешное подключение к MongoDB.
2026-05-04 15:54:18:5418 info: dbServer: Successfully connected to Redis (main client).
2026-05-04 15:54:18:5418 info: Прогрев не требуется: нет сезона. [context: hydrate_season_null]
2026-05-04 15:54:18:5418 info: [HealthMonitor] Monitoring started for api:main
2026-05-04 15:54:18:5418 info: Optimized Exp Notifier scheduler started [context: exp_notifier]
2026-05-04 15:54:18:5418 info: [API Server] Сервер запущен и готов к приему WebSocket соединений на PID: 2968.
2026-05-04 15:54:18:5418 info: Обработчики грациозного завершения инициализированы.
2026-05-04 15:54:19:5419 info: New client connected from IP: ::1
2026-05-04 15:54:19:5419 info: Client identified and connection stored: web3server, ID: web3server_kkwvq34lvcw2cf
2026-05-04 15:54:19:5419 info: dbServer: Successfully connected to Redis (main client).
2026-05-04 15:54:19:5419 info: [HealthMonitor] Monitoring started for worker:1
2026-05-04 15:54:19:5419 info: New client connected from IP: ::1
2026-05-04 15:54:19:5419 info: Client identified and connection stored: gameserver, ID: gameserver-Hddkwe35fsvk_worker_7548
2026-05-04 15:54:30:5430 debug: ExpNotifier: No clients online, skipping EXP check.
2026-05-04 15:55:00:550 debug: [CraftGovernor] Запуск цикла проверки... [context: governor]
2026-05-04 15:55:00:550 debug: [CraftGovernor] Предыдущее состояние: 2 владельцев. Текущее состояние: 2 владельцев. [context: governor]
2026-05-04 15:55:00:550 info: [CraftGovernor] Найдено для паузы: 0. Найдено для возобновления: 0. [context: governor]
2026-05-04 15:55:00:550 debug: [CraftGovernor] Изменений нет, состояние не обновлялось. [context: governor]
2026-05-04 15:55:00:550 debug: [CraftGovernor] Цикл проверки завершен. [context: governor]
2026-05-04 15:55:18:5518 debug: [Reconciler] Запуск сверки истекших резерваций...
2026-05-04 15:55:18:5518 debug: [Reconciler] Не найдено истекших резерваций для сверки.
2026-05-04 15:55:30:5530 debug: ExpNotifier: No clients online, skipping EXP check.
2026-05-04 15:56:00:560 debug: [CraftGovernor] Запуск цикла проверки... [context: governor]
2026-05-04 15:56:00:560 debug: [CraftGovernor] Предыдущее состояние: 2 владельцев. Текущее состояние: 2 владельцев. [context: governor]
2026-05-04 15:56:00:560 info: [CraftGovernor] Найдено для паузы: 0. Найдено для возобновления: 0. [context: governor]
2026-05-04 15:56:00:560 debug: [CraftGovernor] Изменений нет, состояние не обновлялось. [context: governor]
2026-05-04 15:56:00:560 debug: [CraftGovernor] Цикл проверки завершен. [context: governor]
2026-05-04 15:56:14:5614 warn: Получен сигнал SIGINT. Начинаю грациозное завершение dbserver...
2026-05-04 16:08:17:817 info: [Reconciler] Запуск воркера для сверки резерваций (Unified)...
2026-05-04 16:08:17:817 info: [CraftGovernor] Запуск воркера "Craft Governor"...
2026-05-04 16:08:17:817 info: [API Server] Запуск процесса...
2026-05-04 16:08:18:818 info: New client connected from IP: ::1
2026-05-04 16:08:18:818 warn: [Infisical] Secret "WEB3_CLIENT_ID" not found in cache.
2026-05-04 16:08:18:818 debug: Unidentified client disconnected
2026-05-04 16:08:18:818 info: dbServer: Successfully connected to Redis (main client).
2026-05-04 16:08:18:818 info: [HealthMonitor] Monitoring started for reconciler:main
2026-05-04 16:08:18:818 info: [Reconciler] Успешное подключение к MongoDB и Redis.
2026-05-04 16:08:18:818 debug: [Reconciler] Запуск сверки истекших резерваций...
2026-05-04 16:08:18:818 debug: [Reconciler] Не найдено истекших резерваций для сверки.
2026-05-04 16:08:18:818 info: dbServer: Successfully connected to Redis (main client).
2026-05-04 16:08:18:818 info: [HealthMonitor] Monitoring started for governor:main
2026-05-04 16:08:18:818 info: [CraftGovernor] Успешное подключение к MongoDB и Redis.
2026-05-04 16:08:18:818 info: [CraftGovernor] Воркер запланирован с cron-выражением: "* * * * *"
2026-05-04 16:08:19:819 info: [API Server] Успешное подключение к MongoDB.
2026-05-04 16:08:19:819 info: dbServer: Successfully connected to Redis (main client).
2026-05-04 16:08:19:819 info: Прогрев не требуется: нет сезона. [context: hydrate_season_null]
2026-05-04 16:08:19:819 info: [HealthMonitor] Monitoring started for api:main
2026-05-04 16:08:19:819 info: Optimized Exp Notifier scheduler started [context: exp_notifier]
2026-05-04 16:08:19:819 info: [API Server] Сервер запущен и готов к приему WebSocket соединений на PID: 19724.
2026-05-04 16:08:19:819 info: Обработчики грациозного завершения инициализированы.
2026-05-04 16:08:19:819 info: New client connected from IP: ::1
2026-05-04 16:08:19:819 info: Client identified and connection stored: web3server, ID: web3server_kkwvq34lvcw2cf
2026-05-04 16:08:20:820 info: dbServer: Successfully connected to Redis (main client).
2026-05-04 16:08:20:820 info: [HealthMonitor] Monitoring started for worker:1
2026-05-04 16:08:21:821 info: New client connected from IP: ::1
2026-05-04 16:08:21:821 info: Client identified and connection stored: gameserver, ID: gameserver-Hddkwe35fsvk_worker_13796
2026-05-04 16:08:30:830 debug: ExpNotifier: No clients online, skipping EXP check.
2026-05-04 16:09:00:90 debug: [CraftGovernor] Запуск цикла проверки... [context: governor]
2026-05-04 16:09:00:90 debug: [CraftGovernor] Предыдущее состояние: 2 владельцев. Текущее состояние: 2 владельцев. [context: governor]
2026-05-04 16:09:00:90 info: [CraftGovernor] Найдено для паузы: 0. Найдено для возобновления: 0. [context: governor]
2026-05-04 16:09:00:90 debug: [CraftGovernor] Изменений нет, состояние не обновлялось. [context: governor]
2026-05-04 16:09:00:90 debug: [CraftGovernor] Цикл проверки завершен. [context: governor]
2026-05-04 16:09:18:918 debug: [Reconciler] Запуск сверки истекших резерваций...
2026-05-04 16:09:18:918 debug: [Reconciler] Не найдено истекших резерваций для сверки.
2026-05-04 16:09:30:930 debug: ExpNotifier: No clients online, skipping EXP check.
2026-05-04 16:10:00:100 debug: [CraftGovernor] Запуск цикла проверки... [context: governor]
2026-05-04 16:10:00:100 debug: [CraftGovernor] Предыдущее состояние: 2 владельцев. Текущее состояние: 2 владельцев. [context: governor]
2026-05-04 16:10:00:100 info: [CraftGovernor] Найдено для паузы: 0. Найдено для возобновления: 0. [context: governor]
2026-05-04 16:10:00:100 debug: [CraftGovernor] Изменений нет, состояние не обновлялось. [context: governor]
2026-05-04 16:10:00:100 debug: [CraftGovernor] Цикл проверки завершен. [context: governor]
2026-05-04 16:10:18:1018 debug: [Reconciler] Запуск сверки истекших резерваций...
2026-05-04 16:10:18:1018 debug: [Reconciler] Не найдено истекших резерваций для сверки.
2026-05-04 16:10:30:1030 debug: ExpNotifier: No clients online, skipping EXP check.
2026-05-04 16:11:00:110 debug: [CraftGovernor] Запуск цикла проверки... [context: governor]
2026-05-04 16:11:00:110 debug: [CraftGovernor] Предыдущее состояние: 2 владельцев. Текущее состояние: 2 владельцев. [context: governor]
2026-05-04 16:11:00:110 info: [CraftGovernor] Найдено для паузы: 0. Найдено для возобновления: 0. [context: governor]
2026-05-04 16:11:00:110 debug: [CraftGovernor] Изменений нет, состояние не обновлялось. [context: governor]
2026-05-04 16:11:00:110 debug: [CraftGovernor] Цикл проверки завершен. [context: governor]
2026-05-04 16:11:18:1118 debug: [Reconciler] Запуск сверки истекших резерваций...
2026-05-04 16:11:18:1118 debug: [Reconciler] Не найдено истекших резерваций для сверки.
2026-05-04 16:11:30:1130 debug: ExpNotifier: No clients online, skipping EXP check.
2026-05-04 16:12:00:120 debug: [CraftGovernor] Запуск цикла проверки... [context: governor]
2026-05-04 16:12:00:120 debug: [CraftGovernor] Предыдущее состояние: 2 владельцев. Текущее состояние: 2 владельцев. [context: governor]
2026-05-04 16:12:00:120 info: [CraftGovernor] Найдено для паузы: 0. Найдено для возобновления: 0. [context: governor]
2026-05-04 16:12:00:120 debug: [CraftGovernor] Изменений нет, состояние не обновлялось. [context: governor]
2026-05-04 16:12:00:120 debug: [CraftGovernor] Цикл проверки завершен. [context: governor]
2026-05-04 16:12:18:1218 debug: [Reconciler] Запуск сверки истекших резерваций...
2026-05-04 16:12:18:1218 debug: [Reconciler] Не найдено истекших резерваций для сверки.
2026-05-04 16:12:30:1230 debug: ExpNotifier: No clients online, skipping EXP check.
2026-05-04 16:13:00:130 debug: [CraftGovernor] Запуск цикла проверки... [context: governor]
2026-05-04 16:13:00:130 debug: [CraftGovernor] Предыдущее состояние: 2 владельцев. Текущее состояние: 2 владельцев. [context: governor]
2026-05-04 16:13:00:130 info: [CraftGovernor] Найдено для паузы: 0. Найдено для возобновления: 0. [context: governor]
2026-05-04 16:13:00:130 debug: [CraftGovernor] Изменений нет, состояние не обновлялось. [context: governor]
2026-05-04 16:13:00:130 debug: [CraftGovernor] Цикл проверки завершен. [context: governor]
2026-05-04 16:13:18:1318 debug: [Reconciler] Запуск сверки истекших резерваций...
2026-05-04 16:13:18:1318 debug: [Reconciler] Не найдено истекших резерваций для сверки.
2026-05-04 16:13:30:1330 debug: ExpNotifier: No clients online, skipping EXP check.
2026-05-04 16:13:42:1342 warn: Получен сигнал SIGINT. Начинаю грациозное завершение dbserver...
2026-05-04 16:13:42:1342 info: Закрытие серверов (WebSocket и HTTP)...
2026-05-04 16:13:42:1342 info: Client disconnected: gameserver, ID: gameserver-Hddkwe35fsvk_worker_13796
2026-05-04 16:13:49:1349 info: [Reconciler] Запуск воркера для сверки резерваций (Unified)...
2026-05-04 16:13:49:1349 info: [CraftGovernor] Запуск воркера "Craft Governor"...
2026-05-04 16:13:49:1349 info: [API Server] Запуск процесса...
2026-05-04 16:13:50:1350 info: New client connected from IP: ::1
2026-05-04 16:13:50:1350 warn: [Infisical] Secret "WEB3_CLIENT_ID" not found in cache.
2026-05-04 16:13:50:1350 debug: Unidentified client disconnected
2026-05-04 16:13:50:1350 info: dbServer: Successfully connected to Redis (main client).
2026-05-04 16:13:50:1350 info: [HealthMonitor] Monitoring started for governor:main
2026-05-04 16:13:50:1350 info: [CraftGovernor] Успешное подключение к MongoDB и Redis.
2026-05-04 16:13:50:1350 info: dbServer: Successfully connected to Redis (main client).
2026-05-04 16:13:50:1350 info: [HealthMonitor] Monitoring started for reconciler:main
2026-05-04 16:13:50:1350 info: [Reconciler] Успешное подключение к MongoDB и Redis.
2026-05-04 16:13:50:1350 debug: [Reconciler] Запуск сверки истекших резерваций...
2026-05-04 16:13:50:1350 debug: [Reconciler] Не найдено истекших резерваций для сверки.
2026-05-04 16:13:50:1350 info: [CraftGovernor] Воркер запланирован с cron-выражением: "* * * * *"
2026-05-04 16:13:51:1351 info: New client connected from IP: ::1
2026-05-04 16:13:51:1351 warn: [Infisical] Secret "WEB3_CLIENT_ID" not found in cache.
2026-05-04 16:13:51:1351 debug: Unidentified client disconnected
2026-05-04 16:13:51:1351 info: New client connected from IP: ::1
2026-05-04 16:13:51:1351 warn: [Infisical] Secret "GS_CLIENT_ID" not found in cache.
2026-05-04 16:13:51:1351 debug: Unidentified client disconnected
2026-05-04 16:13:52:1352 info: New client connected from IP: ::1
2026-05-04 16:13:52:1352 warn: [Infisical] Secret "WEB3_CLIENT_ID" not found in cache.
2026-05-04 16:13:52:1352 debug: Unidentified client disconnected
2026-05-04 16:13:53:1353 info: New client connected from IP: ::1
2026-05-04 16:13:53:1353 warn: [Infisical] Secret "WEB3_CLIENT_ID" not found in cache.
2026-05-04 16:13:53:1353 debug: Unidentified client disconnected
2026-05-04 16:13:53:1353 info: dbServer: Successfully connected to Redis (main client).
2026-05-04 16:13:53:1353 info: [HealthMonitor] Monitoring started for worker:1
2026-05-04 16:13:53:1353 info: New client connected from IP: ::1
2026-05-04 16:13:53:1353 warn: [Infisical] Secret "GS_CLIENT_ID" not found in cache.
2026-05-04 16:13:53:1353 debug: Unidentified client disconnected
2026-05-04 16:13:54:1354 info: New client connected from IP: ::1
2026-05-04 16:13:54:1354 warn: [Infisical] Secret "WEB3_CLIENT_ID" not found in cache.
2026-05-04 16:13:54:1354 debug: Unidentified client disconnected
2026-05-04 16:13:54:1354 info: [API Server] Успешное подключение к MongoDB.
2026-05-04 16:13:54:1354 info: dbServer: Successfully connected to Redis (main client).
2026-05-04 16:13:55:1355 info: Прогрев не требуется: нет сезона. [context: hydrate_season_null]
2026-05-04 16:13:55:1355 info: [HealthMonitor] Monitoring started for api:main
2026-05-04 16:13:55:1355 info: Optimized Exp Notifier scheduler started [context: exp_notifier]
2026-05-04 16:13:55:1355 info: [API Server] Сервер запущен и готов к приему WebSocket соединений на PID: 13436.
2026-05-04 16:13:55:1355 info: Обработчики грациозного завершения инициализированы.
2026-05-04 16:13:55:1355 info: New client connected from IP: ::1
2026-05-04 16:13:55:1355 info: Client identified and connection stored: web3server, ID: web3server_kkwvq34lvcw2cf
2026-05-04 16:13:56:1356 info: New client connected from IP: ::1
2026-05-04 16:13:56:1356 info: Client identified and connection stored: gameserver, ID: gameserver-Hddkwe35fsvk_worker_20916
2026-05-04 16:14:00:140 debug: [CraftGovernor] Запуск цикла проверки... [context: governor]
2026-05-04 16:14:00:140 debug: [CraftGovernor] Предыдущее состояние: 2 владельцев. Текущее состояние: 2 владельцев. [context: governor]
2026-05-04 16:14:00:140 info: [CraftGovernor] Найдено для паузы: 0. Найдено для возобновления: 0. [context: governor]
2026-05-04 16:14:00:140 debug: [CraftGovernor] Изменений нет, состояние не обновлялось. [context: governor]
2026-05-04 16:14:00:140 debug: [CraftGovernor] Цикл проверки завершен. [context: governor]
2026-05-04 16:14:30:1430 debug: ExpNotifier: No clients online, skipping EXP check.
2026-05-04 16:14:50:1450 debug: [Reconciler] Запуск сверки истекших резерваций...
2026-05-04 16:14:50:1450 debug: [Reconciler] Не найдено истекших резерваций для сверки.
2026-05-04 16:15:00:150 debug: [CraftGovernor] Запуск цикла проверки... [context: governor]
2026-05-04 16:15:00:150 debug: [CraftGovernor] Предыдущее состояние: 2 владельцев. Текущее состояние: 2 владельцев. [context: governor]
2026-05-04 16:15:00:150 info: [CraftGovernor] Найдено для паузы: 0. Найдено для возобновления: 0. [context: governor]
2026-05-04 16:15:00:150 debug: [CraftGovernor] Изменений нет, состояние не обновлялось. [context: governor]
2026-05-04 16:15:00:150 debug: [CraftGovernor] Цикл проверки завершен. [context: governor]
2026-05-04 16:15:30:1530 debug: ExpNotifier: No clients online, skipping EXP check.
2026-05-04 16:15:50:1550 debug: [Reconciler] Запуск сверки истекших резерваций...
2026-05-04 16:15:50:1550 debug: [Reconciler] Не найдено истекших резерваций для сверки.
2026-05-04 16:16:00:160 debug: [CraftGovernor] Запуск цикла проверки... [context: governor]
2026-05-04 16:16:00:160 debug: [CraftGovernor] Предыдущее состояние: 2 владельцев. Текущее состояние: 2 владельцев. [context: governor]
2026-05-04 16:16:00:160 info: [CraftGovernor] Найдено для паузы: 0. Найдено для возобновления: 0. [context: governor]
2026-05-04 16:16:00:160 debug: [CraftGovernor] Изменений нет, состояние не обновлялось. [context: governor]
2026-05-04 16:16:00:160 debug: [CraftGovernor] Цикл проверки завершен. [context: governor]
2026-05-04 16:16:30:1630 debug: ExpNotifier: No clients online, skipping EXP check.
2026-05-04 16:16:50:1650 debug: [Reconciler] Запуск сверки истекших резерваций...
2026-05-04 16:16:50:1650 debug: [Reconciler] Не найдено истекших резерваций для сверки.
2026-05-04 16:17:00:170 debug: [CraftGovernor] Запуск цикла проверки... [context: governor]
2026-05-04 16:17:00:170 debug: [CraftGovernor] Предыдущее состояние: 2 владельцев. Текущее состояние: 2 владельцев. [context: governor]
2026-05-04 16:17:00:170 info: [CraftGovernor] Найдено для паузы: 0. Найдено для возобновления: 0. [context: governor]
2026-05-04 16:17:00:170 debug: [CraftGovernor] Изменений нет, состояние не обновлялось. [context: governor]
2026-05-04 16:17:00:170 debug: [CraftGovernor] Цикл проверки завершен. [context: governor]
2026-05-04 16:17:30:1730 debug: ExpNotifier: No clients online, skipping EXP check.
2026-05-04 16:17:50:1750 debug: [Reconciler] Запуск сверки истекших резерваций...
2026-05-04 16:17:50:1750 debug: [Reconciler] Не найдено истекших резерваций для сверки.
2026-05-04 16:18:00:180 debug: [CraftGovernor] Запуск цикла проверки... [context: governor]
2026-05-04 16:18:00:180 debug: [CraftGovernor] Предыдущее состояние: 2 владельцев. Текущее состояние: 2 владельцев. [context: governor]
2026-05-04 16:18:00:180 info: [CraftGovernor] Найдено для паузы: 0. Найдено для возобновления: 0. [context: governor]
2026-05-04 16:18:00:180 debug: [CraftGovernor] Изменений нет, состояние не обновлялось. [context: governor]
2026-05-04 16:18:00:180 debug: [CraftGovernor] Цикл проверки завершен. [context: governor]
2026-05-04 16:18:30:1830 debug: ExpNotifier: No clients online, skipping EXP check.
2026-05-04 16:18:50:1850 debug: [Reconciler] Запуск сверки истекших резерваций...
2026-05-04 16:18:50:1850 debug: [Reconciler] Не найдено истекших резерваций для сверки.
2026-05-04 16:19:00:190 debug: [CraftGovernor] Запуск цикла проверки... [context: governor]
2026-05-04 16:19:00:190 debug: [CraftGovernor] Предыдущее состояние: 2 владельцев. Текущее состояние: 2 владельцев. [context: governor]
2026-05-04 16:19:00:190 info: [CraftGovernor] Найдено для паузы: 0. Найдено для возобновления: 0. [context: governor]
2026-05-04 16:19:00:190 debug: [CraftGovernor] Изменений нет, состояние не обновлялось. [context: governor]
2026-05-04 16:19:00:190 debug: [CraftGovernor] Цикл проверки завершен. [context: governor]
2026-05-04 16:19:30:1930 debug: ExpNotifier: No clients online, skipping EXP check.
2026-05-04 16:19:50:1950 debug: [Reconciler] Запуск сверки истекших резерваций...
2026-05-04 16:19:50:1950 debug: [Reconciler] Не найдено истекших резерваций для сверки.
2026-05-04 16:20:00:200 debug: [CraftGovernor] Запуск цикла проверки... [context: governor]
2026-05-04 16:20:00:200 debug: [CraftGovernor] Предыдущее состояние: 2 владельцев. Текущее состояние: 2 владельцев. [context: governor]
2026-05-04 16:20:00:200 info: [CraftGovernor] Найдено для паузы: 0. Найдено для возобновления: 0. [context: governor]
2026-05-04 16:20:00:200 debug: [CraftGovernor] Изменений нет, состояние не обновлялось. [context: governor]
2026-05-04 16:20:00:200 debug: [CraftGovernor] Цикл проверки завершен. [context: governor]
2026-05-04 16:20:30:2030 debug: ExpNotifier: No clients online, skipping EXP check.
2026-05-04 16:20:50:2050 debug: [Reconciler] Запуск сверки истекших резерваций...
2026-05-04 16:20:50:2050 debug: [Reconciler] Не найдено истекших резерваций для сверки.
2026-05-04 16:21:00:210 debug: [CraftGovernor] Запуск цикла проверки... [context: governor]
2026-05-04 16:21:00:210 debug: [CraftGovernor] Предыдущее состояние: 2 владельцев. Текущее состояние: 2 владельцев. [context: governor]
2026-05-04 16:21:00:210 info: [CraftGovernor] Найдено для паузы: 0. Найдено для возобновления: 0. [context: governor]
2026-05-04 16:21:00:210 debug: [CraftGovernor] Изменений нет, состояние не обновлялось. [context: governor]
2026-05-04 16:21:00:210 debug: [CraftGovernor] Цикл проверки завершен. [context: governor]
2026-05-04 16:21:19:2119 warn: Получен сигнал SIGINT. Начинаю грациозное завершение dbserver...
2026-05-04 16:21:19:2119 info: Закрытие серверов (WebSocket и HTTP)...
2026-05-04 16:21:25:2125 info: [Reconciler] Запуск воркера для сверки резерваций (Unified)...
2026-05-04 16:21:25:2125 info: [CraftGovernor] Запуск воркера "Craft Governor"...
2026-05-04 16:21:25:2125 info: [API Server] Запуск процесса...
2026-05-04 16:21:26:2126 info: New client connected from IP: ::1
2026-05-04 16:21:26:2126 warn: [Infisical] Secret "WEB3_CLIENT_ID" not found in cache.
2026-05-04 16:21:26:2126 debug: Unidentified client disconnected
2026-05-04 16:21:27:2127 info: dbServer: Successfully connected to Redis (main client).
2026-05-04 16:21:27:2127 info: [HealthMonitor] Monitoring started for reconciler:main
2026-05-04 16:21:27:2127 info: [Reconciler] Успешное подключение к MongoDB и Redis.
2026-05-04 16:21:27:2127 debug: [Reconciler] Запуск сверки истекших резерваций...
2026-05-04 16:21:27:2127 debug: [Reconciler] Не найдено истекших резерваций для сверки.
2026-05-04 16:21:27:2127 info: [API Server] Успешное подключение к MongoDB.
2026-05-04 16:21:27:2127 info: dbServer: Successfully connected to Redis (main client).
2026-05-04 16:21:27:2127 info: dbServer: Successfully connected to Redis (main client).
2026-05-04 16:21:27:2127 info: [HealthMonitor] Monitoring started for governor:main
2026-05-04 16:21:27:2127 info: [CraftGovernor] Успешное подключение к MongoDB и Redis.
2026-05-04 16:21:27:2127 info: Прогрев не требуется: нет сезона. [context: hydrate_season_null]
2026-05-04 16:21:27:2127 info: [CraftGovernor] Воркер запланирован с cron-выражением: "* * * * *"
2026-05-04 16:21:27:2127 info: [HealthMonitor] Monitoring started for api:main
2026-05-04 16:21:27:2127 info: Optimized Exp Notifier scheduler started [context: exp_notifier]
2026-05-04 16:21:27:2127 info: [API Server] Сервер запущен и готов к приему WebSocket соединений на PID: 23492.
2026-05-04 16:21:27:2127 info: Обработчики грациозного завершения инициализированы.
2026-05-04 16:21:27:2127 info: New client connected from IP: ::1
2026-05-04 16:21:27:2127 info: Client identified and connection stored: web3server, ID: web3server_kkwvq34lvcw2cf
2026-05-04 16:21:28:2128 info: New client connected from IP: ::1
2026-05-04 16:21:28:2128 info: Client identified and connection stored: gameserver, ID: gameserver-Hddkwe35fsvk_worker_15736
2026-05-04 16:21:30:2130 debug: ExpNotifier: No clients online, skipping EXP check.
2026-05-04 16:21:30:2130 info: dbServer: Successfully connected to Redis (main client).
2026-05-04 16:21:30:2130 info: [HealthMonitor] Monitoring started for worker:1
2026-05-04 16:22:00:220 debug: [CraftGovernor] Запуск цикла проверки... [context: governor]
2026-05-04 16:22:00:220 debug: [CraftGovernor] Предыдущее состояние: 2 владельцев. Текущее состояние: 2 владельцев. [context: governor]
2026-05-04 16:22:00:220 info: [CraftGovernor] Найдено для паузы: 0. Найдено для возобновления: 0. [context: governor]
2026-05-04 16:22:00:220 debug: [CraftGovernor] Изменений нет, состояние не обновлялось. [context: governor]
2026-05-04 16:22:00:220 debug: [CraftGovernor] Цикл проверки завершен. [context: governor]
2026-05-04 16:22:27:2227 debug: [Reconciler] Запуск сверки истекших резерваций...
2026-05-04 16:22:27:2227 debug: [Reconciler] Не найдено истекших резерваций для сверки.
2026-05-04 16:22:30:2230 debug: ExpNotifier: No clients online, skipping EXP check.
2026-05-04 16:23:00:230 debug: [CraftGovernor] Запуск цикла проверки... [context: governor]
2026-05-04 16:23:00:230 debug: [CraftGovernor] Предыдущее состояние: 2 владельцев. Текущее состояние: 2 владельцев. [context: governor]
2026-05-04 16:23:00:230 info: [CraftGovernor] Найдено для паузы: 0. Найдено для возобновления: 0. [context: governor]
2026-05-04 16:23:00:230 debug: [CraftGovernor] Изменений нет, состояние не обновлялось. [context: governor]
2026-05-04 16:23:00:230 debug: [CraftGovernor] Цикл проверки завершен. [context: governor]
2026-05-04 16:23:00:230 warn: Получен сигнал SIGINT. Начинаю грациозное завершение dbserver...
2026-05-04 16:23:00:230 info: Закрытие серверов (WebSocket и HTTP)...
2026-05-04 16:27:36:2736 info: [Reconciler] Запуск воркера для сверки резерваций (Unified)...
2026-05-04 16:27:36:2736 info: [CraftGovernor] Запуск воркера "Craft Governor"...
2026-05-04 16:27:37:2737 info: [API Server] Запуск процесса...
2026-05-04 16:27:38:2738 info: [API Server] Успешное подключение к MongoDB.
2026-05-04 16:27:38:2738 info: dbServer: Successfully connected to Redis (main client).
2026-05-04 16:27:38:2738 info: [HealthMonitor] Monitoring started for governor:main
2026-05-04 16:27:38:2738 info: [CraftGovernor] Успешное подключение к MongoDB и Redis.
2026-05-04 16:27:38:2738 info: dbServer: Successfully connected to Redis (main client).
2026-05-04 16:27:38:2738 info: [CraftGovernor] Воркер запланирован с cron-выражением: "* * * * *"
2026-05-04 16:27:38:2738 info: Прогрев не требуется: нет сезона. [context: hydrate_season_null]
2026-05-04 16:27:38:2738 info: [HealthMonitor] Monitoring started for api:main
2026-05-04 16:27:39:2739 info: Optimized Exp Notifier scheduler started [context: exp_notifier]
2026-05-04 16:27:39:2739 info: [API Server] Сервер запущен и готов к приему WebSocket соединений на PID: 21956.
2026-05-04 16:27:39:2739 info: Обработчики грациозного завершения инициализированы.
2026-05-04 16:27:39:2739 info: dbServer: Successfully connected to Redis (main client).
2026-05-04 16:27:39:2739 info: [HealthMonitor] Monitoring started for reconciler:main
2026-05-04 16:27:39:2739 info: [Reconciler] Успешное подключение к MongoDB и Redis.
2026-05-04 16:27:39:2739 debug: [Reconciler] Запуск сверки истекших резерваций...
2026-05-04 16:27:39:2739 debug: [Reconciler] Не найдено истекших резерваций для сверки.
2026-05-04 16:27:40:2740 info: New client connected from IP: ::1
2026-05-04 16:27:40:2740 info: Client identified and connection stored: web3server, ID: web3server_kkwvq34lvcw2cf
2026-05-04 16:27:40:2740 info: New client connected from IP: ::1
2026-05-04 16:27:40:2740 info: Client identified and connection stored: gameserver, ID: gameserver-Hddkwe35fsvk_worker_22996
2026-05-04 16:27:41:2741 info: dbServer: Successfully connected to Redis (main client).
2026-05-04 16:27:41:2741 info: [HealthMonitor] Monitoring started for worker:1
2026-05-04 16:28:00:280 debug: [CraftGovernor] Запуск цикла проверки... [context: governor]
2026-05-04 16:28:00:280 debug: [CraftGovernor] Предыдущее состояние: 2 владельцев. Текущее состояние: 2 владельцев. [context: governor]
2026-05-04 16:28:00:280 info: [CraftGovernor] Найдено для паузы: 0. Найдено для возобновления: 0. [context: governor]
2026-05-04 16:28:00:280 debug: [CraftGovernor] Изменений нет, состояние не обновлялось. [context: governor]
2026-05-04 16:28:00:280 debug: [CraftGovernor] Цикл проверки завершен. [context: governor]
2026-05-04 16:28:30:2830 debug: ExpNotifier: No clients online, skipping EXP check.
2026-05-04 16:28:39:2839 debug: [Reconciler] Запуск сверки истекших резерваций...
2026-05-04 16:28:39:2839 debug: [Reconciler] Не найдено истекших резерваций для сверки.
2026-05-04 16:29:00:290 debug: [CraftGovernor] Запуск цикла проверки... [context: governor]
2026-05-04 16:29:00:290 debug: [CraftGovernor] Предыдущее состояние: 2 владельцев. Текущее состояние: 2 владельцев. [context: governor]
2026-05-04 16:29:00:290 info: [CraftGovernor] Найдено для паузы: 0. Найдено для возобновления: 0. [context: governor]
2026-05-04 16:29:00:290 debug: [CraftGovernor] Изменений нет, состояние не обновлялось. [context: governor]
2026-05-04 16:29:00:290 debug: [CraftGovernor] Цикл проверки завершен. [context: governor]
2026-05-04 16:29:30:2930 debug: ExpNotifier: No clients online, skipping EXP check.
2026-05-04 16:29:39:2939 debug: [Reconciler] Запуск сверки истекших резерваций...
2026-05-04 16:29:39:2939 debug: [Reconciler] Не найдено истекших резерваций для сверки.
2026-05-04 16:30:00:300 debug: [CraftGovernor] Запуск цикла проверки... [context: governor]
2026-05-04 16:30:00:300 debug: [CraftGovernor] Предыдущее состояние: 2 владельцев. Текущее состояние: 2 владельцев. [context: governor]
2026-05-04 16:30:00:300 info: [CraftGovernor] Найдено для паузы: 0. Найдено для возобновления: 0. [context: governor]
2026-05-04 16:30:00:300 debug: [CraftGovernor] Изменений нет, состояние не обновлялось. [context: governor]
2026-05-04 16:30:00:300 debug: [CraftGovernor] Цикл проверки завершен. [context: governor]
2026-05-04 16:30:30:3030 debug: ExpNotifier: No clients online, skipping EXP check.
2026-05-04 16:30:39:3039 debug: [Reconciler] Запуск сверки истекших резерваций...
2026-05-04 16:30:39:3039 debug: [Reconciler] Не найдено истекших резерваций для сверки.
2026-05-04 16:31:00:310 debug: [CraftGovernor] Запуск цикла проверки... [context: governor]
2026-05-04 16:31:00:310 debug: [CraftGovernor] Предыдущее состояние: 2 владельцев. Текущее состояние: 2 владельцев. [context: governor]
2026-05-04 16:31:00:310 info: [CraftGovernor] Найдено для паузы: 0. Найдено для возобновления: 0. [context: governor]
2026-05-04 16:31:00:310 debug: [CraftGovernor] Изменений нет, состояние не обновлялось. [context: governor]
2026-05-04 16:31:00:310 debug: [CraftGovernor] Цикл проверки завершен. [context: governor]
2026-05-04 16:31:30:3130 debug: ExpNotifier: No clients online, skipping EXP check.
2026-05-04 16:31:39:3139 debug: [Reconciler] Запуск сверки истекших резерваций...
2026-05-04 16:31:39:3139 debug: [Reconciler] Не найдено истекших резерваций для сверки.
2026-05-04 16:32:00:320 debug: [CraftGovernor] Запуск цикла проверки... [context: governor]
2026-05-04 16:32:00:320 debug: [CraftGovernor] Предыдущее состояние: 2 владельцев. Текущее состояние: 2 владельцев. [context: governor]
2026-05-04 16:32:00:320 info: [CraftGovernor] Найдено для паузы: 0. Найдено для возобновления: 0. [context: governor]
2026-05-04 16:32:00:320 debug: [CraftGovernor] Изменений нет, состояние не обновлялось. [context: governor]
2026-05-04 16:32:00:320 debug: [CraftGovernor] Цикл проверки завершен. [context: governor]
2026-05-04 16:32:30:3230 debug: ExpNotifier: No clients online, skipping EXP check.
2026-05-04 16:32:39:3239 debug: [Reconciler] Запуск сверки истекших резерваций...
2026-05-04 16:32:39:3239 debug: [Reconciler] Не найдено истекших резерваций для сверки.
2026-05-04 16:33:00:330 debug: [CraftGovernor] Запуск цикла проверки... [context: governor]
2026-05-04 16:33:00:330 debug: [CraftGovernor] Предыдущее состояние: 2 владельцев. Текущее состояние: 2 владельцев. [context: governor]
2026-05-04 16:33:00:330 info: [CraftGovernor] Найдено для паузы: 0. Найдено для возобновления: 0. [context: governor]
2026-05-04 16:33:00:330 debug: [CraftGovernor] Изменений нет, состояние не обновлялось. [context: governor]
2026-05-04 16:33:00:330 debug: [CraftGovernor] Цикл проверки завершен. [context: governor]
2026-05-04 16:33:30:3330 debug: ExpNotifier: No clients online, skipping EXP check.
2026-05-04 16:33:39:3339 debug: [Reconciler] Запуск сверки истекших резерваций...
2026-05-04 16:33:39:3339 debug: [Reconciler] Не найдено истекших резерваций для сверки.
2026-05-04 16:34:00:340 debug: [CraftGovernor] Запуск цикла проверки... [context: governor]
2026-05-04 16:34:00:340 debug: [CraftGovernor] Предыдущее состояние: 2 владельцев. Текущее состояние: 2 владельцев. [context: governor]
2026-05-04 16:34:00:340 info: [CraftGovernor] Найдено для паузы: 0. Найдено для возобновления: 0. [context: governor]
2026-05-04 16:34:00:340 debug: [CraftGovernor] Изменений нет, состояние не обновлялось. [context: governor]
2026-05-04 16:34:00:340 debug: [CraftGovernor] Цикл проверки завершен. [context: governor]
2026-05-04 16:34:30:3430 debug: ExpNotifier: No clients online, skipping EXP check.
2026-05-04 16:34:39:3439 debug: [Reconciler] Запуск сверки истекших резерваций...
2026-05-04 16:34:39:3439 debug: [Reconciler] Не найдено истекших резерваций для сверки.
2026-05-04 16:35:00:350 debug: [CraftGovernor] Запуск цикла проверки... [context: governor]
2026-05-04 16:35:00:350 debug: [CraftGovernor] Предыдущее состояние: 2 владельцев. Текущее состояние: 2 владельцев. [context: governor]
2026-05-04 16:35:00:350 info: [CraftGovernor] Найдено для паузы: 0. Найдено для возобновления: 0. [context: governor]
2026-05-04 16:35:00:350 debug: [CraftGovernor] Изменений нет, состояние не обновлялось. [context: governor]
2026-05-04 16:35:00:350 debug: [CraftGovernor] Цикл проверки завершен. [context: governor]
2026-05-04 16:35:30:3530 debug: ExpNotifier: No clients online, skipping EXP check.
2026-05-04 16:35:39:3539 debug: [Reconciler] Запуск сверки истекших резерваций...
2026-05-04 16:35:39:3539 debug: [Reconciler] Не найдено истекших резерваций для сверки.
2026-05-04 16:36:00:360 debug: [CraftGovernor] Запуск цикла проверки... [context: governor]
2026-05-04 16:36:00:360 debug: [CraftGovernor] Предыдущее состояние: 2 владельцев. Текущее состояние: 2 владельцев. [context: governor]
2026-05-04 16:36:00:360 info: [CraftGovernor] Найдено для паузы: 0. Найдено для возобновления: 0. [context: governor]
2026-05-04 16:36:00:360 debug: [CraftGovernor] Изменений нет, состояние не обновлялось. [context: governor]
2026-05-04 16:36:00:360 debug: [CraftGovernor] Цикл проверки завершен. [context: governor]
2026-05-04 16:36:30:3630 debug: ExpNotifier: No clients online, skipping EXP check.
2026-05-04 16:36:39:3639 debug: [Reconciler] Запуск сверки истекших резерваций...
2026-05-04 16:36:39:3639 debug: [Reconciler] Не найдено истекших резерваций для сверки.
2026-05-04 16:37:00:370 debug: [CraftGovernor] Запуск цикла проверки... [context: governor]
2026-05-04 16:37:00:370 debug: [CraftGovernor] Предыдущее состояние: 2 владельцев. Текущее состояние: 2 владельцев. [context: governor]
2026-05-04 16:37:00:370 info: [CraftGovernor] Найдено для паузы: 0. Найдено для возобновления: 0. [context: governor]
2026-05-04 16:37:00:370 debug: [CraftGovernor] Изменений нет, состояние не обновлялось. [context: governor]
2026-05-04 16:37:00:370 debug: [CraftGovernor] Цикл проверки завершен. [context: governor]
2026-05-04 16:37:30:3730 debug: ExpNotifier: No clients online, skipping EXP check.
2026-05-04 16:37:39:3739 debug: [Reconciler] Запуск сверки истекших резерваций...
2026-05-04 16:37:39:3739 debug: [Reconciler] Не найдено истекших резерваций для сверки.
2026-05-04 16:38:00:380 debug: [CraftGovernor] Запуск цикла проверки... [context: governor]
2026-05-04 16:38:00:380 debug: [CraftGovernor] Предыдущее состояние: 2 владельцев. Текущее состояние: 2 владельцев. [context: governor]
2026-05-04 16:38:00:380 info: [CraftGovernor] Найдено для паузы: 0. Найдено для возобновления: 0. [context: governor]
2026-05-04 16:38:00:380 debug: [CraftGovernor] Изменений нет, состояние не обновлялось. [context: governor]
2026-05-04 16:38:00:380 debug: [CraftGovernor] Цикл проверки завершен. [context: governor]
2026-05-04 16:38:30:3830 debug: ExpNotifier: No clients online, skipping EXP check.
2026-05-04 16:38:39:3839 debug: [Reconciler] Запуск сверки истекших резерваций...
2026-05-04 16:38:39:3839 debug: [Reconciler] Не найдено истекших резерваций для сверки.
2026-05-04 16:39:00:390 debug: [CraftGovernor] Запуск цикла проверки... [context: governor]
2026-05-04 16:39:00:390 debug: [CraftGovernor] Предыдущее состояние: 2 владельцев. Текущее состояние: 2 владельцев. [context: governor]
2026-05-04 16:39:00:390 info: [CraftGovernor] Найдено для паузы: 0. Найдено для возобновления: 0. [context: governor]
2026-05-04 16:39:00:390 debug: [CraftGovernor] Изменений нет, состояние не обновлялось. [context: governor]
2026-05-04 16:39:00:390 debug: [CraftGovernor] Цикл проверки завершен. [context: governor]
2026-05-04 16:39:30:3930 debug: ExpNotifier: No clients online, skipping EXP check.
2026-05-04 16:39:39:3939 debug: [Reconciler] Запуск сверки истекших резерваций...
2026-05-04 16:39:39:3939 debug: [Reconciler] Не найдено истекших резерваций для сверки.
2026-05-04 16:40:00:400 debug: [CraftGovernor] Запуск цикла проверки... [context: governor]
2026-05-04 16:40:00:400 debug: [CraftGovernor] Предыдущее состояние: 2 владельцев. Текущее состояние: 2 владельцев. [context: governor]
2026-05-04 16:40:00:400 info: [CraftGovernor] Найдено для паузы: 0. Найдено для возобновления: 0. [context: governor]
2026-05-04 16:40:00:400 debug: [CraftGovernor] Изменений нет, состояние не обновлялось. [context: governor]
2026-05-04 16:40:00:400 debug: [CraftGovernor] Цикл проверки завершен. [context: governor]
2026-05-04 16:40:30:4030 debug: ExpNotifier: No clients online, skipping EXP check.
2026-05-04 16:40:39:4039 debug: [Reconciler] Запуск сверки истекших резерваций...
2026-05-04 16:40:39:4039 debug: [Reconciler] Не найдено истекших резерваций для сверки.
2026-05-04 16:41:00:410 debug: [CraftGovernor] Запуск цикла проверки... [context: governor]
2026-05-04 16:41:00:410 debug: [CraftGovernor] Предыдущее состояние: 2 владельцев. Текущее состояние: 2 владельцев. [context: governor]
2026-05-04 16:41:00:410 info: [CraftGovernor] Найдено для паузы: 0. Найдено для возобновления: 0. [context: governor]
2026-05-04 16:41:00:410 debug: [CraftGovernor] Изменений нет, состояние не обновлялось. [context: governor]
2026-05-04 16:41:00:410 debug: [CraftGovernor] Цикл проверки завершен. [context: governor]
2026-05-04 16:41:30:4130 debug: ExpNotifier: No clients online, skipping EXP check.
2026-05-04 16:41:39:4139 debug: [Reconciler] Запуск сверки истекших резерваций...
2026-05-04 16:41:39:4139 debug: [Reconciler] Не найдено истекших резерваций для сверки.
2026-05-04 16:42:00:420 debug: [CraftGovernor] Запуск цикла проверки... [context: governor]
2026-05-04 16:42:00:420 debug: [CraftGovernor] Предыдущее состояние: 2 владельцев. Текущее состояние: 2 владельцев. [context: governor]
2026-05-04 16:42:00:420 info: [CraftGovernor] Найдено для паузы: 0. Найдено для возобновления: 0. [context: governor]
2026-05-04 16:42:00:420 debug: [CraftGovernor] Изменений нет, состояние не обновлялось. [context: governor]
2026-05-04 16:42:00:420 debug: [CraftGovernor] Цикл проверки завершен. [context: governor]
2026-05-04 16:42:30:4230 debug: ExpNotifier: No clients online, skipping EXP check.
2026-05-04 16:43:38:4338 info: [Reconciler] Запуск воркера для сверки резерваций (Unified)...
2026-05-04 16:43:38:4338 info: [CraftGovernor] Запуск воркера "Craft Governor"...
2026-05-04 16:43:39:4339 info: [API Server] Запуск процесса...
2026-05-04 16:43:40:4340 info: New client connected from IP: ::1
2026-05-04 16:43:40:4340 warn: [Infisical] Secret "WEB3_CLIENT_ID" not found in cache.
2026-05-04 16:43:40:4340 debug: Unidentified client disconnected
2026-05-04 16:43:40:4340 info: dbServer: Successfully connected to Redis (main client).
2026-05-04 16:43:40:4340 info: [HealthMonitor] Monitoring started for governor:main
2026-05-04 16:43:40:4340 info: [CraftGovernor] Успешное подключение к MongoDB и Redis.
2026-05-04 16:43:40:4340 info: [CraftGovernor] Воркер запланирован с cron-выражением: "* * * * *"
2026-05-04 16:43:41:4341 info: New client connected from IP: ::1
2026-05-04 16:43:41:4341 warn: [Infisical] Secret "WEB3_CLIENT_ID" not found in cache.
2026-05-04 16:43:41:4341 debug: Unidentified client disconnected
2026-05-04 16:43:41:4341 info: dbServer: Successfully connected to Redis (main client).
2026-05-04 16:43:41:4341 info: [HealthMonitor] Monitoring started for reconciler:main
2026-05-04 16:43:41:4341 info: [Reconciler] Успешное подключение к MongoDB и Redis.
2026-05-04 16:43:41:4341 debug: [Reconciler] Запуск сверки истекших резерваций...
2026-05-04 16:43:41:4341 debug: [Reconciler] Не найдено истекших резерваций для сверки.
2026-05-04 16:43:41:4341 info: [API Server] Успешное подключение к MongoDB.
2026-05-04 16:43:41:4341 info: dbServer: Successfully connected to Redis (main client).
2026-05-04 16:43:41:4341 info: New client connected from IP: ::1
2026-05-04 16:43:41:4341 info: Client identified and connection stored: gameserver, ID: gameserver-Hddkwe35fsvk_worker_6544
2026-05-04 16:43:41:4341 info: Прогрев не требуется: нет сезона. [context: hydrate_season_null]
2026-05-04 16:43:41:4341 info: [HealthMonitor] Monitoring started for api:main
2026-05-04 16:43:41:4341 info: Optimized Exp Notifier scheduler started [context: exp_notifier]
2026-05-04 16:43:41:4341 info: [API Server] Сервер запущен и готов к приему WebSocket соединений на PID: 21084.
2026-05-04 16:43:41:4341 info: Обработчики грациозного завершения инициализированы.
2026-05-04 16:43:41:4341 info: Client disconnected: gameserver, ID: gameserver-Hddkwe35fsvk_worker_6544
2026-05-04 16:43:42:4342 info: New client connected from IP: ::1
2026-05-04 16:43:42:4342 info: Client identified and connection stored: web3server, ID: web3server_kkwvq34lvcw2cf
2026-05-04 16:43:42:4342 info: dbServer: Successfully connected to Redis (main client).
2026-05-04 16:43:42:4342 info: [HealthMonitor] Monitoring started for worker:1
2026-05-04 16:43:49:4349 info: New client connected from IP: ::1
2026-05-04 16:43:49:4349 info: Client identified and connection stored: gameserver, ID: gameserver-Hddkwe35fsvk_worker_20376
2026-05-04 16:44:00:440 debug: [CraftGovernor] Запуск цикла проверки... [context: governor]
2026-05-04 16:44:00:440 debug: [CraftGovernor] Предыдущее состояние: 2 владельцев. Текущее состояние: 2 владельцев. [context: governor]
2026-05-04 16:44:00:440 info: [CraftGovernor] Найдено для паузы: 0. Найдено для возобновления: 0. [context: governor]
2026-05-04 16:44:00:440 debug: [CraftGovernor] Изменений нет, состояние не обновлялось. [context: governor]
2026-05-04 16:44:00:440 debug: [CraftGovernor] Цикл проверки завершен. [context: governor]
2026-05-04 16:44:30:4430 debug: ExpNotifier: No clients online, skipping EXP check.
2026-05-04 16:44:41:4441 debug: [Reconciler] Запуск сверки истекших резерваций...
2026-05-04 16:44:41:4441 debug: [Reconciler] Не найдено истекших резерваций для сверки.
2026-05-04 16:45:00:450 debug: [CraftGovernor] Запуск цикла проверки... [context: governor]
2026-05-04 16:45:00:450 debug: [CraftGovernor] Предыдущее состояние: 2 владельцев. Текущее состояние: 2 владельцев. [context: governor]
2026-05-04 16:45:00:450 info: [CraftGovernor] Найдено для паузы: 0. Найдено для возобновления: 0. [context: governor]
2026-05-04 16:45:00:450 debug: [CraftGovernor] Изменений нет, состояние не обновлялось. [context: governor]
2026-05-04 16:45:00:450 debug: [CraftGovernor] Цикл проверки завершен. [context: governor]
2026-05-04 16:45:30:4530 debug: ExpNotifier: No clients online, skipping EXP check.
2026-05-04 16:45:41:4541 debug: [Reconciler] Запуск сверки истекших резерваций...
2026-05-04 16:45:41:4541 debug: [Reconciler] Не найдено истекших резерваций для сверки.
2026-05-04 16:46:00:460 debug: [CraftGovernor] Запуск цикла проверки... [context: governor]
2026-05-04 16:46:00:460 debug: [CraftGovernor] Предыдущее состояние: 2 владельцев. Текущее состояние: 2 владельцев. [context: governor]
2026-05-04 16:46:00:460 info: [CraftGovernor] Найдено для паузы: 0. Найдено для возобновления: 0. [context: governor]
2026-05-04 16:46:00:460 debug: [CraftGovernor] Изменений нет, состояние не обновлялось. [context: governor]
2026-05-04 16:46:00:460 debug: [CraftGovernor] Цикл проверки завершен. [context: governor]
2026-05-04 16:46:30:4630 debug: ExpNotifier: No clients online, skipping EXP check.
2026-05-04 16:46:41:4641 debug: [Reconciler] Запуск сверки истекших резерваций...
2026-05-04 16:46:41:4641 debug: [Reconciler] Не найдено истекших резерваций для сверки.
2026-05-04 16:47:00:470 debug: [CraftGovernor] Запуск цикла проверки... [context: governor]
2026-05-04 16:47:00:470 debug: [CraftGovernor] Предыдущее состояние: 2 владельцев. Текущее состояние: 2 владельцев. [context: governor]
2026-05-04 16:47:00:470 info: [CraftGovernor] Найдено для паузы: 0. Найдено для возобновления: 0. [context: governor]
2026-05-04 16:47:00:470 debug: [CraftGovernor] Изменений нет, состояние не обновлялось. [context: governor]
2026-05-04 16:47:00:470 debug: [CraftGovernor] Цикл проверки завершен. [context: governor]
2026-05-04 16:47:30:4730 debug: ExpNotifier: No clients online, skipping EXP check.
2026-05-04 16:47:41:4741 debug: [Reconciler] Запуск сверки истекших резерваций...
2026-05-04 16:47:41:4741 debug: [Reconciler] Не найдено истекших резерваций для сверки.
2026-05-04 16:48:00:480 debug: [CraftGovernor] Запуск цикла проверки... [context: governor]
2026-05-04 16:48:00:480 debug: [CraftGovernor] Предыдущее состояние: 2 владельцев. Текущее состояние: 2 владельцев. [context: governor]
2026-05-04 16:48:00:480 info: [CraftGovernor] Найдено для паузы: 0. Найдено для возобновления: 0. [context: governor]
2026-05-04 16:48:00:480 debug: [CraftGovernor] Изменений нет, состояние не обновлялось. [context: governor]
2026-05-04 16:48:00:480 debug: [CraftGovernor] Цикл проверки завершен. [context: governor]
2026-05-04 16:48:30:4830 debug: ExpNotifier: No clients online, skipping EXP check.
2026-05-04 16:48:41:4841 debug: [Reconciler] Запуск сверки истекших резерваций...
2026-05-04 16:48:41:4841 debug: [Reconciler] Не найдено истекших резерваций для сверки.
2026-05-04 16:49:00:490 debug: [CraftGovernor] Запуск цикла проверки... [context: governor]
2026-05-04 16:49:00:490 debug: [CraftGovernor] Предыдущее состояние: 2 владельцев. Текущее состояние: 2 владельцев. [context: governor]
2026-05-04 16:49:00:490 info: [CraftGovernor] Найдено для паузы: 0. Найдено для возобновления: 0. [context: governor]
2026-05-04 16:49:00:490 debug: [CraftGovernor] Изменений нет, состояние не обновлялось. [context: governor]
2026-05-04 16:49:00:490 debug: [CraftGovernor] Цикл проверки завершен. [context: governor]
2026-05-04 16:49:30:4930 debug: ExpNotifier: No clients online, skipping EXP check.
2026-05-04 16:49:41:4941 debug: [Reconciler] Запуск сверки истекших резерваций...
2026-05-04 16:49:41:4941 debug: [Reconciler] Не найдено истекших резерваций для сверки.
2026-05-04 16:50:00:500 debug: [CraftGovernor] Запуск цикла проверки... [context: governor]
2026-05-04 16:50:00:500 debug: [CraftGovernor] Предыдущее состояние: 2 владельцев. Текущее состояние: 2 владельцев. [context: governor]
2026-05-04 16:50:00:500 info: [CraftGovernor] Найдено для паузы: 0. Найдено для возобновления: 0. [context: governor]
2026-05-04 16:50:00:500 debug: [CraftGovernor] Изменений нет, состояние не обновлялось. [context: governor]
2026-05-04 16:50:00:500 debug: [CraftGovernor] Цикл проверки завершен. [context: governor]
2026-05-04 16:50:30:5030 debug: ExpNotifier: No clients online, skipping EXP check.
2026-05-04 16:50:41:5041 debug: [Reconciler] Запуск сверки истекших резерваций...
2026-05-04 16:50:41:5041 debug: [Reconciler] Не найдено истекших резерваций для сверки.
2026-05-04 16:51:00:510 debug: [CraftGovernor] Запуск цикла проверки... [context: governor]
2026-05-04 16:51:00:510 debug: [CraftGovernor] Предыдущее состояние: 2 владельцев. Текущее состояние: 2 владельцев. [context: governor]
2026-05-04 16:51:00:510 info: [CraftGovernor] Найдено для паузы: 0. Найдено для возобновления: 0. [context: governor]
2026-05-04 16:51:00:510 debug: [CraftGovernor] Изменений нет, состояние не обновлялось. [context: governor]
2026-05-04 16:51:00:510 debug: [CraftGovernor] Цикл проверки завершен. [context: governor]
2026-05-04 16:51:30:5130 debug: ExpNotifier: No clients online, skipping EXP check.
2026-05-04 16:51:41:5141 debug: [Reconciler] Запуск сверки истекших резерваций...
2026-05-04 16:51:41:5141 debug: [Reconciler] Не найдено истекших резерваций для сверки.
2026-05-04 16:51:49:5149 warn: Получен сигнал SIGINT. Начинаю грациозное завершение dbserver...
2026-05-04 16:51:49:5149 info: Закрытие серверов (WebSocket и HTTP)...
2026-05-04 16:51:56:5156 info: [Reconciler] Запуск воркера для сверки резерваций (Unified)...
2026-05-04 16:51:56:5156 info: [CraftGovernor] Запуск воркера "Craft Governor"...
2026-05-04 16:51:56:5156 info: [API Server] Запуск процесса...
2026-05-04 16:51:57:5157 info: dbServer: Successfully connected to Redis (main client).
2026-05-04 16:51:57:5157 info: [HealthMonitor] Monitoring started for reconciler:main
2026-05-04 16:51:57:5157 info: [Reconciler] Успешное подключение к MongoDB и Redis.
2026-05-04 16:51:57:5157 debug: [Reconciler] Запуск сверки истекших резерваций...
2026-05-04 16:51:57:5157 debug: [Reconciler] Не найдено истекших резерваций для сверки.
2026-05-04 16:51:57:5157 info: dbServer: Successfully connected to Redis (main client).
2026-05-04 16:51:57:5157 info: [HealthMonitor] Monitoring started for governor:main
2026-05-04 16:51:57:5157 info: [CraftGovernor] Успешное подключение к MongoDB и Redis.
2026-05-04 16:51:57:5157 info: [CraftGovernor] Воркер запланирован с cron-выражением: "* * * * *"
2026-05-04 16:51:57:5157 info: [API Server] Успешное подключение к MongoDB.
2026-05-04 16:51:58:5158 info: dbServer: Successfully connected to Redis (main client).
2026-05-04 16:51:58:5158 info: Прогрев не требуется: нет сезона. [context: hydrate_season_null]
2026-05-04 16:51:58:5158 info: [HealthMonitor] Monitoring started for api:main
2026-05-04 16:51:58:5158 info: Optimized Exp Notifier scheduler started [context: exp_notifier]
2026-05-04 16:51:58:5158 info: [API Server] Сервер запущен и готов к приему WebSocket соединений на PID: 2420.
2026-05-04 16:51:58:5158 info: Обработчики грациозного завершения инициализированы.
2026-05-04 16:51:58:5158 info: New client connected from IP: ::1
2026-05-04 16:51:58:5158 info: Client identified and connection stored: web3server, ID: web3server_kkwvq34lvcw2cf
2026-05-04 16:51:59:5159 info: New client connected from IP: ::1
2026-05-04 16:51:59:5159 info: Client identified and connection stored: gameserver, ID: gameserver-Hddkwe35fsvk_worker_17692
2026-05-04 16:52:00:520 debug: [CraftGovernor] Запуск цикла проверки... [context: governor]
2026-05-04 16:52:00:520 debug: [CraftGovernor] Предыдущее состояние: 2 владельцев. Текущее состояние: 2 владельцев. [context: governor]
2026-05-04 16:52:00:520 info: [CraftGovernor] Найдено для паузы: 0. Найдено для возобновления: 0. [context: governor]
2026-05-04 16:52:00:520 debug: [CraftGovernor] Изменений нет, состояние не обновлялось. [context: governor]
2026-05-04 16:52:00:520 debug: [CraftGovernor] Цикл проверки завершен. [context: governor]
2026-05-04 16:52:01:521 info: dbServer: Successfully connected to Redis (main client).
2026-05-04 16:52:01:521 info: [HealthMonitor] Monitoring started for worker:1
2026-05-04 16:52:07:527 debug: Creating session for 0x2da351d8d5840415025c35a7c843a0dfa6e4b89b from web3server (web3server_kkwvq34lvcw2cf) [context: session_0x2da351d8d5840415025c35a7c843a0dfa6e4b89b]
2026-05-04 16:52:07:527 debug: Session created in Redis for 0x2da351d8d5840415025c35a7c843a0dfa6e4b89b [context: session_0x2da351d8d5840415025c35a7c843a0dfa6e4b89b]
2026-05-04 16:52:10:5210 info: New client connected from IP: 26.132.212.95
2026-05-04 16:52:10:5210 info: Client identified and connection stored: client, ID: cl-0a8f0a50-5c38-4faf-b132-9ab7a3085945
2026-05-04 16:52:11:5211 debug: dbServer: Fetched 6 ships for tokens: 2, 3, 4, 5, 6, 7
2026-05-04 16:52:11:5211 debug: Sent get-ships-response to client for walletAddress: 0x2da351d8d5840415025c35a7c843a0dfa6e4b89b, tokens: 2,3,4,5,6,7
2026-05-04 16:52:14:5214 info: Client disconnected: client, ID: cl-0a8f0a50-5c38-4faf-b132-9ab7a3085945
2026-05-04 16:52:30:5230 debug: ExpNotifier: No clients online, skipping EXP check.
2026-05-04 16:52:57:5257 debug: [Reconciler] Запуск сверки истекших резерваций...
2026-05-04 16:52:57:5257 debug: [Reconciler] Не найдено истекших резерваций для сверки.
2026-05-04 16:53:00:530 debug: [CraftGovernor] Запуск цикла проверки... [context: governor]
2026-05-04 16:53:00:530 debug: [CraftGovernor] Предыдущее состояние: 2 владельцев. Текущее состояние: 2 владельцев. [context: governor]
2026-05-04 16:53:00:530 info: [CraftGovernor] Найдено для паузы: 0. Найдено для возобновления: 0. [context: governor]
2026-05-04 16:53:00:530 debug: [CraftGovernor] Изменений нет, состояние не обновлялось. [context: governor]
2026-05-04 16:53:00:530 debug: [CraftGovernor] Цикл проверки завершен. [context: governor]
2026-05-04 16:53:30:5330 debug: ExpNotifier: No clients online, skipping EXP check.
2026-05-04 16:53:57:5357 debug: [Reconciler] Запуск сверки истекших резерваций...
2026-05-04 16:53:57:5357 debug: [Reconciler] Не найдено истекших резерваций для сверки.
2026-05-04 16:54:00:540 debug: [CraftGovernor] Запуск цикла проверки... [context: governor]
2026-05-04 16:54:00:540 debug: [CraftGovernor] Предыдущее состояние: 2 владельцев. Текущее состояние: 2 владельцев. [context: governor]
2026-05-04 16:54:00:540 info: [CraftGovernor] Найдено для паузы: 0. Найдено для возобновления: 0. [context: governor]
2026-05-04 16:54:00:540 debug: [CraftGovernor] Изменений нет, состояние не обновлялось. [context: governor]
2026-05-04 16:54:00:540 debug: [CraftGovernor] Цикл проверки завершен. [context: governor]
2026-05-04 16:54:30:5430 debug: ExpNotifier: No clients online, skipping EXP check.
2026-05-04 16:54:57:5457 debug: [Reconciler] Запуск сверки истекших резерваций...
2026-05-04 16:54:57:5457 debug: [Reconciler] Не найдено истекших резерваций для сверки.
2026-05-04 16:55:00:550 debug: [CraftGovernor] Запуск цикла проверки... [context: governor]
2026-05-04 16:55:00:550 debug: [CraftGovernor] Предыдущее состояние: 2 владельцев. Текущее состояние: 2 владельцев. [context: governor]
2026-05-04 16:55:00:550 info: [CraftGovernor] Найдено для паузы: 0. Найдено для возобновления: 0. [context: governor]
2026-05-04 16:55:00:550 debug: [CraftGovernor] Изменений нет, состояние не обновлялось. [context: governor]
2026-05-04 16:55:00:550 debug: [CraftGovernor] Цикл проверки завершен. [context: governor]
2026-05-04 16:55:30:5530 debug: ExpNotifier: No clients online, skipping EXP check.
2026-05-04 16:55:57:5557 debug: [Reconciler] Запуск сверки истекших резерваций...
2026-05-04 16:55:57:5557 debug: [Reconciler] Не найдено истекших резерваций для сверки.
2026-05-04 16:55:58:5558 warn: Получен сигнал SIGINT. Начинаю грациозное завершение dbserver...
2026-05-04 16:56:33:5633 info: [Reconciler] Запуск воркера для сверки резерваций (Unified)...
2026-05-04 16:56:33:5633 info: [CraftGovernor] Запуск воркера "Craft Governor"...
2026-05-04 16:56:34:5634 info: dbServer: Successfully connected to Redis (main client).
2026-05-04 16:56:34:5634 info: [HealthMonitor] Monitoring started for reconciler:main
2026-05-04 16:56:34:5634 info: [Reconciler] Успешное подключение к MongoDB и Redis.
2026-05-04 16:56:34:5634 debug: [Reconciler] Запуск сверки истекших резерваций...
2026-05-04 16:56:34:5634 debug: [Reconciler] Не найдено истекших резерваций для сверки.
2026-05-04 16:56:35:5635 info: dbServer: Successfully connected to Redis (main client).
2026-05-04 16:56:35:5635 info: [HealthMonitor] Monitoring started for governor:main
2026-05-04 16:56:35:5635 info: [CraftGovernor] Успешное подключение к MongoDB и Redis.
2026-05-04 16:56:35:5635 info: [CraftGovernor] Воркер запланирован с cron-выражением: "* * * * *"
2026-05-04 16:56:45:5645 info: [Reconciler] Запуск воркера для сверки резерваций (Unified)...
2026-05-04 16:56:45:5645 info: [CraftGovernor] Запуск воркера "Craft Governor"...
2026-05-04 16:56:47:5647 info: [API Server] Запуск процесса...
2026-05-04 16:56:48:5648 info: dbServer: Successfully connected to Redis (main client).
2026-05-04 16:56:48:5648 info: dbServer: Successfully connected to Redis (main client).
2026-05-04 16:56:48:5648 info: [HealthMonitor] Monitoring started for governor:main
2026-05-04 16:56:48:5648 info: [CraftGovernor] Успешное подключение к MongoDB и Redis.
2026-05-04 16:56:48:5648 info: [HealthMonitor] Monitoring started for reconciler:main
2026-05-04 16:56:48:5648 info: [Reconciler] Успешное подключение к MongoDB и Redis.
2026-05-04 16:56:48:5648 debug: [Reconciler] Запуск сверки истекших резерваций...
2026-05-04 16:56:48:5648 debug: [Reconciler] Не найдено истекших резерваций для сверки.
2026-05-04 16:56:48:5648 info: [CraftGovernor] Воркер запланирован с cron-выражением: "* * * * *"
2026-05-04 16:56:48:5648 info: New client connected from IP: ::1
2026-05-04 16:56:48:5648 warn: [Infisical] Secret "GS_CLIENT_ID" not found in cache.
2026-05-04 16:56:48:5648 debug: Unidentified client disconnected
2026-05-04 16:56:50:5650 info: dbServer: Successfully connected to Redis (main client).
2026-05-04 16:56:50:5650 info: [HealthMonitor] Monitoring started for worker:1
2026-05-04 16:56:50:5650 info: [API Server] Успешное подключение к MongoDB.
2026-05-04 16:56:50:5650 info: dbServer: Successfully connected to Redis (main client).
2026-05-04 16:56:50:5650 info: Прогрев не требуется: нет сезона. [context: hydrate_season_null]
2026-05-04 16:56:52:5652 info: [HealthMonitor] Monitoring started for api:main
2026-05-04 16:56:52:5652 info: Optimized Exp Notifier scheduler started [context: exp_notifier]
2026-05-04 16:56:52:5652 info: [API Server] Сервер запущен и готов к приему WebSocket соединений на PID: 3372.
2026-05-04 16:56:52:5652 info: Обработчики грациозного завершения инициализированы.
2026-05-04 16:56:52:5652 info: New client connected from IP: ::1
2026-05-04 16:56:52:5652 info: Client identified and connection stored: gameserver, ID: gameserver-Hddkwe35fsvk_worker_11740
2026-05-04 16:57:00:570 debug: [CraftGovernor] Запуск цикла проверки... [context: governor]
2026-05-04 16:57:00:570 debug: [CraftGovernor] Предыдущее состояние: 2 владельцев. Текущее состояние: 2 владельцев. [context: governor]
2026-05-04 16:57:00:570 info: [CraftGovernor] Найдено для паузы: 0. Найдено для возобновления: 0. [context: governor]
2026-05-04 16:57:00:570 debug: [CraftGovernor] Изменений нет, состояние не обновлялось. [context: governor]
2026-05-04 16:57:00:570 debug: [CraftGovernor] Цикл проверки завершен. [context: governor]
2026-05-04 16:57:11:5711 warn: Получен сигнал SIGINT. Начинаю грациозное завершение dbserver...
2026-05-04 16:57:19:5719 info: [Reconciler] Запуск воркера для сверки резерваций (Unified)...
2026-05-04 16:57:19:5719 info: [CraftGovernor] Запуск воркера "Craft Governor"...
2026-05-04 16:57:20:5720 info: [API Server] Запуск процесса...
2026-05-04 16:57:21:5721 info: New client connected from IP: ::1
2026-05-04 16:57:21:5721 warn: [Infisical] Secret "WEB3_CLIENT_ID" not found in cache.
2026-05-04 16:57:21:5721 debug: Unidentified client disconnected
2026-05-04 16:57:21:5721 info: dbServer: Successfully connected to Redis (main client).
2026-05-04 16:57:21:5721 info: [HealthMonitor] Monitoring started for governor:main
2026-05-04 16:57:21:5721 info: [CraftGovernor] Успешное подключение к MongoDB и Redis.
2026-05-04 16:57:21:5721 info: [CraftGovernor] Воркер запланирован с cron-выражением: "* * * * *"
2026-05-04 16:57:21:5721 info: [API Server] Успешное подключение к MongoDB.
2026-05-04 16:57:21:5721 info: dbServer: Successfully connected to Redis (main client).
2026-05-04 16:57:21:5721 info: Прогрев не требуется: нет сезона. [context: hydrate_season_null]
2026-05-04 16:57:21:5721 info: [HealthMonitor] Monitoring started for api:main
2026-05-04 16:57:22:5722 info: Optimized Exp Notifier scheduler started [context: exp_notifier]
2026-05-04 16:57:22:5722 info: [API Server] Сервер запущен и готов к приему WebSocket соединений на PID: 14316.
2026-05-04 16:57:22:5722 info: Обработчики грациозного завершения инициализированы.
2026-05-04 16:57:22:5722 info: New client connected from IP: ::1
2026-05-04 16:57:22:5722 info: Client identified and connection stored: web3server, ID: web3server_kkwvq34lvcw2cf
2026-05-04 16:57:22:5722 info: dbServer: Successfully connected to Redis (main client).
2026-05-04 16:57:22:5722 info: [HealthMonitor] Monitoring started for reconciler:main
2026-05-04 16:57:22:5722 info: [Reconciler] Успешное подключение к MongoDB и Redis.
2026-05-04 16:57:22:5722 debug: [Reconciler] Запуск сверки истекших резерваций...
2026-05-04 16:57:22:5722 debug: [Reconciler] Не найдено истекших резерваций для сверки.
2026-05-04 16:57:22:5722 info: New client connected from IP: ::1
2026-05-04 16:57:22:5722 info: Client identified and connection stored: gameserver, ID: gameserver-Hddkwe35fsvk_worker_22588
2026-05-04 16:57:25:5725 info: dbServer: Successfully connected to Redis (main client).
2026-05-04 16:57:25:5725 info: [HealthMonitor] Monitoring started for worker:1
2026-05-04 16:57:30:5730 debug: ExpNotifier: No clients online, skipping EXP check.
2026-05-04 16:57:33:5733 debug: Creating session for 0x2da351d8d5840415025c35a7c843a0dfa6e4b89b from web3server (web3server_kkwvq34lvcw2cf) [context: session_0x2da351d8d5840415025c35a7c843a0dfa6e4b89b]
2026-05-04 16:57:33:5733 debug: Session created in Redis for 0x2da351d8d5840415025c35a7c843a0dfa6e4b89b [context: session_0x2da351d8d5840415025c35a7c843a0dfa6e4b89b]
2026-05-04 16:57:35:5735 info: New client connected from IP: 26.132.212.95
2026-05-04 16:57:35:5735 info: Client identified and connection stored: client, ID: cl-a8976ea5-bb7a-42cd-9220-7cf83543c47f
2026-05-04 16:57:35:5735 debug: dbServer: Fetched 6 ships for tokens: 2, 3, 4, 5, 6, 7
2026-05-04 16:57:35:5735 debug: Sent get-ships-response to client for walletAddress: 0x2da351d8d5840415025c35a7c843a0dfa6e4b89b, tokens: 2,3,4,5,6,7
2026-05-04 16:57:36:5736 info: Client disconnected: client, ID: cl-a8976ea5-bb7a-42cd-9220-7cf83543c47f
2026-05-04 16:57:36:5736 debug: Verifying session for 0x2da351d8d5840415025c35a7c843a0dfa6e4b89b from gameserver (gameserver-Hddkwe35fsvk_worker_22588) [context: session_0x2da351d8d5840415025c35a7c843a0dfa6e4b89b]
2026-05-04 16:57:37:5737 debug: dbServer: Fetched 1 ships for tokens: 2
2026-05-04 16:58:00:580 debug: [CraftGovernor] Запуск цикла проверки... [context: governor]
2026-05-04 16:58:00:580 debug: [CraftGovernor] Предыдущее состояние: 2 владельцев. Текущее состояние: 2 владельцев. [context: governor]
2026-05-04 16:58:00:580 info: [CraftGovernor] Найдено для паузы: 0. Найдено для возобновления: 0. [context: governor]
2026-05-04 16:58:00:580 debug: [CraftGovernor] Изменений нет, состояние не обновлялось. [context: governor]
2026-05-04 16:58:00:580 debug: [CraftGovernor] Цикл проверки завершен. [context: governor]
2026-05-04 16:58:11:5811 info: New client connected from IP: 26.132.212.95
2026-05-04 16:58:11:5811 info: Client identified and connection stored: client, ID: cl-9d5e306b-0222-4c13-9113-258517d77a9a
2026-05-04 16:58:12:5812 debug: dbServer: Fetched 6 ships for tokens: 2, 3, 4, 5, 6, 7
2026-05-04 16:58:12:5812 debug: Sent get-ships-response to client for walletAddress: 0x2da351d8d5840415025c35a7c843a0dfa6e4b89b, tokens: 2,3,4,5,6,7
2026-05-04 16:58:22:5822 debug: [Reconciler] Запуск сверки истекших резерваций...
2026-05-04 16:58:22:5822 debug: [Reconciler] Не найдено истекших резерваций для сверки.
2026-05-04 16:58:30:5830 debug: ExpNotifier: Sent actual-exp to 1 client(s) using a single DB query.
2026-05-04 16:59:00:590 debug: [CraftGovernor] Запуск цикла проверки... [context: governor]
2026-05-04 16:59:00:590 debug: [CraftGovernor] Предыдущее состояние: 2 владельцев. Текущее состояние: 2 владельцев. [context: governor]
2026-05-04 16:59:00:590 info: [CraftGovernor] Найдено для паузы: 0. Найдено для возобновления: 0. [context: governor]
2026-05-04 16:59:00:590 debug: [CraftGovernor] Изменений нет, состояние не обновлялось. [context: governor]
2026-05-04 16:59:00:590 debug: [CraftGovernor] Цикл проверки завершен. [context: governor]
2026-05-04 16:59:22:5922 debug: [Reconciler] Запуск сверки истекших резерваций...
2026-05-04 16:59:22:5922 debug: [Reconciler] Не найдено истекших резерваций для сверки.
2026-05-04 16:59:30:5930 debug: ExpNotifier: Sent actual-exp to 1 client(s) using a single DB query.
2026-05-04 17:00:00:00 debug: [CraftGovernor] Запуск цикла проверки... [context: governor]
2026-05-04 17:00:00:00 debug: [CraftGovernor] Предыдущее состояние: 2 владельцев. Текущее состояние: 2 владельцев. [context: governor]
2026-05-04 17:00:00:00 info: [CraftGovernor] Найдено для паузы: 0. Найдено для возобновления: 0. [context: governor]
2026-05-04 17:00:00:00 debug: [CraftGovernor] Изменений нет, состояние не обновлялось. [context: governor]
2026-05-04 17:00:00:00 debug: [CraftGovernor] Цикл проверки завершен. [context: governor]
2026-05-04 17:00:22:022 debug: [Reconciler] Запуск сверки истекших резерваций...
2026-05-04 17:00:22:022 debug: [Reconciler] Не найдено истекших резерваций для сверки.
2026-05-04 17:00:30:030 debug: ExpNotifier: Sent actual-exp to 1 client(s) using a single DB query.
2026-05-04 17:01:00:10 debug: [CraftGovernor] Запуск цикла проверки... [context: governor]
2026-05-04 17:01:00:10 debug: [CraftGovernor] Предыдущее состояние: 2 владельцев. Текущее состояние: 2 владельцев. [context: governor]
2026-05-04 17:01:00:10 info: [CraftGovernor] Найдено для паузы: 0. Найдено для возобновления: 0. [context: governor]
2026-05-04 17:01:00:10 debug: [CraftGovernor] Изменений нет, состояние не обновлялось. [context: governor]
2026-05-04 17:01:00:10 debug: [CraftGovernor] Цикл проверки завершен. [context: governor]
2026-05-04 17:01:04:14 info: Client disconnected: client, ID: cl-9d5e306b-0222-4c13-9113-258517d77a9a
2026-05-04 17:01:22:122 debug: [Reconciler] Запуск сверки истекших резерваций...
2026-05-04 17:01:22:122 debug: [Reconciler] Не найдено истекших резерваций для сверки.
2026-05-04 17:01:30:130 debug: ExpNotifier: No clients online, skipping EXP check.
2026-05-04 17:02:00:20 debug: [CraftGovernor] Запуск цикла проверки... [context: governor]
2026-05-04 17:02:00:20 debug: [CraftGovernor] Предыдущее состояние: 2 владельцев. Текущее состояние: 2 владельцев. [context: governor]
2026-05-04 17:02:00:20 info: [CraftGovernor] Найдено для паузы: 0. Найдено для возобновления: 0. [context: governor]
2026-05-04 17:02:00:20 debug: [CraftGovernor] Изменений нет, состояние не обновлялось. [context: governor]
2026-05-04 17:02:00:20 debug: [CraftGovernor] Цикл проверки завершен. [context: governor]
2026-05-04 17:02:22:222 debug: [Reconciler] Запуск сверки истекших резерваций...
2026-05-04 17:02:22:222 debug: [Reconciler] Не найдено истекших резерваций для сверки.
2026-05-04 17:02:30:230 debug: ExpNotifier: No clients online, skipping EXP check.
2026-05-04 17:03:00:30 debug: [CraftGovernor] Запуск цикла проверки... [context: governor]
2026-05-04 17:03:00:30 debug: [CraftGovernor] Предыдущее состояние: 2 владельцев. Текущее состояние: 2 владельцев. [context: governor]
2026-05-04 17:03:00:30 info: [CraftGovernor] Найдено для паузы: 0. Найдено для возобновления: 0. [context: governor]
2026-05-04 17:03:00:30 debug: [CraftGovernor] Изменений нет, состояние не обновлялось. [context: governor]
2026-05-04 17:03:00:30 debug: [CraftGovernor] Цикл проверки завершен. [context: governor]
2026-05-04 17:03:22:322 debug: [Reconciler] Запуск сверки истекших резерваций...
2026-05-04 17:03:22:322 debug: [Reconciler] Не найдено истекших резерваций для сверки.
2026-05-04 17:03:30:330 debug: ExpNotifier: No clients online, skipping EXP check.
2026-05-04 17:04:00:40 debug: [CraftGovernor] Запуск цикла проверки... [context: governor]
2026-05-04 17:04:00:40 debug: [CraftGovernor] Предыдущее состояние: 2 владельцев. Текущее состояние: 2 владельцев. [context: governor]
2026-05-04 17:04:00:40 info: [CraftGovernor] Найдено для паузы: 0. Найдено для возобновления: 0. [context: governor]
2026-05-04 17:04:00:40 debug: [CraftGovernor] Изменений нет, состояние не обновлялось. [context: governor]
2026-05-04 17:04:00:40 debug: [CraftGovernor] Цикл проверки завершен. [context: governor]
2026-05-04 17:04:22:422 debug: [Reconciler] Запуск сверки истекших резерваций...
2026-05-04 17:04:22:422 debug: [Reconciler] Не найдено истекших резерваций для сверки.
2026-05-04 17:04:30:430 debug: ExpNotifier: No clients online, skipping EXP check.
2026-05-04 17:05:00:50 debug: [CraftGovernor] Запуск цикла проверки... [context: governor]
2026-05-04 17:05:00:50 debug: [CraftGovernor] Предыдущее состояние: 2 владельцев. Текущее состояние: 2 владельцев. [context: governor]
2026-05-04 17:05:00:50 info: [CraftGovernor] Найдено для паузы: 0. Найдено для возобновления: 0. [context: governor]
2026-05-04 17:05:00:50 debug: [CraftGovernor] Изменений нет, состояние не обновлялось. [context: governor]
2026-05-04 17:05:00:50 debug: [CraftGovernor] Цикл проверки завершен. [context: governor]
2026-05-04 17:05:22:522 debug: [Reconciler] Запуск сверки истекших резерваций...
2026-05-04 17:05:22:522 debug: [Reconciler] Не найдено истекших резерваций для сверки.
2026-05-04 17:05:30:530 debug: ExpNotifier: No clients online, skipping EXP check.
2026-05-04 17:06:00:60 debug: [CraftGovernor] Запуск цикла проверки... [context: governor]
2026-05-04 17:06:00:60 debug: [CraftGovernor] Предыдущее состояние: 2 владельцев. Текущее состояние: 2 владельцев. [context: governor]
2026-05-04 17:06:00:60 info: [CraftGovernor] Найдено для паузы: 0. Найдено для возобновления: 0. [context: governor]
2026-05-04 17:06:00:60 debug: [CraftGovernor] Изменений нет, состояние не обновлялось. [context: governor]
2026-05-04 17:06:00:60 debug: [CraftGovernor] Цикл проверки завершен. [context: governor]
2026-05-04 17:06:22:622 debug: [Reconciler] Запуск сверки истекших резерваций...
2026-05-04 17:06:22:622 debug: [Reconciler] Не найдено истекших резерваций для сверки.
2026-05-04 17:06:30:630 debug: ExpNotifier: No clients online, skipping EXP check.
2026-05-04 17:07:00:70 debug: [CraftGovernor] Запуск цикла проверки... [context: governor]
2026-05-04 17:07:00:70 debug: [CraftGovernor] Предыдущее состояние: 2 владельцев. Текущее состояние: 2 владельцев. [context: governor]
2026-05-04 17:07:00:70 info: [CraftGovernor] Найдено для паузы: 0. Найдено для возобновления: 0. [context: governor]
2026-05-04 17:07:00:70 debug: [CraftGovernor] Изменений нет, состояние не обновлялось. [context: governor]
2026-05-04 17:07:00:70 debug: [CraftGovernor] Цикл проверки завершен. [context: governor]
2026-05-04 17:07:22:722 debug: [Reconciler] Запуск сверки истекших резерваций...
2026-05-04 17:07:22:722 debug: [Reconciler] Не найдено истекших резерваций для сверки.
2026-05-04 17:07:30:730 debug: ExpNotifier: No clients online, skipping EXP check.
2026-05-04 17:08:00:80 debug: [CraftGovernor] Запуск цикла проверки... [context: governor]
2026-05-04 17:08:00:80 debug: [CraftGovernor] Предыдущее состояние: 2 владельцев. Текущее состояние: 2 владельцев. [context: governor]
2026-05-04 17:08:00:80 info: [CraftGovernor] Найдено для паузы: 0. Найдено для возобновления: 0. [context: governor]
2026-05-04 17:08:00:80 debug: [CraftGovernor] Изменений нет, состояние не обновлялось. [context: governor]
2026-05-04 17:08:00:80 debug: [CraftGovernor] Цикл проверки завершен. [context: governor]
2026-05-04 17:08:22:822 debug: [Reconciler] Запуск сверки истекших резерваций...
2026-05-04 17:08:22:822 debug: [Reconciler] Не найдено истекших резерваций для сверки.
2026-05-04 17:08:30:830 debug: ExpNotifier: No clients online, skipping EXP check.
2026-05-04 17:09:00:90 debug: [CraftGovernor] Запуск цикла проверки... [context: governor]
2026-05-04 17:09:00:90 debug: [CraftGovernor] Предыдущее состояние: 2 владельцев. Текущее состояние: 2 владельцев. [context: governor]
2026-05-04 17:09:00:90 info: [CraftGovernor] Найдено для паузы: 0. Найдено для возобновления: 0. [context: governor]
2026-05-04 17:09:00:90 debug: [CraftGovernor] Изменений нет, состояние не обновлялось. [context: governor]
2026-05-04 17:09:00:90 debug: [CraftGovernor] Цикл проверки завершен. [context: governor]
2026-05-04 17:09:22:922 debug: [Reconciler] Запуск сверки истекших резерваций...
2026-05-04 17:09:22:922 debug: [Reconciler] Не найдено истекших резерваций для сверки.
2026-05-04 17:09:30:930 debug: ExpNotifier: No clients online, skipping EXP check.
2026-05-04 17:10:00:100 debug: [CraftGovernor] Запуск цикла проверки... [context: governor]
2026-05-04 17:10:00:100 debug: [CraftGovernor] Предыдущее состояние: 2 владельцев. Текущее состояние: 2 владельцев. [context: governor]
2026-05-04 17:10:00:100 info: [CraftGovernor] Найдено для паузы: 0. Найдено для возобновления: 0. [context: governor]
2026-05-04 17:10:00:100 debug: [CraftGovernor] Изменений нет, состояние не обновлялось. [context: governor]
2026-05-04 17:10:00:100 debug: [CraftGovernor] Цикл проверки завершен. [context: governor]
2026-05-04 17:10:22:1022 debug: [Reconciler] Запуск сверки истекших резерваций...
2026-05-04 17:10:22:1022 debug: [Reconciler] Не найдено истекших резерваций для сверки.
2026-05-04 17:10:30:1030 debug: ExpNotifier: No clients online, skipping EXP check.
2026-05-04 17:11:00:110 debug: [CraftGovernor] Запуск цикла проверки... [context: governor]
2026-05-04 17:11:00:110 debug: [CraftGovernor] Предыдущее состояние: 2 владельцев. Текущее состояние: 2 владельцев. [context: governor]
2026-05-04 17:11:00:110 info: [CraftGovernor] Найдено для паузы: 0. Найдено для возобновления: 0. [context: governor]
2026-05-04 17:11:00:110 debug: [CraftGovernor] Изменений нет, состояние не обновлялось. [context: governor]
2026-05-04 17:11:00:110 debug: [CraftGovernor] Цикл проверки завершен. [context: governor]
2026-05-04 17:11:22:1122 debug: [Reconciler] Запуск сверки истекших резерваций...
2026-05-04 17:11:22:1122 debug: [Reconciler] Не найдено истекших резерваций для сверки.
2026-05-04 17:11:30:1130 debug: ExpNotifier: No clients online, skipping EXP check.
2026-05-04 17:12:00:120 debug: [CraftGovernor] Запуск цикла проверки... [context: governor]
2026-05-04 17:12:00:120 debug: [CraftGovernor] Предыдущее состояние: 2 владельцев. Текущее состояние: 2 владельцев. [context: governor]
2026-05-04 17:12:00:120 info: [CraftGovernor] Найдено для паузы: 0. Найдено для возобновления: 0. [context: governor]
2026-05-04 17:12:00:120 debug: [CraftGovernor] Изменений нет, состояние не обновлялось. [context: governor]
2026-05-04 17:12:00:120 debug: [CraftGovernor] Цикл проверки завершен. [context: governor]
2026-05-04 17:12:22:1222 debug: [Reconciler] Запуск сверки истекших резерваций...
2026-05-04 17:12:22:1222 debug: [Reconciler] Не найдено истекших резерваций для сверки.
2026-05-04 17:12:30:1230 debug: ExpNotifier: No clients online, skipping EXP check.
2026-05-04 17:13:00:130 debug: [CraftGovernor] Запуск цикла проверки... [context: governor]
2026-05-04 17:13:00:130 debug: [CraftGovernor] Предыдущее состояние: 2 владельцев. Текущее состояние: 2 владельцев. [context: governor]
2026-05-04 17:13:00:130 info: [CraftGovernor] Найдено для паузы: 0. Найдено для возобновления: 0. [context: governor]
2026-05-04 17:13:00:130 debug: [CraftGovernor] Изменений нет, состояние не обновлялось. [context: governor]
2026-05-04 17:13:00:130 debug: [CraftGovernor] Цикл проверки завершен. [context: governor]
2026-05-04 17:13:22:1322 debug: [Reconciler] Запуск сверки истекших резерваций...
2026-05-04 17:13:22:1322 debug: [Reconciler] Не найдено истекших резерваций для сверки.
2026-05-04 17:13:30:1330 debug: ExpNotifier: No clients online, skipping EXP check.
2026-05-04 17:14:00:140 debug: [CraftGovernor] Запуск цикла проверки... [context: governor]
2026-05-04 17:14:00:140 debug: [CraftGovernor] Предыдущее состояние: 2 владельцев. Текущее состояние: 2 владельцев. [context: governor]
2026-05-04 17:14:00:140 info: [CraftGovernor] Найдено для паузы: 0. Найдено для возобновления: 0. [context: governor]
2026-05-04 17:14:00:140 debug: [CraftGovernor] Изменений нет, состояние не обновлялось. [context: governor]
2026-05-04 17:14:00:140 debug: [CraftGovernor] Цикл проверки завершен. [context: governor]
2026-05-04 17:14:22:1422 debug: [Reconciler] Запуск сверки истекших резерваций...
2026-05-04 17:14:22:1422 debug: [Reconciler] Не найдено истекших резерваций для сверки.
2026-05-04 17:14:30:1430 debug: ExpNotifier: No clients online, skipping EXP check.
2026-05-04 17:15:00:150 debug: [CraftGovernor] Запуск цикла проверки... [context: governor]
2026-05-04 17:15:00:150 debug: [CraftGovernor] Предыдущее состояние: 2 владельцев. Текущее состояние: 2 владельцев. [context: governor]
2026-05-04 17:15:00:150 info: [CraftGovernor] Найдено для паузы: 0. Найдено для возобновления: 0. [context: governor]
2026-05-04 17:15:00:150 debug: [CraftGovernor] Изменений нет, состояние не обновлялось. [context: governor]
2026-05-04 17:15:00:150 debug: [CraftGovernor] Цикл проверки завершен. [context: governor]
2026-05-04 17:15:22:1522 debug: [Reconciler] Запуск сверки истекших резерваций...
2026-05-04 17:15:22:1522 debug: [Reconciler] Не найдено истекших резерваций для сверки.
2026-05-04 17:15:30:1530 debug: ExpNotifier: No clients online, skipping EXP check.
2026-05-04 17:16:00:160 debug: [CraftGovernor] Запуск цикла проверки... [context: governor]
2026-05-04 17:16:00:160 debug: [CraftGovernor] Предыдущее состояние: 2 владельцев. Текущее состояние: 2 владельцев. [context: governor]
2026-05-04 17:16:00:160 info: [CraftGovernor] Найдено для паузы: 0. Найдено для возобновления: 0. [context: governor]
2026-05-04 17:16:00:160 debug: [CraftGovernor] Изменений нет, состояние не обновлялось. [context: governor]
2026-05-04 17:16:00:160 debug: [CraftGovernor] Цикл проверки завершен. [context: governor]
2026-05-04 17:16:22:1622 debug: [Reconciler] Запуск сверки истекших резерваций...
2026-05-04 17:16:22:1622 debug: [Reconciler] Не найдено истекших резерваций для сверки.
2026-05-04 17:16:30:1630 debug: ExpNotifier: No clients online, skipping EXP check.
2026-05-04 17:17:00:170 debug: [CraftGovernor] Запуск цикла проверки... [context: governor]
2026-05-04 17:17:00:170 debug: [CraftGovernor] Предыдущее состояние: 2 владельцев. Текущее состояние: 2 владельцев. [context: governor]
2026-05-04 17:17:00:170 info: [CraftGovernor] Найдено для паузы: 0. Найдено для возобновления: 0. [context: governor]
2026-05-04 17:17:00:170 debug: [CraftGovernor] Изменений нет, состояние не обновлялось. [context: governor]
2026-05-04 17:17:00:170 debug: [CraftGovernor] Цикл проверки завершен. [context: governor]
2026-05-04 17:17:22:1722 debug: [Reconciler] Запуск сверки истекших резерваций...
2026-05-04 17:17:22:1722 debug: [Reconciler] Не найдено истекших резерваций для сверки.
2026-05-04 17:17:30:1730 debug: ExpNotifier: No clients online, skipping EXP check.
2026-05-04 17:18:00:180 debug: [CraftGovernor] Запуск цикла проверки... [context: governor]
2026-05-04 17:18:00:180 debug: [CraftGovernor] Предыдущее состояние: 2 владельцев. Текущее состояние: 2 владельцев. [context: governor]
2026-05-04 17:18:00:180 info: [CraftGovernor] Найдено для паузы: 0. Найдено для возобновления: 0. [context: governor]
2026-05-04 17:18:00:180 debug: [CraftGovernor] Изменений нет, состояние не обновлялось. [context: governor]
2026-05-04 17:18:00:180 debug: [CraftGovernor] Цикл проверки завершен. [context: governor]
2026-05-04 17:18:22:1822 debug: [Reconciler] Запуск сверки истекших резерваций...
2026-05-04 17:18:22:1822 debug: [Reconciler] Не найдено истекших резерваций для сверки.
2026-05-04 17:18:30:1830 debug: ExpNotifier: No clients online, skipping EXP check.
2026-05-04 17:19:00:190 debug: [CraftGovernor] Запуск цикла проверки... [context: governor]
2026-05-04 17:19:00:190 debug: [CraftGovernor] Предыдущее состояние: 2 владельцев. Текущее состояние: 2 владельцев. [context: governor]
2026-05-04 17:19:00:190 info: [CraftGovernor] Найдено для паузы: 0. Найдено для возобновления: 0. [context: governor]
2026-05-04 17:19:00:190 debug: [CraftGovernor] Изменений нет, состояние не обновлялось. [context: governor]
2026-05-04 17:19:00:190 debug: [CraftGovernor] Цикл проверки завершен. [context: governor]
2026-05-04 17:19:22:1922 debug: [Reconciler] Запуск сверки истекших резерваций...
2026-05-04 17:19:22:1922 debug: [Reconciler] Не найдено истекших резерваций для сверки.
2026-05-04 17:19:30:1930 debug: ExpNotifier: No clients online, skipping EXP check.
2026-05-04 17:20:00:200 debug: [CraftGovernor] Запуск цикла проверки... [context: governor]
2026-05-04 17:20:00:200 debug: [CraftGovernor] Предыдущее состояние: 2 владельцев. Текущее состояние: 2 владельцев. [context: governor]
2026-05-04 17:20:00:200 info: [CraftGovernor] Найдено для паузы: 0. Найдено для возобновления: 0. [context: governor]
2026-05-04 17:20:00:200 debug: [CraftGovernor] Изменений нет, состояние не обновлялось. [context: governor]
2026-05-04 17:20:00:200 debug: [CraftGovernor] Цикл проверки завершен. [context: governor]
2026-05-04 17:20:22:2022 debug: [Reconciler] Запуск сверки истекших резерваций...
2026-05-04 17:20:22:2022 debug: [Reconciler] Не найдено истекших резерваций для сверки.
2026-05-04 17:20:30:2030 debug: ExpNotifier: No clients online, skipping EXP check.
2026-05-04 17:21:00:210 debug: [CraftGovernor] Запуск цикла проверки... [context: governor]
2026-05-04 17:21:00:210 debug: [CraftGovernor] Предыдущее состояние: 2 владельцев. Текущее состояние: 2 владельцев. [context: governor]
2026-05-04 17:21:00:210 info: [CraftGovernor] Найдено для паузы: 0. Найдено для возобновления: 0. [context: governor]
2026-05-04 17:21:00:210 debug: [CraftGovernor] Изменений нет, состояние не обновлялось. [context: governor]
2026-05-04 17:21:00:210 debug: [CraftGovernor] Цикл проверки завершен. [context: governor]
2026-05-04 17:21:22:2122 debug: [Reconciler] Запуск сверки истекших резерваций...
2026-05-04 17:21:22:2122 debug: [Reconciler] Не найдено истекших резерваций для сверки.
2026-05-04 17:21:30:2130 debug: ExpNotifier: No clients online, skipping EXP check.
2026-05-04 17:22:00:220 debug: [CraftGovernor] Запуск цикла проверки... [context: governor]
2026-05-04 17:22:00:220 debug: [CraftGovernor] Предыдущее состояние: 2 владельцев. Текущее состояние: 2 владельцев. [context: governor]
2026-05-04 17:22:00:220 info: [CraftGovernor] Найдено для паузы: 0. Найдено для возобновления: 0. [context: governor]
2026-05-04 17:22:00:220 debug: [CraftGovernor] Изменений нет, состояние не обновлялось. [context: governor]
2026-05-04 17:22:00:220 debug: [CraftGovernor] Цикл проверки завершен. [context: governor]
2026-05-04 17:22:22:2222 debug: [Reconciler] Запуск сверки истекших резерваций...
2026-05-04 17:22:22:2222 debug: [Reconciler] Не найдено истекших резерваций для сверки.
2026-05-04 17:22:30:2230 debug: ExpNotifier: No clients online, skipping EXP check.
2026-05-04 17:23:00:230 debug: [CraftGovernor] Запуск цикла проверки... [context: governor]
2026-05-04 17:23:00:230 debug: [CraftGovernor] Предыдущее состояние: 2 владельцев. Текущее состояние: 2 владельцев. [context: governor]
2026-05-04 17:23:00:230 info: [CraftGovernor] Найдено для паузы: 0. Найдено для возобновления: 0. [context: governor]
2026-05-04 17:23:00:230 debug: [CraftGovernor] Изменений нет, состояние не обновлялось. [context: governor]
2026-05-04 17:23:00:230 debug: [CraftGovernor] Цикл проверки завершен. [context: governor]
2026-05-04 17:23:22:2322 debug: [Reconciler] Запуск сверки истекших резерваций...
2026-05-04 17:23:22:2322 debug: [Reconciler] Не найдено истекших резерваций для сверки.
2026-05-04 17:23:30:2330 debug: ExpNotifier: No clients online, skipping EXP check.
2026-05-04 17:24:00:240 debug: [CraftGovernor] Запуск цикла проверки... [context: governor]
2026-05-04 17:24:00:240 debug: [CraftGovernor] Предыдущее состояние: 2 владельцев. Текущее состояние: 2 владельцев. [context: governor]
2026-05-04 17:24:00:240 info: [CraftGovernor] Найдено для паузы: 0. Найдено для возобновления: 0. [context: governor]
2026-05-04 17:24:00:240 debug: [CraftGovernor] Изменений нет, состояние не обновлялось. [context: governor]
2026-05-04 17:24:00:240 debug: [CraftGovernor] Цикл проверки завершен. [context: governor]
2026-05-04 17:24:22:2422 debug: [Reconciler] Запуск сверки истекших резерваций...
2026-05-04 17:24:22:2422 debug: [Reconciler] Не найдено истекших резерваций для сверки.
2026-05-04 17:24:30:2430 debug: ExpNotifier: No clients online, skipping EXP check.
2026-05-04 17:25:00:250 debug: [CraftGovernor] Запуск цикла проверки... [context: governor]
2026-05-04 17:25:00:250 debug: [CraftGovernor] Предыдущее состояние: 2 владельцев. Текущее состояние: 2 владельцев. [context: governor]
2026-05-04 17:25:00:250 info: [CraftGovernor] Найдено для паузы: 0. Найдено для возобновления: 0. [context: governor]
2026-05-04 17:25:00:250 debug: [CraftGovernor] Изменений нет, состояние не обновлялось. [context: governor]
2026-05-04 17:25:00:250 debug: [CraftGovernor] Цикл проверки завершен. [context: governor]
2026-05-04 17:25:22:2522 debug: [Reconciler] Запуск сверки истекших резерваций...
2026-05-04 17:25:22:2522 debug: [Reconciler] Не найдено истекших резерваций для сверки.
2026-05-04 17:25:30:2530 debug: ExpNotifier: No clients online, skipping EXP check.
2026-05-04 17:26:00:260 debug: [CraftGovernor] Запуск цикла проверки... [context: governor]
2026-05-04 17:26:00:260 debug: [CraftGovernor] Предыдущее состояние: 2 владельцев. Текущее состояние: 2 владельцев. [context: governor]
2026-05-04 17:26:00:260 info: [CraftGovernor] Найдено для паузы: 0. Найдено для возобновления: 0. [context: governor]
2026-05-04 17:26:00:260 debug: [CraftGovernor] Изменений нет, состояние не обновлялось. [context: governor]
2026-05-04 17:26:00:260 debug: [CraftGovernor] Цикл проверки завершен. [context: governor]
2026-05-04 17:26:22:2622 debug: [Reconciler] Запуск сверки истекших резерваций...
2026-05-04 17:26:22:2622 debug: [Reconciler] Не найдено истекших резерваций для сверки.
2026-05-04 17:26:30:2630 debug: ExpNotifier: No clients online, skipping EXP check.
2026-05-04 17:27:00:270 debug: [CraftGovernor] Запуск цикла проверки... [context: governor]
2026-05-04 17:27:00:270 debug: [CraftGovernor] Предыдущее состояние: 2 владельцев. Текущее состояние: 2 владельцев. [context: governor]
2026-05-04 17:27:00:270 info: [CraftGovernor] Найдено для паузы: 0. Найдено для возобновления: 0. [context: governor]
2026-05-04 17:27:00:270 debug: [CraftGovernor] Изменений нет, состояние не обновлялось. [context: governor]
2026-05-04 17:27:00:270 debug: [CraftGovernor] Цикл проверки завершен. [context: governor]
2026-05-04 17:27:22:2722 debug: [Reconciler] Запуск сверки истекших резерваций...
2026-05-04 17:27:22:2722 debug: [Reconciler] Не найдено истекших резерваций для сверки.
2026-05-04 17:27:30:2730 debug: ExpNotifier: No clients online, skipping EXP check.
2026-05-04 17:28:00:280 debug: [CraftGovernor] Запуск цикла проверки... [context: governor]
2026-05-04 17:28:00:280 debug: [CraftGovernor] Предыдущее состояние: 2 владельцев. Текущее состояние: 2 владельцев. [context: governor]
2026-05-04 17:28:00:280 info: [CraftGovernor] Найдено для паузы: 0. Найдено для возобновления: 0. [context: governor]
2026-05-04 17:28:00:280 debug: [CraftGovernor] Изменений нет, состояние не обновлялось. [context: governor]
2026-05-04 17:28:00:280 debug: [CraftGovernor] Цикл проверки завершен. [context: governor]
2026-05-04 17:28:22:2822 debug: [Reconciler] Запуск сверки истекших резерваций...
2026-05-04 17:28:22:2822 debug: [Reconciler] Не найдено истекших резерваций для сверки.
2026-05-04 17:28:30:2830 debug: ExpNotifier: No clients online, skipping EXP check.
2026-05-04 17:29:00:290 debug: [CraftGovernor] Запуск цикла проверки... [context: governor]
2026-05-04 17:29:00:290 debug: [CraftGovernor] Предыдущее состояние: 2 владельцев. Текущее состояние: 2 владельцев. [context: governor]
2026-05-04 17:29:00:290 info: [CraftGovernor] Найдено для паузы: 0. Найдено для возобновления: 0. [context: governor]
2026-05-04 17:29:00:290 debug: [CraftGovernor] Изменений нет, состояние не обновлялось. [context: governor]
2026-05-04 17:29:00:290 debug: [CraftGovernor] Цикл проверки завершен. [context: governor]
2026-05-04 17:29:22:2922 debug: [Reconciler] Запуск сверки истекших резерваций...
2026-05-04 17:29:22:2922 debug: [Reconciler] Не найдено истекших резерваций для сверки.
2026-05-04 17:29:30:2930 debug: ExpNotifier: No clients online, skipping EXP check.
2026-05-04 17:30:00:300 debug: [CraftGovernor] Запуск цикла проверки... [context: governor]
2026-05-04 17:30:00:300 debug: [CraftGovernor] Предыдущее состояние: 2 владельцев. Текущее состояние: 2 владельцев. [context: governor]
2026-05-04 17:30:00:300 info: [CraftGovernor] Найдено для паузы: 0. Найдено для возобновления: 0. [context: governor]
2026-05-04 17:30:00:300 debug: [CraftGovernor] Изменений нет, состояние не обновлялось. [context: governor]
2026-05-04 17:30:00:300 debug: [CraftGovernor] Цикл проверки завершен. [context: governor]
2026-05-04 17:30:22:3022 debug: [Reconciler] Запуск сверки истекших резерваций...
2026-05-04 17:30:22:3022 debug: [Reconciler] Не найдено истекших резерваций для сверки.
2026-05-04 17:30:30:3030 debug: ExpNotifier: No clients online, skipping EXP check.
2026-05-04 17:31:00:310 debug: [CraftGovernor] Запуск цикла проверки... [context: governor]
2026-05-04 17:31:00:310 debug: [CraftGovernor] Предыдущее состояние: 2 владельцев. Текущее состояние: 2 владельцев. [context: governor]
2026-05-04 17:31:00:310 info: [CraftGovernor] Найдено для паузы: 0. Найдено для возобновления: 0. [context: governor]
2026-05-04 17:31:00:310 debug: [CraftGovernor] Изменений нет, состояние не обновлялось. [context: governor]
2026-05-04 17:31:00:310 debug: [CraftGovernor] Цикл проверки завершен. [context: governor]
2026-05-04 17:31:22:3122 debug: [Reconciler] Запуск сверки истекших резерваций...
2026-05-04 17:31:22:3122 debug: [Reconciler] Не найдено истекших резерваций для сверки.
2026-05-04 17:31:30:3130 debug: ExpNotifier: No clients online, skipping EXP check.
2026-05-04 17:32:00:320 debug: [CraftGovernor] Запуск цикла проверки... [context: governor]
2026-05-04 17:32:00:320 debug: [CraftGovernor] Предыдущее состояние: 2 владельцев. Текущее состояние: 2 владельцев. [context: governor]
2026-05-04 17:32:00:320 info: [CraftGovernor] Найдено для паузы: 0. Найдено для возобновления: 0. [context: governor]
2026-05-04 17:32:00:320 debug: [CraftGovernor] Изменений нет, состояние не обновлялось. [context: governor]
2026-05-04 17:32:00:320 debug: [CraftGovernor] Цикл проверки завершен. [context: governor]
2026-05-04 17:32:22:3222 debug: [Reconciler] Запуск сверки истекших резерваций...
2026-05-04 17:32:22:3222 debug: [Reconciler] Не найдено истекших резерваций для сверки.
2026-05-04 17:32:30:3230 debug: ExpNotifier: No clients online, skipping EXP check.
2026-05-04 17:33:00:330 debug: [CraftGovernor] Запуск цикла проверки... [context: governor]
2026-05-04 17:33:00:330 debug: [CraftGovernor] Предыдущее состояние: 2 владельцев. Текущее состояние: 2 владельцев. [context: governor]
2026-05-04 17:33:00:330 info: [CraftGovernor] Найдено для паузы: 0. Найдено для возобновления: 0. [context: governor]
2026-05-04 17:33:00:330 debug: [CraftGovernor] Изменений нет, состояние не обновлялось. [context: governor]
2026-05-04 17:33:00:330 debug: [CraftGovernor] Цикл проверки завершен. [context: governor]
2026-05-04 17:33:22:3322 debug: [Reconciler] Запуск сверки истекших резерваций...
2026-05-04 17:33:22:3322 debug: [Reconciler] Не найдено истекших резерваций для сверки.
2026-05-04 17:33:30:3330 debug: ExpNotifier: No clients online, skipping EXP check.
2026-05-04 17:34:00:340 debug: [CraftGovernor] Запуск цикла проверки... [context: governor]
2026-05-04 17:34:00:340 debug: [CraftGovernor] Предыдущее состояние: 2 владельцев. Текущее состояние: 2 владельцев. [context: governor]
2026-05-04 17:34:00:340 info: [CraftGovernor] Найдено для паузы: 0. Найдено для возобновления: 0. [context: governor]
2026-05-04 17:34:00:340 debug: [CraftGovernor] Изменений нет, состояние не обновлялось. [context: governor]
2026-05-04 17:34:00:340 debug: [CraftGovernor] Цикл проверки завершен. [context: governor]
2026-05-04 17:34:22:3422 debug: [Reconciler] Запуск сверки истекших резерваций...
2026-05-04 17:34:22:3422 debug: [Reconciler] Не найдено истекших резерваций для сверки.
2026-05-04 17:34:30:3430 debug: ExpNotifier: No clients online, skipping EXP check.
2026-05-04 17:35:00:350 debug: [CraftGovernor] Запуск цикла проверки... [context: governor]
2026-05-04 17:35:00:350 debug: [CraftGovernor] Предыдущее состояние: 2 владельцев. Текущее состояние: 2 владельцев. [context: governor]
2026-05-04 17:35:00:350 info: [CraftGovernor] Найдено для паузы: 0. Найдено для возобновления: 0. [context: governor]
2026-05-04 17:35:00:350 debug: [CraftGovernor] Изменений нет, состояние не обновлялось. [context: governor]
2026-05-04 17:35:00:350 debug: [CraftGovernor] Цикл проверки завершен. [context: governor]
2026-05-04 17:35:22:3522 debug: [Reconciler] Запуск сверки истекших резерваций...
2026-05-04 17:35:22:3522 debug: [Reconciler] Не найдено истекших резерваций для сверки.
2026-05-04 17:35:30:3530 debug: ExpNotifier: No clients online, skipping EXP check.
2026-05-04 17:36:00:360 debug: [CraftGovernor] Запуск цикла проверки... [context: governor]
2026-05-04 17:36:00:360 debug: [CraftGovernor] Предыдущее состояние: 2 владельцев. Текущее состояние: 2 владельцев. [context: governor]
2026-05-04 17:36:00:360 info: [CraftGovernor] Найдено для паузы: 0. Найдено для возобновления: 0. [context: governor]
2026-05-04 17:36:00:360 debug: [CraftGovernor] Изменений нет, состояние не обновлялось. [context: governor]
2026-05-04 17:36:00:360 debug: [CraftGovernor] Цикл проверки завершен. [context: governor]
2026-05-04 17:36:22:3622 debug: [Reconciler] Запуск сверки истекших резерваций...
2026-05-04 17:36:22:3622 debug: [Reconciler] Не найдено истекших резерваций для сверки.
2026-05-04 17:36:30:3630 debug: ExpNotifier: No clients online, skipping EXP check.
2026-05-04 17:37:00:370 debug: [CraftGovernor] Запуск цикла проверки... [context: governor]
2026-05-04 17:37:00:370 debug: [CraftGovernor] Предыдущее состояние: 2 владельцев. Текущее состояние: 2 владельцев. [context: governor]
2026-05-04 17:37:00:370 info: [CraftGovernor] Найдено для паузы: 0. Найдено для возобновления: 0. [context: governor]
2026-05-04 17:37:00:370 debug: [CraftGovernor] Изменений нет, состояние не обновлялось. [context: governor]
2026-05-04 17:37:00:370 debug: [CraftGovernor] Цикл проверки завершен. [context: governor]
2026-05-04 17:37:22:3722 debug: [Reconciler] Запуск сверки истекших резерваций...
2026-05-04 17:37:22:3722 debug: [Reconciler] Не найдено истекших резерваций для сверки.
2026-05-04 17:37:30:3730 debug: ExpNotifier: No clients online, skipping EXP check.
2026-05-04 17:38:00:380 debug: [CraftGovernor] Запуск цикла проверки... [context: governor]
2026-05-04 17:38:00:380 debug: [CraftGovernor] Предыдущее состояние: 2 владельцев. Текущее состояние: 2 владельцев. [context: governor]
2026-05-04 17:38:00:380 info: [CraftGovernor] Найдено для паузы: 0. Найдено для возобновления: 0. [context: governor]
2026-05-04 17:38:00:380 debug: [CraftGovernor] Изменений нет, состояние не обновлялось. [context: governor]
2026-05-04 17:38:00:380 debug: [CraftGovernor] Цикл проверки завершен. [context: governor]
2026-05-04 17:38:22:3822 debug: [Reconciler] Запуск сверки истекших резерваций...
2026-05-04 17:38:22:3822 debug: [Reconciler] Не найдено истекших резерваций для сверки.
2026-05-04 17:38:30:3830 debug: ExpNotifier: No clients online, skipping EXP check.
2026-05-04 17:39:00:390 debug: [CraftGovernor] Запуск цикла проверки... [context: governor]
2026-05-04 17:39:00:390 debug: [CraftGovernor] Предыдущее состояние: 2 владельцев. Текущее состояние: 2 владельцев. [context: governor]
2026-05-04 17:39:00:390 info: [CraftGovernor] Найдено для паузы: 0. Найдено для возобновления: 0. [context: governor]
2026-05-04 17:39:00:390 debug: [CraftGovernor] Изменений нет, состояние не обновлялось. [context: governor]
2026-05-04 17:39:00:390 debug: [CraftGovernor] Цикл проверки завершен. [context: governor]
2026-05-04 17:39:22:3922 debug: [Reconciler] Запуск сверки истекших резерваций...
2026-05-04 17:39:22:3922 debug: [Reconciler] Не найдено истекших резерваций для сверки.
2026-05-04 17:39:30:3930 debug: ExpNotifier: No clients online, skipping EXP check.
2026-05-04 17:40:00:400 debug: [CraftGovernor] Запуск цикла проверки... [context: governor]
2026-05-04 17:40:00:400 debug: [CraftGovernor] Предыдущее состояние: 2 владельцев. Текущее состояние: 2 владельцев. [context: governor]
2026-05-04 17:40:00:400 info: [CraftGovernor] Найдено для паузы: 0. Найдено для возобновления: 0. [context: governor]
2026-05-04 17:40:00:400 debug: [CraftGovernor] Изменений нет, состояние не обновлялось. [context: governor]
2026-05-04 17:40:00:400 debug: [CraftGovernor] Цикл проверки завершен. [context: governor]
2026-05-04 17:40:22:4022 debug: [Reconciler] Запуск сверки истекших резерваций...
2026-05-04 17:40:22:4022 debug: [Reconciler] Не найдено истекших резерваций для сверки.
2026-05-04 17:40:30:4030 debug: ExpNotifier: No clients online, skipping EXP check.
2026-05-04 17:41:00:410 debug: [CraftGovernor] Запуск цикла проверки... [context: governor]
2026-05-04 17:41:00:410 debug: [CraftGovernor] Предыдущее состояние: 2 владельцев. Текущее состояние: 2 владельцев. [context: governor]
2026-05-04 17:41:00:410 info: [CraftGovernor] Найдено для паузы: 0. Найдено для возобновления: 0. [context: governor]
2026-05-04 17:41:00:410 debug: [CraftGovernor] Изменений нет, состояние не обновлялось. [context: governor]
2026-05-04 17:41:00:410 debug: [CraftGovernor] Цикл проверки завершен. [context: governor]
2026-05-04 17:41:22:4122 debug: [Reconciler] Запуск сверки истекших резерваций...
2026-05-04 17:41:22:4122 debug: [Reconciler] Не найдено истекших резерваций для сверки.
2026-05-04 17:41:30:4130 debug: ExpNotifier: No clients online, skipping EXP check.
2026-05-04 17:42:00:420 debug: [CraftGovernor] Запуск цикла проверки... [context: governor]
2026-05-04 17:42:00:420 debug: [CraftGovernor] Предыдущее состояние: 2 владельцев. Текущее состояние: 2 владельцев. [context: governor]
2026-05-04 17:42:00:420 info: [CraftGovernor] Найдено для паузы: 0. Найдено для возобновления: 0. [context: governor]
2026-05-04 17:42:00:420 debug: [CraftGovernor] Изменений нет, состояние не обновлялось. [context: governor]
2026-05-04 17:42:00:420 debug: [CraftGovernor] Цикл проверки завершен. [context: governor]
2026-05-04 17:42:22:4222 debug: [Reconciler] Запуск сверки истекших резерваций...
2026-05-04 17:42:22:4222 debug: [Reconciler] Не найдено истекших резерваций для сверки.
2026-05-04 17:42:30:4230 debug: ExpNotifier: No clients online, skipping EXP check.
2026-05-04 17:43:00:430 debug: [CraftGovernor] Запуск цикла проверки... [context: governor]
2026-05-04 17:43:00:430 debug: [CraftGovernor] Предыдущее состояние: 2 владельцев. Текущее состояние: 2 владельцев. [context: governor]
2026-05-04 17:43:00:430 info: [CraftGovernor] Найдено для паузы: 0. Найдено для возобновления: 0. [context: governor]
2026-05-04 17:43:00:430 debug: [CraftGovernor] Изменений нет, состояние не обновлялось. [context: governor]
2026-05-04 17:43:00:430 debug: [CraftGovernor] Цикл проверки завершен. [context: governor]
2026-05-04 17:43:22:4322 debug: [Reconciler] Запуск сверки истекших резерваций...
2026-05-04 17:43:22:4322 debug: [Reconciler] Не найдено истекших резерваций для сверки.
2026-05-04 17:43:30:4330 debug: ExpNotifier: No clients online, skipping EXP check.
2026-05-04 17:44:00:440 debug: [CraftGovernor] Запуск цикла проверки... [context: governor]
2026-05-04 17:44:00:440 debug: [CraftGovernor] Предыдущее состояние: 2 владельцев. Текущее состояние: 2 владельцев. [context: governor]
2026-05-04 17:44:00:440 info: [CraftGovernor] Найдено для паузы: 0. Найдено для возобновления: 0. [context: governor]
2026-05-04 17:44:00:440 debug: [CraftGovernor] Изменений нет, состояние не обновлялось. [context: governor]
2026-05-04 17:44:00:440 debug: [CraftGovernor] Цикл проверки завершен. [context: governor]
2026-05-04 17:44:22:4422 debug: [Reconciler] Запуск сверки истекших резерваций...
2026-05-04 17:44:22:4422 debug: [Reconciler] Не найдено истекших резерваций для сверки.
2026-05-04 17:44:30:4430 debug: ExpNotifier: No clients online, skipping EXP check.
2026-05-04 17:45:00:450 debug: [CraftGovernor] Запуск цикла проверки... [context: governor]
2026-05-04 17:45:00:450 debug: [CraftGovernor] Предыдущее состояние: 2 владельцев. Текущее состояние: 2 владельцев. [context: governor]
2026-05-04 17:45:00:450 info: [CraftGovernor] Найдено для паузы: 0. Найдено для возобновления: 0. [context: governor]
2026-05-04 17:45:00:450 debug: [CraftGovernor] Изменений нет, состояние не обновлялось. [context: governor]
2026-05-04 17:45:00:450 debug: [CraftGovernor] Цикл проверки завершен. [context: governor]
2026-05-04 17:45:22:4522 debug: [Reconciler] Запуск сверки истекших резерваций...
2026-05-04 17:45:22:4522 debug: [Reconciler] Не найдено истекших резерваций для сверки.
2026-05-04 17:45:30:4530 debug: ExpNotifier: No clients online, skipping EXP check.
2026-05-04 17:46:00:460 debug: [CraftGovernor] Запуск цикла проверки... [context: governor]
2026-05-04 17:46:00:460 debug: [CraftGovernor] Предыдущее состояние: 2 владельцев. Текущее состояние: 2 владельцев. [context: governor]
2026-05-04 17:46:00:460 info: [CraftGovernor] Найдено для паузы: 0. Найдено для возобновления: 0. [context: governor]
2026-05-04 17:46:00:460 debug: [CraftGovernor] Изменений нет, состояние не обновлялось. [context: governor]
2026-05-04 17:46:00:460 debug: [CraftGovernor] Цикл проверки завершен. [context: governor]
2026-05-04 17:46:22:4622 debug: [Reconciler] Запуск сверки истекших резерваций...
2026-05-04 17:46:22:4622 debug: [Reconciler] Не найдено истекших резерваций для сверки.
2026-05-04 17:46:30:4630 debug: ExpNotifier: No clients online, skipping EXP check.
2026-05-04 17:47:00:470 debug: [CraftGovernor] Запуск цикла проверки... [context: governor]
2026-05-04 17:47:00:470 debug: [CraftGovernor] Предыдущее состояние: 2 владельцев. Текущее состояние: 2 владельцев. [context: governor]
2026-05-04 17:47:00:470 info: [CraftGovernor] Найдено для паузы: 0. Найдено для возобновления: 0. [context: governor]
2026-05-04 17:47:00:470 debug: [CraftGovernor] Изменений нет, состояние не обновлялось. [context: governor]
2026-05-04 17:47:00:470 debug: [CraftGovernor] Цикл проверки завершен. [context: governor]
2026-05-04 17:47:22:4722 debug: [Reconciler] Запуск сверки истекших резерваций...
2026-05-04 17:47:22:4722 debug: [Reconciler] Не найдено истекших резерваций для сверки.
2026-05-04 17:47:30:4730 debug: ExpNotifier: No clients online, skipping EXP check.
2026-05-04 17:48:00:480 debug: [CraftGovernor] Запуск цикла проверки... [context: governor]
2026-05-04 17:48:00:480 debug: [CraftGovernor] Предыдущее состояние: 2 владельцев. Текущее состояние: 2 владельцев. [context: governor]
2026-05-04 17:48:00:480 info: [CraftGovernor] Найдено для паузы: 0. Найдено для возобновления: 0. [context: governor]
2026-05-04 17:48:00:480 debug: [CraftGovernor] Изменений нет, состояние не обновлялось. [context: governor]
2026-05-04 17:48:00:480 debug: [CraftGovernor] Цикл проверки завершен. [context: governor]
2026-05-04 17:48:22:4822 debug: [Reconciler] Запуск сверки истекших резерваций...
2026-05-04 17:48:22:4822 debug: [Reconciler] Не найдено истекших резерваций для сверки.
2026-05-04 17:48:30:4830 debug: ExpNotifier: No clients online, skipping EXP check.
2026-05-04 17:49:00:490 debug: [CraftGovernor] Запуск цикла проверки... [context: governor]
2026-05-04 17:49:00:490 debug: [CraftGovernor] Предыдущее состояние: 2 владельцев. Текущее состояние: 2 владельцев. [context: governor]
2026-05-04 17:49:00:490 info: [CraftGovernor] Найдено для паузы: 0. Найдено для возобновления: 0. [context: governor]
2026-05-04 17:49:00:490 debug: [CraftGovernor] Изменений нет, состояние не обновлялось. [context: governor]
2026-05-04 17:49:00:490 debug: [CraftGovernor] Цикл проверки завершен. [context: governor]
2026-05-04 17:49:22:4922 debug: [Reconciler] Запуск сверки истекших резерваций...
2026-05-04 17:49:22:4922 debug: [Reconciler] Не найдено истекших резерваций для сверки.
2026-05-04 17:49:30:4930 debug: ExpNotifier: No clients online, skipping EXP check.
2026-05-04 17:50:00:500 debug: [CraftGovernor] Запуск цикла проверки... [context: governor]
2026-05-04 17:50:00:500 debug: [CraftGovernor] Предыдущее состояние: 2 владельцев. Текущее состояние: 2 владельцев. [context: governor]
2026-05-04 17:50:00:500 info: [CraftGovernor] Найдено для паузы: 0. Найдено для возобновления: 0. [context: governor]
2026-05-04 17:50:00:500 debug: [CraftGovernor] Изменений нет, состояние не обновлялось. [context: governor]
2026-05-04 17:50:00:500 debug: [CraftGovernor] Цикл проверки завершен. [context: governor]
2026-05-04 17:50:22:5022 debug: [Reconciler] Запуск сверки истекших резерваций...
2026-05-04 17:50:22:5022 debug: [Reconciler] Не найдено истекших резерваций для сверки.
2026-05-04 17:50:30:5030 debug: ExpNotifier: No clients online, skipping EXP check.
2026-05-04 17:51:00:510 debug: [CraftGovernor] Запуск цикла проверки... [context: governor]
2026-05-04 17:51:00:510 debug: [CraftGovernor] Предыдущее состояние: 2 владельцев. Текущее состояние: 2 владельцев. [context: governor]
2026-05-04 17:51:00:510 info: [CraftGovernor] Найдено для паузы: 0. Найдено для возобновления: 0. [context: governor]
2026-05-04 17:51:00:510 debug: [CraftGovernor] Изменений нет, состояние не обновлялось. [context: governor]
2026-05-04 17:51:00:510 debug: [CraftGovernor] Цикл проверки завершен. [context: governor]
2026-05-04 17:51:22:5122 debug: [Reconciler] Запуск сверки истекших резерваций...
2026-05-04 17:51:22:5122 debug: [Reconciler] Не найдено истекших резерваций для сверки.
2026-05-04 17:51:30:5130 debug: ExpNotifier: No clients online, skipping EXP check.
2026-05-04 17:51:48:5148 debug: Creating session for 0x2da351d8d5840415025c35a7c843a0dfa6e4b89b from web3server (web3server_kkwvq34lvcw2cf) [context: session_0x2da351d8d5840415025c35a7c843a0dfa6e4b89b]
2026-05-04 17:51:48:5148 debug: Session created in Redis for 0x2da351d8d5840415025c35a7c843a0dfa6e4b89b [context: session_0x2da351d8d5840415025c35a7c843a0dfa6e4b89b]
2026-05-04 17:51:51:5151 info: New client connected from IP: 26.132.212.95
2026-05-04 17:51:51:5151 info: Client identified and connection stored: client, ID: cl-7f0449b7-6478-4e88-ba00-4601e278a8f2
2026-05-04 17:51:51:5151 debug: dbServer: Fetched 6 ships for tokens: 2, 3, 4, 5, 6, 7
2026-05-04 17:51:51:5151 debug: Sent get-ships-response to client for walletAddress: 0x2da351d8d5840415025c35a7c843a0dfa6e4b89b, tokens: 2,3,4,5,6,7
2026-05-04 17:52:00:520 debug: [CraftGovernor] Запуск цикла проверки... [context: governor]
2026-05-04 17:52:00:520 debug: [CraftGovernor] Предыдущее состояние: 2 владельцев. Текущее состояние: 2 владельцев. [context: governor]
2026-05-04 17:52:00:520 info: [CraftGovernor] Найдено для паузы: 0. Найдено для возобновления: 0. [context: governor]
2026-05-04 17:52:00:520 debug: [CraftGovernor] Изменений нет, состояние не обновлялось. [context: governor]
2026-05-04 17:52:00:520 debug: [CraftGovernor] Цикл проверки завершен. [context: governor]
2026-05-04 17:52:22:5222 debug: [Reconciler] Запуск сверки истекших резерваций...
2026-05-04 17:52:22:5222 debug: [Reconciler] Не найдено истекших резерваций для сверки.
2026-05-04 17:52:25:5225 info: Client disconnected: client, ID: cl-7f0449b7-6478-4e88-ba00-4601e278a8f2
2026-05-04 17:52:30:5230 debug: ExpNotifier: No clients online, skipping EXP check.
2026-05-04 17:52:44:5244 debug: Creating session for 0x2da351d8d5840415025c35a7c843a0dfa6e4b89b from web3server (web3server_kkwvq34lvcw2cf) [context: session_0x2da351d8d5840415025c35a7c843a0dfa6e4b89b]
2026-05-04 17:52:44:5244 debug: Session created in Redis for 0x2da351d8d5840415025c35a7c843a0dfa6e4b89b [context: session_0x2da351d8d5840415025c35a7c843a0dfa6e4b89b]
2026-05-04 17:52:46:5246 info: New client connected from IP: 26.132.212.95
2026-05-04 17:52:46:5246 info: Client identified and connection stored: client, ID: cl-3b30bce9-5681-4e54-9758-3d40cbb7050a
2026-05-04 17:52:47:5247 debug: dbServer: Fetched 6 ships for tokens: 2, 3, 4, 5, 6, 7
2026-05-04 17:52:47:5247 debug: Sent get-ships-response to client for walletAddress: 0x2da351d8d5840415025c35a7c843a0dfa6e4b89b, tokens: 2,3,4,5,6,7
2026-05-04 17:53:00:530 debug: [CraftGovernor] Запуск цикла проверки... [context: governor]
2026-05-04 17:53:00:530 debug: [CraftGovernor] Предыдущее состояние: 2 владельцев. Текущее состояние: 2 владельцев. [context: governor]
2026-05-04 17:53:00:530 info: [CraftGovernor] Найдено для паузы: 0. Найдено для возобновления: 0. [context: governor]
2026-05-04 17:53:00:530 debug: [CraftGovernor] Изменений нет, состояние не обновлялось. [context: governor]
2026-05-04 17:53:00:530 debug: [CraftGovernor] Цикл проверки завершен. [context: governor]
2026-05-04 17:53:02:532 info: Client disconnected: client, ID: cl-3b30bce9-5681-4e54-9758-3d40cbb7050a
2026-05-04 17:53:02:532 debug: Verifying session for 0x2da351d8d5840415025c35a7c843a0dfa6e4b89b from gameserver (gameserver-Hddkwe35fsvk_worker_22588) [context: session_0x2da351d8d5840415025c35a7c843a0dfa6e4b89b]
2026-05-04 17:53:03:533 debug: dbServer: Fetched 1 ships for tokens: 7
2026-05-04 17:53:22:5322 debug: [Reconciler] Запуск сверки истекших резерваций...
2026-05-04 17:53:22:5322 debug: [Reconciler] Не найдено истекших резерваций для сверки.
2026-05-04 17:53:30:5330 debug: ExpNotifier: No clients online, skipping EXP check.
2026-05-04 17:53:46:5346 debug: Статистика для 0x2da351d8d5840415025c35a7c843a0dfa6e4b89b не записана: нет сезона. [context: leaderboard]
2026-05-04 17:53:53:5353 info: New client connected from IP: 26.132.212.95
2026-05-04 17:53:53:5353 info: Client identified and connection stored: client, ID: cl-914d31ce-a783-407f-bfa6-d73c4570ad37
2026-05-04 17:53:53:5353 debug: dbServer: Fetched 6 ships for tokens: 2, 3, 4, 5, 6, 7
2026-05-04 17:53:53:5353 debug: Sent get-ships-response to client for walletAddress: 0x2da351d8d5840415025c35a7c843a0dfa6e4b89b, tokens: 2,3,4,5,6,7
2026-05-04 17:54:00:540 debug: [CraftGovernor] Запуск цикла проверки... [context: governor]
2026-05-04 17:54:00:540 debug: [CraftGovernor] Предыдущее состояние: 2 владельцев. Текущее состояние: 2 владельцев. [context: governor]
2026-05-04 17:54:00:540 info: [CraftGovernor] Найдено для паузы: 0. Найдено для возобновления: 0. [context: governor]
2026-05-04 17:54:00:540 debug: [CraftGovernor] Изменений нет, состояние не обновлялось. [context: governor]
2026-05-04 17:54:00:540 debug: [CraftGovernor] Цикл проверки завершен. [context: governor]
2026-05-04 17:54:22:5422 debug: [Reconciler] Запуск сверки истекших резерваций...
2026-05-04 17:54:22:5422 debug: [Reconciler] Не найдено истекших резерваций для сверки.
2026-05-04 17:54:30:5430 debug: ExpNotifier: Sent actual-exp to 1 client(s) using a single DB query.
2026-05-04 17:55:00:550 debug: [CraftGovernor] Запуск цикла проверки... [context: governor]
2026-05-04 17:55:00:550 debug: [CraftGovernor] Предыдущее состояние: 2 владельцев. Текущее состояние: 2 владельцев. [context: governor]
2026-05-04 17:55:00:550 info: [CraftGovernor] Найдено для паузы: 0. Найдено для возобновления: 0. [context: governor]
2026-05-04 17:55:00:550 debug: [CraftGovernor] Изменений нет, состояние не обновлялось. [context: governor]
2026-05-04 17:55:00:550 debug: [CraftGovernor] Цикл проверки завершен. [context: governor]
2026-05-04 17:55:14:5514 info: Client disconnected: client, ID: cl-914d31ce-a783-407f-bfa6-d73c4570ad37
2026-05-04 17:55:15:5515 debug: Verifying session for 0x2da351d8d5840415025c35a7c843a0dfa6e4b89b from gameserver (gameserver-Hddkwe35fsvk_worker_22588) [context: session_0x2da351d8d5840415025c35a7c843a0dfa6e4b89b]
2026-05-04 17:55:15:5515 debug: dbServer: Fetched 1 ships for tokens: 7
2026-05-04 17:55:22:5522 debug: [Reconciler] Запуск сверки истекших резерваций...
2026-05-04 17:55:22:5522 debug: [Reconciler] Не найдено истекших резерваций для сверки.
2026-05-04 17:55:30:5530 debug: ExpNotifier: No clients online, skipping EXP check.
2026-05-04 17:55:45:5545 debug: Статистика для 0x2da351d8d5840415025c35a7c843a0dfa6e4b89b не записана: нет сезона. [context: leaderboard]
2026-05-04 17:55:51:5551 info: New client connected from IP: 26.132.212.95
2026-05-04 17:55:51:5551 info: Client identified and connection stored: client, ID: cl-90eacdfb-3be3-46cb-b640-ec30bc9e6377
2026-05-04 17:55:51:5551 debug: dbServer: Fetched 6 ships for tokens: 2, 3, 4, 5, 6, 7
2026-05-04 17:55:51:5551 debug: Sent get-ships-response to client for walletAddress: 0x2da351d8d5840415025c35a7c843a0dfa6e4b89b, tokens: 2,3,4,5,6,7
2026-05-04 17:56:00:560 debug: [CraftGovernor] Запуск цикла проверки... [context: governor]
2026-05-04 17:56:00:560 debug: [CraftGovernor] Предыдущее состояние: 2 владельцев. Текущее состояние: 2 владельцев. [context: governor]
2026-05-04 17:56:00:560 info: [CraftGovernor] Найдено для паузы: 0. Найдено для возобновления: 0. [context: governor]
2026-05-04 17:56:00:560 debug: [CraftGovernor] Изменений нет, состояние не обновлялось. [context: governor]
2026-05-04 17:56:00:560 debug: [CraftGovernor] Цикл проверки завершен. [context: governor]
2026-05-04 17:56:22:5622 debug: [Reconciler] Запуск сверки истекших резерваций...
2026-05-04 17:56:22:5622 debug: [Reconciler] Не найдено истекших резерваций для сверки.
2026-05-04 17:56:30:5630 debug: ExpNotifier: Sent actual-exp to 1 client(s) using a single DB query.
2026-05-04 17:57:00:570 debug: [CraftGovernor] Запуск цикла проверки... [context: governor]
2026-05-04 17:57:00:570 debug: [CraftGovernor] Предыдущее состояние: 2 владельцев. Текущее состояние: 2 владельцев. [context: governor]
2026-05-04 17:57:00:570 info: [CraftGovernor] Найдено для паузы: 0. Найдено для возобновления: 0. [context: governor]
2026-05-04 17:57:00:570 debug: [CraftGovernor] Изменений нет, состояние не обновлялось. [context: governor]
2026-05-04 17:57:00:570 debug: [CraftGovernor] Цикл проверки завершен. [context: governor]
2026-05-04 17:57:22:5722 debug: [Reconciler] Запуск сверки истекших резерваций...
2026-05-04 17:57:22:5722 debug: [Reconciler] Не найдено истекших резерваций для сверки.
2026-05-04 17:57:30:5730 debug: ExpNotifier: Sent actual-exp to 1 client(s) using a single DB query.
2026-05-04 17:58:00:580 debug: [CraftGovernor] Запуск цикла проверки... [context: governor]
2026-05-04 17:58:00:580 debug: [CraftGovernor] Предыдущее состояние: 2 владельцев. Текущее состояние: 2 владельцев. [context: governor]
2026-05-04 17:58:00:580 info: [CraftGovernor] Найдено для паузы: 0. Найдено для возобновления: 0. [context: governor]
2026-05-04 17:58:00:580 debug: [CraftGovernor] Изменений нет, состояние не обновлялось. [context: governor]
2026-05-04 17:58:00:580 debug: [CraftGovernor] Цикл проверки завершен. [context: governor]
2026-05-04 17:58:22:5822 debug: [Reconciler] Запуск сверки истекших резерваций...
2026-05-04 17:58:22:5822 debug: [Reconciler] Не найдено истекших резерваций для сверки.
2026-05-04 17:58:30:5830 debug: ExpNotifier: Sent actual-exp to 1 client(s) using a single DB query.
2026-05-04 17:59:00:590 debug: [CraftGovernor] Запуск цикла проверки... [context: governor]
2026-05-04 17:59:00:590 debug: [CraftGovernor] Предыдущее состояние: 2 владельцев. Текущее состояние: 2 владельцев. [context: governor]
2026-05-04 17:59:00:590 info: [CraftGovernor] Найдено для паузы: 0. Найдено для возобновления: 0. [context: governor]
2026-05-04 17:59:00:590 debug: [CraftGovernor] Изменений нет, состояние не обновлялось. [context: governor]
2026-05-04 17:59:00:590 debug: [CraftGovernor] Цикл проверки завершен. [context: governor]
2026-05-04 17:59:22:5922 debug: [Reconciler] Запуск сверки истекших резерваций...
2026-05-04 17:59:22:5922 debug: [Reconciler] Не найдено истекших резерваций для сверки.
2026-05-04 17:59:30:5930 debug: ExpNotifier: Sent actual-exp to 1 client(s) using a single DB query.
2026-05-04 18:00:00:00 debug: [CraftGovernor] Запуск цикла проверки... [context: governor]
2026-05-04 18:00:00:00 debug: [CraftGovernor] Предыдущее состояние: 2 владельцев. Текущее состояние: 2 владельцев. [context: governor]
2026-05-04 18:00:00:00 info: [CraftGovernor] Найдено для паузы: 0. Найдено для возобновления: 0. [context: governor]
2026-05-04 18:00:00:00 debug: [CraftGovernor] Изменений нет, состояние не обновлялось. [context: governor]
2026-05-04 18:00:00:00 debug: [CraftGovernor] Цикл проверки завершен. [context: governor]
2026-05-04 18:00:22:022 debug: [Reconciler] Запуск сверки истекших резерваций...
2026-05-04 18:00:22:022 debug: [Reconciler] Не найдено истекших резерваций для сверки.
2026-05-04 18:00:30:030 debug: ExpNotifier: Sent actual-exp to 1 client(s) using a single DB query.
2026-05-04 18:01:00:10 debug: [CraftGovernor] Запуск цикла проверки... [context: governor]
2026-05-04 18:01:00:10 debug: [CraftGovernor] Предыдущее состояние: 2 владельцев. Текущее состояние: 2 владельцев. [context: governor]
2026-05-04 18:01:00:10 info: [CraftGovernor] Найдено для паузы: 0. Найдено для возобновления: 0. [context: governor]
2026-05-04 18:01:00:10 debug: [CraftGovernor] Изменений нет, состояние не обновлялось. [context: governor]
2026-05-04 18:01:00:10 debug: [CraftGovernor] Цикл проверки завершен. [context: governor]
2026-05-04 18:01:22:122 debug: [Reconciler] Запуск сверки истекших резерваций...
2026-05-04 18:01:22:122 debug: [Reconciler] Не найдено истекших резерваций для сверки.
2026-05-04 18:01:30:130 debug: ExpNotifier: Sent actual-exp to 1 client(s) using a single DB query.
2026-05-04 18:02:00:20 debug: [CraftGovernor] Запуск цикла проверки... [context: governor]
2026-05-04 18:02:00:20 debug: [CraftGovernor] Предыдущее состояние: 2 владельцев. Текущее состояние: 2 владельцев. [context: governor]
2026-05-04 18:02:00:20 info: [CraftGovernor] Найдено для паузы: 0. Найдено для возобновления: 0. [context: governor]
2026-05-04 18:02:00:20 debug: [CraftGovernor] Изменений нет, состояние не обновлялось. [context: governor]
2026-05-04 18:02:00:20 debug: [CraftGovernor] Цикл проверки завершен. [context: governor]
2026-05-04 18:02:22:222 debug: [Reconciler] Запуск сверки истекших резерваций...
2026-05-04 18:02:22:222 debug: [Reconciler] Не найдено истекших резерваций для сверки.
2026-05-04 18:02:30:230 debug: ExpNotifier: Sent actual-exp to 1 client(s) using a single DB query.
2026-05-04 18:02:35:235 warn: Получен сигнал SIGINT. Начинаю грациозное завершение dbserver...
2026-05-04 18:02:35:235 info: Закрытие серверов (WebSocket и HTTP)...
2026-05-04 18:04:09:49 info: [Reconciler] Запуск воркера для сверки резерваций (Unified)...
2026-05-04 18:04:09:49 info: [CraftGovernor] Запуск воркера "Craft Governor"...
2026-05-04 18:04:10:410 info: [API Server] Запуск процесса...
2026-05-04 18:04:11:411 info: New client connected from IP: ::1
2026-05-04 18:04:11:411 warn: [Infisical] Secret "WEB3_CLIENT_ID" not found in cache.
2026-05-04 18:04:11:411 debug: Unidentified client disconnected
2026-05-04 18:04:11:411 info: dbServer: Successfully connected to Redis (main client).
2026-05-04 18:04:11:411 info: [HealthMonitor] Monitoring started for governor:main
2026-05-04 18:04:11:411 info: [CraftGovernor] Успешное подключение к MongoDB и Redis.
2026-05-04 18:04:11:411 info: [CraftGovernor] Воркер запланирован с cron-выражением: "* * * * *"
2026-05-04 18:04:11:411 info: dbServer: Successfully connected to Redis (main client).
2026-05-04 18:04:11:411 info: [HealthMonitor] Monitoring started for reconciler:main
2026-05-04 18:04:11:411 info: [Reconciler] Успешное подключение к MongoDB и Redis.
2026-05-04 18:04:11:411 debug: [Reconciler] Запуск сверки истекших резерваций...
2026-05-04 18:04:11:411 debug: [Reconciler] Не найдено истекших резерваций для сверки.
2026-05-04 18:04:11:411 info: [API Server] Успешное подключение к MongoDB.
2026-05-04 18:04:12:412 info: dbServer: Successfully connected to Redis (main client).
2026-05-04 18:04:12:412 info: Прогрев не требуется: нет сезона. [context: hydrate_season_null]
2026-05-04 18:04:12:412 info: [HealthMonitor] Monitoring started for api:main
2026-05-04 18:04:12:412 info: Optimized Exp Notifier scheduler started [context: exp_notifier]
2026-05-04 18:04:12:412 info: [API Server] Сервер запущен и готов к приему WebSocket соединений на PID: 22240.
2026-05-04 18:04:12:412 info: Обработчики грациозного завершения инициализированы.
2026-05-04 18:04:12:412 info: New client connected from IP: ::1
2026-05-04 18:04:12:412 info: New client connected from IP: ::1
2026-05-04 18:04:12:412 info: Client identified and connection stored: web3server, ID: web3server_kkwvq34lvcw2cf
2026-05-04 18:04:12:412 info: Client identified and connection stored: gameserver, ID: gameserver-Hddkwe35fsvk_worker_19132
2026-05-04 18:04:14:414 info: dbServer: Successfully connected to Redis (main client).
2026-05-04 18:04:14:414 info: [HealthMonitor] Monitoring started for worker:1
2026-05-04 18:04:25:425 debug: Creating session for 0x2da351d8d5840415025c35a7c843a0dfa6e4b89b from web3server (web3server_kkwvq34lvcw2cf) [context: session_0x2da351d8d5840415025c35a7c843a0dfa6e4b89b]
2026-05-04 18:04:25:425 debug: Session created in Redis for 0x2da351d8d5840415025c35a7c843a0dfa6e4b89b [context: session_0x2da351d8d5840415025c35a7c843a0dfa6e4b89b]
2026-05-04 18:04:29:429 info: New client connected from IP: 26.132.212.95
2026-05-04 18:04:29:429 info: Client identified and connection stored: client, ID: cl-89b3294b-948c-40a7-a954-ee5f736c74e7
2026-05-04 18:04:29:429 debug: dbServer: Fetched 6 ships for tokens: 2, 3, 4, 5, 6, 7
2026-05-04 18:04:29:429 debug: Sent get-ships-response to client for walletAddress: 0x2da351d8d5840415025c35a7c843a0dfa6e4b89b, tokens: 2,3,4,5,6,7
2026-05-04 18:04:30:430 debug: ExpNotifier: Sent actual-exp to 1 client(s) using a single DB query.
2026-05-04 18:05:00:50 debug: [CraftGovernor] Запуск цикла проверки... [context: governor]
2026-05-04 18:05:00:50 debug: [CraftGovernor] Предыдущее состояние: 2 владельцев. Текущее состояние: 2 владельцев. [context: governor]
2026-05-04 18:05:00:50 info: [CraftGovernor] Найдено для паузы: 0. Найдено для возобновления: 0. [context: governor]
2026-05-04 18:05:00:50 debug: [CraftGovernor] Изменений нет, состояние не обновлялось. [context: governor]
2026-05-04 18:05:00:50 debug: [CraftGovernor] Цикл проверки завершен. [context: governor]
2026-05-04 18:05:11:511 debug: [Reconciler] Запуск сверки истекших резерваций...
2026-05-04 18:05:11:511 debug: [Reconciler] Не найдено истекших резерваций для сверки.
2026-05-04 18:05:11:511 info: Client disconnected: client, ID: cl-89b3294b-948c-40a7-a954-ee5f736c74e7
2026-05-04 18:05:11:511 debug: Verifying session for 0x2da351d8d5840415025c35a7c843a0dfa6e4b89b from gameserver (gameserver-Hddkwe35fsvk_worker_19132) [context: session_0x2da351d8d5840415025c35a7c843a0dfa6e4b89b]
2026-05-04 18:05:12:512 debug: dbServer: Fetched 1 ships for tokens: 7
2026-05-04 18:05:27:527 info: New client connected from IP: 26.132.212.95
2026-05-04 18:05:27:527 info: Client identified and connection stored: client, ID: cl-d0507e94-0aca-4a17-bfd0-cd23a03470b2
2026-05-04 18:05:27:527 debug: dbServer: Fetched 6 ships for tokens: 2, 3, 4, 5, 6, 7
2026-05-04 18:05:27:527 debug: Sent get-ships-response to client for walletAddress: 0x2da351d8d5840415025c35a7c843a0dfa6e4b89b, tokens: 2,3,4,5,6,7
2026-05-04 18:05:30:530 debug: ExpNotifier: Sent actual-exp to 1 client(s) using a single DB query.
2026-05-04 18:05:40:540 info: Client disconnected: client, ID: cl-d0507e94-0aca-4a17-bfd0-cd23a03470b2
2026-05-04 18:05:40:540 debug: Verifying session for 0x2da351d8d5840415025c35a7c843a0dfa6e4b89b from gameserver (gameserver-Hddkwe35fsvk_worker_19132) [context: session_0x2da351d8d5840415025c35a7c843a0dfa6e4b89b]
2026-05-04 18:05:40:540 debug: dbServer: Fetched 1 ships for tokens: 7
2026-05-04 18:06:00:60 debug: [CraftGovernor] Запуск цикла проверки... [context: governor]
2026-05-04 18:06:00:60 debug: [CraftGovernor] Предыдущее состояние: 2 владельцев. Текущее состояние: 2 владельцев. [context: governor]
2026-05-04 18:06:00:60 info: [CraftGovernor] Найдено для паузы: 0. Найдено для возобновления: 0. [context: governor]
2026-05-04 18:06:00:60 debug: [CraftGovernor] Изменений нет, состояние не обновлялось. [context: governor]
2026-05-04 18:06:00:60 debug: [CraftGovernor] Цикл проверки завершен. [context: governor]
2026-05-04 18:06:11:611 debug: [Reconciler] Запуск сверки истекших резерваций...
2026-05-04 18:06:11:611 debug: [Reconciler] Не найдено истекших резерваций для сверки.
2026-05-04 18:06:30:630 debug: ExpNotifier: No clients online, skipping EXP check.
2026-05-04 18:07:00:70 debug: [CraftGovernor] Запуск цикла проверки... [context: governor]
2026-05-04 18:07:00:70 debug: [CraftGovernor] Предыдущее состояние: 2 владельцев. Текущее состояние: 2 владельцев. [context: governor]
2026-05-04 18:07:00:70 info: [CraftGovernor] Найдено для паузы: 0. Найдено для возобновления: 0. [context: governor]
2026-05-04 18:07:00:70 debug: [CraftGovernor] Изменений нет, состояние не обновлялось. [context: governor]
2026-05-04 18:07:00:70 debug: [CraftGovernor] Цикл проверки завершен. [context: governor]
2026-05-04 18:07:11:711 debug: [Reconciler] Запуск сверки истекших резерваций...
2026-05-04 18:07:11:711 debug: [Reconciler] Не найдено истекших резерваций для сверки.
2026-05-04 18:07:30:730 debug: ExpNotifier: No clients online, skipping EXP check.
2026-05-04 18:08:00:80 debug: [CraftGovernor] Запуск цикла проверки... [context: governor]
2026-05-04 18:08:00:80 debug: [CraftGovernor] Предыдущее состояние: 2 владельцев. Текущее состояние: 2 владельцев. [context: governor]
2026-05-04 18:08:00:80 info: [CraftGovernor] Найдено для паузы: 0. Найдено для возобновления: 0. [context: governor]
2026-05-04 18:08:00:80 debug: [CraftGovernor] Изменений нет, состояние не обновлялось. [context: governor]
2026-05-04 18:08:00:80 debug: [CraftGovernor] Цикл проверки завершен. [context: governor]
2026-05-04 18:08:11:811 debug: [Reconciler] Запуск сверки истекших резерваций...
2026-05-04 18:08:11:811 debug: [Reconciler] Не найдено истекших резерваций для сверки.
2026-05-04 18:08:30:830 debug: ExpNotifier: No clients online, skipping EXP check.
2026-05-04 18:09:00:90 debug: [CraftGovernor] Запуск цикла проверки... [context: governor]
2026-05-04 18:09:00:90 debug: [CraftGovernor] Предыдущее состояние: 2 владельцев. Текущее состояние: 2 владельцев. [context: governor]
2026-05-04 18:09:00:90 info: [CraftGovernor] Найдено для паузы: 0. Найдено для возобновления: 0. [context: governor]
2026-05-04 18:09:00:90 debug: [CraftGovernor] Изменений нет, состояние не обновлялось. [context: governor]
2026-05-04 18:09:00:90 debug: [CraftGovernor] Цикл проверки завершен. [context: governor]
2026-05-04 18:09:11:911 debug: [Reconciler] Запуск сверки истекших резерваций...
2026-05-04 18:09:11:911 debug: [Reconciler] Не найдено истекших резерваций для сверки.
2026-05-04 18:09:30:930 debug: ExpNotifier: No clients online, skipping EXP check.
2026-05-04 18:10:00:100 debug: [CraftGovernor] Запуск цикла проверки... [context: governor]
2026-05-04 18:10:00:100 debug: [CraftGovernor] Предыдущее состояние: 2 владельцев. Текущее состояние: 2 владельцев. [context: governor]
2026-05-04 18:10:00:100 info: [CraftGovernor] Найдено для паузы: 0. Найдено для возобновления: 0. [context: governor]
2026-05-04 18:10:00:100 debug: [CraftGovernor] Изменений нет, состояние не обновлялось. [context: governor]
2026-05-04 18:10:00:100 debug: [CraftGovernor] Цикл проверки завершен. [context: governor]
2026-05-04 18:10:11:1011 debug: [Reconciler] Запуск сверки истекших резерваций...
2026-05-04 18:10:11:1011 debug: [Reconciler] Не найдено истекших резерваций для сверки.
2026-05-04 18:10:30:1030 debug: ExpNotifier: No clients online, skipping EXP check.
2026-05-04 18:11:00:110 debug: [CraftGovernor] Запуск цикла проверки... [context: governor]
2026-05-04 18:11:00:110 debug: [CraftGovernor] Предыдущее состояние: 2 владельцев. Текущее состояние: 2 владельцев. [context: governor]
2026-05-04 18:11:00:110 info: [CraftGovernor] Найдено для паузы: 0. Найдено для возобновления: 0. [context: governor]
2026-05-04 18:11:00:110 debug: [CraftGovernor] Изменений нет, состояние не обновлялось. [context: governor]
2026-05-04 18:11:00:110 debug: [CraftGovernor] Цикл проверки завершен. [context: governor]
2026-05-04 18:11:11:1111 debug: [Reconciler] Запуск сверки истекших резерваций...
2026-05-04 18:11:11:1111 debug: [Reconciler] Не найдено истекших резерваций для сверки.
2026-05-04 18:11:30:1130 debug: ExpNotifier: No clients online, skipping EXP check.
2026-05-04 18:12:00:120 debug: [CraftGovernor] Запуск цикла проверки... [context: governor]
2026-05-04 18:12:00:120 debug: [CraftGovernor] Предыдущее состояние: 2 владельцев. Текущее состояние: 2 владельцев. [context: governor]
2026-05-04 18:12:00:120 info: [CraftGovernor] Найдено для паузы: 0. Найдено для возобновления: 0. [context: governor]
2026-05-04 18:12:00:120 debug: [CraftGovernor] Изменений нет, состояние не обновлялось. [context: governor]
2026-05-04 18:12:00:120 debug: [CraftGovernor] Цикл проверки завершен. [context: governor]
2026-05-04 18:12:11:1211 debug: [Reconciler] Запуск сверки истекших резерваций...
2026-05-04 18:12:11:1211 debug: [Reconciler] Не найдено истекших резерваций для сверки.
2026-05-04 18:12:30:1230 debug: ExpNotifier: No clients online, skipping EXP check.
2026-05-04 18:13:00:130 debug: [CraftGovernor] Запуск цикла проверки... [context: governor]
2026-05-04 18:13:00:130 debug: [CraftGovernor] Предыдущее состояние: 2 владельцев. Текущее состояние: 2 владельцев. [context: governor]
2026-05-04 18:13:00:130 info: [CraftGovernor] Найдено для паузы: 0. Найдено для возобновления: 0. [context: governor]
2026-05-04 18:13:00:130 debug: [CraftGovernor] Изменений нет, состояние не обновлялось. [context: governor]
2026-05-04 18:13:00:130 debug: [CraftGovernor] Цикл проверки завершен. [context: governor]
2026-05-04 18:13:11:1311 debug: [Reconciler] Запуск сверки истекших резерваций...
2026-05-04 18:13:11:1311 debug: [Reconciler] Не найдено истекших резерваций для сверки.
2026-05-04 18:13:30:1330 debug: ExpNotifier: No clients online, skipping EXP check.
2026-05-04 18:14:00:140 debug: [CraftGovernor] Запуск цикла проверки... [context: governor]
2026-05-04 18:14:00:140 debug: [CraftGovernor] Предыдущее состояние: 2 владельцев. Текущее состояние: 2 владельцев. [context: governor]
2026-05-04 18:14:00:140 info: [CraftGovernor] Найдено для паузы: 0. Найдено для возобновления: 0. [context: governor]
2026-05-04 18:14:00:140 debug: [CraftGovernor] Изменений нет, состояние не обновлялось. [context: governor]
2026-05-04 18:14:00:140 debug: [CraftGovernor] Цикл проверки завершен. [context: governor]
2026-05-04 18:14:11:1411 debug: [Reconciler] Запуск сверки истекших резерваций...
2026-05-04 18:14:11:1411 debug: [Reconciler] Не найдено истекших резерваций для сверки.
2026-05-04 18:14:30:1430 debug: ExpNotifier: No clients online, skipping EXP check.
2026-05-04 18:15:00:150 debug: [CraftGovernor] Запуск цикла проверки... [context: governor]
2026-05-04 18:15:00:150 debug: [CraftGovernor] Предыдущее состояние: 2 владельцев. Текущее состояние: 2 владельцев. [context: governor]
2026-05-04 18:15:00:150 info: [CraftGovernor] Найдено для паузы: 0. Найдено для возобновления: 0. [context: governor]
2026-05-04 18:15:00:150 debug: [CraftGovernor] Изменений нет, состояние не обновлялось. [context: governor]
2026-05-04 18:15:00:150 debug: [CraftGovernor] Цикл проверки завершен. [context: governor]
2026-05-04 18:15:11:1511 debug: [Reconciler] Запуск сверки истекших резерваций...
2026-05-04 18:15:11:1511 debug: [Reconciler] Не найдено истекших резерваций для сверки.
2026-05-04 18:15:30:1530 debug: ExpNotifier: No clients online, skipping EXP check.
2026-05-04 18:15:37:1537 debug: Статистика для 0x2da351d8d5840415025c35a7c843a0dfa6e4b89b не записана: нет сезона. [context: leaderboard]
2026-05-04 18:15:46:1546 info: New client connected from IP: 26.132.212.95
2026-05-04 18:15:46:1546 info: Client identified and connection stored: client, ID: cl-c6a9d8c0-8039-4a50-b925-8cd59e390202
2026-05-04 18:15:46:1546 debug: dbServer: Fetched 6 ships for tokens: 2, 3, 4, 5, 6, 7
2026-05-04 18:15:46:1546 debug: Sent get-ships-response to client for walletAddress: 0x2da351d8d5840415025c35a7c843a0dfa6e4b89b, tokens: 2,3,4,5,6,7
2026-05-04 18:16:00:160 debug: [CraftGovernor] Запуск цикла проверки... [context: governor]
2026-05-04 18:16:00:160 debug: [CraftGovernor] Предыдущее состояние: 2 владельцев. Текущее состояние: 2 владельцев. [context: governor]
2026-05-04 18:16:00:160 info: [CraftGovernor] Найдено для паузы: 0. Найдено для возобновления: 0. [context: governor]
2026-05-04 18:16:00:160 debug: [CraftGovernor] Изменений нет, состояние не обновлялось. [context: governor]
2026-05-04 18:16:00:160 debug: [CraftGovernor] Цикл проверки завершен. [context: governor]
2026-05-04 18:16:11:1611 debug: [Reconciler] Запуск сверки истекших резерваций...
2026-05-04 18:16:11:1611 debug: [Reconciler] Не найдено истекших резерваций для сверки.
2026-05-04 18:16:30:1630 debug: ExpNotifier: Sent actual-exp to 1 client(s) using a single DB query.
2026-05-04 18:17:00:170 debug: [CraftGovernor] Запуск цикла проверки... [context: governor]
2026-05-04 18:17:00:170 debug: [CraftGovernor] Предыдущее состояние: 2 владельцев. Текущее состояние: 2 владельцев. [context: governor]
2026-05-04 18:17:00:170 info: [CraftGovernor] Найдено для паузы: 0. Найдено для возобновления: 0. [context: governor]
2026-05-04 18:17:00:170 debug: [CraftGovernor] Изменений нет, состояние не обновлялось. [context: governor]
2026-05-04 18:17:00:170 debug: [CraftGovernor] Цикл проверки завершен. [context: governor]
2026-05-04 18:17:11:1711 debug: [Reconciler] Запуск сверки истекших резерваций...
2026-05-04 18:17:11:1711 debug: [Reconciler] Не найдено истекших резерваций для сверки.
2026-05-04 18:17:30:1730 debug: ExpNotifier: Sent actual-exp to 1 client(s) using a single DB query.
2026-05-04 18:18:00:180 debug: [CraftGovernor] Запуск цикла проверки... [context: governor]
2026-05-04 18:18:00:180 debug: [CraftGovernor] Предыдущее состояние: 2 владельцев. Текущее состояние: 2 владельцев. [context: governor]
2026-05-04 18:18:00:180 info: [CraftGovernor] Найдено для паузы: 0. Найдено для возобновления: 0. [context: governor]
2026-05-04 18:18:00:180 debug: [CraftGovernor] Изменений нет, состояние не обновлялось. [context: governor]
2026-05-04 18:18:00:180 debug: [CraftGovernor] Цикл проверки завершен. [context: governor]
2026-05-04 18:18:11:1811 debug: [Reconciler] Запуск сверки истекших резерваций...
2026-05-04 18:18:11:1811 debug: [Reconciler] Не найдено истекших резерваций для сверки.
2026-05-04 18:18:30:1830 debug: ExpNotifier: Sent actual-exp to 1 client(s) using a single DB query.
2026-05-04 18:19:00:190 debug: [CraftGovernor] Запуск цикла проверки... [context: governor]
2026-05-04 18:19:00:190 debug: [CraftGovernor] Предыдущее состояние: 2 владельцев. Текущее состояние: 2 владельцев. [context: governor]
2026-05-04 18:19:00:190 info: [CraftGovernor] Найдено для паузы: 0. Найдено для возобновления: 0. [context: governor]
2026-05-04 18:19:00:190 debug: [CraftGovernor] Изменений нет, состояние не обновлялось. [context: governor]
2026-05-04 18:19:00:190 debug: [CraftGovernor] Цикл проверки завершен. [context: governor]
2026-05-04 18:19:11:1911 debug: [Reconciler] Запуск сверки истекших резерваций...
2026-05-04 18:19:11:1911 debug: [Reconciler] Не найдено истекших резерваций для сверки.
2026-05-04 18:19:30:1930 debug: ExpNotifier: Sent actual-exp to 1 client(s) using a single DB query.
2026-05-04 18:20:00:200 debug: [CraftGovernor] Запуск цикла проверки... [context: governor]
2026-05-04 18:20:00:200 debug: [CraftGovernor] Предыдущее состояние: 2 владельцев. Текущее состояние: 2 владельцев. [context: governor]
2026-05-04 18:20:00:200 info: [CraftGovernor] Найдено для паузы: 0. Найдено для возобновления: 0. [context: governor]
2026-05-04 18:20:00:200 debug: [CraftGovernor] Изменений нет, состояние не обновлялось. [context: governor]
2026-05-04 18:20:00:200 debug: [CraftGovernor] Цикл проверки завершен. [context: governor]
2026-05-04 18:20:11:2011 debug: [Reconciler] Запуск сверки истекших резерваций...
2026-05-04 18:20:11:2011 debug: [Reconciler] Не найдено истекших резерваций для сверки.
2026-05-04 18:20:30:2030 debug: ExpNotifier: Sent actual-exp to 1 client(s) using a single DB query.
2026-05-04 18:21:00:210 debug: [CraftGovernor] Запуск цикла проверки... [context: governor]
2026-05-04 18:21:00:210 debug: [CraftGovernor] Предыдущее состояние: 2 владельцев. Текущее состояние: 2 владельцев. [context: governor]
2026-05-04 18:21:00:210 info: [CraftGovernor] Найдено для паузы: 0. Найдено для возобновления: 0. [context: governor]
2026-05-04 18:21:00:210 debug: [CraftGovernor] Изменений нет, состояние не обновлялось. [context: governor]
2026-05-04 18:21:00:210 debug: [CraftGovernor] Цикл проверки завершен. [context: governor]
2026-05-04 18:21:11:2111 debug: [Reconciler] Запуск сверки истекших резерваций...
2026-05-04 18:21:11:2111 debug: [Reconciler] Не найдено истекших резерваций для сверки.
2026-05-04 18:21:30:2130 debug: ExpNotifier: Sent actual-exp to 1 client(s) using a single DB query.
2026-05-04 18:22:00:220 debug: [CraftGovernor] Запуск цикла проверки... [context: governor]
2026-05-04 18:22:00:220 debug: [CraftGovernor] Предыдущее состояние: 2 владельцев. Текущее состояние: 2 владельцев. [context: governor]
2026-05-04 18:22:00:220 info: [CraftGovernor] Найдено для паузы: 0. Найдено для возобновления: 0. [context: governor]
2026-05-04 18:22:00:220 debug: [CraftGovernor] Изменений нет, состояние не обновлялось. [context: governor]
2026-05-04 18:22:00:220 debug: [CraftGovernor] Цикл проверки завершен. [context: governor]
2026-05-04 18:22:11:2211 debug: [Reconciler] Запуск сверки истекших резерваций...
2026-05-04 18:22:11:2211 debug: [Reconciler] Не найдено истекших резерваций для сверки.
2026-05-04 18:22:30:2230 debug: ExpNotifier: Sent actual-exp to 1 client(s) using a single DB query.
2026-05-04 18:23:00:230 debug: [CraftGovernor] Запуск цикла проверки... [context: governor]
2026-05-04 18:23:00:230 debug: [CraftGovernor] Предыдущее состояние: 2 владельцев. Текущее состояние: 2 владельцев. [context: governor]
2026-05-04 18:23:00:230 info: [CraftGovernor] Найдено для паузы: 0. Найдено для возобновления: 0. [context: governor]
2026-05-04 18:23:00:230 debug: [CraftGovernor] Изменений нет, состояние не обновлялось. [context: governor]
2026-05-04 18:23:00:230 debug: [CraftGovernor] Цикл проверки завершен. [context: governor]
2026-05-04 18:23:11:2311 debug: [Reconciler] Запуск сверки истекших резерваций...
2026-05-04 18:23:11:2311 debug: [Reconciler] Не найдено истекших резерваций для сверки.
2026-05-04 18:23:30:2330 debug: ExpNotifier: Sent actual-exp to 1 client(s) using a single DB query.
2026-05-04 18:24:00:240 debug: [CraftGovernor] Запуск цикла проверки... [context: governor]
2026-05-04 18:24:00:240 debug: [CraftGovernor] Предыдущее состояние: 2 владельцев. Текущее состояние: 2 владельцев. [context: governor]
2026-05-04 18:24:00:240 info: [CraftGovernor] Найдено для паузы: 0. Найдено для возобновления: 0. [context: governor]
2026-05-04 18:24:00:240 debug: [CraftGovernor] Изменений нет, состояние не обновлялось. [context: governor]
2026-05-04 18:24:00:240 debug: [CraftGovernor] Цикл проверки завершен. [context: governor]
2026-05-04 18:24:11:2411 debug: [Reconciler] Запуск сверки истекших резерваций...
2026-05-04 18:24:11:2411 debug: [Reconciler] Не найдено истекших резерваций для сверки.
2026-05-04 18:24:30:2430 debug: ExpNotifier: Sent actual-exp to 1 client(s) using a single DB query.
2026-05-04 18:25:00:250 debug: [CraftGovernor] Запуск цикла проверки... [context: governor]
2026-05-04 18:25:00:250 debug: [CraftGovernor] Предыдущее состояние: 2 владельцев. Текущее состояние: 2 владельцев. [context: governor]
2026-05-04 18:25:00:250 info: [CraftGovernor] Найдено для паузы: 0. Найдено для возобновления: 0. [context: governor]
2026-05-04 18:25:00:250 debug: [CraftGovernor] Изменений нет, состояние не обновлялось. [context: governor]
2026-05-04 18:25:00:250 debug: [CraftGovernor] Цикл проверки завершен. [context: governor]
2026-05-04 18:25:11:2511 debug: [Reconciler] Запуск сверки истекших резерваций...
2026-05-04 18:25:11:2511 debug: [Reconciler] Не найдено истекших резерваций для сверки.
2026-05-04 18:25:30:2530 debug: ExpNotifier: Sent actual-exp to 1 client(s) using a single DB query.
2026-05-04 18:26:00:260 debug: [CraftGovernor] Запуск цикла проверки... [context: governor]
2026-05-04 18:26:00:260 debug: [CraftGovernor] Предыдущее состояние: 2 владельцев. Текущее состояние: 2 владельцев. [context: governor]
2026-05-04 18:26:00:260 info: [CraftGovernor] Найдено для паузы: 0. Найдено для возобновления: 0. [context: governor]
2026-05-04 18:26:00:260 debug: [CraftGovernor] Изменений нет, состояние не обновлялось. [context: governor]
2026-05-04 18:26:00:260 debug: [CraftGovernor] Цикл проверки завершен. [context: governor]
2026-05-04 18:26:11:2611 debug: [Reconciler] Запуск сверки истекших резерваций...
2026-05-04 18:26:11:2611 debug: [Reconciler] Не найдено истекших резерваций для сверки.
2026-05-04 18:26:30:2630 debug: ExpNotifier: Sent actual-exp to 1 client(s) using a single DB query.
2026-05-04 18:27:00:270 debug: [CraftGovernor] Запуск цикла проверки... [context: governor]
2026-05-04 18:27:00:270 debug: [CraftGovernor] Предыдущее состояние: 2 владельцев. Текущее состояние: 2 владельцев. [context: governor]
2026-05-04 18:27:00:270 info: [CraftGovernor] Найдено для паузы: 0. Найдено для возобновления: 0. [context: governor]
2026-05-04 18:27:00:270 debug: [CraftGovernor] Изменений нет, состояние не обновлялось. [context: governor]
2026-05-04 18:27:00:270 debug: [CraftGovernor] Цикл проверки завершен. [context: governor]
2026-05-04 18:27:11:2711 debug: [Reconciler] Запуск сверки истекших резерваций...
2026-05-04 18:27:11:2711 debug: [Reconciler] Не найдено истекших резерваций для сверки.
2026-05-04 18:27:30:2730 debug: ExpNotifier: Sent actual-exp to 1 client(s) using a single DB query.
2026-05-04 18:28:00:280 debug: [CraftGovernor] Запуск цикла проверки... [context: governor]
2026-05-04 18:28:00:280 debug: [CraftGovernor] Предыдущее состояние: 2 владельцев. Текущее состояние: 2 владельцев. [context: governor]
2026-05-04 18:28:00:280 info: [CraftGovernor] Найдено для паузы: 0. Найдено для возобновления: 0. [context: governor]
2026-05-04 18:28:00:280 debug: [CraftGovernor] Изменений нет, состояние не обновлялось. [context: governor]
2026-05-04 18:28:00:280 debug: [CraftGovernor] Цикл проверки завершен. [context: governor]
2026-05-04 18:28:11:2811 debug: [Reconciler] Запуск сверки истекших резерваций...
2026-05-04 18:28:11:2811 debug: [Reconciler] Не найдено истекших резерваций для сверки.
2026-05-04 18:28:30:2830 debug: ExpNotifier: Sent actual-exp to 1 client(s) using a single DB query.
2026-05-04 18:29:00:290 debug: [CraftGovernor] Запуск цикла проверки... [context: governor]
2026-05-04 18:29:00:290 debug: [CraftGovernor] Предыдущее состояние: 2 владельцев. Текущее состояние: 2 владельцев. [context: governor]
2026-05-04 18:29:00:290 info: [CraftGovernor] Найдено для паузы: 0. Найдено для возобновления: 0. [context: governor]
2026-05-04 18:29:00:290 debug: [CraftGovernor] Изменений нет, состояние не обновлялось. [context: governor]
2026-05-04 18:29:00:290 debug: [CraftGovernor] Цикл проверки завершен. [context: governor]
2026-05-04 18:29:11:2911 debug: [Reconciler] Запуск сверки истекших резерваций...
2026-05-04 18:29:11:2911 debug: [Reconciler] Не найдено истекших резерваций для сверки.
2026-05-04 18:29:30:2930 debug: ExpNotifier: Sent actual-exp to 1 client(s) using a single DB query.
2026-05-04 18:30:00:300 debug: [CraftGovernor] Запуск цикла проверки... [context: governor]
2026-05-04 18:30:00:300 debug: [CraftGovernor] Предыдущее состояние: 2 владельцев. Текущее состояние: 2 владельцев. [context: governor]
2026-05-04 18:30:00:300 info: [CraftGovernor] Найдено для паузы: 0. Найдено для возобновления: 0. [context: governor]
2026-05-04 18:30:00:300 debug: [CraftGovernor] Изменений нет, состояние не обновлялось. [context: governor]
2026-05-04 18:30:00:300 debug: [CraftGovernor] Цикл проверки завершен. [context: governor]
2026-05-04 18:30:11:3011 debug: [Reconciler] Запуск сверки истекших резерваций...
2026-05-04 18:30:11:3011 debug: [Reconciler] Не найдено истекших резерваций для сверки.
2026-05-04 18:30:30:3030 debug: ExpNotifier: Sent actual-exp to 1 client(s) using a single DB query.
2026-05-04 18:31:00:310 debug: [CraftGovernor] Запуск цикла проверки... [context: governor]
2026-05-04 18:31:00:310 debug: [CraftGovernor] Предыдущее состояние: 2 владельцев. Текущее состояние: 2 владельцев. [context: governor]
2026-05-04 18:31:00:310 info: [CraftGovernor] Найдено для паузы: 0. Найдено для возобновления: 0. [context: governor]
2026-05-04 18:31:00:310 debug: [CraftGovernor] Изменений нет, состояние не обновлялось. [context: governor]
2026-05-04 18:31:00:310 debug: [CraftGovernor] Цикл проверки завершен. [context: governor]
2026-05-04 18:31:11:3111 debug: [Reconciler] Запуск сверки истекших резерваций...
2026-05-04 18:31:11:3111 debug: [Reconciler] Не найдено истекших резерваций для сверки.
2026-05-04 18:31:30:3130 debug: ExpNotifier: Sent actual-exp to 1 client(s) using a single DB query.
2026-05-04 18:32:00:320 debug: [CraftGovernor] Запуск цикла проверки... [context: governor]
2026-05-04 18:32:00:320 debug: [CraftGovernor] Предыдущее состояние: 2 владельцев. Текущее состояние: 2 владельцев. [context: governor]
2026-05-04 18:32:00:320 info: [CraftGovernor] Найдено для паузы: 0. Найдено для возобновления: 0. [context: governor]
2026-05-04 18:32:00:320 debug: [CraftGovernor] Изменений нет, состояние не обновлялось. [context: governor]
2026-05-04 18:32:00:320 debug: [CraftGovernor] Цикл проверки завершен. [context: governor]
2026-05-04 18:32:11:3211 debug: [Reconciler] Запуск сверки истекших резерваций...
2026-05-04 18:32:11:3211 debug: [Reconciler] Не найдено истекших резерваций для сверки.
2026-05-04 18:32:30:3230 debug: ExpNotifier: Sent actual-exp to 1 client(s) using a single DB query.
2026-05-04 18:33:00:330 debug: [CraftGovernor] Запуск цикла проверки... [context: governor]
2026-05-04 18:33:00:330 debug: [CraftGovernor] Предыдущее состояние: 2 владельцев. Текущее состояние: 2 владельцев. [context: governor]
2026-05-04 18:33:00:330 info: [CraftGovernor] Найдено для паузы: 0. Найдено для возобновления: 0. [context: governor]
2026-05-04 18:33:00:330 debug: [CraftGovernor] Изменений нет, состояние не обновлялось. [context: governor]
2026-05-04 18:33:00:330 debug: [CraftGovernor] Цикл проверки завершен. [context: governor]
2026-05-04 18:33:11:3311 debug: [Reconciler] Запуск сверки истекших резерваций...
2026-05-04 18:33:11:3311 debug: [Reconciler] Не найдено истекших резерваций для сверки.
2026-05-04 18:33:30:3330 debug: ExpNotifier: Sent actual-exp to 1 client(s) using a single DB query.
2026-05-04 18:34:00:340 debug: [CraftGovernor] Запуск цикла проверки... [context: governor]
2026-05-04 18:34:00:340 debug: [CraftGovernor] Предыдущее состояние: 2 владельцев. Текущее состояние: 2 владельцев. [context: governor]
2026-05-04 18:34:00:340 info: [CraftGovernor] Найдено для паузы: 0. Найдено для возобновления: 0. [context: governor]
2026-05-04 18:34:00:340 debug: [CraftGovernor] Изменений нет, состояние не обновлялось. [context: governor]
2026-05-04 18:34:00:340 debug: [CraftGovernor] Цикл проверки завершен. [context: governor]
2026-05-04 18:34:11:3411 debug: [Reconciler] Запуск сверки истекших резерваций...
2026-05-04 18:34:11:3411 debug: [Reconciler] Не найдено истекших резерваций для сверки.
2026-05-04 18:34:30:3430 debug: ExpNotifier: Sent actual-exp to 1 client(s) using a single DB query.
2026-05-04 18:35:00:350 debug: [CraftGovernor] Запуск цикла проверки... [context: governor]
2026-05-04 18:35:00:350 debug: [CraftGovernor] Предыдущее состояние: 2 владельцев. Текущее состояние: 2 владельцев. [context: governor]
2026-05-04 18:35:00:350 info: [CraftGovernor] Найдено для паузы: 0. Найдено для возобновления: 0. [context: governor]
2026-05-04 18:35:00:350 debug: [CraftGovernor] Изменений нет, состояние не обновлялось. [context: governor]
2026-05-04 18:35:00:350 debug: [CraftGovernor] Цикл проверки завершен. [context: governor]
2026-05-04 18:35:11:3511 debug: [Reconciler] Запуск сверки истекших резерваций...
2026-05-04 18:35:11:3511 debug: [Reconciler] Не найдено истекших резерваций для сверки.
2026-05-04 18:35:30:3530 debug: ExpNotifier: Sent actual-exp to 1 client(s) using a single DB query.
2026-05-04 18:36:00:360 debug: [CraftGovernor] Запуск цикла проверки... [context: governor]
2026-05-04 18:36:00:360 debug: [CraftGovernor] Предыдущее состояние: 2 владельцев. Текущее состояние: 2 владельцев. [context: governor]
2026-05-04 18:36:00:360 info: [CraftGovernor] Найдено для паузы: 0. Найдено для возобновления: 0. [context: governor]
2026-05-04 18:36:00:360 debug: [CraftGovernor] Изменений нет, состояние не обновлялось. [context: governor]
2026-05-04 18:36:00:360 debug: [CraftGovernor] Цикл проверки завершен. [context: governor]
2026-05-04 18:36:11:3611 debug: [Reconciler] Запуск сверки истекших резерваций...
2026-05-04 18:36:11:3611 debug: [Reconciler] Не найдено истекших резерваций для сверки.
2026-05-04 18:36:30:3630 debug: ExpNotifier: Sent actual-exp to 1 client(s) using a single DB query.
2026-05-04 18:37:00:370 debug: [CraftGovernor] Запуск цикла проверки... [context: governor]
2026-05-04 18:37:00:370 debug: [CraftGovernor] Предыдущее состояние: 2 владельцев. Текущее состояние: 2 владельцев. [context: governor]
2026-05-04 18:37:00:370 info: [CraftGovernor] Найдено для паузы: 0. Найдено для возобновления: 0. [context: governor]
2026-05-04 18:37:00:370 debug: [CraftGovernor] Изменений нет, состояние не обновлялось. [context: governor]
2026-05-04 18:37:00:370 debug: [CraftGovernor] Цикл проверки завершен. [context: governor]
2026-05-04 18:37:11:3711 debug: [Reconciler] Запуск сверки истекших резерваций...
2026-05-04 18:37:11:3711 debug: [Reconciler] Не найдено истекших резерваций для сверки.
2026-05-04 18:37:30:3730 debug: ExpNotifier: Sent actual-exp to 1 client(s) using a single DB query.
2026-05-04 18:38:00:380 debug: [CraftGovernor] Запуск цикла проверки... [context: governor]
2026-05-04 18:38:00:380 debug: [CraftGovernor] Предыдущее состояние: 2 владельцев. Текущее состояние: 2 владельцев. [context: governor]
2026-05-04 18:38:00:380 info: [CraftGovernor] Найдено для паузы: 0. Найдено для возобновления: 0. [context: governor]
2026-05-04 18:38:00:380 debug: [CraftGovernor] Изменений нет, состояние не обновлялось. [context: governor]
2026-05-04 18:38:00:380 debug: [CraftGovernor] Цикл проверки завершен. [context: governor]
2026-05-04 18:38:11:3811 debug: [Reconciler] Запуск сверки истекших резерваций...
2026-05-04 18:38:11:3811 debug: [Reconciler] Не найдено истекших резерваций для сверки.
2026-05-04 18:38:30:3830 debug: ExpNotifier: Sent actual-exp to 1 client(s) using a single DB query.
2026-05-04 18:39:00:390 debug: [CraftGovernor] Запуск цикла проверки... [context: governor]
2026-05-04 18:39:00:390 debug: [CraftGovernor] Предыдущее состояние: 2 владельцев. Текущее состояние: 2 владельцев. [context: governor]
2026-05-04 18:39:00:390 info: [CraftGovernor] Найдено для паузы: 0. Найдено для возобновления: 0. [context: governor]
2026-05-04 18:39:00:390 debug: [CraftGovernor] Изменений нет, состояние не обновлялось. [context: governor]
2026-05-04 18:39:00:390 debug: [CraftGovernor] Цикл проверки завершен. [context: governor]
2026-05-04 18:39:11:3911 debug: [Reconciler] Запуск сверки истекших резерваций...
2026-05-04 18:39:11:3911 debug: [Reconciler] Не найдено истекших резерваций для сверки.
2026-05-04 18:39:30:3930 debug: ExpNotifier: Sent actual-exp to 1 client(s) using a single DB query.
2026-05-04 18:40:00:400 debug: [CraftGovernor] Запуск цикла проверки... [context: governor]
2026-05-04 18:40:00:400 debug: [CraftGovernor] Предыдущее состояние: 2 владельцев. Текущее состояние: 2 владельцев. [context: governor]
2026-05-04 18:40:00:400 info: [CraftGovernor] Найдено для паузы: 0. Найдено для возобновления: 0. [context: governor]
2026-05-04 18:40:00:400 debug: [CraftGovernor] Изменений нет, состояние не обновлялось. [context: governor]
2026-05-04 18:40:00:400 debug: [CraftGovernor] Цикл проверки завершен. [context: governor]
2026-05-04 18:40:11:4011 debug: [Reconciler] Запуск сверки истекших резерваций...
2026-05-04 18:40:11:4011 debug: [Reconciler] Не найдено истекших резерваций для сверки.
2026-05-04 18:40:30:4030 debug: ExpNotifier: Sent actual-exp to 1 client(s) using a single DB query.
2026-05-04 18:41:00:410 debug: [CraftGovernor] Запуск цикла проверки... [context: governor]
2026-05-04 18:41:00:410 debug: [CraftGovernor] Предыдущее состояние: 2 владельцев. Текущее состояние: 2 владельцев. [context: governor]
2026-05-04 18:41:00:410 info: [CraftGovernor] Найдено для паузы: 0. Найдено для возобновления: 0. [context: governor]
2026-05-04 18:41:00:410 debug: [CraftGovernor] Изменений нет, состояние не обновлялось. [context: governor]
2026-05-04 18:41:00:410 debug: [CraftGovernor] Цикл проверки завершен. [context: governor]
2026-05-04 18:41:11:4111 debug: [Reconciler] Запуск сверки истекших резерваций...
2026-05-04 18:41:11:4111 debug: [Reconciler] Не найдено истекших резерваций для сверки.
2026-05-04 18:41:30:4130 debug: ExpNotifier: Sent actual-exp to 1 client(s) using a single DB query.
2026-05-04 18:42:00:420 debug: [CraftGovernor] Запуск цикла проверки... [context: governor]
2026-05-04 18:42:00:420 debug: [CraftGovernor] Предыдущее состояние: 2 владельцев. Текущее состояние: 2 владельцев. [context: governor]
2026-05-04 18:42:00:420 info: [CraftGovernor] Найдено для паузы: 0. Найдено для возобновления: 0. [context: governor]
2026-05-04 18:42:00:420 debug: [CraftGovernor] Изменений нет, состояние не обновлялось. [context: governor]
2026-05-04 18:42:00:420 debug: [CraftGovernor] Цикл проверки завершен. [context: governor]
2026-05-04 18:42:11:4211 debug: [Reconciler] Запуск сверки истекших резерваций...
2026-05-04 18:42:11:4211 debug: [Reconciler] Не найдено истекших резерваций для сверки.
2026-05-04 18:42:30:4230 debug: ExpNotifier: Sent actual-exp to 1 client(s) using a single DB query.
2026-05-04 18:43:00:430 debug: [CraftGovernor] Запуск цикла проверки... [context: governor]
2026-05-04 18:43:00:430 debug: [CraftGovernor] Предыдущее состояние: 2 владельцев. Текущее состояние: 2 владельцев. [context: governor]
2026-05-04 18:43:00:430 info: [CraftGovernor] Найдено для паузы: 0. Найдено для возобновления: 0. [context: governor]
2026-05-04 18:43:00:430 debug: [CraftGovernor] Изменений нет, состояние не обновлялось. [context: governor]
2026-05-04 18:43:00:430 debug: [CraftGovernor] Цикл проверки завершен. [context: governor]
2026-05-04 18:43:11:4311 debug: [Reconciler] Запуск сверки истекших резерваций...
2026-05-04 18:43:11:4311 debug: [Reconciler] Не найдено истекших резерваций для сверки.
2026-05-04 18:43:30:4330 debug: ExpNotifier: Sent actual-exp to 1 client(s) using a single DB query.
2026-05-04 18:44:00:440 debug: [CraftGovernor] Запуск цикла проверки... [context: governor]
2026-05-04 18:44:00:440 debug: [CraftGovernor] Предыдущее состояние: 2 владельцев. Текущее состояние: 2 владельцев. [context: governor]
2026-05-04 18:44:00:440 info: [CraftGovernor] Найдено для паузы: 0. Найдено для возобновления: 0. [context: governor]
2026-05-04 18:44:00:440 debug: [CraftGovernor] Изменений нет, состояние не обновлялось. [context: governor]
2026-05-04 18:44:00:440 debug: [CraftGovernor] Цикл проверки завершен. [context: governor]
2026-05-04 18:44:11:4411 debug: [Reconciler] Запуск сверки истекших резерваций...
2026-05-04 18:44:11:4411 debug: [Reconciler] Не найдено истекших резерваций для сверки.
2026-05-04 18:44:30:4430 debug: ExpNotifier: Sent actual-exp to 1 client(s) using a single DB query.
2026-05-04 18:45:00:450 debug: [CraftGovernor] Запуск цикла проверки... [context: governor]
2026-05-04 18:45:00:450 debug: [CraftGovernor] Предыдущее состояние: 2 владельцев. Текущее состояние: 2 владельцев. [context: governor]
2026-05-04 18:45:00:450 info: [CraftGovernor] Найдено для паузы: 0. Найдено для возобновления: 0. [context: governor]
2026-05-04 18:45:00:450 debug: [CraftGovernor] Изменений нет, состояние не обновлялось. [context: governor]
2026-05-04 18:45:00:450 debug: [CraftGovernor] Цикл проверки завершен. [context: governor]
2026-05-04 18:45:11:4511 debug: [Reconciler] Запуск сверки истекших резерваций...
2026-05-04 18:45:11:4511 debug: [Reconciler] Не найдено истекших резерваций для сверки.
2026-05-04 18:45:30:4530 debug: ExpNotifier: Sent actual-exp to 1 client(s) using a single DB query.
2026-05-04 18:46:00:460 debug: [CraftGovernor] Запуск цикла проверки... [context: governor]
2026-05-04 18:46:00:460 debug: [CraftGovernor] Предыдущее состояние: 2 владельцев. Текущее состояние: 2 владельцев. [context: governor]
2026-05-04 18:46:00:460 info: [CraftGovernor] Найдено для паузы: 0. Найдено для возобновления: 0. [context: governor]
2026-05-04 18:46:00:460 debug: [CraftGovernor] Изменений нет, состояние не обновлялось. [context: governor]
2026-05-04 18:46:00:460 debug: [CraftGovernor] Цикл проверки завершен. [context: governor]
2026-05-04 18:46:11:4611 debug: [Reconciler] Запуск сверки истекших резерваций...
2026-05-04 18:46:11:4611 debug: [Reconciler] Не найдено истекших резерваций для сверки.
2026-05-04 18:46:30:4630 debug: ExpNotifier: Sent actual-exp to 1 client(s) using a single DB query.
2026-05-04 18:47:00:470 debug: [CraftGovernor] Запуск цикла проверки... [context: governor]
2026-05-04 18:47:00:470 debug: [CraftGovernor] Предыдущее состояние: 2 владельцев. Текущее состояние: 2 владельцев. [context: governor]
2026-05-04 18:47:00:470 info: [CraftGovernor] Найдено для паузы: 0. Найдено для возобновления: 0. [context: governor]
2026-05-04 18:47:00:470 debug: [CraftGovernor] Изменений нет, состояние не обновлялось. [context: governor]
2026-05-04 18:47:00:470 debug: [CraftGovernor] Цикл проверки завершен. [context: governor]
2026-05-04 18:47:11:4711 debug: [Reconciler] Запуск сверки истекших резерваций...
2026-05-04 18:47:11:4711 debug: [Reconciler] Не найдено истекших резерваций для сверки.
2026-05-04 18:47:30:4730 debug: ExpNotifier: Sent actual-exp to 1 client(s) using a single DB query.
2026-05-04 18:48:00:480 debug: [CraftGovernor] Запуск цикла проверки... [context: governor]
2026-05-04 18:48:00:480 debug: [CraftGovernor] Предыдущее состояние: 2 владельцев. Текущее состояние: 2 владельцев. [context: governor]
2026-05-04 18:48:00:480 info: [CraftGovernor] Найдено для паузы: 0. Найдено для возобновления: 0. [context: governor]
2026-05-04 18:48:00:480 debug: [CraftGovernor] Изменений нет, состояние не обновлялось. [context: governor]
2026-05-04 18:48:00:480 debug: [CraftGovernor] Цикл проверки завершен. [context: governor]
2026-05-04 18:48:11:4811 debug: [Reconciler] Запуск сверки истекших резерваций...
2026-05-04 18:48:11:4811 debug: [Reconciler] Не найдено истекших резерваций для сверки.
2026-05-04 18:48:30:4830 debug: ExpNotifier: Sent actual-exp to 1 client(s) using a single DB query.
2026-05-04 18:49:00:490 debug: [CraftGovernor] Запуск цикла проверки... [context: governor]
2026-05-04 18:49:00:490 debug: [CraftGovernor] Предыдущее состояние: 2 владельцев. Текущее состояние: 2 владельцев. [context: governor]
2026-05-04 18:49:00:490 info: [CraftGovernor] Найдено для паузы: 0. Найдено для возобновления: 0. [context: governor]
2026-05-04 18:49:00:490 debug: [CraftGovernor] Изменений нет, состояние не обновлялось. [context: governor]
2026-05-04 18:49:00:490 debug: [CraftGovernor] Цикл проверки завершен. [context: governor]
2026-05-04 18:49:11:4911 debug: [Reconciler] Запуск сверки истекших резерваций...
2026-05-04 18:49:11:4911 debug: [Reconciler] Не найдено истекших резерваций для сверки.
2026-05-04 18:49:30:4930 debug: ExpNotifier: Sent actual-exp to 1 client(s) using a single DB query.
2026-05-04 18:50:00:500 debug: [CraftGovernor] Запуск цикла проверки... [context: governor]
2026-05-04 18:50:00:500 debug: [CraftGovernor] Предыдущее состояние: 2 владельцев. Текущее состояние: 2 владельцев. [context: governor]
2026-05-04 18:50:00:500 info: [CraftGovernor] Найдено для паузы: 0. Найдено для возобновления: 0. [context: governor]
2026-05-04 18:50:00:500 debug: [CraftGovernor] Изменений нет, состояние не обновлялось. [context: governor]
2026-05-04 18:50:00:500 debug: [CraftGovernor] Цикл проверки завершен. [context: governor]
2026-05-04 18:50:11:5011 debug: [Reconciler] Запуск сверки истекших резерваций...
2026-05-04 18:50:11:5011 debug: [Reconciler] Не найдено истекших резерваций для сверки.
2026-05-04 18:50:30:5030 debug: ExpNotifier: Sent actual-exp to 1 client(s) using a single DB query.
2026-05-04 18:51:00:510 debug: [CraftGovernor] Запуск цикла проверки... [context: governor]
2026-05-04 18:51:00:510 debug: [CraftGovernor] Предыдущее состояние: 2 владельцев. Текущее состояние: 2 владельцев. [context: governor]
2026-05-04 18:51:00:510 info: [CraftGovernor] Найдено для паузы: 0. Найдено для возобновления: 0. [context: governor]
2026-05-04 18:51:00:510 debug: [CraftGovernor] Изменений нет, состояние не обновлялось. [context: governor]
2026-05-04 18:51:00:510 debug: [CraftGovernor] Цикл проверки завершен. [context: governor]
2026-05-04 18:51:12:5112 debug: [Reconciler] Запуск сверки истекших резерваций...
2026-05-04 18:51:12:5112 debug: [Reconciler] Не найдено истекших резерваций для сверки.
2026-05-04 18:51:30:5130 debug: ExpNotifier: Sent actual-exp to 1 client(s) using a single DB query.
2026-05-04 18:52:00:520 debug: [CraftGovernor] Запуск цикла проверки... [context: governor]
2026-05-04 18:52:00:520 debug: [CraftGovernor] Предыдущее состояние: 2 владельцев. Текущее состояние: 2 владельцев. [context: governor]
2026-05-04 18:52:00:520 info: [CraftGovernor] Найдено для паузы: 0. Найдено для возобновления: 0. [context: governor]
2026-05-04 18:52:00:520 debug: [CraftGovernor] Изменений нет, состояние не обновлялось. [context: governor]
2026-05-04 18:52:00:520 debug: [CraftGovernor] Цикл проверки завершен. [context: governor]
2026-05-04 18:52:12:5212 debug: [Reconciler] Запуск сверки истекших резерваций...
2026-05-04 18:52:12:5212 debug: [Reconciler] Не найдено истекших резерваций для сверки.
2026-05-04 18:52:30:5230 debug: ExpNotifier: Sent actual-exp to 1 client(s) using a single DB query.
2026-05-04 18:53:00:530 debug: [CraftGovernor] Запуск цикла проверки... [context: governor]
2026-05-04 18:53:00:530 debug: [CraftGovernor] Предыдущее состояние: 2 владельцев. Текущее состояние: 2 владельцев. [context: governor]
2026-05-04 18:53:00:530 info: [CraftGovernor] Найдено для паузы: 0. Найдено для возобновления: 0. [context: governor]
2026-05-04 18:53:00:530 debug: [CraftGovernor] Изменений нет, состояние не обновлялось. [context: governor]
2026-05-04 18:53:00:530 debug: [CraftGovernor] Цикл проверки завершен. [context: governor]
2026-05-04 18:53:12:5312 debug: [Reconciler] Запуск сверки истекших резерваций...
2026-05-04 18:53:12:5312 debug: [Reconciler] Не найдено истекших резерваций для сверки.
2026-05-04 18:53:30:5330 debug: ExpNotifier: Sent actual-exp to 1 client(s) using a single DB query.
2026-05-04 18:54:00:540 debug: [CraftGovernor] Запуск цикла проверки... [context: governor]
2026-05-04 18:54:00:540 debug: [CraftGovernor] Предыдущее состояние: 2 владельцев. Текущее состояние: 2 владельцев. [context: governor]
2026-05-04 18:54:00:540 info: [CraftGovernor] Найдено для паузы: 0. Найдено для возобновления: 0. [context: governor]
2026-05-04 18:54:00:540 debug: [CraftGovernor] Изменений нет, состояние не обновлялось. [context: governor]
2026-05-04 18:54:00:540 debug: [CraftGovernor] Цикл проверки завершен. [context: governor]
2026-05-04 18:54:12:5412 debug: [Reconciler] Запуск сверки истекших резерваций...
2026-05-04 18:54:12:5412 debug: [Reconciler] Не найдено истекших резерваций для сверки.
2026-05-04 18:54:30:5430 debug: ExpNotifier: Sent actual-exp to 1 client(s) using a single DB query.
2026-05-04 18:55:00:550 debug: [CraftGovernor] Запуск цикла проверки... [context: governor]
2026-05-04 18:55:00:550 debug: [CraftGovernor] Предыдущее состояние: 2 владельцев. Текущее состояние: 2 владельцев. [context: governor]
2026-05-04 18:55:00:550 info: [CraftGovernor] Найдено для паузы: 0. Найдено для возобновления: 0. [context: governor]
2026-05-04 18:55:00:550 debug: [CraftGovernor] Изменений нет, состояние не обновлялось. [context: governor]
2026-05-04 18:55:00:550 debug: [CraftGovernor] Цикл проверки завершен. [context: governor]
2026-05-04 18:55:12:5512 debug: [Reconciler] Запуск сверки истекших резерваций...
2026-05-04 18:55:12:5512 debug: [Reconciler] Не найдено истекших резерваций для сверки.
2026-05-04 18:55:30:5530 debug: ExpNotifier: Sent actual-exp to 1 client(s) using a single DB query.
2026-05-04 18:56:00:560 debug: [CraftGovernor] Запуск цикла проверки... [context: governor]
2026-05-04 18:56:00:560 debug: [CraftGovernor] Предыдущее состояние: 2 владельцев. Текущее состояние: 2 владельцев. [context: governor]
2026-05-04 18:56:00:560 info: [CraftGovernor] Найдено для паузы: 0. Найдено для возобновления: 0. [context: governor]
2026-05-04 18:56:00:560 debug: [CraftGovernor] Изменений нет, состояние не обновлялось. [context: governor]
2026-05-04 18:56:00:560 debug: [CraftGovernor] Цикл проверки завершен. [context: governor]
2026-05-04 18:56:12:5612 debug: [Reconciler] Запуск сверки истекших резерваций...
2026-05-04 18:56:12:5612 debug: [Reconciler] Не найдено истекших резерваций для сверки.
2026-05-04 18:56:30:5630 debug: ExpNotifier: Sent actual-exp to 1 client(s) using a single DB query.
2026-05-04 18:57:00:570 debug: [CraftGovernor] Запуск цикла проверки... [context: governor]
2026-05-04 18:57:00:570 debug: [CraftGovernor] Предыдущее состояние: 2 владельцев. Текущее состояние: 2 владельцев. [context: governor]
2026-05-04 18:57:00:570 info: [CraftGovernor] Найдено для паузы: 0. Найдено для возобновления: 0. [context: governor]
2026-05-04 18:57:00:570 debug: [CraftGovernor] Изменений нет, состояние не обновлялось. [context: governor]
2026-05-04 18:57:00:570 debug: [CraftGovernor] Цикл проверки завершен. [context: governor]
2026-05-04 18:57:12:5712 debug: [Reconciler] Запуск сверки истекших резерваций...
2026-05-04 18:57:12:5712 debug: [Reconciler] Не найдено истекших резерваций для сверки.
2026-05-04 18:57:30:5730 debug: ExpNotifier: Sent actual-exp to 1 client(s) using a single DB query.
2026-05-04 18:58:00:580 debug: [CraftGovernor] Запуск цикла проверки... [context: governor]
2026-05-04 18:58:00:580 debug: [CraftGovernor] Предыдущее состояние: 2 владельцев. Текущее состояние: 2 владельцев. [context: governor]
2026-05-04 18:58:00:580 info: [CraftGovernor] Найдено для паузы: 0. Найдено для возобновления: 0. [context: governor]
2026-05-04 18:58:00:580 debug: [CraftGovernor] Изменений нет, состояние не обновлялось. [context: governor]
2026-05-04 18:58:00:580 debug: [CraftGovernor] Цикл проверки завершен. [context: governor]
2026-05-04 18:58:12:5812 debug: [Reconciler] Запуск сверки истекших резерваций...
2026-05-04 18:58:12:5812 debug: [Reconciler] Не найдено истекших резерваций для сверки.
2026-05-04 18:58:30:5830 debug: ExpNotifier: Sent actual-exp to 1 client(s) using a single DB query.
2026-05-04 18:59:00:590 debug: [CraftGovernor] Запуск цикла проверки... [context: governor]
2026-05-04 18:59:00:590 debug: [CraftGovernor] Предыдущее состояние: 2 владельцев. Текущее состояние: 2 владельцев. [context: governor]
2026-05-04 18:59:00:590 info: [CraftGovernor] Найдено для паузы: 0. Найдено для возобновления: 0. [context: governor]
2026-05-04 18:59:00:590 debug: [CraftGovernor] Изменений нет, состояние не обновлялось. [context: governor]
2026-05-04 18:59:00:590 debug: [CraftGovernor] Цикл проверки завершен. [context: governor]
2026-05-04 18:59:12:5912 debug: [Reconciler] Запуск сверки истекших резерваций...
2026-05-04 18:59:12:5912 debug: [Reconciler] Не найдено истекших резерваций для сверки.
2026-05-04 18:59:30:5930 debug: ExpNotifier: Sent actual-exp to 1 client(s) using a single DB query.
2026-05-04 19:00:00:00 debug: [CraftGovernor] Запуск цикла проверки... [context: governor]
2026-05-04 19:00:00:00 debug: [CraftGovernor] Предыдущее состояние: 2 владельцев. Текущее состояние: 2 владельцев. [context: governor]
2026-05-04 19:00:00:00 info: [CraftGovernor] Найдено для паузы: 0. Найдено для возобновления: 0. [context: governor]
2026-05-04 19:00:00:00 debug: [CraftGovernor] Изменений нет, состояние не обновлялось. [context: governor]
2026-05-04 19:00:00:00 debug: [CraftGovernor] Цикл проверки завершен. [context: governor]
2026-05-04 19:00:12:012 debug: [Reconciler] Запуск сверки истекших резерваций...
2026-05-04 19:00:12:012 debug: [Reconciler] Не найдено истекших резерваций для сверки.
2026-05-04 19:00:30:030 debug: ExpNotifier: Sent actual-exp to 1 client(s) using a single DB query.
2026-05-04 19:01:00:10 debug: [CraftGovernor] Запуск цикла проверки... [context: governor]
2026-05-04 19:01:00:10 debug: [CraftGovernor] Предыдущее состояние: 2 владельцев. Текущее состояние: 2 владельцев. [context: governor]
2026-05-04 19:01:00:10 info: [CraftGovernor] Найдено для паузы: 0. Найдено для возобновления: 0. [context: governor]
2026-05-04 19:01:00:10 debug: [CraftGovernor] Изменений нет, состояние не обновлялось. [context: governor]
2026-05-04 19:01:00:10 debug: [CraftGovernor] Цикл проверки завершен. [context: governor]
2026-05-04 19:01:12:112 debug: [Reconciler] Запуск сверки истекших резерваций...
2026-05-04 19:01:12:112 debug: [Reconciler] Не найдено истекших резерваций для сверки.
2026-05-04 19:01:30:130 debug: ExpNotifier: Sent actual-exp to 1 client(s) using a single DB query.
2026-05-04 19:02:00:20 debug: [CraftGovernor] Запуск цикла проверки... [context: governor]
2026-05-04 19:02:00:20 debug: [CraftGovernor] Предыдущее состояние: 2 владельцев. Текущее состояние: 2 владельцев. [context: governor]
2026-05-04 19:02:00:20 info: [CraftGovernor] Найдено для паузы: 0. Найдено для возобновления: 0. [context: governor]
2026-05-04 19:02:00:20 debug: [CraftGovernor] Изменений нет, состояние не обновлялось. [context: governor]
2026-05-04 19:02:00:20 debug: [CraftGovernor] Цикл проверки завершен. [context: governor]
2026-05-04 19:02:12:212 debug: [Reconciler] Запуск сверки истекших резерваций...
2026-05-04 19:02:12:212 debug: [Reconciler] Не найдено истекших резерваций для сверки.
2026-05-04 19:02:30:230 debug: ExpNotifier: Sent actual-exp to 1 client(s) using a single DB query.
2026-05-04 19:03:00:30 debug: [CraftGovernor] Запуск цикла проверки... [context: governor]
2026-05-04 19:03:00:30 debug: [CraftGovernor] Предыдущее состояние: 2 владельцев. Текущее состояние: 2 владельцев. [context: governor]
2026-05-04 19:03:00:30 info: [CraftGovernor] Найдено для паузы: 0. Найдено для возобновления: 0. [context: governor]
2026-05-04 19:03:00:30 debug: [CraftGovernor] Изменений нет, состояние не обновлялось. [context: governor]
2026-05-04 19:03:00:30 debug: [CraftGovernor] Цикл проверки завершен. [context: governor]
2026-05-04 19:03:12:312 debug: [Reconciler] Запуск сверки истекших резерваций...
2026-05-04 19:03:12:312 debug: [Reconciler] Не найдено истекших резерваций для сверки.
2026-05-04 19:03:30:330 debug: ExpNotifier: Sent actual-exp to 1 client(s) using a single DB query.
2026-05-04 19:04:00:40 debug: [CraftGovernor] Запуск цикла проверки... [context: governor]
2026-05-04 19:04:00:40 debug: [CraftGovernor] Предыдущее состояние: 2 владельцев. Текущее состояние: 2 владельцев. [context: governor]
2026-05-04 19:04:00:40 info: [CraftGovernor] Найдено для паузы: 0. Найдено для возобновления: 0. [context: governor]
2026-05-04 19:04:00:40 debug: [CraftGovernor] Изменений нет, состояние не обновлялось. [context: governor]
2026-05-04 19:04:00:40 debug: [CraftGovernor] Цикл проверки завершен. [context: governor]
2026-05-04 19:04:12:412 debug: [Reconciler] Запуск сверки истекших резерваций...
2026-05-04 19:04:12:412 debug: [Reconciler] Не найдено истекших резерваций для сверки.
2026-05-04 19:04:30:430 debug: ExpNotifier: Sent actual-exp to 1 client(s) using a single DB query.
2026-05-04 19:05:00:50 debug: [CraftGovernor] Запуск цикла проверки... [context: governor]
2026-05-04 19:05:00:50 debug: [CraftGovernor] Предыдущее состояние: 2 владельцев. Текущее состояние: 2 владельцев. [context: governor]
2026-05-04 19:05:00:50 info: [CraftGovernor] Найдено для паузы: 0. Найдено для возобновления: 0. [context: governor]
2026-05-04 19:05:00:50 debug: [CraftGovernor] Изменений нет, состояние не обновлялось. [context: governor]
2026-05-04 19:05:00:50 debug: [CraftGovernor] Цикл проверки завершен. [context: governor]
2026-05-04 19:05:12:512 debug: [Reconciler] Запуск сверки истекших резерваций...
2026-05-04 19:05:12:512 debug: [Reconciler] Не найдено истекших резерваций для сверки.
2026-05-04 19:05:30:530 debug: ExpNotifier: Sent actual-exp to 1 client(s) using a single DB query.
2026-05-04 19:06:00:60 debug: [CraftGovernor] Запуск цикла проверки... [context: governor]
2026-05-04 19:06:00:60 debug: [CraftGovernor] Предыдущее состояние: 2 владельцев. Текущее состояние: 2 владельцев. [context: governor]
2026-05-04 19:06:00:60 info: [CraftGovernor] Найдено для паузы: 0. Найдено для возобновления: 0. [context: governor]
2026-05-04 19:06:00:60 debug: [CraftGovernor] Изменений нет, состояние не обновлялось. [context: governor]
2026-05-04 19:06:00:60 debug: [CraftGovernor] Цикл проверки завершен. [context: governor]
2026-05-04 19:06:12:612 debug: [Reconciler] Запуск сверки истекших резерваций...
2026-05-04 19:06:12:612 debug: [Reconciler] Не найдено истекших резерваций для сверки.
2026-05-04 19:06:30:630 debug: ExpNotifier: Sent actual-exp to 1 client(s) using a single DB query.
2026-05-04 19:07:00:70 debug: [CraftGovernor] Запуск цикла проверки... [context: governor]
2026-05-04 19:07:00:70 debug: [CraftGovernor] Предыдущее состояние: 2 владельцев. Текущее состояние: 2 владельцев. [context: governor]
2026-05-04 19:07:00:70 info: [CraftGovernor] Найдено для паузы: 0. Найдено для возобновления: 0. [context: governor]
2026-05-04 19:07:00:70 debug: [CraftGovernor] Изменений нет, состояние не обновлялось. [context: governor]
2026-05-04 19:07:00:70 debug: [CraftGovernor] Цикл проверки завершен. [context: governor]
2026-05-04 19:07:12:712 debug: [Reconciler] Запуск сверки истекших резерваций...
2026-05-04 19:07:12:712 debug: [Reconciler] Не найдено истекших резерваций для сверки.
2026-05-04 19:07:30:730 debug: ExpNotifier: Sent actual-exp to 1 client(s) using a single DB query.
2026-05-04 19:08:00:80 debug: [CraftGovernor] Запуск цикла проверки... [context: governor]
2026-05-04 19:08:00:80 debug: [CraftGovernor] Предыдущее состояние: 2 владельцев. Текущее состояние: 2 владельцев. [context: governor]
2026-05-04 19:08:00:80 info: [CraftGovernor] Найдено для паузы: 0. Найдено для возобновления: 0. [context: governor]
2026-05-04 19:08:00:80 debug: [CraftGovernor] Изменений нет, состояние не обновлялось. [context: governor]
2026-05-04 19:08:00:80 debug: [CraftGovernor] Цикл проверки завершен. [context: governor]
2026-05-04 19:08:12:812 debug: [Reconciler] Запуск сверки истекших резерваций...
2026-05-04 19:08:12:812 debug: [Reconciler] Не найдено истекших резерваций для сверки.
2026-05-04 19:08:30:830 debug: ExpNotifier: Sent actual-exp to 1 client(s) using a single DB query.
2026-05-04 19:09:00:90 debug: [CraftGovernor] Запуск цикла проверки... [context: governor]
2026-05-04 19:09:00:90 debug: [CraftGovernor] Предыдущее состояние: 2 владельцев. Текущее состояние: 2 владельцев. [context: governor]
2026-05-04 19:09:00:90 info: [CraftGovernor] Найдено для паузы: 0. Найдено для возобновления: 0. [context: governor]
2026-05-04 19:09:00:90 debug: [CraftGovernor] Изменений нет, состояние не обновлялось. [context: governor]
2026-05-04 19:09:00:90 debug: [CraftGovernor] Цикл проверки завершен. [context: governor]
2026-05-04 19:09:12:912 debug: [Reconciler] Запуск сверки истекших резерваций...
2026-05-04 19:09:12:912 debug: [Reconciler] Не найдено истекших резерваций для сверки.
2026-05-04 19:09:30:930 debug: ExpNotifier: Sent actual-exp to 1 client(s) using a single DB query.
2026-05-04 19:10:00:100 debug: [CraftGovernor] Запуск цикла проверки... [context: governor]
2026-05-04 19:10:00:100 debug: [CraftGovernor] Предыдущее состояние: 2 владельцев. Текущее состояние: 2 владельцев. [context: governor]
2026-05-04 19:10:00:100 info: [CraftGovernor] Найдено для паузы: 0. Найдено для возобновления: 0. [context: governor]
2026-05-04 19:10:00:100 debug: [CraftGovernor] Изменений нет, состояние не обновлялось. [context: governor]
2026-05-04 19:10:00:100 debug: [CraftGovernor] Цикл проверки завершен. [context: governor]
2026-05-04 19:10:12:1012 debug: [Reconciler] Запуск сверки истекших резерваций...
2026-05-04 19:10:12:1012 debug: [Reconciler] Не найдено истекших резерваций для сверки.
2026-05-04 19:10:30:1030 debug: ExpNotifier: Sent actual-exp to 1 client(s) using a single DB query.
2026-05-04 19:11:00:110 debug: [CraftGovernor] Запуск цикла проверки... [context: governor]
2026-05-04 19:11:00:110 debug: [CraftGovernor] Предыдущее состояние: 2 владельцев. Текущее состояние: 2 владельцев. [context: governor]
2026-05-04 19:11:00:110 info: [CraftGovernor] Найдено для паузы: 0. Найдено для возобновления: 0. [context: governor]
2026-05-04 19:11:00:110 debug: [CraftGovernor] Изменений нет, состояние не обновлялось. [context: governor]
2026-05-04 19:11:00:110 debug: [CraftGovernor] Цикл проверки завершен. [context: governor]
2026-05-04 19:11:12:1112 debug: [Reconciler] Запуск сверки истекших резерваций...
2026-05-04 19:11:12:1112 debug: [Reconciler] Не найдено истекших резерваций для сверки.
2026-05-04 19:11:30:1130 debug: ExpNotifier: Sent actual-exp to 1 client(s) using a single DB query.
2026-05-04 19:12:00:120 debug: [CraftGovernor] Запуск цикла проверки... [context: governor]
2026-05-04 19:12:00:120 debug: [CraftGovernor] Предыдущее состояние: 2 владельцев. Текущее состояние: 2 владельцев. [context: governor]
2026-05-04 19:12:00:120 info: [CraftGovernor] Найдено для паузы: 0. Найдено для возобновления: 0. [context: governor]
2026-05-04 19:12:00:120 debug: [CraftGovernor] Изменений нет, состояние не обновлялось. [context: governor]
2026-05-04 19:12:00:120 debug: [CraftGovernor] Цикл проверки завершен. [context: governor]
2026-05-04 19:12:12:1212 debug: [Reconciler] Запуск сверки истекших резерваций...
2026-05-04 19:12:12:1212 debug: [Reconciler] Не найдено истекших резерваций для сверки.
2026-05-04 19:12:30:1230 debug: ExpNotifier: Sent actual-exp to 1 client(s) using a single DB query.
2026-05-04 19:13:00:130 debug: [CraftGovernor] Запуск цикла проверки... [context: governor]
2026-05-04 19:13:00:130 debug: [CraftGovernor] Предыдущее состояние: 2 владельцев. Текущее состояние: 2 владельцев. [context: governor]
2026-05-04 19:13:00:130 info: [CraftGovernor] Найдено для паузы: 0. Найдено для возобновления: 0. [context: governor]
2026-05-04 19:13:00:130 debug: [CraftGovernor] Изменений нет, состояние не обновлялось. [context: governor]
2026-05-04 19:13:00:130 debug: [CraftGovernor] Цикл проверки завершен. [context: governor]
2026-05-04 19:13:12:1312 debug: [Reconciler] Запуск сверки истекших резерваций...
2026-05-04 19:13:12:1312 debug: [Reconciler] Не найдено истекших резерваций для сверки.
2026-05-04 19:13:30:1330 debug: ExpNotifier: Sent actual-exp to 1 client(s) using a single DB query.
2026-05-04 19:14:00:140 debug: [CraftGovernor] Запуск цикла проверки... [context: governor]
2026-05-04 19:14:00:140 debug: [CraftGovernor] Предыдущее состояние: 2 владельцев. Текущее состояние: 2 владельцев. [context: governor]
2026-05-04 19:14:00:140 info: [CraftGovernor] Найдено для паузы: 0. Найдено для возобновления: 0. [context: governor]
2026-05-04 19:14:00:140 debug: [CraftGovernor] Изменений нет, состояние не обновлялось. [context: governor]
2026-05-04 19:14:00:140 debug: [CraftGovernor] Цикл проверки завершен. [context: governor]
2026-05-04 19:14:12:1412 debug: [Reconciler] Запуск сверки истекших резерваций...
2026-05-04 19:14:12:1412 debug: [Reconciler] Не найдено истекших резерваций для сверки.
2026-05-04 19:14:30:1430 debug: ExpNotifier: Sent actual-exp to 1 client(s) using a single DB query.
2026-05-04 19:15:00:150 debug: [CraftGovernor] Запуск цикла проверки... [context: governor]
2026-05-04 19:15:00:150 debug: [CraftGovernor] Предыдущее состояние: 2 владельцев. Текущее состояние: 2 владельцев. [context: governor]
2026-05-04 19:15:00:150 info: [CraftGovernor] Найдено для паузы: 0. Найдено для возобновления: 0. [context: governor]
2026-05-04 19:15:00:150 debug: [CraftGovernor] Изменений нет, состояние не обновлялось. [context: governor]
2026-05-04 19:15:00:150 debug: [CraftGovernor] Цикл проверки завершен. [context: governor]
2026-05-04 19:15:12:1512 debug: [Reconciler] Запуск сверки истекших резерваций...
2026-05-04 19:15:12:1512 debug: [Reconciler] Не найдено истекших резерваций для сверки.
2026-05-04 19:15:30:1530 debug: ExpNotifier: Sent actual-exp to 1 client(s) using a single DB query.
2026-05-04 19:16:00:160 debug: [CraftGovernor] Запуск цикла проверки... [context: governor]
2026-05-04 19:16:00:160 debug: [CraftGovernor] Предыдущее состояние: 2 владельцев. Текущее состояние: 2 владельцев. [context: governor]
2026-05-04 19:16:00:160 info: [CraftGovernor] Найдено для паузы: 0. Найдено для возобновления: 0. [context: governor]
2026-05-04 19:16:00:160 debug: [CraftGovernor] Изменений нет, состояние не обновлялось. [context: governor]
2026-05-04 19:16:00:160 debug: [CraftGovernor] Цикл проверки завершен. [context: governor]
2026-05-04 19:16:12:1612 debug: [Reconciler] Запуск сверки истекших резерваций...
2026-05-04 19:16:12:1612 debug: [Reconciler] Не найдено истекших резерваций для сверки.
2026-05-04 19:16:30:1630 debug: ExpNotifier: Sent actual-exp to 1 client(s) using a single DB query.
2026-05-04 19:17:00:170 debug: [CraftGovernor] Запуск цикла проверки... [context: governor]
2026-05-04 19:17:00:170 debug: [CraftGovernor] Предыдущее состояние: 2 владельцев. Текущее состояние: 2 владельцев. [context: governor]
2026-05-04 19:17:00:170 info: [CraftGovernor] Найдено для паузы: 0. Найдено для возобновления: 0. [context: governor]
2026-05-04 19:17:00:170 debug: [CraftGovernor] Изменений нет, состояние не обновлялось. [context: governor]
2026-05-04 19:17:00:170 debug: [CraftGovernor] Цикл проверки завершен. [context: governor]
2026-05-04 19:17:12:1712 debug: [Reconciler] Запуск сверки истекших резерваций...
2026-05-04 19:17:12:1712 debug: [Reconciler] Не найдено истекших резерваций для сверки.
2026-05-04 19:17:30:1730 debug: ExpNotifier: Sent actual-exp to 1 client(s) using a single DB query.
2026-05-04 19:18:00:180 debug: [CraftGovernor] Запуск цикла проверки... [context: governor]
2026-05-04 19:18:00:180 debug: [CraftGovernor] Предыдущее состояние: 2 владельцев. Текущее состояние: 2 владельцев. [context: governor]
2026-05-04 19:18:00:180 info: [CraftGovernor] Найдено для паузы: 0. Найдено для возобновления: 0. [context: governor]
2026-05-04 19:18:00:180 debug: [CraftGovernor] Изменений нет, состояние не обновлялось. [context: governor]
2026-05-04 19:18:00:180 debug: [CraftGovernor] Цикл проверки завершен. [context: governor]
2026-05-04 19:18:12:1812 debug: [Reconciler] Запуск сверки истекших резерваций...
2026-05-04 19:18:12:1812 debug: [Reconciler] Не найдено истекших резерваций для сверки.
2026-05-04 19:18:30:1830 debug: ExpNotifier: Sent actual-exp to 1 client(s) using a single DB query.
2026-05-04 19:19:00:190 debug: [CraftGovernor] Запуск цикла проверки... [context: governor]
2026-05-04 19:19:00:190 debug: [CraftGovernor] Предыдущее состояние: 2 владельцев. Текущее состояние: 2 владельцев. [context: governor]
2026-05-04 19:19:00:190 info: [CraftGovernor] Найдено для паузы: 0. Найдено для возобновления: 0. [context: governor]
2026-05-04 19:19:00:190 debug: [CraftGovernor] Изменений нет, состояние не обновлялось. [context: governor]
2026-05-04 19:19:00:190 debug: [CraftGovernor] Цикл проверки завершен. [context: governor]
2026-05-04 19:19:09:199 warn: Получен сигнал SIGINT. Начинаю грациозное завершение dbserver...
2026-05-04 19:19:09:199 info: Закрытие серверов (WebSocket и HTTP)...
