2025-11-30 14:34:23:3423 [Worker 23276] info: [ECS:EnergyRegenSystem] Initialized.
2025-11-30 14:34:23:3423 [Worker 23276] info: [ECS:ShieldRegenSystem] Initialized.
2025-11-30 14:34:23:3423 [Worker 23276] info: [LootIdManager] Initialized with 39 static items and pre-built dictionary.
2025-11-30 14:34:23:3423 [Worker 23276] info: [ECS:GeometryUpdateSystem] Initialized.
2025-11-30 14:34:23:3423 [Worker 23276] info: [ECS:CleanupSystem] Initialized. (Now simplified)
2025-11-30 14:34:23:3423 [Worker 23276] info: [ECS:PlayerWeaponSwitchSystem] Initialized.
2025-11-30 14:34:24:3424 [Worker 23276] info: [ECS:EnemySpawnRequestSystem] Initialized.
2025-11-30 14:34:24:3424 [Worker 23276] info: [ECS:BehaviorSystemV2] Initialized.
2025-11-30 14:34:24:3424 [Worker 23276] info: [ECS:CombatAISystem] Initialized.
2025-11-30 14:34:24:3424 [Worker 23276] info: [ECS:WeaponSwitchSystem] Initialized.
2025-11-30 14:34:24:3424 [Worker 23276] info: [ECS:StatusEffectSystem] Initialized.
2025-11-30 14:34:24:3424 [Worker 23276] info: [ECS:WeaponSystem] Initialized.
2025-11-30 14:34:24:3424 [Worker 23276] info: [ECS:MovementSystem] Initialized.
2025-11-30 14:34:24:3424 [Worker 23276] info: [ECS:EntitySimulationSystem] Initialized as the main simulation orchestrator.
2025-11-30 14:34:24:3424 [Worker 23276] info: [ECS:PlayerBoundarySystem] Initialized.
2025-11-30 14:34:24:3424 [Worker 23276] info: [ECS:BoundarySystem] Initialized.
2025-11-30 14:34:24:3424 [Worker 23276] info: [ECS:DestructionEventSystem] Initialized as the main destruction controller.
2025-11-30 14:34:24:3424 [Worker 23276] info: [ECS:CollisionDetectionSystem] Initialized. (Now unified)
2025-11-30 14:34:24:3424 [Worker 23276] info: [ECS:CollisionResolutionSystem] Initialized.
2025-11-30 14:34:24:3424 [Worker 23276] info: [ECS:HitValidationSystem] Initialized.
2025-11-30 14:34:24:3424 [Worker 23276] info: [ECS:HistorySystem] Initialized.
2025-11-30 14:34:24:3424 [Worker 23276] info: [ECS:BuffLifecycleSystem] Initialized.
2025-11-30 14:34:24:3424 [Worker 23276] info: [ECS:StatRecalculationSystem] Initialized.
2025-11-30 14:34:24:3424 [Worker 23276] info: [ECS:OnKillEffectSystem] Initialized.
2025-11-30 14:34:24:3424 [Worker 23276] info: [ECS:LootDropSystem] Initialized.
2025-11-30 14:34:24:3424 [Worker 23276] info: [ECS:SpawnSystem] Initialized.
2025-11-30 14:34:24:3424 [Worker 23276] info: [ECS:LifetimeSystem] Initialized.
2025-11-30 14:34:24:3424 [Worker 23276] info: [ECS:OffscreenCleanupSystem] Initialized.
2025-11-30 14:34:24:3424 [Worker 23276] info: Master process 23276 is running
2025-11-30 14:34:25:3425 [Worker 2812] info: [ECS:EnergyRegenSystem] Initialized.
2025-11-30 14:34:25:3425 [Worker 2812] info: [ECS:ShieldRegenSystem] Initialized.
2025-11-30 14:34:25:3425 [Worker 2812] info: [LootIdManager] Initialized with 39 static items and pre-built dictionary.
2025-11-30 14:34:25:3425 [Worker 2812] info: [ECS:GeometryUpdateSystem] Initialized.
2025-11-30 14:34:25:3425 [Worker 2812] info: [ECS:CleanupSystem] Initialized. (Now simplified)
2025-11-30 14:34:25:3425 [Worker 2812] info: [ECS:PlayerWeaponSwitchSystem] Initialized.
2025-11-30 14:34:25:3425 [Worker 2812] info: [ECS:EnemySpawnRequestSystem] Initialized.
2025-11-30 14:34:25:3425 [Worker 2812] info: [ECS:BehaviorSystemV2] Initialized.
2025-11-30 14:34:25:3425 [Worker 2812] info: [ECS:CombatAISystem] Initialized.
2025-11-30 14:34:25:3425 [Worker 2812] info: [ECS:WeaponSwitchSystem] Initialized.
2025-11-30 14:34:25:3425 [Worker 2812] info: [ECS:StatusEffectSystem] Initialized.
2025-11-30 14:34:25:3425 [Worker 2812] info: [ECS:WeaponSystem] Initialized.
2025-11-30 14:34:25:3425 [Worker 2812] info: [ECS:MovementSystem] Initialized.
2025-11-30 14:34:25:3425 [Worker 2812] info: [ECS:EntitySimulationSystem] Initialized as the main simulation orchestrator.
2025-11-30 14:34:25:3425 [Worker 2812] info: [ECS:PlayerBoundarySystem] Initialized.
2025-11-30 14:34:25:3425 [Worker 2812] info: [ECS:BoundarySystem] Initialized.
2025-11-30 14:34:25:3425 [Worker 2812] info: [ECS:DestructionEventSystem] Initialized as the main destruction controller.
2025-11-30 14:34:25:3425 [Worker 2812] info: [ECS:CollisionDetectionSystem] Initialized. (Now unified)
2025-11-30 14:34:25:3425 [Worker 2812] info: [ECS:CollisionResolutionSystem] Initialized.
2025-11-30 14:34:25:3425 [Worker 2812] info: [ECS:HitValidationSystem] Initialized.
2025-11-30 14:34:25:3425 [Worker 2812] info: [ECS:HistorySystem] Initialized.
2025-11-30 14:34:25:3425 [Worker 2812] info: [ECS:BuffLifecycleSystem] Initialized.
2025-11-30 14:34:25:3425 [Worker 2812] info: [ECS:StatRecalculationSystem] Initialized.
2025-11-30 14:34:25:3425 [Worker 2812] info: [ECS:OnKillEffectSystem] Initialized.
2025-11-30 14:34:25:3425 [Worker 2812] info: [ECS:LootDropSystem] Initialized.
2025-11-30 14:34:25:3425 [Worker 2812] info: [ECS:SpawnSystem] Initialized.
2025-11-30 14:34:25:3425 [Worker 2812] info: [ECS:LifetimeSystem] Initialized.
2025-11-30 14:34:25:3425 [Worker 2812] info: [ECS:OffscreenCleanupSystem] Initialized.
2025-11-30 14:34:27:3427 [Worker 2240] info: [ECS:EnergyRegenSystem] Initialized.
2025-11-30 14:34:27:3427 [Worker 2240] info: [ECS:ShieldRegenSystem] Initialized.
2025-11-30 14:34:27:3427 [Worker 2240] info: [LootIdManager] Initialized with 39 static items and pre-built dictionary.
2025-11-30 14:34:27:3427 [Worker 2240] info: [ECS:GeometryUpdateSystem] Initialized.
2025-11-30 14:34:27:3427 [Worker 2240] info: [ECS:CleanupSystem] Initialized. (Now simplified)
2025-11-30 14:34:27:3427 [Worker 2240] info: [ECS:PlayerWeaponSwitchSystem] Initialized.
2025-11-30 14:34:27:3427 [Worker 2240] info: [ECS:EnemySpawnRequestSystem] Initialized.
2025-11-30 14:34:27:3427 [Worker 2240] info: [ECS:BehaviorSystemV2] Initialized.
2025-11-30 14:34:27:3427 [Worker 2240] info: [ECS:CombatAISystem] Initialized.
2025-11-30 14:34:27:3427 [Worker 2240] info: [ECS:WeaponSwitchSystem] Initialized.
2025-11-30 14:34:27:3427 [Worker 2240] info: [ECS:StatusEffectSystem] Initialized.
2025-11-30 14:34:27:3427 [Worker 2240] info: [ECS:WeaponSystem] Initialized.
2025-11-30 14:34:27:3427 [Worker 2240] info: [ECS:MovementSystem] Initialized.
2025-11-30 14:34:27:3427 [Worker 2240] info: [ECS:EntitySimulationSystem] Initialized as the main simulation orchestrator.
2025-11-30 14:34:27:3427 [Worker 2240] info: [ECS:PlayerBoundarySystem] Initialized.
2025-11-30 14:34:27:3427 [Worker 2240] info: [ECS:BoundarySystem] Initialized.
2025-11-30 14:34:27:3427 [Worker 2240] info: [ECS:DestructionEventSystem] Initialized as the main destruction controller.
2025-11-30 14:34:27:3427 [Worker 2240] info: [ECS:CollisionDetectionSystem] Initialized. (Now unified)
2025-11-30 14:34:27:3427 [Worker 2240] info: [ECS:CollisionResolutionSystem] Initialized.
2025-11-30 14:34:27:3427 [Worker 2240] info: [ECS:HitValidationSystem] Initialized.
2025-11-30 14:34:27:3427 [Worker 2240] info: [ECS:HistorySystem] Initialized.
2025-11-30 14:34:27:3427 [Worker 2240] info: [ECS:BuffLifecycleSystem] Initialized.
2025-11-30 14:34:27:3427 [Worker 2240] info: [ECS:StatRecalculationSystem] Initialized.
2025-11-30 14:34:27:3427 [Worker 2240] info: [ECS:OnKillEffectSystem] Initialized.
2025-11-30 14:34:27:3427 [Worker 2240] info: [ECS:LootDropSystem] Initialized.
2025-11-30 14:34:27:3427 [Worker 2240] info: [ECS:SpawnSystem] Initialized.
2025-11-30 14:34:27:3427 [Worker 2240] info: [ECS:LifetimeSystem] Initialized.
2025-11-30 14:34:27:3427 [Worker 2240] info: [ECS:OffscreenCleanupSystem] Initialized.
2025-11-30 14:34:29:3429 [Worker 2240] info: [DBMANAGER] Worker 2240: Connected to dbServer
2025-11-30 14:34:29:3429 [Worker 2240] info: [DBMANAGER] Worker 2240: Identifying with unique ID: gameserver-Hddkwe35fsvk_worker_2240
2025-11-30 14:34:29:3429 [Worker 2240] info: [REDISCLIENT] Worker 2240: Successfully connected to Redis.
2025-11-30 14:34:29:3429 [Worker 2240] info: [GracefulShutdown] Обработчики для воркера 2240 инициализированы и ожидают команды от мастера.
2025-11-30 14:34:29:3429 [Worker 2240] info: Worker 2240 started. WebSocket server running on port 3002
2025-11-30 14:34:29:3429 [Worker 2240] info: [REDISSUBSCRIBER] Worker 2240: Subscribed to 'session-events' and 'session_control_events' channels.
2025-11-30 14:34:29:3429 [Worker 2240] info: [DBMANAGER] Worker 2240: Successfully identified with dbServer as gameserver-Hddkwe35fsvk_worker_2240
2025-11-30 14:34:29:3429 [Worker 2240] info: [WeaponMechanicsStore] Weapon mechanics catalog received and cache has been built.
2025-11-30 14:34:29:3429 [Worker 12460] info: [ECS:EnergyRegenSystem] Initialized.
2025-11-30 14:34:29:3429 [Worker 12460] info: [ECS:ShieldRegenSystem] Initialized.
2025-11-30 14:34:29:3429 [Worker 12460] info: [LootIdManager] Initialized with 39 static items and pre-built dictionary.
2025-11-30 14:34:29:3429 [Worker 12460] info: [ECS:GeometryUpdateSystem] Initialized.
2025-11-30 14:34:29:3429 [Worker 12460] info: [ECS:CleanupSystem] Initialized. (Now simplified)
2025-11-30 14:34:29:3429 [Worker 12460] info: [ECS:PlayerWeaponSwitchSystem] Initialized.
2025-11-30 14:34:29:3429 [Worker 12460] info: [ECS:EnemySpawnRequestSystem] Initialized.
2025-11-30 14:34:29:3429 [Worker 12460] info: [ECS:BehaviorSystemV2] Initialized.
2025-11-30 14:34:29:3429 [Worker 12460] info: [ECS:CombatAISystem] Initialized.
2025-11-30 14:34:29:3429 [Worker 12460] info: [ECS:WeaponSwitchSystem] Initialized.
2025-11-30 14:34:29:3429 [Worker 12460] info: [ECS:StatusEffectSystem] Initialized.
2025-11-30 14:34:29:3429 [Worker 12460] info: [ECS:WeaponSystem] Initialized.
2025-11-30 14:34:29:3429 [Worker 12460] info: [ECS:MovementSystem] Initialized.
2025-11-30 14:34:29:3429 [Worker 12460] info: [ECS:EntitySimulationSystem] Initialized as the main simulation orchestrator.
2025-11-30 14:34:29:3429 [Worker 12460] info: [ECS:PlayerBoundarySystem] Initialized.
2025-11-30 14:34:29:3429 [Worker 12460] info: [ECS:BoundarySystem] Initialized.
2025-11-30 14:34:29:3429 [Worker 12460] info: [ECS:DestructionEventSystem] Initialized as the main destruction controller.
2025-11-30 14:34:29:3429 [Worker 12460] info: [ECS:CollisionDetectionSystem] Initialized. (Now unified)
2025-11-30 14:34:29:3429 [Worker 12460] info: [ECS:CollisionResolutionSystem] Initialized.
2025-11-30 14:34:29:3429 [Worker 12460] info: [ECS:HitValidationSystem] Initialized.
2025-11-30 14:34:29:3429 [Worker 12460] info: [ECS:HistorySystem] Initialized.
2025-11-30 14:34:29:3429 [Worker 12460] info: [ECS:BuffLifecycleSystem] Initialized.
2025-11-30 14:34:29:3429 [Worker 12460] info: [ECS:StatRecalculationSystem] Initialized.
2025-11-30 14:34:29:3429 [Worker 12460] info: [ECS:OnKillEffectSystem] Initialized.
2025-11-30 14:34:29:3429 [Worker 12460] info: [ECS:LootDropSystem] Initialized.
2025-11-30 14:34:29:3429 [Worker 12460] info: [ECS:SpawnSystem] Initialized.
2025-11-30 14:34:29:3429 [Worker 12460] info: [ECS:LifetimeSystem] Initialized.
2025-11-30 14:34:29:3429 [Worker 12460] info: [ECS:OffscreenCleanupSystem] Initialized.
2025-11-30 14:34:31:3431 [Worker 25220] info: [ECS:EnergyRegenSystem] Initialized.
2025-11-30 14:34:31:3431 [Worker 25220] info: [ECS:ShieldRegenSystem] Initialized.
2025-11-30 14:34:31:3431 [Worker 25220] info: [LootIdManager] Initialized with 39 static items and pre-built dictionary.
2025-11-30 14:34:31:3431 [Worker 25220] info: [ECS:GeometryUpdateSystem] Initialized.
2025-11-30 14:34:31:3431 [Worker 25220] info: [ECS:CleanupSystem] Initialized. (Now simplified)
2025-11-30 14:34:31:3431 [Worker 25220] info: [ECS:PlayerWeaponSwitchSystem] Initialized.
2025-11-30 14:34:31:3431 [Worker 25220] info: [ECS:EnemySpawnRequestSystem] Initialized.
2025-11-30 14:34:31:3431 [Worker 25220] info: [ECS:BehaviorSystemV2] Initialized.
2025-11-30 14:34:31:3431 [Worker 25220] info: [ECS:CombatAISystem] Initialized.
2025-11-30 14:34:31:3431 [Worker 25220] info: [ECS:WeaponSwitchSystem] Initialized.
2025-11-30 14:34:31:3431 [Worker 25220] info: [ECS:StatusEffectSystem] Initialized.
2025-11-30 14:34:31:3431 [Worker 25220] info: [ECS:WeaponSystem] Initialized.
2025-11-30 14:34:31:3431 [Worker 25220] info: [ECS:MovementSystem] Initialized.
2025-11-30 14:34:31:3431 [Worker 25220] info: [ECS:EntitySimulationSystem] Initialized as the main simulation orchestrator.
2025-11-30 14:34:31:3431 [Worker 25220] info: [ECS:PlayerBoundarySystem] Initialized.
2025-11-30 14:34:31:3431 [Worker 25220] info: [ECS:BoundarySystem] Initialized.
2025-11-30 14:34:31:3431 [Worker 25220] info: [ECS:DestructionEventSystem] Initialized as the main destruction controller.
2025-11-30 14:34:31:3431 [Worker 25220] info: [ECS:CollisionDetectionSystem] Initialized. (Now unified)
2025-11-30 14:34:31:3431 [Worker 25220] info: [ECS:CollisionResolutionSystem] Initialized.
2025-11-30 14:34:31:3431 [Worker 25220] info: [ECS:HitValidationSystem] Initialized.
2025-11-30 14:34:31:3431 [Worker 25220] info: [ECS:HistorySystem] Initialized.
2025-11-30 14:34:31:3431 [Worker 25220] info: [ECS:BuffLifecycleSystem] Initialized.
2025-11-30 14:34:31:3431 [Worker 25220] info: [ECS:StatRecalculationSystem] Initialized.
2025-11-30 14:34:31:3431 [Worker 25220] info: [ECS:OnKillEffectSystem] Initialized.
2025-11-30 14:34:31:3431 [Worker 25220] info: [ECS:LootDropSystem] Initialized.
2025-11-30 14:34:32:3432 [Worker 25220] info: [ECS:SpawnSystem] Initialized.
2025-11-30 14:34:32:3432 [Worker 25220] info: [ECS:LifetimeSystem] Initialized.
2025-11-30 14:34:32:3432 [Worker 25220] info: [ECS:OffscreenCleanupSystem] Initialized.
2025-11-30 14:34:33:3433 [Worker 25220] info: [DBMANAGER] Worker 25220: Connected to dbServer
2025-11-30 14:34:33:3433 [Worker 25220] info: [DBMANAGER] Worker 25220: Identifying with unique ID: gameserver-Hddkwe35fsvk_worker_25220
2025-11-30 14:34:33:3433 [Worker 25220] info: [DBMANAGER] Worker 25220: Successfully identified with dbServer as gameserver-Hddkwe35fsvk_worker_25220
2025-11-30 14:34:33:3433 [Worker 25220] info: [WeaponMechanicsStore] Weapon mechanics catalog received and cache has been built.
2025-11-30 14:34:33:3433 [Worker 9324] info: [ECS:EnergyRegenSystem] Initialized.
2025-11-30 14:34:33:3433 [Worker 9324] info: [ECS:ShieldRegenSystem] Initialized.
2025-11-30 14:34:33:3433 [Worker 9324] info: [LootIdManager] Initialized with 39 static items and pre-built dictionary.
2025-11-30 14:34:33:3433 [Worker 9324] info: [ECS:GeometryUpdateSystem] Initialized.
2025-11-30 14:34:33:3433 [Worker 9324] info: [ECS:CleanupSystem] Initialized. (Now simplified)
2025-11-30 14:34:33:3433 [Worker 9324] info: [ECS:PlayerWeaponSwitchSystem] Initialized.
2025-11-30 14:34:33:3433 [Worker 9324] info: [ECS:EnemySpawnRequestSystem] Initialized.
2025-11-30 14:34:33:3433 [Worker 9324] info: [ECS:BehaviorSystemV2] Initialized.
2025-11-30 14:34:33:3433 [Worker 9324] info: [ECS:CombatAISystem] Initialized.
2025-11-30 14:34:33:3433 [Worker 9324] info: [ECS:WeaponSwitchSystem] Initialized.
2025-11-30 14:34:33:3433 [Worker 9324] info: [ECS:StatusEffectSystem] Initialized.
2025-11-30 14:34:33:3433 [Worker 9324] info: [ECS:WeaponSystem] Initialized.
2025-11-30 14:34:33:3433 [Worker 9324] info: [ECS:MovementSystem] Initialized.
2025-11-30 14:34:33:3433 [Worker 9324] info: [ECS:EntitySimulationSystem] Initialized as the main simulation orchestrator.
2025-11-30 14:34:33:3433 [Worker 9324] info: [ECS:PlayerBoundarySystem] Initialized.
2025-11-30 14:34:33:3433 [Worker 9324] info: [ECS:BoundarySystem] Initialized.
2025-11-30 14:34:33:3433 [Worker 9324] info: [ECS:DestructionEventSystem] Initialized as the main destruction controller.
2025-11-30 14:34:33:3433 [Worker 9324] info: [ECS:CollisionDetectionSystem] Initialized. (Now unified)
2025-11-30 14:34:33:3433 [Worker 9324] info: [ECS:CollisionResolutionSystem] Initialized.
2025-11-30 14:34:33:3433 [Worker 9324] info: [ECS:HitValidationSystem] Initialized.
2025-11-30 14:34:33:3433 [Worker 9324] info: [ECS:HistorySystem] Initialized.
2025-11-30 14:34:33:3433 [Worker 9324] info: [ECS:BuffLifecycleSystem] Initialized.
2025-11-30 14:34:33:3433 [Worker 9324] info: [ECS:StatRecalculationSystem] Initialized.
2025-11-30 14:34:33:3433 [Worker 9324] info: [ECS:OnKillEffectSystem] Initialized.
2025-11-30 14:34:33:3433 [Worker 9324] info: [ECS:LootDropSystem] Initialized.
2025-11-30 14:34:33:3433 [Worker 9324] info: [ECS:SpawnSystem] Initialized.
2025-11-30 14:34:33:3433 [Worker 9324] info: [ECS:LifetimeSystem] Initialized.
2025-11-30 14:34:33:3433 [Worker 9324] info: [ECS:OffscreenCleanupSystem] Initialized.
2025-11-30 14:34:34:3434 [Worker 25220] info: [REDISCLIENT] Worker 25220: Successfully connected to Redis.
2025-11-30 14:34:34:3434 [Worker 25220] info: [GracefulShutdown] Обработчики для воркера 25220 инициализированы и ожидают команды от мастера.
2025-11-30 14:34:34:3434 [Worker 25220] info: Worker 25220 started. WebSocket server running on port 3002
2025-11-30 14:34:34:3434 [Worker 25220] info: [REDISSUBSCRIBER] Worker 25220: Subscribed to 'session-events' and 'session_control_events' channels.
2025-11-30 14:34:35:3435 [Worker 9324] info: [DBMANAGER] Worker 9324: Connected to dbServer
2025-11-30 14:34:35:3435 [Worker 9324] info: [DBMANAGER] Worker 9324: Identifying with unique ID: gameserver-Hddkwe35fsvk_worker_9324
2025-11-30 14:34:35:3435 [Worker 9324] info: [DBMANAGER] Worker 9324: Successfully identified with dbServer as gameserver-Hddkwe35fsvk_worker_9324
2025-11-30 14:34:35:3435 [Worker 9324] info: [WeaponMechanicsStore] Weapon mechanics catalog received and cache has been built.
2025-11-30 14:34:35:3435 [Worker 9324] info: [REDISCLIENT] Worker 9324: Successfully connected to Redis.
2025-11-30 14:34:35:3435 [Worker 9324] info: [GracefulShutdown] Обработчики для воркера 9324 инициализированы и ожидают команды от мастера.
2025-11-30 14:34:35:3435 [Worker 9324] info: Worker 9324 started. WebSocket server running on port 3002
2025-11-30 14:34:35:3435 [Worker 9324] info: [REDISSUBSCRIBER] Worker 9324: Subscribed to 'session-events' and 'session_control_events' channels.
2025-11-30 14:34:35:3435 [Worker 14364] info: [ECS:EnergyRegenSystem] Initialized.
2025-11-30 14:34:35:3435 [Worker 14364] info: [ECS:ShieldRegenSystem] Initialized.
2025-11-30 14:34:35:3435 [Worker 14364] info: [LootIdManager] Initialized with 39 static items and pre-built dictionary.
2025-11-30 14:34:35:3435 [Worker 14364] info: [ECS:GeometryUpdateSystem] Initialized.
2025-11-30 14:34:35:3435 [Worker 14364] info: [ECS:CleanupSystem] Initialized. (Now simplified)
2025-11-30 14:34:35:3435 [Worker 14364] info: [ECS:PlayerWeaponSwitchSystem] Initialized.
2025-11-30 14:34:35:3435 [Worker 14364] info: [ECS:EnemySpawnRequestSystem] Initialized.
2025-11-30 14:34:35:3435 [Worker 14364] info: [ECS:BehaviorSystemV2] Initialized.
2025-11-30 14:34:35:3435 [Worker 14364] info: [ECS:CombatAISystem] Initialized.
2025-11-30 14:34:35:3435 [Worker 14364] info: [ECS:WeaponSwitchSystem] Initialized.
2025-11-30 14:34:35:3435 [Worker 14364] info: [ECS:StatusEffectSystem] Initialized.
2025-11-30 14:34:35:3435 [Worker 14364] info: [ECS:WeaponSystem] Initialized.
2025-11-30 14:34:35:3435 [Worker 14364] info: [ECS:MovementSystem] Initialized.
2025-11-30 14:34:35:3435 [Worker 14364] info: [ECS:EntitySimulationSystem] Initialized as the main simulation orchestrator.
2025-11-30 14:34:35:3435 [Worker 14364] info: [ECS:PlayerBoundarySystem] Initialized.
2025-11-30 14:34:35:3435 [Worker 14364] info: [ECS:BoundarySystem] Initialized.
2025-11-30 14:34:35:3435 [Worker 14364] info: [ECS:DestructionEventSystem] Initialized as the main destruction controller.
2025-11-30 14:34:35:3435 [Worker 14364] info: [ECS:CollisionDetectionSystem] Initialized. (Now unified)
2025-11-30 14:34:35:3435 [Worker 14364] info: [ECS:CollisionResolutionSystem] Initialized.
2025-11-30 14:34:35:3435 [Worker 14364] info: [ECS:HitValidationSystem] Initialized.
2025-11-30 14:34:35:3435 [Worker 14364] info: [ECS:HistorySystem] Initialized.
2025-11-30 14:34:36:3436 [Worker 14364] info: [ECS:BuffLifecycleSystem] Initialized.
2025-11-30 14:34:36:3436 [Worker 14364] info: [ECS:StatRecalculationSystem] Initialized.
2025-11-30 14:34:36:3436 [Worker 14364] info: [ECS:OnKillEffectSystem] Initialized.
2025-11-30 14:34:36:3436 [Worker 14364] info: [ECS:LootDropSystem] Initialized.
2025-11-30 14:34:36:3436 [Worker 14364] info: [ECS:SpawnSystem] Initialized.
2025-11-30 14:34:36:3436 [Worker 14364] info: [ECS:LifetimeSystem] Initialized.
2025-11-30 14:34:36:3436 [Worker 14364] info: [ECS:OffscreenCleanupSystem] Initialized.
2025-11-30 14:34:37:3437 [Worker 22344] info: [ECS:EnergyRegenSystem] Initialized.
2025-11-30 14:34:37:3437 [Worker 22344] info: [ECS:ShieldRegenSystem] Initialized.
2025-11-30 14:34:37:3437 [Worker 22344] info: [LootIdManager] Initialized with 39 static items and pre-built dictionary.
2025-11-30 14:34:37:3437 [Worker 22344] info: [ECS:GeometryUpdateSystem] Initialized.
2025-11-30 14:34:37:3437 [Worker 22344] info: [ECS:CleanupSystem] Initialized. (Now simplified)
2025-11-30 14:34:37:3437 [Worker 22344] info: [ECS:PlayerWeaponSwitchSystem] Initialized.
2025-11-30 14:34:37:3437 [Worker 22344] info: [ECS:EnemySpawnRequestSystem] Initialized.
2025-11-30 14:34:37:3437 [Worker 22344] info: [ECS:BehaviorSystemV2] Initialized.
2025-11-30 14:34:37:3437 [Worker 22344] info: [ECS:CombatAISystem] Initialized.
2025-11-30 14:34:37:3437 [Worker 22344] info: [ECS:WeaponSwitchSystem] Initialized.
2025-11-30 14:34:37:3437 [Worker 22344] info: [ECS:StatusEffectSystem] Initialized.
2025-11-30 14:34:37:3437 [Worker 22344] info: [ECS:WeaponSystem] Initialized.
2025-11-30 14:34:37:3437 [Worker 22344] info: [ECS:MovementSystem] Initialized.
2025-11-30 14:34:37:3437 [Worker 22344] info: [ECS:EntitySimulationSystem] Initialized as the main simulation orchestrator.
2025-11-30 14:34:37:3437 [Worker 22344] info: [ECS:PlayerBoundarySystem] Initialized.
2025-11-30 14:34:37:3437 [Worker 22344] info: [ECS:BoundarySystem] Initialized.
2025-11-30 14:34:37:3437 [Worker 22344] info: [ECS:DestructionEventSystem] Initialized as the main destruction controller.
2025-11-30 14:34:37:3437 [Worker 22344] info: [ECS:CollisionDetectionSystem] Initialized. (Now unified)
2025-11-30 14:34:37:3437 [Worker 22344] info: [ECS:CollisionResolutionSystem] Initialized.
2025-11-30 14:34:37:3437 [Worker 22344] info: [ECS:HitValidationSystem] Initialized.
2025-11-30 14:34:37:3437 [Worker 22344] info: [ECS:HistorySystem] Initialized.
2025-11-30 14:34:37:3437 [Worker 22344] info: [ECS:BuffLifecycleSystem] Initialized.
2025-11-30 14:34:37:3437 [Worker 22344] info: [ECS:StatRecalculationSystem] Initialized.
2025-11-30 14:34:37:3437 [Worker 22344] info: [ECS:OnKillEffectSystem] Initialized.
2025-11-30 14:34:37:3437 [Worker 22344] info: [ECS:LootDropSystem] Initialized.
2025-11-30 14:34:37:3437 [Worker 22344] info: [ECS:SpawnSystem] Initialized.
2025-11-30 14:34:37:3437 [Worker 22344] info: [ECS:LifetimeSystem] Initialized.
2025-11-30 14:34:37:3437 [Worker 22344] info: [ECS:OffscreenCleanupSystem] Initialized.
2025-11-30 14:34:39:3439 [Worker 14364] info: [DBMANAGER] Worker 14364: Connected to dbServer
2025-11-30 14:34:39:3439 [Worker 14364] info: [DBMANAGER] Worker 14364: Identifying with unique ID: gameserver-Hddkwe35fsvk_worker_14364
2025-11-30 14:34:39:3439 [Worker 14364] info: [DBMANAGER] Worker 14364: Successfully identified with dbServer as gameserver-Hddkwe35fsvk_worker_14364
2025-11-30 14:34:39:3439 [Worker 14364] info: [WeaponMechanicsStore] Weapon mechanics catalog received and cache has been built.
2025-11-30 14:34:39:3439 [Worker 14364] info: [REDISSUBSCRIBER] Worker 14364: Subscribed to 'session-events' and 'session_control_events' channels.
2025-11-30 14:34:39:3439 [Worker 14364] info: [REDISCLIENT] Worker 14364: Successfully connected to Redis.
2025-11-30 14:34:39:3439 [Worker 14364] info: [GracefulShutdown] Обработчики для воркера 14364 инициализированы и ожидают команды от мастера.
2025-11-30 14:34:39:3439 [Worker 14364] info: Worker 14364 started. WebSocket server running on port 3002
2025-11-30 14:34:40:3440 [Worker 11276] info: [ECS:EnergyRegenSystem] Initialized.
2025-11-30 14:34:40:3440 [Worker 11276] info: [ECS:ShieldRegenSystem] Initialized.
2025-11-30 14:34:40:3440 [Worker 11276] info: [LootIdManager] Initialized with 39 static items and pre-built dictionary.
2025-11-30 14:34:40:3440 [Worker 11276] info: [ECS:GeometryUpdateSystem] Initialized.
2025-11-30 14:34:40:3440 [Worker 11276] info: [ECS:CleanupSystem] Initialized. (Now simplified)
2025-11-30 14:34:40:3440 [Worker 11276] info: [ECS:PlayerWeaponSwitchSystem] Initialized.
2025-11-30 14:34:40:3440 [Worker 11276] info: [ECS:EnemySpawnRequestSystem] Initialized.
2025-11-30 14:34:40:3440 [Worker 11276] info: [ECS:BehaviorSystemV2] Initialized.
2025-11-30 14:34:40:3440 [Worker 11276] info: [ECS:CombatAISystem] Initialized.
2025-11-30 14:34:40:3440 [Worker 11276] info: [ECS:WeaponSwitchSystem] Initialized.
2025-11-30 14:34:40:3440 [Worker 11276] info: [ECS:StatusEffectSystem] Initialized.
2025-11-30 14:34:40:3440 [Worker 11276] info: [ECS:WeaponSystem] Initialized.
2025-11-30 14:34:40:3440 [Worker 11276] info: [ECS:MovementSystem] Initialized.
2025-11-30 14:34:40:3440 [Worker 11276] info: [ECS:EntitySimulationSystem] Initialized as the main simulation orchestrator.
2025-11-30 14:34:40:3440 [Worker 11276] info: [ECS:PlayerBoundarySystem] Initialized.
2025-11-30 14:34:40:3440 [Worker 11276] info: [ECS:BoundarySystem] Initialized.
2025-11-30 14:34:40:3440 [Worker 11276] info: [ECS:DestructionEventSystem] Initialized as the main destruction controller.
2025-11-30 14:34:40:3440 [Worker 11276] info: [ECS:CollisionDetectionSystem] Initialized. (Now unified)
2025-11-30 14:34:40:3440 [Worker 11276] info: [ECS:CollisionResolutionSystem] Initialized.
2025-11-30 14:34:40:3440 [Worker 11276] info: [ECS:HitValidationSystem] Initialized.
2025-11-30 14:34:40:3440 [Worker 11276] info: [ECS:HistorySystem] Initialized.
2025-11-30 14:34:40:3440 [Worker 11276] info: [ECS:BuffLifecycleSystem] Initialized.
2025-11-30 14:34:40:3440 [Worker 11276] info: [ECS:StatRecalculationSystem] Initialized.
2025-11-30 14:34:40:3440 [Worker 11276] info: [ECS:OnKillEffectSystem] Initialized.
2025-11-30 14:34:40:3440 [Worker 11276] info: [ECS:LootDropSystem] Initialized.
2025-11-30 14:34:40:3440 [Worker 11276] info: [ECS:SpawnSystem] Initialized.
2025-11-30 14:34:40:3440 [Worker 11276] info: [ECS:LifetimeSystem] Initialized.
2025-11-30 14:34:40:3440 [Worker 11276] info: [ECS:OffscreenCleanupSystem] Initialized.
2025-11-30 14:34:41:3441 [Worker 17296] info: [ECS:EnergyRegenSystem] Initialized.
2025-11-30 14:34:41:3441 [Worker 17296] info: [ECS:ShieldRegenSystem] Initialized.
2025-11-30 14:34:41:3441 [Worker 17296] info: [LootIdManager] Initialized with 39 static items and pre-built dictionary.
2025-11-30 14:34:41:3441 [Worker 17296] info: [ECS:GeometryUpdateSystem] Initialized.
2025-11-30 14:34:41:3441 [Worker 17296] info: [ECS:CleanupSystem] Initialized. (Now simplified)
2025-11-30 14:34:41:3441 [Worker 17296] info: [ECS:PlayerWeaponSwitchSystem] Initialized.
2025-11-30 14:34:41:3441 [Worker 17296] info: [ECS:EnemySpawnRequestSystem] Initialized.
2025-11-30 14:34:41:3441 [Worker 17296] info: [ECS:BehaviorSystemV2] Initialized.
2025-11-30 14:34:41:3441 [Worker 17296] info: [ECS:CombatAISystem] Initialized.
2025-11-30 14:34:41:3441 [Worker 17296] info: [ECS:WeaponSwitchSystem] Initialized.
2025-11-30 14:34:41:3441 [Worker 17296] info: [ECS:StatusEffectSystem] Initialized.
2025-11-30 14:34:41:3441 [Worker 17296] info: [ECS:WeaponSystem] Initialized.
2025-11-30 14:34:41:3441 [Worker 17296] info: [ECS:MovementSystem] Initialized.
2025-11-30 14:34:41:3441 [Worker 17296] info: [ECS:EntitySimulationSystem] Initialized as the main simulation orchestrator.
2025-11-30 14:34:41:3441 [Worker 17296] info: [ECS:PlayerBoundarySystem] Initialized.
2025-11-30 14:34:41:3441 [Worker 17296] info: [ECS:BoundarySystem] Initialized.
2025-11-30 14:34:41:3441 [Worker 17296] info: [ECS:DestructionEventSystem] Initialized as the main destruction controller.
2025-11-30 14:34:41:3441 [Worker 17296] info: [ECS:CollisionDetectionSystem] Initialized. (Now unified)
2025-11-30 14:34:41:3441 [Worker 17296] info: [ECS:CollisionResolutionSystem] Initialized.
2025-11-30 14:34:41:3441 [Worker 17296] info: [ECS:HitValidationSystem] Initialized.
2025-11-30 14:34:41:3441 [Worker 17296] info: [ECS:HistorySystem] Initialized.
2025-11-30 14:34:41:3441 [Worker 17296] info: [ECS:BuffLifecycleSystem] Initialized.
2025-11-30 14:34:41:3441 [Worker 17296] info: [ECS:StatRecalculationSystem] Initialized.
2025-11-30 14:34:41:3441 [Worker 17296] info: [ECS:OnKillEffectSystem] Initialized.
2025-11-30 14:34:41:3441 [Worker 17296] info: [ECS:LootDropSystem] Initialized.
2025-11-30 14:34:41:3441 [Worker 17296] info: [ECS:SpawnSystem] Initialized.
2025-11-30 14:34:41:3441 [Worker 17296] info: [ECS:LifetimeSystem] Initialized.
2025-11-30 14:34:41:3441 [Worker 17296] info: [ECS:OffscreenCleanupSystem] Initialized.
2025-11-30 14:34:43:3443 [Worker 13564] info: [ECS:EnergyRegenSystem] Initialized.
2025-11-30 14:34:43:3443 [Worker 13564] info: [ECS:ShieldRegenSystem] Initialized.
2025-11-30 14:34:43:3443 [Worker 13564] info: [LootIdManager] Initialized with 39 static items and pre-built dictionary.
2025-11-30 14:34:43:3443 [Worker 13564] info: [ECS:GeometryUpdateSystem] Initialized.
2025-11-30 14:34:43:3443 [Worker 13564] info: [ECS:CleanupSystem] Initialized. (Now simplified)
2025-11-30 14:34:43:3443 [Worker 13564] info: [ECS:PlayerWeaponSwitchSystem] Initialized.
2025-11-30 14:34:43:3443 [Worker 13564] info: [ECS:EnemySpawnRequestSystem] Initialized.
2025-11-30 14:34:43:3443 [Worker 13564] info: [ECS:BehaviorSystemV2] Initialized.
2025-11-30 14:34:43:3443 [Worker 13564] info: [ECS:CombatAISystem] Initialized.
2025-11-30 14:34:43:3443 [Worker 13564] info: [ECS:WeaponSwitchSystem] Initialized.
2025-11-30 14:34:43:3443 [Worker 13564] info: [ECS:StatusEffectSystem] Initialized.
2025-11-30 14:34:43:3443 [Worker 13564] info: [ECS:WeaponSystem] Initialized.
2025-11-30 14:34:43:3443 [Worker 13564] info: [ECS:MovementSystem] Initialized.
2025-11-30 14:34:43:3443 [Worker 13564] info: [ECS:EntitySimulationSystem] Initialized as the main simulation orchestrator.
2025-11-30 14:34:43:3443 [Worker 13564] info: [ECS:PlayerBoundarySystem] Initialized.
2025-11-30 14:34:43:3443 [Worker 13564] info: [ECS:BoundarySystem] Initialized.
2025-11-30 14:34:43:3443 [Worker 13564] info: [ECS:DestructionEventSystem] Initialized as the main destruction controller.
2025-11-30 14:34:43:3443 [Worker 13564] info: [ECS:CollisionDetectionSystem] Initialized. (Now unified)
2025-11-30 14:34:43:3443 [Worker 13564] info: [ECS:CollisionResolutionSystem] Initialized.
2025-11-30 14:34:43:3443 [Worker 13564] info: [ECS:HitValidationSystem] Initialized.
2025-11-30 14:34:43:3443 [Worker 13564] info: [ECS:HistorySystem] Initialized.
2025-11-30 14:34:43:3443 [Worker 13564] info: [ECS:BuffLifecycleSystem] Initialized.
2025-11-30 14:34:43:3443 [Worker 13564] info: [ECS:StatRecalculationSystem] Initialized.
2025-11-30 14:34:43:3443 [Worker 13564] info: [ECS:OnKillEffectSystem] Initialized.
2025-11-30 14:34:43:3443 [Worker 13564] info: [ECS:LootDropSystem] Initialized.
2025-11-30 14:34:43:3443 [Worker 13564] info: [ECS:SpawnSystem] Initialized.
2025-11-30 14:34:43:3443 [Worker 13564] info: [ECS:LifetimeSystem] Initialized.
2025-11-30 14:34:43:3443 [Worker 13564] info: [ECS:OffscreenCleanupSystem] Initialized.
2025-11-30 14:34:44:3444 [Worker 17296] info: [DBMANAGER] Worker 17296: Connected to dbServer
2025-11-30 14:34:44:3444 [Worker 17296] info: [DBMANAGER] Worker 17296: Identifying with unique ID: gameserver-Hddkwe35fsvk_worker_17296
2025-11-30 14:34:44:3444 [Worker 17296] info: [DBMANAGER] Worker 17296: Successfully identified with dbServer as gameserver-Hddkwe35fsvk_worker_17296
2025-11-30 14:34:44:3444 [Worker 17296] info: [WeaponMechanicsStore] Weapon mechanics catalog received and cache has been built.
2025-11-30 14:34:44:3444 [Worker 17296] info: [REDISCLIENT] Worker 17296: Successfully connected to Redis.
2025-11-30 14:34:44:3444 [Worker 17296] info: [GracefulShutdown] Обработчики для воркера 17296 инициализированы и ожидают команды от мастера.
2025-11-30 14:34:44:3444 [Worker 17296] info: Worker 17296 started. WebSocket server running on port 3002
2025-11-30 14:34:44:3444 [Worker 17296] info: [REDISSUBSCRIBER] Worker 17296: Subscribed to 'session-events' and 'session_control_events' channels.
2025-11-30 14:34:45:3445 [Worker 13564] info: [DBMANAGER] Worker 13564: Connected to dbServer
2025-11-30 14:34:45:3445 [Worker 13564] info: [DBMANAGER] Worker 13564: Identifying with unique ID: gameserver-Hddkwe35fsvk_worker_13564
2025-11-30 14:34:45:3445 [Worker 13564] info: [DBMANAGER] Worker 13564: Successfully identified with dbServer as gameserver-Hddkwe35fsvk_worker_13564
2025-11-30 14:34:45:3445 [Worker 13564] info: [WeaponMechanicsStore] Weapon mechanics catalog received and cache has been built.
2025-11-30 14:34:45:3445 [Worker 13564] info: [REDISCLIENT] Worker 13564: Successfully connected to Redis.
2025-11-30 14:34:45:3445 [Worker 13564] info: [GracefulShutdown] Обработчики для воркера 13564 инициализированы и ожидают команды от мастера.
2025-11-30 14:34:45:3445 [Worker 13564] info: Worker 13564 started. WebSocket server running on port 3002
2025-11-30 14:34:45:3445 [Worker 13564] info: [REDISSUBSCRIBER] Worker 13564: Subscribed to 'session-events' and 'session_control_events' channels.
2025-11-30 14:34:45:3445 [Worker 21480] info: [ECS:EnergyRegenSystem] Initialized.
2025-11-30 14:34:45:3445 [Worker 21480] info: [ECS:ShieldRegenSystem] Initialized.
2025-11-30 14:34:45:3445 [Worker 21480] info: [LootIdManager] Initialized with 39 static items and pre-built dictionary.
2025-11-30 14:34:45:3445 [Worker 21480] info: [ECS:GeometryUpdateSystem] Initialized.
2025-11-30 14:34:45:3445 [Worker 21480] info: [ECS:CleanupSystem] Initialized. (Now simplified)
2025-11-30 14:34:45:3445 [Worker 21480] info: [ECS:PlayerWeaponSwitchSystem] Initialized.
2025-11-30 14:34:45:3445 [Worker 21480] info: [ECS:EnemySpawnRequestSystem] Initialized.
2025-11-30 14:34:45:3445 [Worker 21480] info: [ECS:BehaviorSystemV2] Initialized.
2025-11-30 14:34:45:3445 [Worker 21480] info: [ECS:CombatAISystem] Initialized.
2025-11-30 14:34:45:3445 [Worker 21480] info: [ECS:WeaponSwitchSystem] Initialized.
2025-11-30 14:34:45:3445 [Worker 21480] info: [ECS:StatusEffectSystem] Initialized.
2025-11-30 14:34:45:3445 [Worker 21480] info: [ECS:WeaponSystem] Initialized.
2025-11-30 14:34:45:3445 [Worker 21480] info: [ECS:MovementSystem] Initialized.
2025-11-30 14:34:45:3445 [Worker 21480] info: [ECS:EntitySimulationSystem] Initialized as the main simulation orchestrator.
2025-11-30 14:34:45:3445 [Worker 21480] info: [ECS:PlayerBoundarySystem] Initialized.
2025-11-30 14:34:45:3445 [Worker 21480] info: [ECS:BoundarySystem] Initialized.
2025-11-30 14:34:45:3445 [Worker 21480] info: [ECS:DestructionEventSystem] Initialized as the main destruction controller.
2025-11-30 14:34:45:3445 [Worker 21480] info: [ECS:CollisionDetectionSystem] Initialized. (Now unified)
2025-11-30 14:34:45:3445 [Worker 21480] info: [ECS:CollisionResolutionSystem] Initialized.
2025-11-30 14:34:45:3445 [Worker 21480] info: [ECS:HitValidationSystem] Initialized.
2025-11-30 14:34:45:3445 [Worker 21480] info: [ECS:HistorySystem] Initialized.
2025-11-30 14:34:45:3445 [Worker 21480] info: [ECS:BuffLifecycleSystem] Initialized.
2025-11-30 14:34:45:3445 [Worker 21480] info: [ECS:StatRecalculationSystem] Initialized.
2025-11-30 14:34:45:3445 [Worker 21480] info: [ECS:OnKillEffectSystem] Initialized.
2025-11-30 14:34:45:3445 [Worker 21480] info: [ECS:LootDropSystem] Initialized.
2025-11-30 14:34:45:3445 [Worker 21480] info: [ECS:SpawnSystem] Initialized.
2025-11-30 14:34:45:3445 [Worker 21480] info: [ECS:LifetimeSystem] Initialized.
2025-11-30 14:34:45:3445 [Worker 21480] info: [ECS:OffscreenCleanupSystem] Initialized.
2025-11-30 14:34:47:3447 [Worker 21480] info: [DBMANAGER] Worker 21480: Connected to dbServer
2025-11-30 14:34:47:3447 [Worker 21480] info: [DBMANAGER] Worker 21480: Identifying with unique ID: gameserver-Hddkwe35fsvk_worker_21480
2025-11-30 14:34:47:3447 [Worker 21480] info: [DBMANAGER] Worker 21480: Successfully identified with dbServer as gameserver-Hddkwe35fsvk_worker_21480
2025-11-30 14:34:47:3447 [Worker 21480] info: [WeaponMechanicsStore] Weapon mechanics catalog received and cache has been built.
2025-11-30 14:34:47:3447 [Worker 21480] info: [REDISCLIENT] Worker 21480: Successfully connected to Redis.
2025-11-30 14:34:47:3447 [Worker 21480] info: [GracefulShutdown] Обработчики для воркера 21480 инициализированы и ожидают команды от мастера.
2025-11-30 14:34:47:3447 [Worker 21480] info: Worker 21480 started. WebSocket server running on port 3002
2025-11-30 14:34:47:3447 [Worker 21480] info: [REDISSUBSCRIBER] Worker 21480: Subscribed to 'session-events' and 'session_control_events' channels.
2025-11-30 14:34:47:3447 [Worker 18676] info: [ECS:EnergyRegenSystem] Initialized.
2025-11-30 14:34:47:3447 [Worker 18676] info: [ECS:ShieldRegenSystem] Initialized.
2025-11-30 14:34:47:3447 [Worker 18676] info: [LootIdManager] Initialized with 39 static items and pre-built dictionary.
2025-11-30 14:34:47:3447 [Worker 18676] info: [ECS:GeometryUpdateSystem] Initialized.
2025-11-30 14:34:47:3447 [Worker 18676] info: [ECS:CleanupSystem] Initialized. (Now simplified)
2025-11-30 14:34:47:3447 [Worker 18676] info: [ECS:PlayerWeaponSwitchSystem] Initialized.
2025-11-30 14:34:47:3447 [Worker 18676] info: [ECS:EnemySpawnRequestSystem] Initialized.
2025-11-30 14:34:47:3447 [Worker 18676] info: [ECS:BehaviorSystemV2] Initialized.
2025-11-30 14:34:47:3447 [Worker 18676] info: [ECS:CombatAISystem] Initialized.
2025-11-30 14:34:47:3447 [Worker 18676] info: [ECS:WeaponSwitchSystem] Initialized.
2025-11-30 14:34:47:3447 [Worker 18676] info: [ECS:StatusEffectSystem] Initialized.
2025-11-30 14:34:47:3447 [Worker 18676] info: [ECS:WeaponSystem] Initialized.
2025-11-30 14:34:47:3447 [Worker 18676] info: [ECS:MovementSystem] Initialized.
2025-11-30 14:34:47:3447 [Worker 18676] info: [ECS:EntitySimulationSystem] Initialized as the main simulation orchestrator.
2025-11-30 14:34:47:3447 [Worker 18676] info: [ECS:PlayerBoundarySystem] Initialized.
2025-11-30 14:34:47:3447 [Worker 18676] info: [ECS:BoundarySystem] Initialized.
2025-11-30 14:34:47:3447 [Worker 18676] info: [ECS:DestructionEventSystem] Initialized as the main destruction controller.
2025-11-30 14:34:47:3447 [Worker 18676] info: [ECS:CollisionDetectionSystem] Initialized. (Now unified)
2025-11-30 14:34:47:3447 [Worker 18676] info: [ECS:CollisionResolutionSystem] Initialized.
2025-11-30 14:34:47:3447 [Worker 18676] info: [ECS:HitValidationSystem] Initialized.
2025-11-30 14:34:47:3447 [Worker 18676] info: [ECS:HistorySystem] Initialized.
2025-11-30 14:34:47:3447 [Worker 18676] info: [ECS:BuffLifecycleSystem] Initialized.
2025-11-30 14:34:47:3447 [Worker 18676] info: [ECS:StatRecalculationSystem] Initialized.
2025-11-30 14:34:47:3447 [Worker 18676] info: [ECS:OnKillEffectSystem] Initialized.
2025-11-30 14:34:47:3447 [Worker 18676] info: [ECS:LootDropSystem] Initialized.
2025-11-30 14:34:47:3447 [Worker 18676] info: [ECS:SpawnSystem] Initialized.
2025-11-30 14:34:47:3447 [Worker 18676] info: [ECS:LifetimeSystem] Initialized.
2025-11-30 14:34:47:3447 [Worker 18676] info: [ECS:OffscreenCleanupSystem] Initialized.
2025-11-30 14:34:50:3450 [Worker 23276] warn: Master process received SIGINT. Instructing all workers to shut down gracefully.
2025-11-30 14:34:50:3450 [Worker 23276] warn: Worker 22344 exited during shutdown process.
2025-11-30 14:34:50:3450 [Worker 23276] warn: Worker 2240 exited during shutdown process.
2025-11-30 14:34:50:3450 [Worker 23276] warn: Worker 14364 exited during shutdown process.
2025-11-30 14:34:50:3450 [Worker 23276] warn: Worker 17296 exited during shutdown process.
2025-11-30 14:34:50:3450 [Worker 23276] warn: Worker 2812 exited during shutdown process.
2025-11-30 14:34:50:3450 [Worker 23276] warn: Worker 25220 exited during shutdown process.
2025-11-30 14:34:50:3450 [Worker 23276] warn: Worker 9324 exited during shutdown process.
2025-11-30 14:34:50:3450 [Worker 23276] warn: Worker 21480 exited during shutdown process.
2025-11-30 14:34:50:3450 [Worker 23276] warn: Worker 18676 exited during shutdown process.
2025-11-30 14:34:50:3450 [Worker 23276] warn: Worker 11276 exited during shutdown process.
2025-11-30 14:34:50:3450 [Worker 23276] warn: Worker 12460 exited during shutdown process.
2025-11-30 14:34:50:3450 [Worker 23276] warn: Worker 13564 exited during shutdown process.
2025-11-30 14:34:53:3453 [Worker 20636] info: [ECS:EnergyRegenSystem] Initialized.
2025-11-30 14:34:53:3453 [Worker 20636] info: [ECS:ShieldRegenSystem] Initialized.
2025-11-30 14:34:53:3453 [Worker 20636] info: [LootIdManager] Initialized with 39 static items and pre-built dictionary.
2025-11-30 14:34:53:3453 [Worker 20636] info: [ECS:GeometryUpdateSystem] Initialized.
2025-11-30 14:34:53:3453 [Worker 20636] info: [ECS:CleanupSystem] Initialized. (Now simplified)
2025-11-30 14:34:53:3453 [Worker 20636] info: [ECS:PlayerWeaponSwitchSystem] Initialized.
2025-11-30 14:34:53:3453 [Worker 20636] info: [ECS:EnemySpawnRequestSystem] Initialized.
2025-11-30 14:34:53:3453 [Worker 20636] info: [ECS:BehaviorSystemV2] Initialized.
2025-11-30 14:34:53:3453 [Worker 20636] info: [ECS:CombatAISystem] Initialized.
2025-11-30 14:34:53:3453 [Worker 20636] info: [ECS:WeaponSwitchSystem] Initialized.
2025-11-30 14:34:53:3453 [Worker 20636] info: [ECS:StatusEffectSystem] Initialized.
2025-11-30 14:34:53:3453 [Worker 20636] info: [ECS:WeaponSystem] Initialized.
2025-11-30 14:34:53:3453 [Worker 20636] info: [ECS:MovementSystem] Initialized.
2025-11-30 14:34:53:3453 [Worker 20636] info: [ECS:EntitySimulationSystem] Initialized as the main simulation orchestrator.
2025-11-30 14:34:53:3453 [Worker 20636] info: [ECS:PlayerBoundarySystem] Initialized.
2025-11-30 14:34:53:3453 [Worker 20636] info: [ECS:BoundarySystem] Initialized.
2025-11-30 14:34:53:3453 [Worker 20636] info: [ECS:DestructionEventSystem] Initialized as the main destruction controller.
2025-11-30 14:34:53:3453 [Worker 20636] info: [ECS:CollisionDetectionSystem] Initialized. (Now unified)
2025-11-30 14:34:53:3453 [Worker 20636] info: [ECS:CollisionResolutionSystem] Initialized.
2025-11-30 14:34:53:3453 [Worker 20636] info: [ECS:HitValidationSystem] Initialized.
2025-11-30 14:34:53:3453 [Worker 20636] info: [ECS:HistorySystem] Initialized.
2025-11-30 14:34:53:3453 [Worker 20636] info: [ECS:BuffLifecycleSystem] Initialized.
2025-11-30 14:34:53:3453 [Worker 20636] info: [ECS:StatRecalculationSystem] Initialized.
2025-11-30 14:34:53:3453 [Worker 20636] info: [ECS:OnKillEffectSystem] Initialized.
2025-11-30 14:34:53:3453 [Worker 20636] info: [ECS:LootDropSystem] Initialized.
2025-11-30 14:34:53:3453 [Worker 20636] info: [ECS:SpawnSystem] Initialized.
2025-11-30 14:34:53:3453 [Worker 20636] info: [ECS:LifetimeSystem] Initialized.
2025-11-30 14:34:53:3453 [Worker 20636] info: [ECS:OffscreenCleanupSystem] Initialized.
2025-11-30 14:34:53:3453 [Worker 20636] info: Master process 20636 is running
2025-11-30 14:34:54:3454 [Worker 10944] info: [ECS:EnergyRegenSystem] Initialized.
2025-11-30 14:34:54:3454 [Worker 10944] info: [ECS:ShieldRegenSystem] Initialized.
2025-11-30 14:34:54:3454 [Worker 10944] info: [LootIdManager] Initialized with 39 static items and pre-built dictionary.
2025-11-30 14:34:54:3454 [Worker 10944] info: [ECS:GeometryUpdateSystem] Initialized.
2025-11-30 14:34:54:3454 [Worker 10944] info: [ECS:CleanupSystem] Initialized. (Now simplified)
2025-11-30 14:34:54:3454 [Worker 10944] info: [ECS:PlayerWeaponSwitchSystem] Initialized.
2025-11-30 14:34:54:3454 [Worker 10944] info: [ECS:EnemySpawnRequestSystem] Initialized.
2025-11-30 14:34:54:3454 [Worker 10944] info: [ECS:BehaviorSystemV2] Initialized.
2025-11-30 14:34:54:3454 [Worker 10944] info: [ECS:CombatAISystem] Initialized.
2025-11-30 14:34:54:3454 [Worker 10944] info: [ECS:WeaponSwitchSystem] Initialized.
2025-11-30 14:34:54:3454 [Worker 10944] info: [ECS:StatusEffectSystem] Initialized.
2025-11-30 14:34:54:3454 [Worker 10944] info: [ECS:WeaponSystem] Initialized.
2025-11-30 14:34:54:3454 [Worker 10944] info: [ECS:MovementSystem] Initialized.
2025-11-30 14:34:54:3454 [Worker 10944] info: [ECS:EntitySimulationSystem] Initialized as the main simulation orchestrator.
2025-11-30 14:34:54:3454 [Worker 10944] info: [ECS:PlayerBoundarySystem] Initialized.
2025-11-30 14:34:54:3454 [Worker 10944] info: [ECS:BoundarySystem] Initialized.
2025-11-30 14:34:54:3454 [Worker 10944] info: [ECS:DestructionEventSystem] Initialized as the main destruction controller.
2025-11-30 14:34:54:3454 [Worker 10944] info: [ECS:CollisionDetectionSystem] Initialized. (Now unified)
2025-11-30 14:34:54:3454 [Worker 10944] info: [ECS:CollisionResolutionSystem] Initialized.
2025-11-30 14:34:54:3454 [Worker 10944] info: [ECS:HitValidationSystem] Initialized.
2025-11-30 14:34:54:3454 [Worker 10944] info: [ECS:HistorySystem] Initialized.
2025-11-30 14:34:54:3454 [Worker 10944] info: [ECS:BuffLifecycleSystem] Initialized.
2025-11-30 14:34:54:3454 [Worker 10944] info: [ECS:StatRecalculationSystem] Initialized.
2025-11-30 14:34:54:3454 [Worker 10944] info: [ECS:OnKillEffectSystem] Initialized.
2025-11-30 14:34:54:3454 [Worker 10944] info: [ECS:LootDropSystem] Initialized.
2025-11-30 14:34:54:3454 [Worker 10944] info: [ECS:SpawnSystem] Initialized.
2025-11-30 14:34:54:3454 [Worker 10944] info: [ECS:LifetimeSystem] Initialized.
2025-11-30 14:34:54:3454 [Worker 10944] info: [ECS:OffscreenCleanupSystem] Initialized.
2025-11-30 14:34:55:3455 [Worker 10944] info: [DBMANAGER] Worker 10944: Connected to dbServer
2025-11-30 14:34:55:3455 [Worker 10944] info: [DBMANAGER] Worker 10944: Identifying with unique ID: gameserver-Hddkwe35fsvk_worker_10944
2025-11-30 14:34:55:3455 [Worker 10944] info: [REDISCLIENT] Worker 10944: Successfully connected to Redis.
2025-11-30 14:34:55:3455 [Worker 10944] info: [GracefulShutdown] Обработчики для воркера 10944 инициализированы и ожидают команды от мастера.
2025-11-30 14:34:55:3455 [Worker 10944] info: Worker 10944 started. WebSocket server running on port 3002
2025-11-30 14:34:55:3455 [Worker 10944] info: [DBMANAGER] Worker 10944: Successfully identified with dbServer as gameserver-Hddkwe35fsvk_worker_10944
2025-11-30 14:34:55:3455 [Worker 10944] info: [WeaponMechanicsStore] Weapon mechanics catalog received and cache has been built.
2025-11-30 14:34:55:3455 [Worker 10944] info: [REDISSUBSCRIBER] Worker 10944: Subscribed to 'session-events' and 'session_control_events' channels.
2025-11-30 14:34:55:3455 [Worker 20364] info: [ECS:EnergyRegenSystem] Initialized.
2025-11-30 14:34:55:3455 [Worker 20364] info: [ECS:ShieldRegenSystem] Initialized.
2025-11-30 14:34:55:3455 [Worker 20364] info: [LootIdManager] Initialized with 39 static items and pre-built dictionary.
2025-11-30 14:34:56:3456 [Worker 20364] info: [ECS:GeometryUpdateSystem] Initialized.
2025-11-30 14:34:56:3456 [Worker 20364] info: [ECS:CleanupSystem] Initialized. (Now simplified)
2025-11-30 14:34:56:3456 [Worker 20364] info: [ECS:PlayerWeaponSwitchSystem] Initialized.
2025-11-30 14:34:56:3456 [Worker 20364] info: [ECS:EnemySpawnRequestSystem] Initialized.
2025-11-30 14:34:56:3456 [Worker 20364] info: [ECS:BehaviorSystemV2] Initialized.
2025-11-30 14:34:56:3456 [Worker 20364] info: [ECS:CombatAISystem] Initialized.
2025-11-30 14:34:56:3456 [Worker 20364] info: [ECS:WeaponSwitchSystem] Initialized.
2025-11-30 14:34:56:3456 [Worker 20364] info: [ECS:StatusEffectSystem] Initialized.
2025-11-30 14:34:56:3456 [Worker 20364] info: [ECS:WeaponSystem] Initialized.
2025-11-30 14:34:56:3456 [Worker 20364] info: [ECS:MovementSystem] Initialized.
2025-11-30 14:34:56:3456 [Worker 20364] info: [ECS:EntitySimulationSystem] Initialized as the main simulation orchestrator.
2025-11-30 14:34:56:3456 [Worker 20364] info: [ECS:PlayerBoundarySystem] Initialized.
2025-11-30 14:34:56:3456 [Worker 20364] info: [ECS:BoundarySystem] Initialized.
2025-11-30 14:34:56:3456 [Worker 20364] info: [ECS:DestructionEventSystem] Initialized as the main destruction controller.
2025-11-30 14:34:56:3456 [Worker 20364] info: [ECS:CollisionDetectionSystem] Initialized. (Now unified)
2025-11-30 14:34:56:3456 [Worker 20364] info: [ECS:CollisionResolutionSystem] Initialized.
2025-11-30 14:34:56:3456 [Worker 20364] info: [ECS:HitValidationSystem] Initialized.
2025-11-30 14:34:56:3456 [Worker 20364] info: [ECS:HistorySystem] Initialized.
2025-11-30 14:34:56:3456 [Worker 20364] info: [ECS:BuffLifecycleSystem] Initialized.
2025-11-30 14:34:56:3456 [Worker 20364] info: [ECS:StatRecalculationSystem] Initialized.
2025-11-30 14:34:56:3456 [Worker 20364] info: [ECS:OnKillEffectSystem] Initialized.
2025-11-30 14:34:56:3456 [Worker 20364] info: [ECS:LootDropSystem] Initialized.
2025-11-30 14:34:56:3456 [Worker 20364] info: [ECS:SpawnSystem] Initialized.
2025-11-30 14:34:56:3456 [Worker 20364] info: [ECS:LifetimeSystem] Initialized.
2025-11-30 14:34:56:3456 [Worker 20364] info: [ECS:OffscreenCleanupSystem] Initialized.
2025-11-30 14:34:57:3457 [Worker 20400] info: [ECS:EnergyRegenSystem] Initialized.
2025-11-30 14:34:57:3457 [Worker 20400] info: [ECS:ShieldRegenSystem] Initialized.
2025-11-30 14:34:57:3457 [Worker 20400] info: [LootIdManager] Initialized with 39 static items and pre-built dictionary.
2025-11-30 14:34:57:3457 [Worker 20400] info: [ECS:GeometryUpdateSystem] Initialized.
2025-11-30 14:34:57:3457 [Worker 20400] info: [ECS:CleanupSystem] Initialized. (Now simplified)
2025-11-30 14:34:58:3458 [Worker 20400] info: [ECS:PlayerWeaponSwitchSystem] Initialized.
2025-11-30 14:34:58:3458 [Worker 20400] info: [ECS:EnemySpawnRequestSystem] Initialized.
2025-11-30 14:34:58:3458 [Worker 20400] info: [ECS:BehaviorSystemV2] Initialized.
2025-11-30 14:34:58:3458 [Worker 20400] info: [ECS:CombatAISystem] Initialized.
2025-11-30 14:34:58:3458 [Worker 20400] info: [ECS:WeaponSwitchSystem] Initialized.
2025-11-30 14:34:58:3458 [Worker 20400] info: [ECS:StatusEffectSystem] Initialized.
2025-11-30 14:34:58:3458 [Worker 20400] info: [ECS:WeaponSystem] Initialized.
2025-11-30 14:34:58:3458 [Worker 20400] info: [ECS:MovementSystem] Initialized.
2025-11-30 14:34:58:3458 [Worker 20400] info: [ECS:EntitySimulationSystem] Initialized as the main simulation orchestrator.
2025-11-30 14:34:58:3458 [Worker 20400] info: [ECS:PlayerBoundarySystem] Initialized.
2025-11-30 14:34:58:3458 [Worker 20400] info: [ECS:BoundarySystem] Initialized.
2025-11-30 14:34:58:3458 [Worker 20400] info: [ECS:DestructionEventSystem] Initialized as the main destruction controller.
2025-11-30 14:34:58:3458 [Worker 20400] info: [ECS:CollisionDetectionSystem] Initialized. (Now unified)
2025-11-30 14:34:58:3458 [Worker 20400] info: [ECS:CollisionResolutionSystem] Initialized.
2025-11-30 14:34:58:3458 [Worker 20400] info: [ECS:HitValidationSystem] Initialized.
2025-11-30 14:34:58:3458 [Worker 20400] info: [ECS:HistorySystem] Initialized.
2025-11-30 14:34:58:3458 [Worker 20400] info: [ECS:BuffLifecycleSystem] Initialized.
2025-11-30 14:34:58:3458 [Worker 20400] info: [ECS:StatRecalculationSystem] Initialized.
2025-11-30 14:34:58:3458 [Worker 20400] info: [ECS:OnKillEffectSystem] Initialized.
2025-11-30 14:34:58:3458 [Worker 20400] info: [ECS:LootDropSystem] Initialized.
2025-11-30 14:34:58:3458 [Worker 20400] info: [ECS:SpawnSystem] Initialized.
2025-11-30 14:34:58:3458 [Worker 20400] info: [ECS:LifetimeSystem] Initialized.
2025-11-30 14:34:58:3458 [Worker 20400] info: [ECS:OffscreenCleanupSystem] Initialized.
2025-11-30 14:35:00:350 [Worker 6288] info: [ECS:EnergyRegenSystem] Initialized.
2025-11-30 14:35:00:350 [Worker 6288] info: [ECS:ShieldRegenSystem] Initialized.
2025-11-30 14:35:00:350 [Worker 6288] info: [LootIdManager] Initialized with 39 static items and pre-built dictionary.
2025-11-30 14:35:00:350 [Worker 6288] info: [ECS:GeometryUpdateSystem] Initialized.
2025-11-30 14:35:00:350 [Worker 6288] info: [ECS:CleanupSystem] Initialized. (Now simplified)
2025-11-30 14:35:00:350 [Worker 6288] info: [ECS:PlayerWeaponSwitchSystem] Initialized.
2025-11-30 14:35:00:350 [Worker 6288] info: [ECS:EnemySpawnRequestSystem] Initialized.
2025-11-30 14:35:00:350 [Worker 6288] info: [ECS:BehaviorSystemV2] Initialized.
2025-11-30 14:35:00:350 [Worker 6288] info: [ECS:CombatAISystem] Initialized.
2025-11-30 14:35:00:350 [Worker 6288] info: [ECS:WeaponSwitchSystem] Initialized.
2025-11-30 14:35:00:350 [Worker 6288] info: [ECS:StatusEffectSystem] Initialized.
2025-11-30 14:35:00:350 [Worker 6288] info: [ECS:WeaponSystem] Initialized.
2025-11-30 14:35:00:350 [Worker 6288] info: [ECS:MovementSystem] Initialized.
2025-11-30 14:35:00:350 [Worker 6288] info: [ECS:EntitySimulationSystem] Initialized as the main simulation orchestrator.
2025-11-30 14:35:00:350 [Worker 6288] info: [ECS:PlayerBoundarySystem] Initialized.
2025-11-30 14:35:00:350 [Worker 6288] info: [ECS:BoundarySystem] Initialized.
2025-11-30 14:35:00:350 [Worker 6288] info: [ECS:DestructionEventSystem] Initialized as the main destruction controller.
2025-11-30 14:35:00:350 [Worker 6288] info: [ECS:CollisionDetectionSystem] Initialized. (Now unified)
2025-11-30 14:35:00:350 [Worker 6288] info: [ECS:CollisionResolutionSystem] Initialized.
2025-11-30 14:35:00:350 [Worker 6288] info: [ECS:HitValidationSystem] Initialized.
2025-11-30 14:35:00:350 [Worker 6288] info: [ECS:HistorySystem] Initialized.
2025-11-30 14:35:00:350 [Worker 6288] info: [ECS:BuffLifecycleSystem] Initialized.
2025-11-30 14:35:00:350 [Worker 6288] info: [ECS:StatRecalculationSystem] Initialized.
2025-11-30 14:35:00:350 [Worker 6288] info: [ECS:OnKillEffectSystem] Initialized.
2025-11-30 14:35:00:350 [Worker 6288] info: [ECS:LootDropSystem] Initialized.
2025-11-30 14:35:00:350 [Worker 6288] info: [ECS:SpawnSystem] Initialized.
2025-11-30 14:35:00:350 [Worker 6288] info: [ECS:LifetimeSystem] Initialized.
2025-11-30 14:35:00:350 [Worker 6288] info: [ECS:OffscreenCleanupSystem] Initialized.
2025-11-30 14:35:00:350 [Worker 20400] info: [DBMANAGER] Worker 20400: Connected to dbServer
2025-11-30 14:35:00:350 [Worker 20400] info: [DBMANAGER] Worker 20400: Identifying with unique ID: gameserver-Hddkwe35fsvk_worker_20400
2025-11-30 14:35:00:350 [Worker 20400] info: [REDISCLIENT] Worker 20400: Successfully connected to Redis.
2025-11-30 14:35:00:350 [Worker 20400] info: [GracefulShutdown] Обработчики для воркера 20400 инициализированы и ожидают команды от мастера.
2025-11-30 14:35:00:350 [Worker 20400] info: Worker 20400 started. WebSocket server running on port 3002
2025-11-30 14:35:00:350 [Worker 20400] info: [DBMANAGER] Worker 20400: Successfully identified with dbServer as gameserver-Hddkwe35fsvk_worker_20400
2025-11-30 14:35:00:350 [Worker 20400] info: [WeaponMechanicsStore] Weapon mechanics catalog received and cache has been built.
2025-11-30 14:35:00:350 [Worker 20400] info: [REDISSUBSCRIBER] Worker 20400: Subscribed to 'session-events' and 'session_control_events' channels.
2025-11-30 14:35:02:352 [Worker 21728] info: [ECS:EnergyRegenSystem] Initialized.
2025-11-30 14:35:02:352 [Worker 21728] info: [ECS:ShieldRegenSystem] Initialized.
2025-11-30 14:35:02:352 [Worker 21728] info: [LootIdManager] Initialized with 39 static items and pre-built dictionary.
2025-11-30 14:35:02:352 [Worker 21728] info: [ECS:GeometryUpdateSystem] Initialized.
2025-11-30 14:35:02:352 [Worker 21728] info: [ECS:CleanupSystem] Initialized. (Now simplified)
2025-11-30 14:35:02:352 [Worker 21728] info: [ECS:PlayerWeaponSwitchSystem] Initialized.
2025-11-30 14:35:02:352 [Worker 21728] info: [ECS:EnemySpawnRequestSystem] Initialized.
2025-11-30 14:35:02:352 [Worker 21728] info: [ECS:BehaviorSystemV2] Initialized.
2025-11-30 14:35:02:352 [Worker 21728] info: [ECS:CombatAISystem] Initialized.
2025-11-30 14:35:02:352 [Worker 21728] info: [ECS:WeaponSwitchSystem] Initialized.
2025-11-30 14:35:02:352 [Worker 21728] info: [ECS:StatusEffectSystem] Initialized.
2025-11-30 14:35:02:352 [Worker 21728] info: [ECS:WeaponSystem] Initialized.
2025-11-30 14:35:02:352 [Worker 21728] info: [ECS:MovementSystem] Initialized.
2025-11-30 14:35:02:352 [Worker 21728] info: [ECS:EntitySimulationSystem] Initialized as the main simulation orchestrator.
2025-11-30 14:35:02:352 [Worker 21728] info: [ECS:PlayerBoundarySystem] Initialized.
2025-11-30 14:35:02:352 [Worker 21728] info: [ECS:BoundarySystem] Initialized.
2025-11-30 14:35:02:352 [Worker 21728] info: [ECS:DestructionEventSystem] Initialized as the main destruction controller.
2025-11-30 14:35:02:352 [Worker 21728] info: [ECS:CollisionDetectionSystem] Initialized. (Now unified)
2025-11-30 14:35:02:352 [Worker 21728] info: [ECS:CollisionResolutionSystem] Initialized.
2025-11-30 14:35:02:352 [Worker 21728] info: [ECS:HitValidationSystem] Initialized.
2025-11-30 14:35:02:352 [Worker 21728] info: [ECS:HistorySystem] Initialized.
2025-11-30 14:35:02:352 [Worker 21728] info: [ECS:BuffLifecycleSystem] Initialized.
2025-11-30 14:35:02:352 [Worker 21728] info: [ECS:StatRecalculationSystem] Initialized.
2025-11-30 14:35:02:352 [Worker 21728] info: [ECS:OnKillEffectSystem] Initialized.
2025-11-30 14:35:02:352 [Worker 21728] info: [ECS:LootDropSystem] Initialized.
2025-11-30 14:35:02:352 [Worker 21728] info: [ECS:SpawnSystem] Initialized.
2025-11-30 14:35:02:352 [Worker 21728] info: [ECS:LifetimeSystem] Initialized.
2025-11-30 14:35:02:352 [Worker 21728] info: [ECS:OffscreenCleanupSystem] Initialized.
2025-11-30 14:35:04:354 [Worker 21728] info: [DBMANAGER] Worker 21728: Connected to dbServer
2025-11-30 14:35:04:354 [Worker 21728] info: [DBMANAGER] Worker 21728: Identifying with unique ID: gameserver-Hddkwe35fsvk_worker_21728
2025-11-30 14:35:04:354 [Worker 21728] info: [REDISCLIENT] Worker 21728: Successfully connected to Redis.
2025-11-30 14:35:04:354 [Worker 21728] info: [GracefulShutdown] Обработчики для воркера 21728 инициализированы и ожидают команды от мастера.
2025-11-30 14:35:04:354 [Worker 21728] info: Worker 21728 started. WebSocket server running on port 3002
2025-11-30 14:35:04:354 [Worker 21728] info: [DBMANAGER] Worker 21728: Successfully identified with dbServer as gameserver-Hddkwe35fsvk_worker_21728
2025-11-30 14:35:04:354 [Worker 21728] info: [WeaponMechanicsStore] Weapon mechanics catalog received and cache has been built.
2025-11-30 14:35:04:354 [Worker 21728] info: [REDISSUBSCRIBER] Worker 21728: Subscribed to 'session-events' and 'session_control_events' channels.
2025-11-30 14:35:04:354 [Worker 13416] info: [ECS:EnergyRegenSystem] Initialized.
2025-11-30 14:35:04:354 [Worker 13416] info: [ECS:ShieldRegenSystem] Initialized.
2025-11-30 14:35:04:354 [Worker 13416] info: [LootIdManager] Initialized with 39 static items and pre-built dictionary.
2025-11-30 14:35:04:354 [Worker 13416] info: [ECS:GeometryUpdateSystem] Initialized.
2025-11-30 14:35:04:354 [Worker 13416] info: [ECS:CleanupSystem] Initialized. (Now simplified)
2025-11-30 14:35:04:354 [Worker 13416] info: [ECS:PlayerWeaponSwitchSystem] Initialized.
2025-11-30 14:35:04:354 [Worker 13416] info: [ECS:EnemySpawnRequestSystem] Initialized.
2025-11-30 14:35:04:354 [Worker 13416] info: [ECS:BehaviorSystemV2] Initialized.
2025-11-30 14:35:04:354 [Worker 13416] info: [ECS:CombatAISystem] Initialized.
2025-11-30 14:35:04:354 [Worker 13416] info: [ECS:WeaponSwitchSystem] Initialized.
2025-11-30 14:35:04:354 [Worker 13416] info: [ECS:StatusEffectSystem] Initialized.
2025-11-30 14:35:04:354 [Worker 13416] info: [ECS:WeaponSystem] Initialized.
2025-11-30 14:35:04:354 [Worker 13416] info: [ECS:MovementSystem] Initialized.
2025-11-30 14:35:04:354 [Worker 13416] info: [ECS:EntitySimulationSystem] Initialized as the main simulation orchestrator.
2025-11-30 14:35:04:354 [Worker 13416] info: [ECS:PlayerBoundarySystem] Initialized.
2025-11-30 14:35:04:354 [Worker 13416] info: [ECS:BoundarySystem] Initialized.
2025-11-30 14:35:04:354 [Worker 13416] info: [ECS:DestructionEventSystem] Initialized as the main destruction controller.
2025-11-30 14:35:04:354 [Worker 13416] info: [ECS:CollisionDetectionSystem] Initialized. (Now unified)
2025-11-30 14:35:04:354 [Worker 13416] info: [ECS:CollisionResolutionSystem] Initialized.
2025-11-30 14:35:04:354 [Worker 13416] info: [ECS:HitValidationSystem] Initialized.
2025-11-30 14:35:04:354 [Worker 13416] info: [ECS:HistorySystem] Initialized.
2025-11-30 14:35:04:354 [Worker 13416] info: [ECS:BuffLifecycleSystem] Initialized.
2025-11-30 14:35:04:354 [Worker 13416] info: [ECS:StatRecalculationSystem] Initialized.
2025-11-30 14:35:04:354 [Worker 13416] info: [ECS:OnKillEffectSystem] Initialized.
2025-11-30 14:35:04:354 [Worker 13416] info: [ECS:LootDropSystem] Initialized.
2025-11-30 14:35:04:354 [Worker 13416] info: [ECS:SpawnSystem] Initialized.
2025-11-30 14:35:04:354 [Worker 13416] info: [ECS:LifetimeSystem] Initialized.
2025-11-30 14:35:04:354 [Worker 13416] info: [ECS:OffscreenCleanupSystem] Initialized.
2025-11-30 14:35:05:355 [Worker 13416] info: [DBMANAGER] Worker 13416: Connected to dbServer
2025-11-30 14:35:05:355 [Worker 13416] info: [DBMANAGER] Worker 13416: Identifying with unique ID: gameserver-Hddkwe35fsvk_worker_13416
2025-11-30 14:35:05:355 [Worker 13416] info: [REDISCLIENT] Worker 13416: Successfully connected to Redis.
2025-11-30 14:35:05:355 [Worker 13416] info: [GracefulShutdown] Обработчики для воркера 13416 инициализированы и ожидают команды от мастера.
2025-11-30 14:35:05:355 [Worker 13416] info: Worker 13416 started. WebSocket server running on port 3002
2025-11-30 14:35:05:355 [Worker 13416] info: [DBMANAGER] Worker 13416: Successfully identified with dbServer as gameserver-Hddkwe35fsvk_worker_13416
2025-11-30 14:35:05:355 [Worker 13416] info: [WeaponMechanicsStore] Weapon mechanics catalog received and cache has been built.
2025-11-30 14:35:05:355 [Worker 13416] info: [REDISSUBSCRIBER] Worker 13416: Subscribed to 'session-events' and 'session_control_events' channels.
2025-11-30 14:35:06:356 [Worker 16824] info: [ECS:EnergyRegenSystem] Initialized.
2025-11-30 14:35:06:356 [Worker 16824] info: [ECS:ShieldRegenSystem] Initialized.
2025-11-30 14:35:06:356 [Worker 16824] info: [LootIdManager] Initialized with 39 static items and pre-built dictionary.
2025-11-30 14:35:06:356 [Worker 16824] info: [ECS:GeometryUpdateSystem] Initialized.
2025-11-30 14:35:06:356 [Worker 16824] info: [ECS:CleanupSystem] Initialized. (Now simplified)
2025-11-30 14:35:06:356 [Worker 16824] info: [ECS:PlayerWeaponSwitchSystem] Initialized.
2025-11-30 14:35:06:356 [Worker 16824] info: [ECS:EnemySpawnRequestSystem] Initialized.
2025-11-30 14:35:06:356 [Worker 16824] info: [ECS:BehaviorSystemV2] Initialized.
2025-11-30 14:35:06:356 [Worker 16824] info: [ECS:CombatAISystem] Initialized.
2025-11-30 14:35:06:356 [Worker 16824] info: [ECS:WeaponSwitchSystem] Initialized.
2025-11-30 14:35:06:356 [Worker 16824] info: [ECS:StatusEffectSystem] Initialized.
2025-11-30 14:35:06:356 [Worker 16824] info: [ECS:WeaponSystem] Initialized.
2025-11-30 14:35:06:356 [Worker 16824] info: [ECS:MovementSystem] Initialized.
2025-11-30 14:35:06:356 [Worker 16824] info: [ECS:EntitySimulationSystem] Initialized as the main simulation orchestrator.
2025-11-30 14:35:06:356 [Worker 16824] info: [ECS:PlayerBoundarySystem] Initialized.
2025-11-30 14:35:06:356 [Worker 16824] info: [ECS:BoundarySystem] Initialized.
2025-11-30 14:35:06:356 [Worker 16824] info: [ECS:DestructionEventSystem] Initialized as the main destruction controller.
2025-11-30 14:35:06:356 [Worker 16824] info: [ECS:CollisionDetectionSystem] Initialized. (Now unified)
2025-11-30 14:35:06:356 [Worker 16824] info: [ECS:CollisionResolutionSystem] Initialized.
2025-11-30 14:35:06:356 [Worker 16824] info: [ECS:HitValidationSystem] Initialized.
2025-11-30 14:35:06:356 [Worker 16824] info: [ECS:HistorySystem] Initialized.
2025-11-30 14:35:06:356 [Worker 16824] info: [ECS:BuffLifecycleSystem] Initialized.
2025-11-30 14:35:06:356 [Worker 16824] info: [ECS:StatRecalculationSystem] Initialized.
2025-11-30 14:35:06:356 [Worker 16824] info: [ECS:OnKillEffectSystem] Initialized.
2025-11-30 14:35:06:356 [Worker 16824] info: [ECS:LootDropSystem] Initialized.
2025-11-30 14:35:06:356 [Worker 16824] info: [ECS:SpawnSystem] Initialized.
2025-11-30 14:35:06:356 [Worker 16824] info: [ECS:LifetimeSystem] Initialized.
2025-11-30 14:35:06:356 [Worker 16824] info: [ECS:OffscreenCleanupSystem] Initialized.
2025-11-30 14:35:08:358 [Worker 13496] info: [ECS:EnergyRegenSystem] Initialized.
2025-11-30 14:35:08:358 [Worker 13496] info: [ECS:ShieldRegenSystem] Initialized.
2025-11-30 14:35:08:358 [Worker 13496] info: [LootIdManager] Initialized with 39 static items and pre-built dictionary.
2025-11-30 14:35:08:358 [Worker 13496] info: [ECS:GeometryUpdateSystem] Initialized.
2025-11-30 14:35:08:358 [Worker 13496] info: [ECS:CleanupSystem] Initialized. (Now simplified)
2025-11-30 14:35:08:358 [Worker 13496] info: [ECS:PlayerWeaponSwitchSystem] Initialized.
2025-11-30 14:35:08:358 [Worker 13496] info: [ECS:EnemySpawnRequestSystem] Initialized.
2025-11-30 14:35:08:358 [Worker 13496] info: [ECS:BehaviorSystemV2] Initialized.
2025-11-30 14:35:08:358 [Worker 13496] info: [ECS:CombatAISystem] Initialized.
2025-11-30 14:35:08:358 [Worker 13496] info: [ECS:WeaponSwitchSystem] Initialized.
2025-11-30 14:35:08:358 [Worker 13496] info: [ECS:StatusEffectSystem] Initialized.
2025-11-30 14:35:08:358 [Worker 13496] info: [ECS:WeaponSystem] Initialized.
2025-11-30 14:35:08:358 [Worker 13496] info: [ECS:MovementSystem] Initialized.
2025-11-30 14:35:08:358 [Worker 13496] info: [ECS:EntitySimulationSystem] Initialized as the main simulation orchestrator.
2025-11-30 14:35:08:358 [Worker 13496] info: [ECS:PlayerBoundarySystem] Initialized.
2025-11-30 14:35:08:358 [Worker 13496] info: [ECS:BoundarySystem] Initialized.
2025-11-30 14:35:08:358 [Worker 13496] info: [ECS:DestructionEventSystem] Initialized as the main destruction controller.
2025-11-30 14:35:08:358 [Worker 13496] info: [ECS:CollisionDetectionSystem] Initialized. (Now unified)
2025-11-30 14:35:08:358 [Worker 13496] info: [ECS:CollisionResolutionSystem] Initialized.
2025-11-30 14:35:08:358 [Worker 13496] info: [ECS:HitValidationSystem] Initialized.
2025-11-30 14:35:08:358 [Worker 13496] info: [ECS:HistorySystem] Initialized.
2025-11-30 14:35:08:358 [Worker 13496] info: [ECS:BuffLifecycleSystem] Initialized.
2025-11-30 14:35:08:358 [Worker 13496] info: [ECS:StatRecalculationSystem] Initialized.
2025-11-30 14:35:08:358 [Worker 13496] info: [ECS:OnKillEffectSystem] Initialized.
2025-11-30 14:35:08:358 [Worker 13496] info: [ECS:LootDropSystem] Initialized.
2025-11-30 14:35:08:358 [Worker 13496] info: [ECS:SpawnSystem] Initialized.
2025-11-30 14:35:08:358 [Worker 13496] info: [ECS:LifetimeSystem] Initialized.
2025-11-30 14:35:08:358 [Worker 13496] info: [ECS:OffscreenCleanupSystem] Initialized.
2025-11-30 14:35:09:359 [Worker 22092] info: [ECS:EnergyRegenSystem] Initialized.
2025-11-30 14:35:09:359 [Worker 22092] info: [ECS:ShieldRegenSystem] Initialized.
2025-11-30 14:35:09:359 [Worker 22092] info: [LootIdManager] Initialized with 39 static items and pre-built dictionary.
2025-11-30 14:35:09:359 [Worker 22092] info: [ECS:GeometryUpdateSystem] Initialized.
2025-11-30 14:35:09:359 [Worker 22092] info: [ECS:CleanupSystem] Initialized. (Now simplified)
2025-11-30 14:35:09:359 [Worker 22092] info: [ECS:PlayerWeaponSwitchSystem] Initialized.
2025-11-30 14:35:09:359 [Worker 22092] info: [ECS:EnemySpawnRequestSystem] Initialized.
2025-11-30 14:35:09:359 [Worker 22092] info: [ECS:BehaviorSystemV2] Initialized.
2025-11-30 14:35:09:359 [Worker 22092] info: [ECS:CombatAISystem] Initialized.
2025-11-30 14:35:09:359 [Worker 22092] info: [ECS:WeaponSwitchSystem] Initialized.
2025-11-30 14:35:09:359 [Worker 22092] info: [ECS:StatusEffectSystem] Initialized.
2025-11-30 14:35:09:359 [Worker 22092] info: [ECS:WeaponSystem] Initialized.
2025-11-30 14:35:09:359 [Worker 22092] info: [ECS:MovementSystem] Initialized.
2025-11-30 14:35:09:359 [Worker 22092] info: [ECS:EntitySimulationSystem] Initialized as the main simulation orchestrator.
2025-11-30 14:35:09:359 [Worker 22092] info: [ECS:PlayerBoundarySystem] Initialized.
2025-11-30 14:35:09:359 [Worker 22092] info: [ECS:BoundarySystem] Initialized.
2025-11-30 14:35:09:359 [Worker 22092] info: [ECS:DestructionEventSystem] Initialized as the main destruction controller.
2025-11-30 14:35:09:359 [Worker 22092] info: [ECS:CollisionDetectionSystem] Initialized. (Now unified)
2025-11-30 14:35:10:3510 [Worker 22092] info: [ECS:CollisionResolutionSystem] Initialized.
2025-11-30 14:35:10:3510 [Worker 22092] info: [ECS:HitValidationSystem] Initialized.
2025-11-30 14:35:10:3510 [Worker 22092] info: [ECS:HistorySystem] Initialized.
2025-11-30 14:35:10:3510 [Worker 22092] info: [ECS:BuffLifecycleSystem] Initialized.
2025-11-30 14:35:10:3510 [Worker 22092] info: [ECS:StatRecalculationSystem] Initialized.
2025-11-30 14:35:10:3510 [Worker 22092] info: [ECS:OnKillEffectSystem] Initialized.
2025-11-30 14:35:10:3510 [Worker 22092] info: [ECS:LootDropSystem] Initialized.
2025-11-30 14:35:10:3510 [Worker 22092] info: [ECS:SpawnSystem] Initialized.
2025-11-30 14:35:10:3510 [Worker 22092] info: [ECS:LifetimeSystem] Initialized.
2025-11-30 14:35:10:3510 [Worker 22092] info: [ECS:OffscreenCleanupSystem] Initialized.
2025-11-30 14:35:11:3511 [Worker 15868] info: [ECS:EnergyRegenSystem] Initialized.
2025-11-30 14:35:11:3511 [Worker 15868] info: [ECS:ShieldRegenSystem] Initialized.
2025-11-30 14:35:11:3511 [Worker 15868] info: [LootIdManager] Initialized with 39 static items and pre-built dictionary.
2025-11-30 14:35:11:3511 [Worker 15868] info: [ECS:GeometryUpdateSystem] Initialized.
2025-11-30 14:35:11:3511 [Worker 15868] info: [ECS:CleanupSystem] Initialized. (Now simplified)
2025-11-30 14:35:11:3511 [Worker 15868] info: [ECS:PlayerWeaponSwitchSystem] Initialized.
2025-11-30 14:35:12:3512 [Worker 15868] info: [ECS:EnemySpawnRequestSystem] Initialized.
2025-11-30 14:35:12:3512 [Worker 15868] info: [ECS:BehaviorSystemV2] Initialized.
2025-11-30 14:35:12:3512 [Worker 15868] info: [ECS:CombatAISystem] Initialized.
2025-11-30 14:35:12:3512 [Worker 15868] info: [ECS:WeaponSwitchSystem] Initialized.
2025-11-30 14:35:12:3512 [Worker 15868] info: [ECS:StatusEffectSystem] Initialized.
2025-11-30 14:35:12:3512 [Worker 15868] info: [ECS:WeaponSystem] Initialized.
2025-11-30 14:35:12:3512 [Worker 15868] info: [ECS:MovementSystem] Initialized.
2025-11-30 14:35:12:3512 [Worker 15868] info: [ECS:EntitySimulationSystem] Initialized as the main simulation orchestrator.
2025-11-30 14:35:12:3512 [Worker 15868] info: [ECS:PlayerBoundarySystem] Initialized.
2025-11-30 14:35:12:3512 [Worker 15868] info: [ECS:BoundarySystem] Initialized.
2025-11-30 14:35:12:3512 [Worker 15868] info: [ECS:DestructionEventSystem] Initialized as the main destruction controller.
2025-11-30 14:35:12:3512 [Worker 15868] info: [ECS:CollisionDetectionSystem] Initialized. (Now unified)
2025-11-30 14:35:12:3512 [Worker 15868] info: [ECS:CollisionResolutionSystem] Initialized.
2025-11-30 14:35:12:3512 [Worker 15868] info: [ECS:HitValidationSystem] Initialized.
2025-11-30 14:35:12:3512 [Worker 15868] info: [ECS:HistorySystem] Initialized.
2025-11-30 14:35:12:3512 [Worker 15868] info: [ECS:BuffLifecycleSystem] Initialized.
2025-11-30 14:35:12:3512 [Worker 15868] info: [ECS:StatRecalculationSystem] Initialized.
2025-11-30 14:35:12:3512 [Worker 15868] info: [ECS:OnKillEffectSystem] Initialized.
2025-11-30 14:35:12:3512 [Worker 15868] info: [ECS:LootDropSystem] Initialized.
2025-11-30 14:35:12:3512 [Worker 15868] info: [ECS:SpawnSystem] Initialized.
2025-11-30 14:35:12:3512 [Worker 15868] info: [ECS:LifetimeSystem] Initialized.
2025-11-30 14:35:12:3512 [Worker 15868] info: [ECS:OffscreenCleanupSystem] Initialized.
2025-11-30 14:35:13:3513 [Worker 5372] info: [ECS:EnergyRegenSystem] Initialized.
2025-11-30 14:35:13:3513 [Worker 5372] info: [ECS:ShieldRegenSystem] Initialized.
2025-11-30 14:35:13:3513 [Worker 5372] info: [LootIdManager] Initialized with 39 static items and pre-built dictionary.
2025-11-30 14:35:13:3513 [Worker 5372] info: [ECS:GeometryUpdateSystem] Initialized.
2025-11-30 14:35:13:3513 [Worker 5372] info: [ECS:CleanupSystem] Initialized. (Now simplified)
2025-11-30 14:35:13:3513 [Worker 5372] info: [ECS:PlayerWeaponSwitchSystem] Initialized.
2025-11-30 14:35:13:3513 [Worker 5372] info: [ECS:EnemySpawnRequestSystem] Initialized.
2025-11-30 14:35:13:3513 [Worker 5372] info: [ECS:BehaviorSystemV2] Initialized.
2025-11-30 14:35:13:3513 [Worker 5372] info: [ECS:CombatAISystem] Initialized.
2025-11-30 14:35:13:3513 [Worker 5372] info: [ECS:WeaponSwitchSystem] Initialized.
2025-11-30 14:35:13:3513 [Worker 5372] info: [ECS:StatusEffectSystem] Initialized.
2025-11-30 14:35:13:3513 [Worker 5372] info: [ECS:WeaponSystem] Initialized.
2025-11-30 14:35:13:3513 [Worker 5372] info: [ECS:MovementSystem] Initialized.
2025-11-30 14:35:13:3513 [Worker 5372] info: [ECS:EntitySimulationSystem] Initialized as the main simulation orchestrator.
2025-11-30 14:35:13:3513 [Worker 5372] info: [ECS:PlayerBoundarySystem] Initialized.
2025-11-30 14:35:13:3513 [Worker 5372] info: [ECS:BoundarySystem] Initialized.
2025-11-30 14:35:13:3513 [Worker 5372] info: [ECS:DestructionEventSystem] Initialized as the main destruction controller.
2025-11-30 14:35:13:3513 [Worker 5372] info: [ECS:CollisionDetectionSystem] Initialized. (Now unified)
2025-11-30 14:35:13:3513 [Worker 5372] info: [ECS:CollisionResolutionSystem] Initialized.
2025-11-30 14:35:14:3514 [Worker 5372] info: [ECS:HitValidationSystem] Initialized.
2025-11-30 14:35:14:3514 [Worker 5372] info: [ECS:HistorySystem] Initialized.
2025-11-30 14:35:14:3514 [Worker 5372] info: [ECS:BuffLifecycleSystem] Initialized.
2025-11-30 14:35:14:3514 [Worker 5372] info: [ECS:StatRecalculationSystem] Initialized.
2025-11-30 14:35:14:3514 [Worker 5372] info: [ECS:OnKillEffectSystem] Initialized.
2025-11-30 14:35:14:3514 [Worker 5372] info: [ECS:LootDropSystem] Initialized.
2025-11-30 14:35:14:3514 [Worker 5372] info: [ECS:SpawnSystem] Initialized.
2025-11-30 14:35:14:3514 [Worker 5372] info: [ECS:LifetimeSystem] Initialized.
2025-11-30 14:35:14:3514 [Worker 5372] info: [ECS:OffscreenCleanupSystem] Initialized.
2025-11-30 14:35:14:3514 [Worker 5372] info: [DBMANAGER] Worker 5372: Connected to dbServer
2025-11-30 14:35:14:3514 [Worker 5372] info: [DBMANAGER] Worker 5372: Identifying with unique ID: gameserver-Hddkwe35fsvk_worker_5372
2025-11-30 14:35:14:3514 [Worker 5372] info: [REDISCLIENT] Worker 5372: Successfully connected to Redis.
2025-11-30 14:35:14:3514 [Worker 5372] info: [GracefulShutdown] Обработчики для воркера 5372 инициализированы и ожидают команды от мастера.
2025-11-30 14:35:14:3514 [Worker 5372] info: Worker 5372 started. WebSocket server running on port 3002
2025-11-30 14:35:14:3514 [Worker 5372] info: [DBMANAGER] Worker 5372: Successfully identified with dbServer as gameserver-Hddkwe35fsvk_worker_5372
2025-11-30 14:35:14:3514 [Worker 5372] info: [WeaponMechanicsStore] Weapon mechanics catalog received and cache has been built.
2025-11-30 14:35:14:3514 [Worker 5372] info: [REDISSUBSCRIBER] Worker 5372: Subscribed to 'session-events' and 'session_control_events' channels.
2025-11-30 14:35:15:3515 [Worker 21588] info: [ECS:EnergyRegenSystem] Initialized.
2025-11-30 14:35:15:3515 [Worker 21588] info: [ECS:ShieldRegenSystem] Initialized.
2025-11-30 14:35:15:3515 [Worker 21588] info: [LootIdManager] Initialized with 39 static items and pre-built dictionary.
2025-11-30 14:35:15:3515 [Worker 21588] info: [ECS:GeometryUpdateSystem] Initialized.
2025-11-30 14:35:15:3515 [Worker 21588] info: [ECS:CleanupSystem] Initialized. (Now simplified)
2025-11-30 14:35:15:3515 [Worker 21588] info: [ECS:PlayerWeaponSwitchSystem] Initialized.
2025-11-30 14:35:15:3515 [Worker 21588] info: [ECS:EnemySpawnRequestSystem] Initialized.
2025-11-30 14:35:15:3515 [Worker 21588] info: [ECS:BehaviorSystemV2] Initialized.
2025-11-30 14:35:15:3515 [Worker 21588] info: [ECS:CombatAISystem] Initialized.
2025-11-30 14:35:15:3515 [Worker 21588] info: [ECS:WeaponSwitchSystem] Initialized.
2025-11-30 14:35:15:3515 [Worker 21588] info: [ECS:StatusEffectSystem] Initialized.
2025-11-30 14:35:15:3515 [Worker 21588] info: [ECS:WeaponSystem] Initialized.
2025-11-30 14:35:15:3515 [Worker 21588] info: [ECS:MovementSystem] Initialized.
2025-11-30 14:35:15:3515 [Worker 21588] info: [ECS:EntitySimulationSystem] Initialized as the main simulation orchestrator.
2025-11-30 14:35:15:3515 [Worker 21588] info: [ECS:PlayerBoundarySystem] Initialized.
2025-11-30 14:35:15:3515 [Worker 21588] info: [ECS:BoundarySystem] Initialized.
2025-11-30 14:35:15:3515 [Worker 21588] info: [ECS:DestructionEventSystem] Initialized as the main destruction controller.
2025-11-30 14:35:15:3515 [Worker 21588] info: [ECS:CollisionDetectionSystem] Initialized. (Now unified)
2025-11-30 14:35:15:3515 [Worker 21588] info: [ECS:CollisionResolutionSystem] Initialized.
2025-11-30 14:35:15:3515 [Worker 21588] info: [ECS:HitValidationSystem] Initialized.
2025-11-30 14:35:15:3515 [Worker 21588] info: [ECS:HistorySystem] Initialized.
2025-11-30 14:35:15:3515 [Worker 21588] info: [ECS:BuffLifecycleSystem] Initialized.
2025-11-30 14:35:15:3515 [Worker 21588] info: [ECS:StatRecalculationSystem] Initialized.
2025-11-30 14:35:15:3515 [Worker 21588] info: [ECS:OnKillEffectSystem] Initialized.
2025-11-30 14:35:15:3515 [Worker 21588] info: [ECS:LootDropSystem] Initialized.
2025-11-30 14:35:15:3515 [Worker 21588] info: [ECS:SpawnSystem] Initialized.
2025-11-30 14:35:15:3515 [Worker 21588] info: [ECS:LifetimeSystem] Initialized.
2025-11-30 14:35:15:3515 [Worker 21588] info: [ECS:OffscreenCleanupSystem] Initialized.
2025-11-30 14:35:18:3518 [Worker 16824] info: [DBMANAGER] Worker 16824: Connected to dbServer
2025-11-30 14:35:18:3518 [Worker 16824] info: [DBMANAGER] Worker 16824: Identifying with unique ID: gameserver-Hddkwe35fsvk_worker_16824
2025-11-30 14:35:18:3518 [Worker 16824] info: [REDISCLIENT] Worker 16824: Successfully connected to Redis.
2025-11-30 14:35:18:3518 [Worker 16824] info: [GracefulShutdown] Обработчики для воркера 16824 инициализированы и ожидают команды от мастера.
2025-11-30 14:35:18:3518 [Worker 16824] info: Worker 16824 started. WebSocket server running on port 3002
2025-11-30 14:35:18:3518 [Worker 16824] info: [DBMANAGER] Worker 16824: Successfully identified with dbServer as gameserver-Hddkwe35fsvk_worker_16824
2025-11-30 14:35:18:3518 [Worker 16824] info: [WeaponMechanicsStore] Weapon mechanics catalog received and cache has been built.
2025-11-30 14:35:18:3518 [Worker 16824] info: [REDISSUBSCRIBER] Worker 16824: Subscribed to 'session-events' and 'session_control_events' channels.
2025-11-30 14:35:23:3523 [Worker 15868] info: [DBMANAGER] Worker 15868: Connected to dbServer
2025-11-30 14:35:23:3523 [Worker 15868] info: [DBMANAGER] Worker 15868: Identifying with unique ID: gameserver-Hddkwe35fsvk_worker_15868
2025-11-30 14:35:23:3523 [Worker 15868] info: [DBMANAGER] Worker 15868: Successfully identified with dbServer as gameserver-Hddkwe35fsvk_worker_15868
2025-11-30 14:35:23:3523 [Worker 15868] info: [WeaponMechanicsStore] Weapon mechanics catalog received and cache has been built.
2025-11-30 14:35:23:3523 [Worker 15868] info: [REDISCLIENT] Worker 15868: Successfully connected to Redis.
2025-11-30 14:35:23:3523 [Worker 15868] info: [GracefulShutdown] Обработчики для воркера 15868 инициализированы и ожидают команды от мастера.
2025-11-30 14:35:23:3523 [Worker 15868] info: Worker 15868 started. WebSocket server running on port 3002
2025-11-30 14:35:23:3523 [Worker 15868] info: [REDISSUBSCRIBER] Worker 15868: Subscribed to 'session-events' and 'session_control_events' channels.
2025-11-30 14:35:24:3524 [Worker 6288] info: [DBMANAGER] Worker 6288: Connected to dbServer
2025-11-30 14:35:24:3524 [Worker 6288] info: [DBMANAGER] Worker 6288: Identifying with unique ID: gameserver-Hddkwe35fsvk_worker_6288
2025-11-30 14:35:24:3524 [Worker 6288] info: [REDISCLIENT] Worker 6288: Successfully connected to Redis.
2025-11-30 14:35:24:3524 [Worker 6288] info: [GracefulShutdown] Обработчики для воркера 6288 инициализированы и ожидают команды от мастера.
2025-11-30 14:35:24:3524 [Worker 6288] info: Worker 6288 started. WebSocket server running on port 3002
2025-11-30 14:35:24:3524 [Worker 6288] info: [DBMANAGER] Worker 6288: Successfully identified with dbServer as gameserver-Hddkwe35fsvk_worker_6288
2025-11-30 14:35:24:3524 [Worker 6288] info: [WeaponMechanicsStore] Weapon mechanics catalog received and cache has been built.
2025-11-30 14:35:24:3524 [Worker 6288] info: [REDISSUBSCRIBER] Worker 6288: Subscribed to 'session-events' and 'session_control_events' channels.
2025-11-30 14:35:34:3534 [Worker 22092] info: [DBMANAGER] Worker 22092: Connected to dbServer
2025-11-30 14:35:34:3534 [Worker 22092] info: [DBMANAGER] Worker 22092: Identifying with unique ID: gameserver-Hddkwe35fsvk_worker_22092
2025-11-30 14:35:34:3534 [Worker 22092] info: [REDISCLIENT] Worker 22092: Successfully connected to Redis.
2025-11-30 14:35:34:3534 [Worker 22092] info: [GracefulShutdown] Обработчики для воркера 22092 инициализированы и ожидают команды от мастера.
2025-11-30 14:35:34:3534 [Worker 22092] info: Worker 22092 started. WebSocket server running on port 3002
2025-11-30 14:35:34:3534 [Worker 22092] info: [DBMANAGER] Worker 22092: Successfully identified with dbServer as gameserver-Hddkwe35fsvk_worker_22092
2025-11-30 14:35:34:3534 [Worker 22092] info: [WeaponMechanicsStore] Weapon mechanics catalog received and cache has been built.
2025-11-30 14:35:34:3534 [Worker 22092] info: [REDISSUBSCRIBER] Worker 22092: Subscribed to 'session-events' and 'session_control_events' channels.
2025-11-30 14:35:34:3534 [Worker 20364] info: [DBMANAGER] Worker 20364: Connected to dbServer
2025-11-30 14:35:34:3534 [Worker 20364] info: [DBMANAGER] Worker 20364: Identifying with unique ID: gameserver-Hddkwe35fsvk_worker_20364
2025-11-30 14:35:34:3534 [Worker 20364] info: [REDISCLIENT] Worker 20364: Successfully connected to Redis.
2025-11-30 14:35:34:3534 [Worker 20364] info: [GracefulShutdown] Обработчики для воркера 20364 инициализированы и ожидают команды от мастера.
2025-11-30 14:35:34:3534 [Worker 20364] info: Worker 20364 started. WebSocket server running on port 3002
2025-11-30 14:35:34:3534 [Worker 20364] info: [DBMANAGER] Worker 20364: Successfully identified with dbServer as gameserver-Hddkwe35fsvk_worker_20364
2025-11-30 14:35:34:3534 [Worker 20364] info: [WeaponMechanicsStore] Weapon mechanics catalog received and cache has been built.
2025-11-30 14:35:34:3534 [Worker 20364] info: [REDISSUBSCRIBER] Worker 20364: Subscribed to 'session-events' and 'session_control_events' channels.
2025-11-30 14:35:46:3546 [Worker 13496] info: [DBMANAGER] Worker 13496: Connected to dbServer
2025-11-30 14:35:46:3546 [Worker 13496] info: [DBMANAGER] Worker 13496: Identifying with unique ID: gameserver-Hddkwe35fsvk_worker_13496
2025-11-30 14:35:46:3546 [Worker 13496] info: [REDISCLIENT] Worker 13496: Successfully connected to Redis.
2025-11-30 14:35:46:3546 [Worker 13496] info: [GracefulShutdown] Обработчики для воркера 13496 инициализированы и ожидают команды от мастера.
2025-11-30 14:35:46:3546 [Worker 13496] info: Worker 13496 started. WebSocket server running on port 3002
2025-11-30 14:35:46:3546 [Worker 13496] info: [DBMANAGER] Worker 13496: Successfully identified with dbServer as gameserver-Hddkwe35fsvk_worker_13496
2025-11-30 14:35:46:3546 [Worker 13496] info: [WeaponMechanicsStore] Weapon mechanics catalog received and cache has been built.
2025-11-30 14:35:46:3546 [Worker 13496] info: [REDISSUBSCRIBER] Worker 13496: Subscribed to 'session-events' and 'session_control_events' channels.
2025-11-30 14:36:14:3614 [Worker 21588] info: [DBMANAGER] Worker 21588: Connected to dbServer
2025-11-30 14:36:14:3614 [Worker 21588] info: [DBMANAGER] Worker 21588: Identifying with unique ID: gameserver-Hddkwe35fsvk_worker_21588
2025-11-30 14:36:14:3614 [Worker 21588] info: [DBMANAGER] Worker 21588: Successfully identified with dbServer as gameserver-Hddkwe35fsvk_worker_21588
2025-11-30 14:36:14:3614 [Worker 21588] info: [WeaponMechanicsStore] Weapon mechanics catalog received and cache has been built.
2025-11-30 14:36:14:3614 [Worker 21588] info: [REDISCLIENT] Worker 21588: Successfully connected to Redis.
2025-11-30 14:36:14:3614 [Worker 21588] info: [GracefulShutdown] Обработчики для воркера 21588 инициализированы и ожидают команды от мастера.
2025-11-30 14:36:14:3614 [Worker 21588] info: Worker 21588 started. WebSocket server running on port 3002
2025-11-30 14:36:14:3614 [Worker 21588] info: [REDISSUBSCRIBER] Worker 21588: Subscribed to 'session-events' and 'session_control_events' channels.
2025-11-30 14:44:25:4425 [Worker 20636] warn: Master process received SIGINT. Instructing all workers to shut down gracefully.
2025-11-30 14:44:25:4425 [Worker 20636] warn: Worker 13416 exited during shutdown process.
2025-11-30 14:44:25:4425 [Worker 20636] warn: Worker 5372 exited during shutdown process.
2025-11-30 14:44:25:4425 [Worker 20636] warn: Worker 20364 exited during shutdown process.
2025-11-30 14:44:25:4425 [Worker 20636] warn: Worker 21728 exited during shutdown process.
2025-11-30 14:44:25:4425 [Worker 20636] warn: Worker 22092 exited during shutdown process.
2025-11-30 14:44:25:4425 [Worker 20636] warn: Worker 16824 exited during shutdown process.
2025-11-30 14:44:25:4425 [Worker 20636] warn: Worker 15868 exited during shutdown process.
2025-11-30 14:44:25:4425 [Worker 20636] warn: Worker 20400 exited during shutdown process.
2025-11-30 14:44:25:4425 [Worker 20636] warn: Worker 13496 exited during shutdown process.
2025-11-30 14:44:25:4425 [Worker 20636] warn: Worker 21588 exited during shutdown process.
2025-11-30 14:44:25:4425 [Worker 20636] warn: Worker 10944 exited during shutdown process.
2025-11-30 14:44:25:4425 [Worker 20636] warn: Worker 6288 exited during shutdown process.
2025-11-30 14:44:28:4428 [Worker 6596] info: [ECS:EnergyRegenSystem] Initialized.
2025-11-30 14:44:28:4428 [Worker 6596] info: [ECS:ShieldRegenSystem] Initialized.
2025-11-30 14:44:28:4428 [Worker 6596] info: [LootIdManager] Initialized with 39 static items and pre-built dictionary.
2025-11-30 14:44:28:4428 [Worker 6596] info: [ECS:GeometryUpdateSystem] Initialized.
2025-11-30 14:44:28:4428 [Worker 6596] info: [ECS:CleanupSystem] Initialized. (Now simplified)
2025-11-30 14:44:28:4428 [Worker 6596] info: [ECS:PlayerWeaponSwitchSystem] Initialized.
2025-11-30 14:44:28:4428 [Worker 6596] info: [ECS:EnemySpawnRequestSystem] Initialized.
2025-11-30 14:44:28:4428 [Worker 6596] info: [ECS:BehaviorSystemV2] Initialized.
2025-11-30 14:44:28:4428 [Worker 6596] info: [ECS:CombatAISystem] Initialized.
2025-11-30 14:44:28:4428 [Worker 6596] info: [ECS:WeaponSwitchSystem] Initialized.
2025-11-30 14:44:28:4428 [Worker 6596] info: [ECS:StatusEffectSystem] Initialized.
2025-11-30 14:44:28:4428 [Worker 6596] info: [ECS:WeaponSystem] Initialized.
2025-11-30 14:44:28:4428 [Worker 6596] info: [ECS:MovementSystem] Initialized.
2025-11-30 14:44:28:4428 [Worker 6596] info: [ECS:EntitySimulationSystem] Initialized as the main simulation orchestrator.
2025-11-30 14:44:28:4428 [Worker 6596] info: [ECS:PlayerBoundarySystem] Initialized.
2025-11-30 14:44:28:4428 [Worker 6596] info: [ECS:BoundarySystem] Initialized.
2025-11-30 14:44:28:4428 [Worker 6596] info: [ECS:DestructionEventSystem] Initialized as the main destruction controller.
2025-11-30 14:44:28:4428 [Worker 6596] info: [ECS:CollisionDetectionSystem] Initialized. (Now unified)
2025-11-30 14:44:28:4428 [Worker 6596] info: [ECS:CollisionResolutionSystem] Initialized.
2025-11-30 14:44:28:4428 [Worker 6596] info: [ECS:HitValidationSystem] Initialized.
2025-11-30 14:44:28:4428 [Worker 6596] info: [ECS:HistorySystem] Initialized.
2025-11-30 14:44:28:4428 [Worker 6596] info: [ECS:BuffLifecycleSystem] Initialized.
2025-11-30 14:44:28:4428 [Worker 6596] info: [ECS:StatRecalculationSystem] Initialized.
2025-11-30 14:44:28:4428 [Worker 6596] info: [ECS:OnKillEffectSystem] Initialized.
2025-11-30 14:44:28:4428 [Worker 6596] info: [ECS:LootDropSystem] Initialized.
2025-11-30 14:44:28:4428 [Worker 6596] info: [ECS:SpawnSystem] Initialized.
2025-11-30 14:44:28:4428 [Worker 6596] info: [ECS:LifetimeSystem] Initialized.
2025-11-30 14:44:28:4428 [Worker 6596] info: [ECS:OffscreenCleanupSystem] Initialized.
2025-11-30 14:44:29:4429 [Worker 6596] info: Master process 6596 is running
2025-11-30 14:44:29:4429 [Worker 18112] info: [ECS:EnergyRegenSystem] Initialized.
2025-11-30 14:44:29:4429 [Worker 18112] info: [ECS:ShieldRegenSystem] Initialized.
2025-11-30 14:44:29:4429 [Worker 18112] info: [LootIdManager] Initialized with 39 static items and pre-built dictionary.
2025-11-30 14:44:29:4429 [Worker 18112] info: [ECS:GeometryUpdateSystem] Initialized.
2025-11-30 14:44:29:4429 [Worker 18112] info: [ECS:CleanupSystem] Initialized. (Now simplified)
2025-11-30 14:44:29:4429 [Worker 18112] info: [ECS:PlayerWeaponSwitchSystem] Initialized.
2025-11-30 14:44:29:4429 [Worker 18112] info: [ECS:EnemySpawnRequestSystem] Initialized.
2025-11-30 14:44:29:4429 [Worker 18112] info: [ECS:BehaviorSystemV2] Initialized.
2025-11-30 14:44:29:4429 [Worker 18112] info: [ECS:CombatAISystem] Initialized.
2025-11-30 14:44:29:4429 [Worker 18112] info: [ECS:WeaponSwitchSystem] Initialized.
2025-11-30 14:44:29:4429 [Worker 18112] info: [ECS:StatusEffectSystem] Initialized.
2025-11-30 14:44:29:4429 [Worker 18112] info: [ECS:WeaponSystem] Initialized.
2025-11-30 14:44:29:4429 [Worker 18112] info: [ECS:MovementSystem] Initialized.
2025-11-30 14:44:29:4429 [Worker 18112] info: [ECS:EntitySimulationSystem] Initialized as the main simulation orchestrator.
2025-11-30 14:44:29:4429 [Worker 18112] info: [ECS:PlayerBoundarySystem] Initialized.
2025-11-30 14:44:29:4429 [Worker 18112] info: [ECS:BoundarySystem] Initialized.
2025-11-30 14:44:29:4429 [Worker 18112] info: [ECS:DestructionEventSystem] Initialized as the main destruction controller.
2025-11-30 14:44:29:4429 [Worker 18112] info: [ECS:CollisionDetectionSystem] Initialized. (Now unified)
2025-11-30 14:44:29:4429 [Worker 18112] info: [ECS:CollisionResolutionSystem] Initialized.
2025-11-30 14:44:29:4429 [Worker 18112] info: [ECS:HitValidationSystem] Initialized.
2025-11-30 14:44:29:4429 [Worker 18112] info: [ECS:HistorySystem] Initialized.
2025-11-30 14:44:29:4429 [Worker 18112] info: [ECS:BuffLifecycleSystem] Initialized.
2025-11-30 14:44:29:4429 [Worker 18112] info: [ECS:StatRecalculationSystem] Initialized.
2025-11-30 14:44:29:4429 [Worker 18112] info: [ECS:OnKillEffectSystem] Initialized.
2025-11-30 14:44:29:4429 [Worker 18112] info: [ECS:LootDropSystem] Initialized.
2025-11-30 14:44:29:4429 [Worker 18112] info: [ECS:SpawnSystem] Initialized.
2025-11-30 14:44:29:4429 [Worker 18112] info: [ECS:LifetimeSystem] Initialized.
2025-11-30 14:44:29:4429 [Worker 18112] info: [ECS:OffscreenCleanupSystem] Initialized.
2025-11-30 14:44:31:4431 [Worker 26412] info: [ECS:EnergyRegenSystem] Initialized.
2025-11-30 14:44:31:4431 [Worker 26412] info: [ECS:ShieldRegenSystem] Initialized.
2025-11-30 14:44:31:4431 [Worker 26412] info: [LootIdManager] Initialized with 39 static items and pre-built dictionary.
2025-11-30 14:44:31:4431 [Worker 26412] info: [ECS:GeometryUpdateSystem] Initialized.
2025-11-30 14:44:31:4431 [Worker 26412] info: [ECS:CleanupSystem] Initialized. (Now simplified)
2025-11-30 14:44:31:4431 [Worker 26412] info: [ECS:PlayerWeaponSwitchSystem] Initialized.
2025-11-30 14:44:31:4431 [Worker 26412] info: [ECS:EnemySpawnRequestSystem] Initialized.
2025-11-30 14:44:31:4431 [Worker 26412] info: [ECS:BehaviorSystemV2] Initialized.
2025-11-30 14:44:31:4431 [Worker 26412] info: [ECS:CombatAISystem] Initialized.
2025-11-30 14:44:31:4431 [Worker 26412] info: [ECS:WeaponSwitchSystem] Initialized.
2025-11-30 14:44:31:4431 [Worker 26412] info: [ECS:StatusEffectSystem] Initialized.
2025-11-30 14:44:31:4431 [Worker 26412] info: [ECS:WeaponSystem] Initialized.
2025-11-30 14:44:31:4431 [Worker 26412] info: [ECS:MovementSystem] Initialized.
2025-11-30 14:44:31:4431 [Worker 26412] info: [ECS:EntitySimulationSystem] Initialized as the main simulation orchestrator.
2025-11-30 14:44:31:4431 [Worker 26412] info: [ECS:PlayerBoundarySystem] Initialized.
2025-11-30 14:44:31:4431 [Worker 26412] info: [ECS:BoundarySystem] Initialized.
2025-11-30 14:44:31:4431 [Worker 26412] info: [ECS:DestructionEventSystem] Initialized as the main destruction controller.
2025-11-30 14:44:31:4431 [Worker 26412] info: [ECS:CollisionDetectionSystem] Initialized. (Now unified)
2025-11-30 14:44:31:4431 [Worker 26412] info: [ECS:CollisionResolutionSystem] Initialized.
2025-11-30 14:44:31:4431 [Worker 26412] info: [ECS:HitValidationSystem] Initialized.
2025-11-30 14:44:31:4431 [Worker 26412] info: [ECS:HistorySystem] Initialized.
2025-11-30 14:44:31:4431 [Worker 26412] info: [ECS:BuffLifecycleSystem] Initialized.
2025-11-30 14:44:31:4431 [Worker 26412] info: [ECS:StatRecalculationSystem] Initialized.
2025-11-30 14:44:31:4431 [Worker 26412] info: [ECS:OnKillEffectSystem] Initialized.
2025-11-30 14:44:31:4431 [Worker 26412] info: [ECS:LootDropSystem] Initialized.
2025-11-30 14:44:31:4431 [Worker 26412] info: [ECS:SpawnSystem] Initialized.
2025-11-30 14:44:31:4431 [Worker 26412] info: [ECS:LifetimeSystem] Initialized.
2025-11-30 14:44:31:4431 [Worker 26412] info: [ECS:OffscreenCleanupSystem] Initialized.
2025-11-30 14:44:33:4433 [Worker 6348] info: [ECS:EnergyRegenSystem] Initialized.
2025-11-30 14:44:33:4433 [Worker 6348] info: [ECS:ShieldRegenSystem] Initialized.
2025-11-30 14:44:33:4433 [Worker 6348] info: [LootIdManager] Initialized with 39 static items and pre-built dictionary.
2025-11-30 14:44:33:4433 [Worker 6348] info: [ECS:GeometryUpdateSystem] Initialized.
2025-11-30 14:44:33:4433 [Worker 6348] info: [ECS:CleanupSystem] Initialized. (Now simplified)
2025-11-30 14:44:33:4433 [Worker 6348] info: [ECS:PlayerWeaponSwitchSystem] Initialized.
2025-11-30 14:44:33:4433 [Worker 6348] info: [ECS:EnemySpawnRequestSystem] Initialized.
2025-11-30 14:44:33:4433 [Worker 6348] info: [ECS:BehaviorSystemV2] Initialized.
2025-11-30 14:44:33:4433 [Worker 6348] info: [ECS:CombatAISystem] Initialized.
2025-11-30 14:44:33:4433 [Worker 6348] info: [ECS:WeaponSwitchSystem] Initialized.
2025-11-30 14:44:33:4433 [Worker 6348] info: [ECS:StatusEffectSystem] Initialized.
2025-11-30 14:44:33:4433 [Worker 6348] info: [ECS:WeaponSystem] Initialized.
2025-11-30 14:44:33:4433 [Worker 6348] info: [ECS:MovementSystem] Initialized.
2025-11-30 14:44:33:4433 [Worker 6348] info: [ECS:EntitySimulationSystem] Initialized as the main simulation orchestrator.
2025-11-30 14:44:33:4433 [Worker 6348] info: [ECS:PlayerBoundarySystem] Initialized.
2025-11-30 14:44:33:4433 [Worker 6348] info: [ECS:BoundarySystem] Initialized.
2025-11-30 14:44:33:4433 [Worker 6348] info: [ECS:DestructionEventSystem] Initialized as the main destruction controller.
2025-11-30 14:44:33:4433 [Worker 6348] info: [ECS:CollisionDetectionSystem] Initialized. (Now unified)
2025-11-30 14:44:33:4433 [Worker 6348] info: [ECS:CollisionResolutionSystem] Initialized.
2025-11-30 14:44:33:4433 [Worker 6348] info: [ECS:HitValidationSystem] Initialized.
2025-11-30 14:44:33:4433 [Worker 6348] info: [ECS:HistorySystem] Initialized.
2025-11-30 14:44:33:4433 [Worker 6348] info: [ECS:BuffLifecycleSystem] Initialized.
2025-11-30 14:44:33:4433 [Worker 6348] info: [ECS:StatRecalculationSystem] Initialized.
2025-11-30 14:44:33:4433 [Worker 6348] info: [ECS:OnKillEffectSystem] Initialized.
2025-11-30 14:44:33:4433 [Worker 6348] info: [ECS:LootDropSystem] Initialized.
2025-11-30 14:44:33:4433 [Worker 6348] info: [ECS:SpawnSystem] Initialized.
2025-11-30 14:44:33:4433 [Worker 6348] info: [ECS:LifetimeSystem] Initialized.
2025-11-30 14:44:33:4433 [Worker 6348] info: [ECS:OffscreenCleanupSystem] Initialized.
2025-11-30 14:44:35:4435 [Worker 6348] info: [DBMANAGER] Worker 6348: Connected to dbServer
2025-11-30 14:44:35:4435 [Worker 6348] info: [DBMANAGER] Worker 6348: Identifying with unique ID: gameserver-Hddkwe35fsvk_worker_6348
2025-11-30 14:44:35:4435 [Worker 6348] info: [REDISCLIENT] Worker 6348: Successfully connected to Redis.
2025-11-30 14:44:35:4435 [Worker 6348] info: [GracefulShutdown] Обработчики для воркера 6348 инициализированы и ожидают команды от мастера.
2025-11-30 14:44:35:4435 [Worker 6348] info: Worker 6348 started. WebSocket server running on port 3002
2025-11-30 14:44:35:4435 [Worker 6348] warn: [DBMANAGER] Worker 6348: Disconnected from dbServer
2025-11-30 14:44:35:4435 [Worker 6348] info: [REDISSUBSCRIBER] Worker 6348: Subscribed to 'session-events' and 'session_control_events' channels.
2025-11-30 14:44:35:4435 [Worker 24832] info: [ECS:EnergyRegenSystem] Initialized.
2025-11-30 14:44:35:4435 [Worker 24832] info: [ECS:ShieldRegenSystem] Initialized.
2025-11-30 14:44:35:4435 [Worker 24832] info: [LootIdManager] Initialized with 39 static items and pre-built dictionary.
2025-11-30 14:44:35:4435 [Worker 24832] info: [ECS:GeometryUpdateSystem] Initialized.
2025-11-30 14:44:35:4435 [Worker 24832] info: [ECS:CleanupSystem] Initialized. (Now simplified)
2025-11-30 14:44:35:4435 [Worker 24832] info: [ECS:PlayerWeaponSwitchSystem] Initialized.
2025-11-30 14:44:35:4435 [Worker 24832] info: [ECS:EnemySpawnRequestSystem] Initialized.
2025-11-30 14:44:35:4435 [Worker 24832] info: [ECS:BehaviorSystemV2] Initialized.
2025-11-30 14:44:35:4435 [Worker 24832] info: [ECS:CombatAISystem] Initialized.
2025-11-30 14:44:35:4435 [Worker 24832] info: [ECS:WeaponSwitchSystem] Initialized.
2025-11-30 14:44:35:4435 [Worker 24832] info: [ECS:StatusEffectSystem] Initialized.
2025-11-30 14:44:35:4435 [Worker 24832] info: [ECS:WeaponSystem] Initialized.
2025-11-30 14:44:35:4435 [Worker 24832] info: [ECS:MovementSystem] Initialized.
2025-11-30 14:44:35:4435 [Worker 24832] info: [ECS:EntitySimulationSystem] Initialized as the main simulation orchestrator.
2025-11-30 14:44:35:4435 [Worker 24832] info: [ECS:PlayerBoundarySystem] Initialized.
2025-11-30 14:44:35:4435 [Worker 24832] info: [ECS:BoundarySystem] Initialized.
2025-11-30 14:44:35:4435 [Worker 24832] info: [ECS:DestructionEventSystem] Initialized as the main destruction controller.
2025-11-30 14:44:35:4435 [Worker 24832] info: [ECS:CollisionDetectionSystem] Initialized. (Now unified)
2025-11-30 14:44:35:4435 [Worker 24832] info: [ECS:CollisionResolutionSystem] Initialized.
2025-11-30 14:44:35:4435 [Worker 24832] info: [ECS:HitValidationSystem] Initialized.
2025-11-30 14:44:35:4435 [Worker 24832] info: [ECS:HistorySystem] Initialized.
2025-11-30 14:44:35:4435 [Worker 24832] info: [ECS:BuffLifecycleSystem] Initialized.
2025-11-30 14:44:35:4435 [Worker 24832] info: [ECS:StatRecalculationSystem] Initialized.
2025-11-30 14:44:35:4435 [Worker 24832] info: [ECS:OnKillEffectSystem] Initialized.
2025-11-30 14:44:35:4435 [Worker 24832] info: [ECS:LootDropSystem] Initialized.
2025-11-30 14:44:35:4435 [Worker 24832] info: [ECS:SpawnSystem] Initialized.
2025-11-30 14:44:35:4435 [Worker 24832] info: [ECS:LifetimeSystem] Initialized.
2025-11-30 14:44:35:4435 [Worker 24832] info: [ECS:OffscreenCleanupSystem] Initialized.
2025-11-30 14:44:37:4437 [Worker 24832] info: [DBMANAGER] Worker 24832: Connected to dbServer
2025-11-30 14:44:37:4437 [Worker 24832] info: [DBMANAGER] Worker 24832: Identifying with unique ID: gameserver-Hddkwe35fsvk_worker_24832
2025-11-30 14:44:37:4437 [Worker 24832] info: [REDISCLIENT] Worker 24832: Successfully connected to Redis.
2025-11-30 14:44:37:4437 [Worker 24832] info: [GracefulShutdown] Обработчики для воркера 24832 инициализированы и ожидают команды от мастера.
2025-11-30 14:44:37:4437 [Worker 24832] info: Worker 24832 started. WebSocket server running on port 3002
2025-11-30 14:44:37:4437 [Worker 24832] warn: [DBMANAGER] Worker 24832: Disconnected from dbServer
2025-11-30 14:44:37:4437 [Worker 24832] info: [REDISSUBSCRIBER] Worker 24832: Subscribed to 'session-events' and 'session_control_events' channels.
2025-11-30 14:44:37:4437 [Worker 6348] info: [DBMANAGER] Worker 6348: Connected to dbServer
2025-11-30 14:44:37:4437 [Worker 6348] info: [DBMANAGER] Worker 6348: Identifying with unique ID: gameserver-Hddkwe35fsvk_worker_6348
2025-11-30 14:44:37:4437 [Worker 6348] warn: [DBMANAGER] Worker 6348: Disconnected from dbServer
2025-11-30 14:44:37:4437 [Worker 10104] info: [ECS:EnergyRegenSystem] Initialized.
2025-11-30 14:44:37:4437 [Worker 10104] info: [ECS:ShieldRegenSystem] Initialized.
2025-11-30 14:44:37:4437 [Worker 10104] info: [LootIdManager] Initialized with 39 static items and pre-built dictionary.
2025-11-30 14:44:37:4437 [Worker 10104] info: [ECS:GeometryUpdateSystem] Initialized.
2025-11-30 14:44:37:4437 [Worker 10104] info: [ECS:CleanupSystem] Initialized. (Now simplified)
2025-11-30 14:44:37:4437 [Worker 10104] info: [ECS:PlayerWeaponSwitchSystem] Initialized.
2025-11-30 14:44:37:4437 [Worker 10104] info: [ECS:EnemySpawnRequestSystem] Initialized.
2025-11-30 14:44:37:4437 [Worker 10104] info: [ECS:BehaviorSystemV2] Initialized.
2025-11-30 14:44:37:4437 [Worker 10104] info: [ECS:CombatAISystem] Initialized.
2025-11-30 14:44:37:4437 [Worker 10104] info: [ECS:WeaponSwitchSystem] Initialized.
2025-11-30 14:44:37:4437 [Worker 10104] info: [ECS:StatusEffectSystem] Initialized.
2025-11-30 14:44:37:4437 [Worker 10104] info: [ECS:WeaponSystem] Initialized.
2025-11-30 14:44:37:4437 [Worker 10104] info: [ECS:MovementSystem] Initialized.
2025-11-30 14:44:37:4437 [Worker 10104] info: [ECS:EntitySimulationSystem] Initialized as the main simulation orchestrator.
2025-11-30 14:44:37:4437 [Worker 10104] info: [ECS:PlayerBoundarySystem] Initialized.
2025-11-30 14:44:37:4437 [Worker 10104] info: [ECS:BoundarySystem] Initialized.
2025-11-30 14:44:37:4437 [Worker 10104] info: [ECS:DestructionEventSystem] Initialized as the main destruction controller.
2025-11-30 14:44:37:4437 [Worker 10104] info: [ECS:CollisionDetectionSystem] Initialized. (Now unified)
2025-11-30 14:44:37:4437 [Worker 10104] info: [ECS:CollisionResolutionSystem] Initialized.
2025-11-30 14:44:37:4437 [Worker 10104] info: [ECS:HitValidationSystem] Initialized.
2025-11-30 14:44:37:4437 [Worker 10104] info: [ECS:HistorySystem] Initialized.
2025-11-30 14:44:37:4437 [Worker 10104] info: [ECS:BuffLifecycleSystem] Initialized.
2025-11-30 14:44:37:4437 [Worker 10104] info: [ECS:StatRecalculationSystem] Initialized.
2025-11-30 14:44:37:4437 [Worker 10104] info: [ECS:OnKillEffectSystem] Initialized.
2025-11-30 14:44:37:4437 [Worker 10104] info: [ECS:LootDropSystem] Initialized.
2025-11-30 14:44:37:4437 [Worker 10104] info: [ECS:SpawnSystem] Initialized.
2025-11-30 14:44:37:4437 [Worker 10104] info: [ECS:LifetimeSystem] Initialized.
2025-11-30 14:44:37:4437 [Worker 10104] info: [ECS:OffscreenCleanupSystem] Initialized.
2025-11-30 14:44:39:4439 [Worker 24832] info: [DBMANAGER] Worker 24832: Connected to dbServer
2025-11-30 14:44:39:4439 [Worker 24832] info: [DBMANAGER] Worker 24832: Identifying with unique ID: gameserver-Hddkwe35fsvk_worker_24832
2025-11-30 14:44:39:4439 [Worker 24832] warn: [DBMANAGER] Worker 24832: Disconnected from dbServer
2025-11-30 14:44:39:4439 [Worker 24752] info: [ECS:EnergyRegenSystem] Initialized.
2025-11-30 14:44:39:4439 [Worker 24752] info: [ECS:ShieldRegenSystem] Initialized.
2025-11-30 14:44:39:4439 [Worker 24752] info: [LootIdManager] Initialized with 39 static items and pre-built dictionary.
2025-11-30 14:44:39:4439 [Worker 24752] info: [ECS:GeometryUpdateSystem] Initialized.
2025-11-30 14:44:39:4439 [Worker 24752] info: [ECS:CleanupSystem] Initialized. (Now simplified)
2025-11-30 14:44:39:4439 [Worker 24752] info: [ECS:PlayerWeaponSwitchSystem] Initialized.
2025-11-30 14:44:39:4439 [Worker 24752] info: [ECS:EnemySpawnRequestSystem] Initialized.
2025-11-30 14:44:39:4439 [Worker 24752] info: [ECS:BehaviorSystemV2] Initialized.
2025-11-30 14:44:39:4439 [Worker 24752] info: [ECS:CombatAISystem] Initialized.
2025-11-30 14:44:39:4439 [Worker 24752] info: [ECS:WeaponSwitchSystem] Initialized.
2025-11-30 14:44:39:4439 [Worker 24752] info: [ECS:StatusEffectSystem] Initialized.
2025-11-30 14:44:39:4439 [Worker 24752] info: [ECS:WeaponSystem] Initialized.
2025-11-30 14:44:39:4439 [Worker 24752] info: [ECS:MovementSystem] Initialized.
2025-11-30 14:44:39:4439 [Worker 24752] info: [ECS:EntitySimulationSystem] Initialized as the main simulation orchestrator.
2025-11-30 14:44:39:4439 [Worker 24752] info: [ECS:PlayerBoundarySystem] Initialized.
2025-11-30 14:44:39:4439 [Worker 24752] info: [ECS:BoundarySystem] Initialized.
2025-11-30 14:44:39:4439 [Worker 24752] info: [ECS:DestructionEventSystem] Initialized as the main destruction controller.
2025-11-30 14:44:39:4439 [Worker 24752] info: [ECS:CollisionDetectionSystem] Initialized. (Now unified)
2025-11-30 14:44:39:4439 [Worker 24752] info: [ECS:CollisionResolutionSystem] Initialized.
2025-11-30 14:44:39:4439 [Worker 24752] info: [ECS:HitValidationSystem] Initialized.
2025-11-30 14:44:39:4439 [Worker 24752] info: [ECS:HistorySystem] Initialized.
2025-11-30 14:44:39:4439 [Worker 24752] info: [ECS:BuffLifecycleSystem] Initialized.
2025-11-30 14:44:39:4439 [Worker 24752] info: [ECS:StatRecalculationSystem] Initialized.
2025-11-30 14:44:39:4439 [Worker 24752] info: [ECS:OnKillEffectSystem] Initialized.
2025-11-30 14:44:39:4439 [Worker 24752] info: [ECS:LootDropSystem] Initialized.
2025-11-30 14:44:39:4439 [Worker 24752] info: [ECS:SpawnSystem] Initialized.
2025-11-30 14:44:39:4439 [Worker 24752] info: [ECS:LifetimeSystem] Initialized.
2025-11-30 14:44:39:4439 [Worker 24752] info: [ECS:OffscreenCleanupSystem] Initialized.
2025-11-30 14:44:39:4439 [Worker 6348] info: [DBMANAGER] Worker 6348: Connected to dbServer
2025-11-30 14:44:39:4439 [Worker 6348] info: [DBMANAGER] Worker 6348: Identifying with unique ID: gameserver-Hddkwe35fsvk_worker_6348
2025-11-30 14:44:39:4439 [Worker 6348] warn: [DBMANAGER] Worker 6348: Disconnected from dbServer
2025-11-30 14:44:41:4441 [Worker 24832] info: [DBMANAGER] Worker 24832: Connected to dbServer
2025-11-30 14:44:41:4441 [Worker 24832] info: [DBMANAGER] Worker 24832: Identifying with unique ID: gameserver-Hddkwe35fsvk_worker_24832
2025-11-30 14:44:41:4441 [Worker 24832] warn: [DBMANAGER] Worker 24832: Disconnected from dbServer
2025-11-30 14:44:41:4441 [Worker 12536] info: [ECS:EnergyRegenSystem] Initialized.
2025-11-30 14:44:41:4441 [Worker 12536] info: [ECS:ShieldRegenSystem] Initialized.
2025-11-30 14:44:41:4441 [Worker 12536] info: [LootIdManager] Initialized with 39 static items and pre-built dictionary.
2025-11-30 14:44:41:4441 [Worker 12536] info: [ECS:GeometryUpdateSystem] Initialized.
2025-11-30 14:44:41:4441 [Worker 12536] info: [ECS:CleanupSystem] Initialized. (Now simplified)
2025-11-30 14:44:41:4441 [Worker 12536] info: [ECS:PlayerWeaponSwitchSystem] Initialized.
2025-11-30 14:44:41:4441 [Worker 12536] info: [ECS:EnemySpawnRequestSystem] Initialized.
2025-11-30 14:44:41:4441 [Worker 12536] info: [ECS:BehaviorSystemV2] Initialized.
2025-11-30 14:44:41:4441 [Worker 12536] info: [ECS:CombatAISystem] Initialized.
2025-11-30 14:44:41:4441 [Worker 12536] info: [ECS:WeaponSwitchSystem] Initialized.
2025-11-30 14:44:41:4441 [Worker 12536] info: [ECS:StatusEffectSystem] Initialized.
2025-11-30 14:44:41:4441 [Worker 12536] info: [ECS:WeaponSystem] Initialized.
2025-11-30 14:44:41:4441 [Worker 12536] info: [ECS:MovementSystem] Initialized.
2025-11-30 14:44:41:4441 [Worker 12536] info: [ECS:EntitySimulationSystem] Initialized as the main simulation orchestrator.
2025-11-30 14:44:41:4441 [Worker 12536] info: [ECS:PlayerBoundarySystem] Initialized.
2025-11-30 14:44:41:4441 [Worker 12536] info: [ECS:BoundarySystem] Initialized.
2025-11-30 14:44:41:4441 [Worker 12536] info: [ECS:DestructionEventSystem] Initialized as the main destruction controller.
2025-11-30 14:44:41:4441 [Worker 12536] info: [ECS:CollisionDetectionSystem] Initialized. (Now unified)
2025-11-30 14:44:41:4441 [Worker 12536] info: [ECS:CollisionResolutionSystem] Initialized.
2025-11-30 14:44:41:4441 [Worker 12536] info: [ECS:HitValidationSystem] Initialized.
2025-11-30 14:44:41:4441 [Worker 12536] info: [ECS:HistorySystem] Initialized.
2025-11-30 14:44:41:4441 [Worker 12536] info: [ECS:BuffLifecycleSystem] Initialized.
2025-11-30 14:44:41:4441 [Worker 12536] info: [ECS:StatRecalculationSystem] Initialized.
2025-11-30 14:44:41:4441 [Worker 12536] info: [ECS:OnKillEffectSystem] Initialized.
2025-11-30 14:44:41:4441 [Worker 12536] info: [ECS:LootDropSystem] Initialized.
2025-11-30 14:44:41:4441 [Worker 12536] info: [ECS:SpawnSystem] Initialized.
2025-11-30 14:44:41:4441 [Worker 12536] info: [ECS:LifetimeSystem] Initialized.
2025-11-30 14:44:41:4441 [Worker 12536] info: [ECS:OffscreenCleanupSystem] Initialized.
2025-11-30 14:44:41:4441 [Worker 6348] info: [DBMANAGER] Worker 6348: Connected to dbServer
2025-11-30 14:44:41:4441 [Worker 6348] info: [DBMANAGER] Worker 6348: Identifying with unique ID: gameserver-Hddkwe35fsvk_worker_6348
2025-11-30 14:44:41:4441 [Worker 6348] warn: [DBMANAGER] Worker 6348: Disconnected from dbServer
2025-11-30 14:44:43:4443 [Worker 24832] info: [DBMANAGER] Worker 24832: Connected to dbServer
2025-11-30 14:44:43:4443 [Worker 24832] info: [DBMANAGER] Worker 24832: Identifying with unique ID: gameserver-Hddkwe35fsvk_worker_24832
2025-11-30 14:44:43:4443 [Worker 24832] warn: [DBMANAGER] Worker 24832: Disconnected from dbServer
2025-11-30 14:44:43:4443 [Worker 26136] info: [ECS:EnergyRegenSystem] Initialized.
2025-11-30 14:44:43:4443 [Worker 26136] info: [ECS:ShieldRegenSystem] Initialized.
2025-11-30 14:44:43:4443 [Worker 26136] info: [LootIdManager] Initialized with 39 static items and pre-built dictionary.
2025-11-30 14:44:43:4443 [Worker 26136] info: [ECS:GeometryUpdateSystem] Initialized.
2025-11-30 14:44:43:4443 [Worker 26136] info: [ECS:CleanupSystem] Initialized. (Now simplified)
2025-11-30 14:44:43:4443 [Worker 26136] info: [ECS:PlayerWeaponSwitchSystem] Initialized.
2025-11-30 14:44:43:4443 [Worker 26136] info: [ECS:EnemySpawnRequestSystem] Initialized.
2025-11-30 14:44:43:4443 [Worker 26136] info: [ECS:BehaviorSystemV2] Initialized.
2025-11-30 14:44:43:4443 [Worker 26136] info: [ECS:CombatAISystem] Initialized.
2025-11-30 14:44:43:4443 [Worker 26136] info: [ECS:WeaponSwitchSystem] Initialized.
2025-11-30 14:44:43:4443 [Worker 26136] info: [ECS:StatusEffectSystem] Initialized.
2025-11-30 14:44:43:4443 [Worker 26136] info: [ECS:WeaponSystem] Initialized.
2025-11-30 14:44:43:4443 [Worker 26136] info: [ECS:MovementSystem] Initialized.
2025-11-30 14:44:43:4443 [Worker 26136] info: [ECS:EntitySimulationSystem] Initialized as the main simulation orchestrator.
2025-11-30 14:44:43:4443 [Worker 26136] info: [ECS:PlayerBoundarySystem] Initialized.
2025-11-30 14:44:43:4443 [Worker 26136] info: [ECS:BoundarySystem] Initialized.
2025-11-30 14:44:43:4443 [Worker 26136] info: [ECS:DestructionEventSystem] Initialized as the main destruction controller.
2025-11-30 14:44:43:4443 [Worker 26136] info: [ECS:CollisionDetectionSystem] Initialized. (Now unified)
2025-11-30 14:44:43:4443 [Worker 26136] info: [ECS:CollisionResolutionSystem] Initialized.
2025-11-30 14:44:43:4443 [Worker 26136] info: [ECS:HitValidationSystem] Initialized.
2025-11-30 14:44:43:4443 [Worker 26136] info: [ECS:HistorySystem] Initialized.
2025-11-30 14:44:43:4443 [Worker 26136] info: [ECS:BuffLifecycleSystem] Initialized.
2025-11-30 14:44:43:4443 [Worker 26136] info: [ECS:StatRecalculationSystem] Initialized.
2025-11-30 14:44:43:4443 [Worker 26136] info: [ECS:OnKillEffectSystem] Initialized.
2025-11-30 14:44:43:4443 [Worker 26136] info: [ECS:LootDropSystem] Initialized.
2025-11-30 14:44:43:4443 [Worker 26136] info: [ECS:SpawnSystem] Initialized.
2025-11-30 14:44:43:4443 [Worker 26136] info: [ECS:LifetimeSystem] Initialized.
2025-11-30 14:44:43:4443 [Worker 26136] info: [ECS:OffscreenCleanupSystem] Initialized.
2025-11-30 14:44:43:4443 [Worker 18112] info: [DBMANAGER] Worker 18112: Connected to dbServer
2025-11-30 14:44:43:4443 [Worker 18112] info: [DBMANAGER] Worker 18112: Identifying with unique ID: gameserver-Hddkwe35fsvk_worker_18112
2025-11-30 14:44:43:4443 [Worker 18112] info: [REDISCLIENT] Worker 18112: Successfully connected to Redis.
2025-11-30 14:44:43:4443 [Worker 18112] info: [GracefulShutdown] Обработчики для воркера 18112 инициализированы и ожидают команды от мастера.
2025-11-30 14:44:43:4443 [Worker 18112] info: Worker 18112 started. WebSocket server running on port 3002
2025-11-30 14:44:43:4443 [Worker 18112] warn: [DBMANAGER] Worker 18112: Disconnected from dbServer
2025-11-30 14:44:43:4443 [Worker 18112] info: [REDISSUBSCRIBER] Worker 18112: Subscribed to 'session-events' and 'session_control_events' channels.
2025-11-30 14:44:43:4443 [Worker 6348] info: [DBMANAGER] Worker 6348: Connected to dbServer
2025-11-30 14:44:43:4443 [Worker 6348] info: [DBMANAGER] Worker 6348: Identifying with unique ID: gameserver-Hddkwe35fsvk_worker_6348
2025-11-30 14:44:43:4443 [Worker 6348] warn: [DBMANAGER] Worker 6348: Disconnected from dbServer
2025-11-30 14:44:45:4445 [Worker 24832] info: [DBMANAGER] Worker 24832: Connected to dbServer
2025-11-30 14:44:45:4445 [Worker 24832] info: [DBMANAGER] Worker 24832: Identifying with unique ID: gameserver-Hddkwe35fsvk_worker_24832
2025-11-30 14:44:45:4445 [Worker 24832] warn: [DBMANAGER] Worker 24832: Disconnected from dbServer
2025-11-30 14:44:45:4445 [Worker 26136] info: [DBMANAGER] Worker 26136: Connected to dbServer
2025-11-30 14:44:45:4445 [Worker 26136] info: [DBMANAGER] Worker 26136: Identifying with unique ID: gameserver-Hddkwe35fsvk_worker_26136
2025-11-30 14:44:45:4445 [Worker 26136] info: [REDISCLIENT] Worker 26136: Successfully connected to Redis.
2025-11-30 14:44:45:4445 [Worker 26136] info: [GracefulShutdown] Обработчики для воркера 26136 инициализированы и ожидают команды от мастера.
2025-11-30 14:44:45:4445 [Worker 26136] info: Worker 26136 started. WebSocket server running on port 3002
2025-11-30 14:44:45:4445 [Worker 26136] warn: [DBMANAGER] Worker 26136: Disconnected from dbServer
2025-11-30 14:44:45:4445 [Worker 26136] info: [REDISSUBSCRIBER] Worker 26136: Subscribed to 'session-events' and 'session_control_events' channels.
2025-11-30 14:44:45:4445 [Worker 5872] info: [ECS:EnergyRegenSystem] Initialized.
2025-11-30 14:44:45:4445 [Worker 5872] info: [ECS:ShieldRegenSystem] Initialized.
2025-11-30 14:44:45:4445 [Worker 5872] info: [LootIdManager] Initialized with 39 static items and pre-built dictionary.
2025-11-30 14:44:45:4445 [Worker 5872] info: [ECS:GeometryUpdateSystem] Initialized.
2025-11-30 14:44:45:4445 [Worker 5872] info: [ECS:CleanupSystem] Initialized. (Now simplified)
2025-11-30 14:44:45:4445 [Worker 5872] info: [ECS:PlayerWeaponSwitchSystem] Initialized.
2025-11-30 14:44:45:4445 [Worker 5872] info: [ECS:EnemySpawnRequestSystem] Initialized.
2025-11-30 14:44:45:4445 [Worker 5872] info: [ECS:BehaviorSystemV2] Initialized.
2025-11-30 14:44:45:4445 [Worker 5872] info: [ECS:CombatAISystem] Initialized.
2025-11-30 14:44:45:4445 [Worker 5872] info: [ECS:WeaponSwitchSystem] Initialized.
2025-11-30 14:44:45:4445 [Worker 5872] info: [ECS:StatusEffectSystem] Initialized.
2025-11-30 14:44:45:4445 [Worker 5872] info: [ECS:WeaponSystem] Initialized.
2025-11-30 14:44:45:4445 [Worker 5872] info: [ECS:MovementSystem] Initialized.
2025-11-30 14:44:45:4445 [Worker 5872] info: [ECS:EntitySimulationSystem] Initialized as the main simulation orchestrator.
2025-11-30 14:44:45:4445 [Worker 5872] info: [ECS:PlayerBoundarySystem] Initialized.
2025-11-30 14:44:45:4445 [Worker 5872] info: [ECS:BoundarySystem] Initialized.
2025-11-30 14:44:45:4445 [Worker 5872] info: [ECS:DestructionEventSystem] Initialized as the main destruction controller.
2025-11-30 14:44:45:4445 [Worker 5872] info: [ECS:CollisionDetectionSystem] Initialized. (Now unified)
2025-11-30 14:44:45:4445 [Worker 5872] info: [ECS:CollisionResolutionSystem] Initialized.
2025-11-30 14:44:45:4445 [Worker 5872] info: [ECS:HitValidationSystem] Initialized.
2025-11-30 14:44:45:4445 [Worker 5872] info: [ECS:HistorySystem] Initialized.
2025-11-30 14:44:45:4445 [Worker 5872] info: [ECS:BuffLifecycleSystem] Initialized.
2025-11-30 14:44:45:4445 [Worker 5872] info: [ECS:StatRecalculationSystem] Initialized.
2025-11-30 14:44:45:4445 [Worker 5872] info: [ECS:OnKillEffectSystem] Initialized.
2025-11-30 14:44:45:4445 [Worker 5872] info: [ECS:LootDropSystem] Initialized.
2025-11-30 14:44:45:4445 [Worker 5872] info: [ECS:SpawnSystem] Initialized.
2025-11-30 14:44:45:4445 [Worker 5872] info: [ECS:LifetimeSystem] Initialized.
2025-11-30 14:44:45:4445 [Worker 5872] info: [ECS:OffscreenCleanupSystem] Initialized.
2025-11-30 14:44:45:4445 [Worker 18112] info: [DBMANAGER] Worker 18112: Connected to dbServer
2025-11-30 14:44:45:4445 [Worker 18112] info: [DBMANAGER] Worker 18112: Identifying with unique ID: gameserver-Hddkwe35fsvk_worker_18112
2025-11-30 14:44:45:4445 [Worker 18112] warn: [DBMANAGER] Worker 18112: Disconnected from dbServer
2025-11-30 14:44:45:4445 [Worker 6348] info: [DBMANAGER] Worker 6348: Connected to dbServer
2025-11-30 14:44:45:4445 [Worker 6348] info: [DBMANAGER] Worker 6348: Identifying with unique ID: gameserver-Hddkwe35fsvk_worker_6348
2025-11-30 14:44:45:4445 [Worker 6348] warn: [DBMANAGER] Worker 6348: Disconnected from dbServer
2025-11-30 14:44:46:4446 [Worker 5872] info: [DBMANAGER] Worker 5872: Connected to dbServer
2025-11-30 14:44:46:4446 [Worker 5872] info: [DBMANAGER] Worker 5872: Identifying with unique ID: gameserver-Hddkwe35fsvk_worker_5872
2025-11-30 14:44:46:4446 [Worker 5872] warn: [DBMANAGER] Worker 5872: Disconnected from dbServer
2025-11-30 14:44:46:4446 [Worker 5872] info: [REDISCLIENT] Worker 5872: Successfully connected to Redis.
2025-11-30 14:44:46:4446 [Worker 5872] info: [GracefulShutdown] Обработчики для воркера 5872 инициализированы и ожидают команды от мастера.
2025-11-30 14:44:46:4446 [Worker 5872] info: Worker 5872 started. WebSocket server running on port 3002
2025-11-30 14:44:46:4446 [Worker 5872] info: [REDISSUBSCRIBER] Worker 5872: Subscribed to 'session-events' and 'session_control_events' channels.
2025-11-30 14:44:47:4447 [Worker 24832] info: [DBMANAGER] Worker 24832: Connected to dbServer
2025-11-30 14:44:47:4447 [Worker 24832] info: [DBMANAGER] Worker 24832: Identifying with unique ID: gameserver-Hddkwe35fsvk_worker_24832
2025-11-30 14:44:47:4447 [Worker 24832] warn: [DBMANAGER] Worker 24832: Disconnected from dbServer
2025-11-30 14:44:47:4447 [Worker 26136] info: [DBMANAGER] Worker 26136: Connected to dbServer
2025-11-30 14:44:47:4447 [Worker 26136] info: [DBMANAGER] Worker 26136: Identifying with unique ID: gameserver-Hddkwe35fsvk_worker_26136
2025-11-30 14:44:47:4447 [Worker 26136] warn: [DBMANAGER] Worker 26136: Disconnected from dbServer
2025-11-30 14:44:47:4447 [Worker 18112] info: [DBMANAGER] Worker 18112: Connected to dbServer
2025-11-30 14:44:47:4447 [Worker 18112] info: [DBMANAGER] Worker 18112: Identifying with unique ID: gameserver-Hddkwe35fsvk_worker_18112
2025-11-30 14:44:47:4447 [Worker 18112] warn: [DBMANAGER] Worker 18112: Disconnected from dbServer
2025-11-30 14:44:47:4447 [Worker 6348] info: [DBMANAGER] Worker 6348: Connected to dbServer
2025-11-30 14:44:47:4447 [Worker 6348] info: [DBMANAGER] Worker 6348: Identifying with unique ID: gameserver-Hddkwe35fsvk_worker_6348
2025-11-30 14:44:47:4447 [Worker 6348] warn: [DBMANAGER] Worker 6348: Disconnected from dbServer
2025-11-30 14:44:47:4447 [Worker 24744] info: [ECS:EnergyRegenSystem] Initialized.
2025-11-30 14:44:47:4447 [Worker 24744] info: [ECS:ShieldRegenSystem] Initialized.
2025-11-30 14:44:47:4447 [Worker 24744] info: [LootIdManager] Initialized with 39 static items and pre-built dictionary.
2025-11-30 14:44:47:4447 [Worker 24744] info: [ECS:GeometryUpdateSystem] Initialized.
2025-11-30 14:44:47:4447 [Worker 24744] info: [ECS:CleanupSystem] Initialized. (Now simplified)
2025-11-30 14:44:47:4447 [Worker 24744] info: [ECS:PlayerWeaponSwitchSystem] Initialized.
2025-11-30 14:44:47:4447 [Worker 24744] info: [ECS:EnemySpawnRequestSystem] Initialized.
2025-11-30 14:44:47:4447 [Worker 24744] info: [ECS:BehaviorSystemV2] Initialized.
2025-11-30 14:44:47:4447 [Worker 24744] info: [ECS:CombatAISystem] Initialized.
2025-11-30 14:44:47:4447 [Worker 24744] info: [ECS:WeaponSwitchSystem] Initialized.
2025-11-30 14:44:47:4447 [Worker 24744] info: [ECS:StatusEffectSystem] Initialized.
2025-11-30 14:44:47:4447 [Worker 24744] info: [ECS:WeaponSystem] Initialized.
2025-11-30 14:44:47:4447 [Worker 24744] info: [ECS:MovementSystem] Initialized.
2025-11-30 14:44:47:4447 [Worker 24744] info: [ECS:EntitySimulationSystem] Initialized as the main simulation orchestrator.
2025-11-30 14:44:47:4447 [Worker 24744] info: [ECS:PlayerBoundarySystem] Initialized.
2025-11-30 14:44:47:4447 [Worker 24744] info: [ECS:BoundarySystem] Initialized.
2025-11-30 14:44:47:4447 [Worker 24744] info: [ECS:DestructionEventSystem] Initialized as the main destruction controller.
2025-11-30 14:44:47:4447 [Worker 24744] info: [ECS:CollisionDetectionSystem] Initialized. (Now unified)
2025-11-30 14:44:47:4447 [Worker 24744] info: [ECS:CollisionResolutionSystem] Initialized.
2025-11-30 14:44:47:4447 [Worker 24744] info: [ECS:HitValidationSystem] Initialized.
2025-11-30 14:44:47:4447 [Worker 24744] info: [ECS:HistorySystem] Initialized.
2025-11-30 14:44:47:4447 [Worker 24744] info: [ECS:BuffLifecycleSystem] Initialized.
2025-11-30 14:44:47:4447 [Worker 24744] info: [ECS:StatRecalculationSystem] Initialized.
2025-11-30 14:44:47:4447 [Worker 24744] info: [ECS:OnKillEffectSystem] Initialized.
2025-11-30 14:44:47:4447 [Worker 24744] info: [ECS:LootDropSystem] Initialized.
2025-11-30 14:44:47:4447 [Worker 24744] info: [ECS:SpawnSystem] Initialized.
2025-11-30 14:44:47:4447 [Worker 24744] info: [ECS:LifetimeSystem] Initialized.
2025-11-30 14:44:47:4447 [Worker 24744] info: [ECS:OffscreenCleanupSystem] Initialized.
2025-11-30 14:44:48:4448 [Worker 24744] info: [DBMANAGER] Worker 24744: Connected to dbServer
2025-11-30 14:44:48:4448 [Worker 24744] info: [DBMANAGER] Worker 24744: Identifying with unique ID: gameserver-Hddkwe35fsvk_worker_24744
2025-11-30 14:44:48:4448 [Worker 24744] info: [REDISCLIENT] Worker 24744: Successfully connected to Redis.
2025-11-30 14:44:48:4448 [Worker 24744] info: [GracefulShutdown] Обработчики для воркера 24744 инициализированы и ожидают команды от мастера.
2025-11-30 14:44:48:4448 [Worker 24744] info: Worker 24744 started. WebSocket server running on port 3002
2025-11-30 14:44:48:4448 [Worker 24744] warn: [DBMANAGER] Worker 24744: Disconnected from dbServer
2025-11-30 14:44:48:4448 [Worker 24744] info: [REDISSUBSCRIBER] Worker 24744: Subscribed to 'session-events' and 'session_control_events' channels.
2025-11-30 14:44:48:4448 [Worker 5872] info: [DBMANAGER] Worker 5872: Connected to dbServer
2025-11-30 14:44:48:4448 [Worker 5872] info: [DBMANAGER] Worker 5872: Identifying with unique ID: gameserver-Hddkwe35fsvk_worker_5872
2025-11-30 14:44:48:4448 [Worker 5872] warn: [DBMANAGER] Worker 5872: Disconnected from dbServer
2025-11-30 14:44:49:4449 [Worker 24832] info: [DBMANAGER] Worker 24832: Connected to dbServer
2025-11-30 14:44:49:4449 [Worker 24832] info: [DBMANAGER] Worker 24832: Identifying with unique ID: gameserver-Hddkwe35fsvk_worker_24832
2025-11-30 14:44:49:4449 [Worker 24832] warn: [DBMANAGER] Worker 24832: Disconnected from dbServer
2025-11-30 14:44:49:4449 [Worker 26136] info: [DBMANAGER] Worker 26136: Connected to dbServer
2025-11-30 14:44:49:4449 [Worker 26136] info: [DBMANAGER] Worker 26136: Identifying with unique ID: gameserver-Hddkwe35fsvk_worker_26136
2025-11-30 14:44:49:4449 [Worker 26136] warn: [DBMANAGER] Worker 26136: Disconnected from dbServer
2025-11-30 14:44:49:4449 [Worker 18112] info: [DBMANAGER] Worker 18112: Connected to dbServer
2025-11-30 14:44:49:4449 [Worker 18112] info: [DBMANAGER] Worker 18112: Identifying with unique ID: gameserver-Hddkwe35fsvk_worker_18112
2025-11-30 14:44:49:4449 [Worker 18112] warn: [DBMANAGER] Worker 18112: Disconnected from dbServer
2025-11-30 14:44:49:4449 [Worker 6348] info: [DBMANAGER] Worker 6348: Connected to dbServer
2025-11-30 14:44:49:4449 [Worker 6348] info: [DBMANAGER] Worker 6348: Identifying with unique ID: gameserver-Hddkwe35fsvk_worker_6348
2025-11-30 14:44:49:4449 [Worker 6348] warn: [DBMANAGER] Worker 6348: Disconnected from dbServer
2025-11-30 14:44:49:4449 [Worker 7960] info: [ECS:EnergyRegenSystem] Initialized.
2025-11-30 14:44:49:4449 [Worker 7960] info: [ECS:ShieldRegenSystem] Initialized.
2025-11-30 14:44:49:4449 [Worker 7960] info: [LootIdManager] Initialized with 39 static items and pre-built dictionary.
2025-11-30 14:44:49:4449 [Worker 7960] info: [ECS:GeometryUpdateSystem] Initialized.
2025-11-30 14:44:49:4449 [Worker 7960] info: [ECS:CleanupSystem] Initialized. (Now simplified)
2025-11-30 14:44:49:4449 [Worker 7960] info: [ECS:PlayerWeaponSwitchSystem] Initialized.
2025-11-30 14:44:49:4449 [Worker 7960] info: [ECS:EnemySpawnRequestSystem] Initialized.
2025-11-30 14:44:49:4449 [Worker 7960] info: [ECS:BehaviorSystemV2] Initialized.
2025-11-30 14:44:49:4449 [Worker 7960] info: [ECS:CombatAISystem] Initialized.
2025-11-30 14:44:49:4449 [Worker 7960] info: [ECS:WeaponSwitchSystem] Initialized.
2025-11-30 14:44:49:4449 [Worker 7960] info: [ECS:StatusEffectSystem] Initialized.
2025-11-30 14:44:49:4449 [Worker 7960] info: [ECS:WeaponSystem] Initialized.
2025-11-30 14:44:49:4449 [Worker 7960] info: [ECS:MovementSystem] Initialized.
2025-11-30 14:44:49:4449 [Worker 7960] info: [ECS:EntitySimulationSystem] Initialized as the main simulation orchestrator.
2025-11-30 14:44:49:4449 [Worker 7960] info: [ECS:PlayerBoundarySystem] Initialized.
2025-11-30 14:44:49:4449 [Worker 7960] info: [ECS:BoundarySystem] Initialized.
2025-11-30 14:44:49:4449 [Worker 7960] info: [ECS:DestructionEventSystem] Initialized as the main destruction controller.
2025-11-30 14:44:49:4449 [Worker 7960] info: [ECS:CollisionDetectionSystem] Initialized. (Now unified)
2025-11-30 14:44:49:4449 [Worker 7960] info: [ECS:CollisionResolutionSystem] Initialized.
2025-11-30 14:44:49:4449 [Worker 7960] info: [ECS:HitValidationSystem] Initialized.
2025-11-30 14:44:49:4449 [Worker 7960] info: [ECS:HistorySystem] Initialized.
2025-11-30 14:44:49:4449 [Worker 7960] info: [ECS:BuffLifecycleSystem] Initialized.
2025-11-30 14:44:49:4449 [Worker 7960] info: [ECS:StatRecalculationSystem] Initialized.
2025-11-30 14:44:49:4449 [Worker 7960] info: [ECS:OnKillEffectSystem] Initialized.
2025-11-30 14:44:49:4449 [Worker 7960] info: [ECS:LootDropSystem] Initialized.
2025-11-30 14:44:49:4449 [Worker 7960] info: [ECS:SpawnSystem] Initialized.
2025-11-30 14:44:49:4449 [Worker 7960] info: [ECS:LifetimeSystem] Initialized.
2025-11-30 14:44:49:4449 [Worker 7960] info: [ECS:OffscreenCleanupSystem] Initialized.
2025-11-30 14:44:50:4450 [Worker 10104] info: [DBMANAGER] Worker 10104: Connected to dbServer
2025-11-30 14:44:50:4450 [Worker 10104] info: [DBMANAGER] Worker 10104: Identifying with unique ID: gameserver-Hddkwe35fsvk_worker_10104
2025-11-30 14:44:50:4450 [Worker 10104] info: [REDISCLIENT] Worker 10104: Successfully connected to Redis.
2025-11-30 14:44:50:4450 [Worker 10104] info: [GracefulShutdown] Обработчики для воркера 10104 инициализированы и ожидают команды от мастера.
2025-11-30 14:44:50:4450 [Worker 10104] info: Worker 10104 started. WebSocket server running on port 3002
2025-11-30 14:44:50:4450 [Worker 10104] warn: [DBMANAGER] Worker 10104: Disconnected from dbServer
2025-11-30 14:44:50:4450 [Worker 10104] info: [REDISSUBSCRIBER] Worker 10104: Subscribed to 'session-events' and 'session_control_events' channels.
2025-11-30 14:44:50:4450 [Worker 7960] info: [DBMANAGER] Worker 7960: Connected to dbServer
2025-11-30 14:44:50:4450 [Worker 7960] info: [DBMANAGER] Worker 7960: Identifying with unique ID: gameserver-Hddkwe35fsvk_worker_7960
2025-11-30 14:44:50:4450 [Worker 7960] warn: [DBMANAGER] Worker 7960: Disconnected from dbServer
2025-11-30 14:44:50:4450 [Worker 7960] info: [REDISCLIENT] Worker 7960: Successfully connected to Redis.
2025-11-30 14:44:50:4450 [Worker 7960] info: [GracefulShutdown] Обработчики для воркера 7960 инициализированы и ожидают команды от мастера.
2025-11-30 14:44:50:4450 [Worker 7960] info: Worker 7960 started. WebSocket server running on port 3002
2025-11-30 14:44:50:4450 [Worker 7960] info: [REDISSUBSCRIBER] Worker 7960: Subscribed to 'session-events' and 'session_control_events' channels.
2025-11-30 14:44:50:4450 [Worker 24744] info: [DBMANAGER] Worker 24744: Connected to dbServer
2025-11-30 14:44:50:4450 [Worker 24744] info: [DBMANAGER] Worker 24744: Identifying with unique ID: gameserver-Hddkwe35fsvk_worker_24744
2025-11-30 14:44:50:4450 [Worker 24744] warn: [DBMANAGER] Worker 24744: Disconnected from dbServer
2025-11-30 14:44:50:4450 [Worker 5872] info: [DBMANAGER] Worker 5872: Connected to dbServer
2025-11-30 14:44:50:4450 [Worker 5872] info: [DBMANAGER] Worker 5872: Identifying with unique ID: gameserver-Hddkwe35fsvk_worker_5872
2025-11-30 14:44:50:4450 [Worker 5872] warn: [DBMANAGER] Worker 5872: Disconnected from dbServer
2025-11-30 14:44:51:4451 [Worker 24832] info: [DBMANAGER] Worker 24832: Connected to dbServer
2025-11-30 14:44:51:4451 [Worker 24832] info: [DBMANAGER] Worker 24832: Identifying with unique ID: gameserver-Hddkwe35fsvk_worker_24832
2025-11-30 14:44:51:4451 [Worker 24832] warn: [DBMANAGER] Worker 24832: Disconnected from dbServer
2025-11-30 14:44:51:4451 [Worker 26136] info: [DBMANAGER] Worker 26136: Connected to dbServer
2025-11-30 14:44:51:4451 [Worker 26136] info: [DBMANAGER] Worker 26136: Identifying with unique ID: gameserver-Hddkwe35fsvk_worker_26136
2025-11-30 14:44:51:4451 [Worker 26136] warn: [DBMANAGER] Worker 26136: Disconnected from dbServer
2025-11-30 14:44:51:4451 [Worker 18112] info: [DBMANAGER] Worker 18112: Connected to dbServer
2025-11-30 14:44:51:4451 [Worker 18112] info: [DBMANAGER] Worker 18112: Identifying with unique ID: gameserver-Hddkwe35fsvk_worker_18112
2025-11-30 14:44:51:4451 [Worker 18112] warn: [DBMANAGER] Worker 18112: Disconnected from dbServer
2025-11-30 14:44:51:4451 [Worker 6348] info: [DBMANAGER] Worker 6348: Connected to dbServer
2025-11-30 14:44:51:4451 [Worker 6348] info: [DBMANAGER] Worker 6348: Identifying with unique ID: gameserver-Hddkwe35fsvk_worker_6348
2025-11-30 14:44:51:4451 [Worker 6348] warn: [DBMANAGER] Worker 6348: Disconnected from dbServer
2025-11-30 14:44:51:4451 [Worker 24752] info: [DBMANAGER] Worker 24752: Connected to dbServer
2025-11-30 14:44:51:4451 [Worker 24752] info: [DBMANAGER] Worker 24752: Identifying with unique ID: gameserver-Hddkwe35fsvk_worker_24752
2025-11-30 14:44:51:4451 [Worker 24752] info: [REDISCLIENT] Worker 24752: Successfully connected to Redis.
2025-11-30 14:44:51:4451 [Worker 24752] info: [GracefulShutdown] Обработчики для воркера 24752 инициализированы и ожидают команды от мастера.
2025-11-30 14:44:51:4451 [Worker 24752] info: Worker 24752 started. WebSocket server running on port 3002
2025-11-30 14:44:51:4451 [Worker 24752] warn: [DBMANAGER] Worker 24752: Disconnected from dbServer
2025-11-30 14:44:51:4451 [Worker 24752] info: [REDISSUBSCRIBER] Worker 24752: Subscribed to 'session-events' and 'session_control_events' channels.
2025-11-30 14:44:51:4451 [Worker 10660] info: [ECS:EnergyRegenSystem] Initialized.
2025-11-30 14:44:51:4451 [Worker 10660] info: [ECS:ShieldRegenSystem] Initialized.
2025-11-30 14:44:51:4451 [Worker 10660] info: [LootIdManager] Initialized with 39 static items and pre-built dictionary.
2025-11-30 14:44:51:4451 [Worker 10660] info: [ECS:GeometryUpdateSystem] Initialized.
2025-11-30 14:44:51:4451 [Worker 10660] info: [ECS:CleanupSystem] Initialized. (Now simplified)
2025-11-30 14:44:51:4451 [Worker 10660] info: [ECS:PlayerWeaponSwitchSystem] Initialized.
2025-11-30 14:44:51:4451 [Worker 10660] info: [ECS:EnemySpawnRequestSystem] Initialized.
2025-11-30 14:44:51:4451 [Worker 10660] info: [ECS:BehaviorSystemV2] Initialized.
2025-11-30 14:44:51:4451 [Worker 10660] info: [ECS:CombatAISystem] Initialized.
2025-11-30 14:44:51:4451 [Worker 10660] info: [ECS:WeaponSwitchSystem] Initialized.
2025-11-30 14:44:51:4451 [Worker 10660] info: [ECS:StatusEffectSystem] Initialized.
2025-11-30 14:44:51:4451 [Worker 10660] info: [ECS:WeaponSystem] Initialized.
2025-11-30 14:44:51:4451 [Worker 10660] info: [ECS:MovementSystem] Initialized.
2025-11-30 14:44:51:4451 [Worker 10660] info: [ECS:EntitySimulationSystem] Initialized as the main simulation orchestrator.
2025-11-30 14:44:51:4451 [Worker 10660] info: [ECS:PlayerBoundarySystem] Initialized.
2025-11-30 14:44:51:4451 [Worker 10660] info: [ECS:BoundarySystem] Initialized.
2025-11-30 14:44:51:4451 [Worker 10660] info: [ECS:DestructionEventSystem] Initialized as the main destruction controller.
2025-11-30 14:44:51:4451 [Worker 10660] info: [ECS:CollisionDetectionSystem] Initialized. (Now unified)
2025-11-30 14:44:51:4451 [Worker 10660] info: [ECS:CollisionResolutionSystem] Initialized.
2025-11-30 14:44:51:4451 [Worker 10660] info: [ECS:HitValidationSystem] Initialized.
2025-11-30 14:44:51:4451 [Worker 10660] info: [ECS:HistorySystem] Initialized.
2025-11-30 14:44:51:4451 [Worker 10660] info: [ECS:BuffLifecycleSystem] Initialized.
2025-11-30 14:44:51:4451 [Worker 10660] info: [ECS:StatRecalculationSystem] Initialized.
2025-11-30 14:44:51:4451 [Worker 10660] info: [ECS:OnKillEffectSystem] Initialized.
2025-11-30 14:44:51:4451 [Worker 10660] info: [ECS:LootDropSystem] Initialized.
2025-11-30 14:44:51:4451 [Worker 10660] info: [ECS:SpawnSystem] Initialized.
2025-11-30 14:44:51:4451 [Worker 10660] info: [ECS:LifetimeSystem] Initialized.
2025-11-30 14:44:51:4451 [Worker 10660] info: [ECS:OffscreenCleanupSystem] Initialized.
2025-11-30 14:44:52:4452 [Worker 10104] info: [DBMANAGER] Worker 10104: Connected to dbServer
2025-11-30 14:44:52:4452 [Worker 10104] info: [DBMANAGER] Worker 10104: Identifying with unique ID: gameserver-Hddkwe35fsvk_worker_10104
2025-11-30 14:44:52:4452 [Worker 10104] warn: [DBMANAGER] Worker 10104: Disconnected from dbServer
2025-11-30 14:44:52:4452 [Worker 7960] info: [DBMANAGER] Worker 7960: Connected to dbServer
2025-11-30 14:44:52:4452 [Worker 7960] info: [DBMANAGER] Worker 7960: Identifying with unique ID: gameserver-Hddkwe35fsvk_worker_7960
2025-11-30 14:44:52:4452 [Worker 7960] warn: [DBMANAGER] Worker 7960: Disconnected from dbServer
2025-11-30 14:44:52:4452 [Worker 24744] info: [DBMANAGER] Worker 24744: Connected to dbServer
2025-11-30 14:44:52:4452 [Worker 24744] info: [DBMANAGER] Worker 24744: Identifying with unique ID: gameserver-Hddkwe35fsvk_worker_24744
2025-11-30 14:44:52:4452 [Worker 24744] warn: [DBMANAGER] Worker 24744: Disconnected from dbServer
2025-11-30 14:44:53:4453 [Worker 5872] info: [DBMANAGER] Worker 5872: Connected to dbServer
2025-11-30 14:44:53:4453 [Worker 5872] info: [DBMANAGER] Worker 5872: Identifying with unique ID: gameserver-Hddkwe35fsvk_worker_5872
2025-11-30 14:44:53:4453 [Worker 5872] warn: [DBMANAGER] Worker 5872: Disconnected from dbServer
2025-11-30 14:44:53:4453 [Worker 24832] info: [DBMANAGER] Worker 24832: Connected to dbServer
2025-11-30 14:44:53:4453 [Worker 24832] info: [DBMANAGER] Worker 24832: Identifying with unique ID: gameserver-Hddkwe35fsvk_worker_24832
2025-11-30 14:44:53:4453 [Worker 24832] warn: [DBMANAGER] Worker 24832: Disconnected from dbServer
2025-11-30 14:44:53:4453 [Worker 26136] info: [DBMANAGER] Worker 26136: Connected to dbServer
2025-11-30 14:44:53:4453 [Worker 26136] info: [DBMANAGER] Worker 26136: Identifying with unique ID: gameserver-Hddkwe35fsvk_worker_26136
2025-11-30 14:44:53:4453 [Worker 26136] warn: [DBMANAGER] Worker 26136: Disconnected from dbServer
2025-11-30 14:44:53:4453 [Worker 18112] info: [DBMANAGER] Worker 18112: Connected to dbServer
2025-11-30 14:44:53:4453 [Worker 18112] info: [DBMANAGER] Worker 18112: Identifying with unique ID: gameserver-Hddkwe35fsvk_worker_18112
2025-11-30 14:44:53:4453 [Worker 18112] warn: [DBMANAGER] Worker 18112: Disconnected from dbServer
2025-11-30 14:44:53:4453 [Worker 6348] info: [DBMANAGER] Worker 6348: Connected to dbServer
2025-11-30 14:44:53:4453 [Worker 6348] info: [DBMANAGER] Worker 6348: Identifying with unique ID: gameserver-Hddkwe35fsvk_worker_6348
2025-11-30 14:44:53:4453 [Worker 6348] warn: [DBMANAGER] Worker 6348: Disconnected from dbServer
2025-11-30 14:44:53:4453 [Worker 24752] info: [DBMANAGER] Worker 24752: Connected to dbServer
2025-11-30 14:44:53:4453 [Worker 24752] info: [DBMANAGER] Worker 24752: Identifying with unique ID: gameserver-Hddkwe35fsvk_worker_24752
2025-11-30 14:44:53:4453 [Worker 24752] warn: [DBMANAGER] Worker 24752: Disconnected from dbServer
2025-11-30 14:44:54:4454 [Worker 10104] info: [DBMANAGER] Worker 10104: Connected to dbServer
2025-11-30 14:44:54:4454 [Worker 10104] info: [DBMANAGER] Worker 10104: Identifying with unique ID: gameserver-Hddkwe35fsvk_worker_10104
2025-11-30 14:44:54:4454 [Worker 10104] warn: [DBMANAGER] Worker 10104: Disconnected from dbServer
2025-11-30 14:44:54:4454 [Worker 7960] info: [DBMANAGER] Worker 7960: Connected to dbServer
2025-11-30 14:44:54:4454 [Worker 7960] info: [DBMANAGER] Worker 7960: Identifying with unique ID: gameserver-Hddkwe35fsvk_worker_7960
2025-11-30 14:44:54:4454 [Worker 7960] warn: [DBMANAGER] Worker 7960: Disconnected from dbServer
2025-11-30 14:44:55:4455 [Worker 24744] info: [DBMANAGER] Worker 24744: Connected to dbServer
2025-11-30 14:44:55:4455 [Worker 24744] info: [DBMANAGER] Worker 24744: Identifying with unique ID: gameserver-Hddkwe35fsvk_worker_24744
2025-11-30 14:44:55:4455 [Worker 24744] warn: [DBMANAGER] Worker 24744: Disconnected from dbServer
2025-11-30 14:44:55:4455 [Worker 5872] info: [DBMANAGER] Worker 5872: Connected to dbServer
2025-11-30 14:44:55:4455 [Worker 5872] info: [DBMANAGER] Worker 5872: Identifying with unique ID: gameserver-Hddkwe35fsvk_worker_5872
2025-11-30 14:44:55:4455 [Worker 5872] warn: [DBMANAGER] Worker 5872: Disconnected from dbServer
2025-11-30 14:44:55:4455 [Worker 24832] info: [DBMANAGER] Worker 24832: Connected to dbServer
2025-11-30 14:44:55:4455 [Worker 24832] info: [DBMANAGER] Worker 24832: Identifying with unique ID: gameserver-Hddkwe35fsvk_worker_24832
2025-11-30 14:44:55:4455 [Worker 24832] warn: [DBMANAGER] Worker 24832: Disconnected from dbServer
2025-11-30 14:44:55:4455 [Worker 12536] info: [DBMANAGER] Worker 12536: Connected to dbServer
2025-11-30 14:44:55:4455 [Worker 12536] info: [DBMANAGER] Worker 12536: Identifying with unique ID: gameserver-Hddkwe35fsvk_worker_12536
2025-11-30 14:44:55:4455 [Worker 12536] info: [REDISCLIENT] Worker 12536: Successfully connected to Redis.
2025-11-30 14:44:55:4455 [Worker 12536] info: [GracefulShutdown] Обработчики для воркера 12536 инициализированы и ожидают команды от мастера.
2025-11-30 14:44:55:4455 [Worker 12536] info: Worker 12536 started. WebSocket server running on port 3002
2025-11-30 14:44:55:4455 [Worker 12536] warn: [DBMANAGER] Worker 12536: Disconnected from dbServer
2025-11-30 14:44:55:4455 [Worker 12536] info: [REDISSUBSCRIBER] Worker 12536: Subscribed to 'session-events' and 'session_control_events' channels.
2025-11-30 14:44:55:4455 [Worker 26136] info: [DBMANAGER] Worker 26136: Connected to dbServer
2025-11-30 14:44:55:4455 [Worker 26136] info: [DBMANAGER] Worker 26136: Identifying with unique ID: gameserver-Hddkwe35fsvk_worker_26136
2025-11-30 14:44:55:4455 [Worker 26136] warn: [DBMANAGER] Worker 26136: Disconnected from dbServer
2025-11-30 14:44:55:4455 [Worker 18112] info: [DBMANAGER] Worker 18112: Connected to dbServer
2025-11-30 14:44:55:4455 [Worker 18112] info: [DBMANAGER] Worker 18112: Identifying with unique ID: gameserver-Hddkwe35fsvk_worker_18112
2025-11-30 14:44:55:4455 [Worker 18112] warn: [DBMANAGER] Worker 18112: Disconnected from dbServer
2025-11-30 14:44:55:4455 [Worker 6348] info: [DBMANAGER] Worker 6348: Connected to dbServer
2025-11-30 14:44:55:4455 [Worker 6348] info: [DBMANAGER] Worker 6348: Identifying with unique ID: gameserver-Hddkwe35fsvk_worker_6348
2025-11-30 14:44:55:4455 [Worker 6348] warn: [DBMANAGER] Worker 6348: Disconnected from dbServer
2025-11-30 14:44:55:4455 [Worker 24752] info: [DBMANAGER] Worker 24752: Connected to dbServer
2025-11-30 14:44:55:4455 [Worker 24752] info: [DBMANAGER] Worker 24752: Identifying with unique ID: gameserver-Hddkwe35fsvk_worker_24752
2025-11-30 14:44:55:4455 [Worker 24752] warn: [DBMANAGER] Worker 24752: Disconnected from dbServer
2025-11-30 14:44:56:4456 [Worker 10104] info: [DBMANAGER] Worker 10104: Connected to dbServer
2025-11-30 14:44:56:4456 [Worker 10104] info: [DBMANAGER] Worker 10104: Identifying with unique ID: gameserver-Hddkwe35fsvk_worker_10104
2025-11-30 14:44:56:4456 [Worker 10104] warn: [DBMANAGER] Worker 10104: Disconnected from dbServer
2025-11-30 14:44:56:4456 [Worker 7960] info: [DBMANAGER] Worker 7960: Connected to dbServer
2025-11-30 14:44:56:4456 [Worker 7960] info: [DBMANAGER] Worker 7960: Identifying with unique ID: gameserver-Hddkwe35fsvk_worker_7960
2025-11-30 14:44:56:4456 [Worker 7960] warn: [DBMANAGER] Worker 7960: Disconnected from dbServer
2025-11-30 14:44:57:4457 [Worker 24744] info: [DBMANAGER] Worker 24744: Connected to dbServer
2025-11-30 14:44:57:4457 [Worker 24744] info: [DBMANAGER] Worker 24744: Identifying with unique ID: gameserver-Hddkwe35fsvk_worker_24744
2025-11-30 14:44:57:4457 [Worker 24744] warn: [DBMANAGER] Worker 24744: Disconnected from dbServer
2025-11-30 14:44:57:4457 [Worker 5872] info: [DBMANAGER] Worker 5872: Connected to dbServer
2025-11-30 14:44:57:4457 [Worker 5872] info: [DBMANAGER] Worker 5872: Identifying with unique ID: gameserver-Hddkwe35fsvk_worker_5872
2025-11-30 14:44:57:4457 [Worker 5872] warn: [DBMANAGER] Worker 5872: Disconnected from dbServer
2025-11-30 14:44:57:4457 [Worker 24832] info: [DBMANAGER] Worker 24832: Connected to dbServer
2025-11-30 14:44:57:4457 [Worker 24832] info: [DBMANAGER] Worker 24832: Identifying with unique ID: gameserver-Hddkwe35fsvk_worker_24832
2025-11-30 14:44:57:4457 [Worker 24832] warn: [DBMANAGER] Worker 24832: Disconnected from dbServer
2025-11-30 14:44:57:4457 [Worker 12536] info: [DBMANAGER] Worker 12536: Connected to dbServer
2025-11-30 14:44:57:4457 [Worker 12536] info: [DBMANAGER] Worker 12536: Identifying with unique ID: gameserver-Hddkwe35fsvk_worker_12536
2025-11-30 14:44:57:4457 [Worker 12536] warn: [DBMANAGER] Worker 12536: Disconnected from dbServer
2025-11-30 14:44:57:4457 [Worker 26136] info: [DBMANAGER] Worker 26136: Connected to dbServer
2025-11-30 14:44:57:4457 [Worker 26136] info: [DBMANAGER] Worker 26136: Identifying with unique ID: gameserver-Hddkwe35fsvk_worker_26136
2025-11-30 14:44:57:4457 [Worker 26136] warn: [DBMANAGER] Worker 26136: Disconnected from dbServer
2025-11-30 14:44:57:4457 [Worker 18112] info: [DBMANAGER] Worker 18112: Connected to dbServer
2025-11-30 14:44:57:4457 [Worker 18112] info: [DBMANAGER] Worker 18112: Identifying with unique ID: gameserver-Hddkwe35fsvk_worker_18112
2025-11-30 14:44:57:4457 [Worker 18112] warn: [DBMANAGER] Worker 18112: Disconnected from dbServer
2025-11-30 14:44:57:4457 [Worker 6348] info: [DBMANAGER] Worker 6348: Connected to dbServer
2025-11-30 14:44:57:4457 [Worker 6348] info: [DBMANAGER] Worker 6348: Identifying with unique ID: gameserver-Hddkwe35fsvk_worker_6348
2025-11-30 14:44:57:4457 [Worker 6348] warn: [DBMANAGER] Worker 6348: Disconnected from dbServer
2025-11-30 14:44:57:4457 [Worker 24752] info: [DBMANAGER] Worker 24752: Connected to dbServer
2025-11-30 14:44:57:4457 [Worker 24752] info: [DBMANAGER] Worker 24752: Identifying with unique ID: gameserver-Hddkwe35fsvk_worker_24752
2025-11-30 14:44:57:4457 [Worker 24752] warn: [DBMANAGER] Worker 24752: Disconnected from dbServer
2025-11-30 14:44:58:4458 [Worker 10104] info: [DBMANAGER] Worker 10104: Connected to dbServer
2025-11-30 14:44:58:4458 [Worker 10104] info: [DBMANAGER] Worker 10104: Identifying with unique ID: gameserver-Hddkwe35fsvk_worker_10104
2025-11-30 14:44:58:4458 [Worker 10104] warn: [DBMANAGER] Worker 10104: Disconnected from dbServer
2025-11-30 14:44:58:4458 [Worker 7960] info: [DBMANAGER] Worker 7960: Connected to dbServer
2025-11-30 14:44:58:4458 [Worker 7960] info: [DBMANAGER] Worker 7960: Identifying with unique ID: gameserver-Hddkwe35fsvk_worker_7960
2025-11-30 14:44:58:4458 [Worker 7960] warn: [DBMANAGER] Worker 7960: Disconnected from dbServer
2025-11-30 14:44:59:4459 [Worker 24744] info: [DBMANAGER] Worker 24744: Connected to dbServer
2025-11-30 14:44:59:4459 [Worker 24744] info: [DBMANAGER] Worker 24744: Identifying with unique ID: gameserver-Hddkwe35fsvk_worker_24744
2025-11-30 14:44:59:4459 [Worker 24744] warn: [DBMANAGER] Worker 24744: Disconnected from dbServer
2025-11-30 14:44:59:4459 [Worker 5872] info: [DBMANAGER] Worker 5872: Connected to dbServer
2025-11-30 14:44:59:4459 [Worker 5872] info: [DBMANAGER] Worker 5872: Identifying with unique ID: gameserver-Hddkwe35fsvk_worker_5872
2025-11-30 14:44:59:4459 [Worker 5872] warn: [DBMANAGER] Worker 5872: Disconnected from dbServer
2025-11-30 14:44:59:4459 [Worker 24832] info: [DBMANAGER] Worker 24832: Connected to dbServer
2025-11-30 14:44:59:4459 [Worker 24832] info: [DBMANAGER] Worker 24832: Identifying with unique ID: gameserver-Hddkwe35fsvk_worker_24832
2025-11-30 14:44:59:4459 [Worker 24832] warn: [DBMANAGER] Worker 24832: Disconnected from dbServer
2025-11-30 14:44:59:4459 [Worker 12536] info: [DBMANAGER] Worker 12536: Connected to dbServer
2025-11-30 14:44:59:4459 [Worker 12536] info: [DBMANAGER] Worker 12536: Identifying with unique ID: gameserver-Hddkwe35fsvk_worker_12536
2025-11-30 14:44:59:4459 [Worker 12536] warn: [DBMANAGER] Worker 12536: Disconnected from dbServer
2025-11-30 14:44:59:4459 [Worker 26136] info: [DBMANAGER] Worker 26136: Connected to dbServer
2025-11-30 14:44:59:4459 [Worker 26136] info: [DBMANAGER] Worker 26136: Identifying with unique ID: gameserver-Hddkwe35fsvk_worker_26136
2025-11-30 14:44:59:4459 [Worker 26136] warn: [DBMANAGER] Worker 26136: Disconnected from dbServer
2025-11-30 14:44:59:4459 [Worker 18112] info: [DBMANAGER] Worker 18112: Connected to dbServer
2025-11-30 14:44:59:4459 [Worker 18112] info: [DBMANAGER] Worker 18112: Identifying with unique ID: gameserver-Hddkwe35fsvk_worker_18112
2025-11-30 14:44:59:4459 [Worker 18112] warn: [DBMANAGER] Worker 18112: Disconnected from dbServer
2025-11-30 14:44:59:4459 [Worker 6348] info: [DBMANAGER] Worker 6348: Connected to dbServer
2025-11-30 14:44:59:4459 [Worker 6348] info: [DBMANAGER] Worker 6348: Identifying with unique ID: gameserver-Hddkwe35fsvk_worker_6348
2025-11-30 14:44:59:4459 [Worker 6348] warn: [DBMANAGER] Worker 6348: Disconnected from dbServer
2025-11-30 14:44:59:4459 [Worker 24752] info: [DBMANAGER] Worker 24752: Connected to dbServer
2025-11-30 14:44:59:4459 [Worker 24752] info: [DBMANAGER] Worker 24752: Identifying with unique ID: gameserver-Hddkwe35fsvk_worker_24752
2025-11-30 14:44:59:4459 [Worker 24752] warn: [DBMANAGER] Worker 24752: Disconnected from dbServer
2025-11-30 14:45:00:450 [Worker 10104] info: [DBMANAGER] Worker 10104: Connected to dbServer
2025-11-30 14:45:00:450 [Worker 10104] info: [DBMANAGER] Worker 10104: Identifying with unique ID: gameserver-Hddkwe35fsvk_worker_10104
2025-11-30 14:45:00:450 [Worker 10104] warn: [DBMANAGER] Worker 10104: Disconnected from dbServer
2025-11-30 14:45:00:450 [Worker 7960] info: [DBMANAGER] Worker 7960: Connected to dbServer
2025-11-30 14:45:00:450 [Worker 7960] info: [DBMANAGER] Worker 7960: Identifying with unique ID: gameserver-Hddkwe35fsvk_worker_7960
2025-11-30 14:45:00:450 [Worker 7960] warn: [DBMANAGER] Worker 7960: Disconnected from dbServer
2025-11-30 14:45:01:451 [Worker 24744] info: [DBMANAGER] Worker 24744: Connected to dbServer
2025-11-30 14:45:01:451 [Worker 24744] info: [DBMANAGER] Worker 24744: Identifying with unique ID: gameserver-Hddkwe35fsvk_worker_24744
2025-11-30 14:45:01:451 [Worker 24744] warn: [DBMANAGER] Worker 24744: Disconnected from dbServer
2025-11-30 14:45:01:451 [Worker 5872] info: [DBMANAGER] Worker 5872: Connected to dbServer
2025-11-30 14:45:01:451 [Worker 5872] info: [DBMANAGER] Worker 5872: Identifying with unique ID: gameserver-Hddkwe35fsvk_worker_5872
2025-11-30 14:45:01:451 [Worker 5872] warn: [DBMANAGER] Worker 5872: Disconnected from dbServer
2025-11-30 14:45:01:451 [Worker 24832] info: [DBMANAGER] Worker 24832: Connected to dbServer
2025-11-30 14:45:01:451 [Worker 24832] info: [DBMANAGER] Worker 24832: Identifying with unique ID: gameserver-Hddkwe35fsvk_worker_24832
2025-11-30 14:45:01:451 [Worker 24832] warn: [DBMANAGER] Worker 24832: Disconnected from dbServer
2025-11-30 14:45:01:451 [Worker 12536] info: [DBMANAGER] Worker 12536: Connected to dbServer
2025-11-30 14:45:01:451 [Worker 12536] info: [DBMANAGER] Worker 12536: Identifying with unique ID: gameserver-Hddkwe35fsvk_worker_12536
2025-11-30 14:45:01:451 [Worker 12536] warn: [DBMANAGER] Worker 12536: Disconnected from dbServer
2025-11-30 14:45:01:451 [Worker 26136] info: [DBMANAGER] Worker 26136: Connected to dbServer
2025-11-30 14:45:01:451 [Worker 26136] info: [DBMANAGER] Worker 26136: Identifying with unique ID: gameserver-Hddkwe35fsvk_worker_26136
2025-11-30 14:45:01:451 [Worker 26136] warn: [DBMANAGER] Worker 26136: Disconnected from dbServer
2025-11-30 14:45:01:451 [Worker 18112] info: [DBMANAGER] Worker 18112: Connected to dbServer
2025-11-30 14:45:01:451 [Worker 18112] info: [DBMANAGER] Worker 18112: Identifying with unique ID: gameserver-Hddkwe35fsvk_worker_18112
2025-11-30 14:45:01:451 [Worker 18112] warn: [DBMANAGER] Worker 18112: Disconnected from dbServer
2025-11-30 14:45:01:451 [Worker 6348] info: [DBMANAGER] Worker 6348: Connected to dbServer
2025-11-30 14:45:01:451 [Worker 6348] info: [DBMANAGER] Worker 6348: Identifying with unique ID: gameserver-Hddkwe35fsvk_worker_6348
2025-11-30 14:45:01:451 [Worker 6348] warn: [DBMANAGER] Worker 6348: Disconnected from dbServer
2025-11-30 14:45:01:451 [Worker 24752] info: [DBMANAGER] Worker 24752: Connected to dbServer
2025-11-30 14:45:01:451 [Worker 24752] info: [DBMANAGER] Worker 24752: Identifying with unique ID: gameserver-Hddkwe35fsvk_worker_24752
2025-11-30 14:45:01:451 [Worker 24752] warn: [DBMANAGER] Worker 24752: Disconnected from dbServer
2025-11-30 14:45:02:452 [Worker 10104] info: [DBMANAGER] Worker 10104: Connected to dbServer
2025-11-30 14:45:02:452 [Worker 10104] info: [DBMANAGER] Worker 10104: Identifying with unique ID: gameserver-Hddkwe35fsvk_worker_10104
2025-11-30 14:45:02:452 [Worker 10104] warn: [DBMANAGER] Worker 10104: Disconnected from dbServer
2025-11-30 14:45:02:452 [Worker 7960] info: [DBMANAGER] Worker 7960: Connected to dbServer
2025-11-30 14:45:02:452 [Worker 7960] info: [DBMANAGER] Worker 7960: Identifying with unique ID: gameserver-Hddkwe35fsvk_worker_7960
2025-11-30 14:45:02:452 [Worker 7960] warn: [DBMANAGER] Worker 7960: Disconnected from dbServer
2025-11-30 14:45:03:453 [Worker 24744] info: [DBMANAGER] Worker 24744: Connected to dbServer
2025-11-30 14:45:03:453 [Worker 24744] info: [DBMANAGER] Worker 24744: Identifying with unique ID: gameserver-Hddkwe35fsvk_worker_24744
2025-11-30 14:45:03:453 [Worker 24744] warn: [DBMANAGER] Worker 24744: Disconnected from dbServer
2025-11-30 14:45:03:453 [Worker 5872] info: [DBMANAGER] Worker 5872: Connected to dbServer
2025-11-30 14:45:03:453 [Worker 5872] info: [DBMANAGER] Worker 5872: Identifying with unique ID: gameserver-Hddkwe35fsvk_worker_5872
2025-11-30 14:45:03:453 [Worker 5872] warn: [DBMANAGER] Worker 5872: Disconnected from dbServer
2025-11-30 14:45:03:453 [Worker 24832] info: [DBMANAGER] Worker 24832: Connected to dbServer
2025-11-30 14:45:03:453 [Worker 24832] info: [DBMANAGER] Worker 24832: Identifying with unique ID: gameserver-Hddkwe35fsvk_worker_24832
2025-11-30 14:45:03:453 [Worker 24832] warn: [DBMANAGER] Worker 24832: Disconnected from dbServer
2025-11-30 14:45:03:453 [Worker 12536] info: [DBMANAGER] Worker 12536: Connected to dbServer
2025-11-30 14:45:03:453 [Worker 12536] info: [DBMANAGER] Worker 12536: Identifying with unique ID: gameserver-Hddkwe35fsvk_worker_12536
2025-11-30 14:45:03:453 [Worker 12536] warn: [DBMANAGER] Worker 12536: Disconnected from dbServer
2025-11-30 14:45:03:453 [Worker 26136] info: [DBMANAGER] Worker 26136: Connected to dbServer
2025-11-30 14:45:03:453 [Worker 26136] info: [DBMANAGER] Worker 26136: Identifying with unique ID: gameserver-Hddkwe35fsvk_worker_26136
2025-11-30 14:45:03:453 [Worker 26136] warn: [DBMANAGER] Worker 26136: Disconnected from dbServer
2025-11-30 14:45:03:453 [Worker 18112] info: [DBMANAGER] Worker 18112: Connected to dbServer
2025-11-30 14:45:03:453 [Worker 18112] info: [DBMANAGER] Worker 18112: Identifying with unique ID: gameserver-Hddkwe35fsvk_worker_18112
2025-11-30 14:45:03:453 [Worker 18112] warn: [DBMANAGER] Worker 18112: Disconnected from dbServer
2025-11-30 14:45:03:453 [Worker 6348] info: [DBMANAGER] Worker 6348: Connected to dbServer
2025-11-30 14:45:03:453 [Worker 6348] info: [DBMANAGER] Worker 6348: Identifying with unique ID: gameserver-Hddkwe35fsvk_worker_6348
2025-11-30 14:45:03:453 [Worker 6348] warn: [DBMANAGER] Worker 6348: Disconnected from dbServer
2025-11-30 14:45:03:453 [Worker 24752] info: [DBMANAGER] Worker 24752: Connected to dbServer
2025-11-30 14:45:03:453 [Worker 24752] info: [DBMANAGER] Worker 24752: Identifying with unique ID: gameserver-Hddkwe35fsvk_worker_24752
2025-11-30 14:45:03:453 [Worker 24752] warn: [DBMANAGER] Worker 24752: Disconnected from dbServer
2025-11-30 14:45:04:454 [Worker 10660] info: [DBMANAGER] Worker 10660: Connected to dbServer
2025-11-30 14:45:04:454 [Worker 10660] info: [DBMANAGER] Worker 10660: Identifying with unique ID: gameserver-Hddkwe35fsvk_worker_10660
2025-11-30 14:45:04:454 [Worker 10660] info: [REDISCLIENT] Worker 10660: Successfully connected to Redis.
2025-11-30 14:45:04:454 [Worker 10660] info: [GracefulShutdown] Обработчики для воркера 10660 инициализированы и ожидают команды от мастера.
2025-11-30 14:45:04:454 [Worker 10660] info: Worker 10660 started. WebSocket server running on port 3002
2025-11-30 14:45:04:454 [Worker 10660] warn: [DBMANAGER] Worker 10660: Disconnected from dbServer
2025-11-30 14:45:04:454 [Worker 10660] info: [REDISSUBSCRIBER] Worker 10660: Subscribed to 'session-events' and 'session_control_events' channels.
2025-11-30 14:45:04:454 [Worker 10104] info: [DBMANAGER] Worker 10104: Connected to dbServer
2025-11-30 14:45:04:454 [Worker 10104] info: [DBMANAGER] Worker 10104: Identifying with unique ID: gameserver-Hddkwe35fsvk_worker_10104
2025-11-30 14:45:04:454 [Worker 10104] warn: [DBMANAGER] Worker 10104: Disconnected from dbServer
2025-11-30 14:45:04:454 [Worker 7960] info: [DBMANAGER] Worker 7960: Connected to dbServer
2025-11-30 14:45:04:454 [Worker 7960] info: [DBMANAGER] Worker 7960: Identifying with unique ID: gameserver-Hddkwe35fsvk_worker_7960
2025-11-30 14:45:04:454 [Worker 7960] warn: [DBMANAGER] Worker 7960: Disconnected from dbServer
2025-11-30 14:45:05:455 [Worker 24744] info: [DBMANAGER] Worker 24744: Connected to dbServer
2025-11-30 14:45:05:455 [Worker 24744] info: [DBMANAGER] Worker 24744: Identifying with unique ID: gameserver-Hddkwe35fsvk_worker_24744
2025-11-30 14:45:05:455 [Worker 24744] warn: [DBMANAGER] Worker 24744: Disconnected from dbServer
2025-11-30 14:45:05:455 [Worker 5872] info: [DBMANAGER] Worker 5872: Connected to dbServer
2025-11-30 14:45:05:455 [Worker 5872] info: [DBMANAGER] Worker 5872: Identifying with unique ID: gameserver-Hddkwe35fsvk_worker_5872
2025-11-30 14:45:05:455 [Worker 5872] warn: [DBMANAGER] Worker 5872: Disconnected from dbServer
2025-11-30 14:45:05:455 [Worker 24832] info: [DBMANAGER] Worker 24832: Connected to dbServer
2025-11-30 14:45:05:455 [Worker 24832] info: [DBMANAGER] Worker 24832: Identifying with unique ID: gameserver-Hddkwe35fsvk_worker_24832
2025-11-30 14:45:05:455 [Worker 24832] warn: [DBMANAGER] Worker 24832: Disconnected from dbServer
2025-11-30 14:45:05:455 [Worker 12536] info: [DBMANAGER] Worker 12536: Connected to dbServer
2025-11-30 14:45:05:455 [Worker 12536] info: [DBMANAGER] Worker 12536: Identifying with unique ID: gameserver-Hddkwe35fsvk_worker_12536
2025-11-30 14:45:05:455 [Worker 12536] warn: [DBMANAGER] Worker 12536: Disconnected from dbServer
2025-11-30 14:45:05:455 [Worker 26136] info: [DBMANAGER] Worker 26136: Connected to dbServer
2025-11-30 14:45:05:455 [Worker 26136] info: [DBMANAGER] Worker 26136: Identifying with unique ID: gameserver-Hddkwe35fsvk_worker_26136
2025-11-30 14:45:05:455 [Worker 26136] warn: [DBMANAGER] Worker 26136: Disconnected from dbServer
2025-11-30 14:45:05:455 [Worker 18112] info: [DBMANAGER] Worker 18112: Connected to dbServer
2025-11-30 14:45:05:455 [Worker 18112] info: [DBMANAGER] Worker 18112: Identifying with unique ID: gameserver-Hddkwe35fsvk_worker_18112
2025-11-30 14:45:05:455 [Worker 18112] warn: [DBMANAGER] Worker 18112: Disconnected from dbServer
2025-11-30 14:45:05:455 [Worker 6348] info: [DBMANAGER] Worker 6348: Connected to dbServer
2025-11-30 14:45:05:455 [Worker 6348] info: [DBMANAGER] Worker 6348: Identifying with unique ID: gameserver-Hddkwe35fsvk_worker_6348
2025-11-30 14:45:05:455 [Worker 6348] warn: [DBMANAGER] Worker 6348: Disconnected from dbServer
2025-11-30 14:45:05:455 [Worker 24752] info: [DBMANAGER] Worker 24752: Connected to dbServer
2025-11-30 14:45:05:455 [Worker 24752] info: [DBMANAGER] Worker 24752: Identifying with unique ID: gameserver-Hddkwe35fsvk_worker_24752
2025-11-30 14:45:05:455 [Worker 24752] warn: [DBMANAGER] Worker 24752: Disconnected from dbServer
2025-11-30 14:45:06:456 [Worker 10660] info: [DBMANAGER] Worker 10660: Connected to dbServer
2025-11-30 14:45:06:456 [Worker 10660] info: [DBMANAGER] Worker 10660: Identifying with unique ID: gameserver-Hddkwe35fsvk_worker_10660
2025-11-30 14:45:06:456 [Worker 10660] warn: [DBMANAGER] Worker 10660: Disconnected from dbServer
2025-11-30 14:45:06:456 [Worker 10104] info: [DBMANAGER] Worker 10104: Connected to dbServer
2025-11-30 14:45:06:456 [Worker 10104] info: [DBMANAGER] Worker 10104: Identifying with unique ID: gameserver-Hddkwe35fsvk_worker_10104
2025-11-30 14:45:06:456 [Worker 10104] warn: [DBMANAGER] Worker 10104: Disconnected from dbServer
2025-11-30 14:45:06:456 [Worker 7960] info: [DBMANAGER] Worker 7960: Connected to dbServer
2025-11-30 14:45:06:456 [Worker 7960] info: [DBMANAGER] Worker 7960: Identifying with unique ID: gameserver-Hddkwe35fsvk_worker_7960
2025-11-30 14:45:06:456 [Worker 7960] warn: [DBMANAGER] Worker 7960: Disconnected from dbServer
2025-11-30 14:45:07:457 [Worker 24744] info: [DBMANAGER] Worker 24744: Connected to dbServer
2025-11-30 14:45:07:457 [Worker 24744] info: [DBMANAGER] Worker 24744: Identifying with unique ID: gameserver-Hddkwe35fsvk_worker_24744
2025-11-30 14:45:07:457 [Worker 24744] warn: [DBMANAGER] Worker 24744: Disconnected from dbServer
2025-11-30 14:45:07:457 [Worker 5872] info: [DBMANAGER] Worker 5872: Connected to dbServer
2025-11-30 14:45:07:457 [Worker 5872] info: [DBMANAGER] Worker 5872: Identifying with unique ID: gameserver-Hddkwe35fsvk_worker_5872
2025-11-30 14:45:07:457 [Worker 5872] warn: [DBMANAGER] Worker 5872: Disconnected from dbServer
2025-11-30 14:45:07:457 [Worker 24832] info: [DBMANAGER] Worker 24832: Connected to dbServer
2025-11-30 14:45:07:457 [Worker 24832] info: [DBMANAGER] Worker 24832: Identifying with unique ID: gameserver-Hddkwe35fsvk_worker_24832
2025-11-30 14:45:07:457 [Worker 24832] warn: [DBMANAGER] Worker 24832: Disconnected from dbServer
2025-11-30 14:45:07:457 [Worker 12536] info: [DBMANAGER] Worker 12536: Connected to dbServer
2025-11-30 14:45:07:457 [Worker 12536] info: [DBMANAGER] Worker 12536: Identifying with unique ID: gameserver-Hddkwe35fsvk_worker_12536
2025-11-30 14:45:07:457 [Worker 12536] warn: [DBMANAGER] Worker 12536: Disconnected from dbServer
2025-11-30 14:45:07:457 [Worker 26136] info: [DBMANAGER] Worker 26136: Connected to dbServer
2025-11-30 14:45:07:457 [Worker 26136] info: [DBMANAGER] Worker 26136: Identifying with unique ID: gameserver-Hddkwe35fsvk_worker_26136
2025-11-30 14:45:07:457 [Worker 26136] warn: [DBMANAGER] Worker 26136: Disconnected from dbServer
2025-11-30 14:45:07:457 [Worker 18112] info: [DBMANAGER] Worker 18112: Connected to dbServer
2025-11-30 14:45:07:457 [Worker 18112] info: [DBMANAGER] Worker 18112: Identifying with unique ID: gameserver-Hddkwe35fsvk_worker_18112
2025-11-30 14:45:07:457 [Worker 18112] warn: [DBMANAGER] Worker 18112: Disconnected from dbServer
2025-11-30 14:45:07:457 [Worker 6348] info: [DBMANAGER] Worker 6348: Connected to dbServer
2025-11-30 14:45:07:457 [Worker 6348] info: [DBMANAGER] Worker 6348: Identifying with unique ID: gameserver-Hddkwe35fsvk_worker_6348
2025-11-30 14:45:07:457 [Worker 6348] warn: [DBMANAGER] Worker 6348: Disconnected from dbServer
2025-11-30 14:45:08:458 [Worker 24752] info: [DBMANAGER] Worker 24752: Connected to dbServer
2025-11-30 14:45:08:458 [Worker 24752] info: [DBMANAGER] Worker 24752: Identifying with unique ID: gameserver-Hddkwe35fsvk_worker_24752
2025-11-30 14:45:08:458 [Worker 24752] warn: [DBMANAGER] Worker 24752: Disconnected from dbServer
2025-11-30 14:45:08:458 [Worker 10660] info: [DBMANAGER] Worker 10660: Connected to dbServer
2025-11-30 14:45:08:458 [Worker 10660] info: [DBMANAGER] Worker 10660: Identifying with unique ID: gameserver-Hddkwe35fsvk_worker_10660
2025-11-30 14:45:08:458 [Worker 10660] warn: [DBMANAGER] Worker 10660: Disconnected from dbServer
2025-11-30 14:45:08:458 [Worker 10104] info: [DBMANAGER] Worker 10104: Connected to dbServer
2025-11-30 14:45:08:458 [Worker 10104] info: [DBMANAGER] Worker 10104: Identifying with unique ID: gameserver-Hddkwe35fsvk_worker_10104
2025-11-30 14:45:08:458 [Worker 10104] warn: [DBMANAGER] Worker 10104: Disconnected from dbServer
2025-11-30 14:45:08:458 [Worker 7960] info: [DBMANAGER] Worker 7960: Connected to dbServer
2025-11-30 14:45:08:458 [Worker 7960] info: [DBMANAGER] Worker 7960: Identifying with unique ID: gameserver-Hddkwe35fsvk_worker_7960
2025-11-30 14:45:08:458 [Worker 7960] warn: [DBMANAGER] Worker 7960: Disconnected from dbServer
2025-11-30 14:45:09:459 [Worker 24744] info: [DBMANAGER] Worker 24744: Connected to dbServer
2025-11-30 14:45:09:459 [Worker 24744] info: [DBMANAGER] Worker 24744: Identifying with unique ID: gameserver-Hddkwe35fsvk_worker_24744
2025-11-30 14:45:09:459 [Worker 24744] warn: [DBMANAGER] Worker 24744: Disconnected from dbServer
2025-11-30 14:45:09:459 [Worker 5872] info: [DBMANAGER] Worker 5872: Connected to dbServer
2025-11-30 14:45:09:459 [Worker 5872] info: [DBMANAGER] Worker 5872: Identifying with unique ID: gameserver-Hddkwe35fsvk_worker_5872
2025-11-30 14:45:09:459 [Worker 5872] warn: [DBMANAGER] Worker 5872: Disconnected from dbServer
2025-11-30 14:45:09:459 [Worker 24832] info: [DBMANAGER] Worker 24832: Connected to dbServer
2025-11-30 14:45:09:459 [Worker 24832] info: [DBMANAGER] Worker 24832: Identifying with unique ID: gameserver-Hddkwe35fsvk_worker_24832
2025-11-30 14:45:09:459 [Worker 24832] warn: [DBMANAGER] Worker 24832: Disconnected from dbServer
2025-11-30 14:45:09:459 [Worker 12536] info: [DBMANAGER] Worker 12536: Connected to dbServer
2025-11-30 14:45:09:459 [Worker 12536] info: [DBMANAGER] Worker 12536: Identifying with unique ID: gameserver-Hddkwe35fsvk_worker_12536
2025-11-30 14:45:09:459 [Worker 12536] warn: [DBMANAGER] Worker 12536: Disconnected from dbServer
2025-11-30 14:45:09:459 [Worker 26136] info: [DBMANAGER] Worker 26136: Connected to dbServer
2025-11-30 14:45:09:459 [Worker 26136] info: [DBMANAGER] Worker 26136: Identifying with unique ID: gameserver-Hddkwe35fsvk_worker_26136
2025-11-30 14:45:09:459 [Worker 26136] warn: [DBMANAGER] Worker 26136: Disconnected from dbServer
2025-11-30 14:45:09:459 [Worker 18112] info: [DBMANAGER] Worker 18112: Connected to dbServer
2025-11-30 14:45:09:459 [Worker 18112] info: [DBMANAGER] Worker 18112: Identifying with unique ID: gameserver-Hddkwe35fsvk_worker_18112
2025-11-30 14:45:09:459 [Worker 18112] warn: [DBMANAGER] Worker 18112: Disconnected from dbServer
2025-11-30 14:45:10:4510 [Worker 6348] info: [DBMANAGER] Worker 6348: Connected to dbServer
2025-11-30 14:45:10:4510 [Worker 6348] info: [DBMANAGER] Worker 6348: Identifying with unique ID: gameserver-Hddkwe35fsvk_worker_6348
2025-11-30 14:45:10:4510 [Worker 6348] warn: [DBMANAGER] Worker 6348: Disconnected from dbServer
2025-11-30 14:45:10:4510 [Worker 24752] info: [DBMANAGER] Worker 24752: Connected to dbServer
2025-11-30 14:45:10:4510 [Worker 24752] info: [DBMANAGER] Worker 24752: Identifying with unique ID: gameserver-Hddkwe35fsvk_worker_24752
2025-11-30 14:45:10:4510 [Worker 24752] warn: [DBMANAGER] Worker 24752: Disconnected from dbServer
2025-11-30 14:45:10:4510 [Worker 10660] info: [DBMANAGER] Worker 10660: Connected to dbServer
2025-11-30 14:45:10:4510 [Worker 10660] info: [DBMANAGER] Worker 10660: Identifying with unique ID: gameserver-Hddkwe35fsvk_worker_10660
2025-11-30 14:45:10:4510 [Worker 10660] warn: [DBMANAGER] Worker 10660: Disconnected from dbServer
2025-11-30 14:45:10:4510 [Worker 10104] info: [DBMANAGER] Worker 10104: Connected to dbServer
2025-11-30 14:45:10:4510 [Worker 10104] info: [DBMANAGER] Worker 10104: Identifying with unique ID: gameserver-Hddkwe35fsvk_worker_10104
2025-11-30 14:45:10:4510 [Worker 10104] warn: [DBMANAGER] Worker 10104: Disconnected from dbServer
2025-11-30 14:45:10:4510 [Worker 7960] info: [DBMANAGER] Worker 7960: Connected to dbServer
2025-11-30 14:45:10:4510 [Worker 7960] info: [DBMANAGER] Worker 7960: Identifying with unique ID: gameserver-Hddkwe35fsvk_worker_7960
2025-11-30 14:45:10:4510 [Worker 7960] warn: [DBMANAGER] Worker 7960: Disconnected from dbServer
2025-11-30 14:45:11:4511 [Worker 26412] info: [DBMANAGER] Worker 26412: Connected to dbServer
2025-11-30 14:45:11:4511 [Worker 26412] info: [DBMANAGER] Worker 26412: Identifying with unique ID: gameserver-Hddkwe35fsvk_worker_26412
2025-11-30 14:45:11:4511 [Worker 26412] info: [REDISCLIENT] Worker 26412: Successfully connected to Redis.
2025-11-30 14:45:11:4511 [Worker 26412] info: [GracefulShutdown] Обработчики для воркера 26412 инициализированы и ожидают команды от мастера.
2025-11-30 14:45:11:4511 [Worker 26412] info: Worker 26412 started. WebSocket server running on port 3002
2025-11-30 14:45:11:4511 [Worker 26412] warn: [DBMANAGER] Worker 26412: Disconnected from dbServer
2025-11-30 14:45:11:4511 [Worker 26412] info: [REDISSUBSCRIBER] Worker 26412: Subscribed to 'session-events' and 'session_control_events' channels.
2025-11-30 14:45:11:4511 [Worker 24744] info: [DBMANAGER] Worker 24744: Connected to dbServer
2025-11-30 14:45:11:4511 [Worker 24744] info: [DBMANAGER] Worker 24744: Identifying with unique ID: gameserver-Hddkwe35fsvk_worker_24744
2025-11-30 14:45:11:4511 [Worker 24744] warn: [DBMANAGER] Worker 24744: Disconnected from dbServer
2025-11-30 14:45:11:4511 [Worker 5872] info: [DBMANAGER] Worker 5872: Connected to dbServer
2025-11-30 14:45:11:4511 [Worker 5872] info: [DBMANAGER] Worker 5872: Identifying with unique ID: gameserver-Hddkwe35fsvk_worker_5872
2025-11-30 14:45:11:4511 [Worker 5872] warn: [DBMANAGER] Worker 5872: Disconnected from dbServer
2025-11-30 14:45:11:4511 [Worker 24832] info: [DBMANAGER] Worker 24832: Connected to dbServer
2025-11-30 14:45:11:4511 [Worker 24832] info: [DBMANAGER] Worker 24832: Identifying with unique ID: gameserver-Hddkwe35fsvk_worker_24832
2025-11-30 14:45:11:4511 [Worker 24832] warn: [DBMANAGER] Worker 24832: Disconnected from dbServer
2025-11-30 14:45:11:4511 [Worker 12536] info: [DBMANAGER] Worker 12536: Connected to dbServer
2025-11-30 14:45:11:4511 [Worker 12536] info: [DBMANAGER] Worker 12536: Identifying with unique ID: gameserver-Hddkwe35fsvk_worker_12536
2025-11-30 14:45:11:4511 [Worker 12536] warn: [DBMANAGER] Worker 12536: Disconnected from dbServer
2025-11-30 14:45:11:4511 [Worker 26136] info: [DBMANAGER] Worker 26136: Connected to dbServer
2025-11-30 14:45:11:4511 [Worker 26136] info: [DBMANAGER] Worker 26136: Identifying with unique ID: gameserver-Hddkwe35fsvk_worker_26136
2025-11-30 14:45:11:4511 [Worker 26136] warn: [DBMANAGER] Worker 26136: Disconnected from dbServer
2025-11-30 14:45:11:4511 [Worker 18112] info: [DBMANAGER] Worker 18112: Connected to dbServer
2025-11-30 14:45:11:4511 [Worker 18112] info: [DBMANAGER] Worker 18112: Identifying with unique ID: gameserver-Hddkwe35fsvk_worker_18112
2025-11-30 14:45:11:4511 [Worker 18112] warn: [DBMANAGER] Worker 18112: Disconnected from dbServer
2025-11-30 14:45:12:4512 [Worker 6348] info: [DBMANAGER] Worker 6348: Connected to dbServer
2025-11-30 14:45:12:4512 [Worker 6348] info: [DBMANAGER] Worker 6348: Identifying with unique ID: gameserver-Hddkwe35fsvk_worker_6348
2025-11-30 14:45:12:4512 [Worker 6348] warn: [DBMANAGER] Worker 6348: Disconnected from dbServer
2025-11-30 14:45:12:4512 [Worker 24752] info: [DBMANAGER] Worker 24752: Connected to dbServer
2025-11-30 14:45:12:4512 [Worker 24752] info: [DBMANAGER] Worker 24752: Identifying with unique ID: gameserver-Hddkwe35fsvk_worker_24752
2025-11-30 14:45:12:4512 [Worker 24752] warn: [DBMANAGER] Worker 24752: Disconnected from dbServer
2025-11-30 14:45:12:4512 [Worker 10660] info: [DBMANAGER] Worker 10660: Connected to dbServer
2025-11-30 14:45:12:4512 [Worker 10660] info: [DBMANAGER] Worker 10660: Identifying with unique ID: gameserver-Hddkwe35fsvk_worker_10660
2025-11-30 14:45:12:4512 [Worker 10660] warn: [DBMANAGER] Worker 10660: Disconnected from dbServer
2025-11-30 14:45:12:4512 [Worker 10104] info: [DBMANAGER] Worker 10104: Connected to dbServer
2025-11-30 14:45:12:4512 [Worker 10104] info: [DBMANAGER] Worker 10104: Identifying with unique ID: gameserver-Hddkwe35fsvk_worker_10104
2025-11-30 14:45:12:4512 [Worker 10104] warn: [DBMANAGER] Worker 10104: Disconnected from dbServer
2025-11-30 14:45:13:4513 [Worker 7960] info: [DBMANAGER] Worker 7960: Connected to dbServer
2025-11-30 14:45:13:4513 [Worker 7960] info: [DBMANAGER] Worker 7960: Identifying with unique ID: gameserver-Hddkwe35fsvk_worker_7960
2025-11-30 14:45:13:4513 [Worker 7960] warn: [DBMANAGER] Worker 7960: Disconnected from dbServer
2025-11-30 14:45:13:4513 [Worker 26412] info: [DBMANAGER] Worker 26412: Connected to dbServer
2025-11-30 14:45:13:4513 [Worker 26412] info: [DBMANAGER] Worker 26412: Identifying with unique ID: gameserver-Hddkwe35fsvk_worker_26412
2025-11-30 14:45:13:4513 [Worker 26412] warn: [DBMANAGER] Worker 26412: Disconnected from dbServer
2025-11-30 14:45:13:4513 [Worker 24744] info: [DBMANAGER] Worker 24744: Connected to dbServer
2025-11-30 14:45:13:4513 [Worker 24744] info: [DBMANAGER] Worker 24744: Identifying with unique ID: gameserver-Hddkwe35fsvk_worker_24744
2025-11-30 14:45:13:4513 [Worker 24744] warn: [DBMANAGER] Worker 24744: Disconnected from dbServer
2025-11-30 14:45:13:4513 [Worker 5872] info: [DBMANAGER] Worker 5872: Connected to dbServer
2025-11-30 14:45:13:4513 [Worker 5872] info: [DBMANAGER] Worker 5872: Identifying with unique ID: gameserver-Hddkwe35fsvk_worker_5872
2025-11-30 14:45:13:4513 [Worker 5872] warn: [DBMANAGER] Worker 5872: Disconnected from dbServer
2025-11-30 14:45:13:4513 [Worker 24832] info: [DBMANAGER] Worker 24832: Connected to dbServer
2025-11-30 14:45:13:4513 [Worker 24832] info: [DBMANAGER] Worker 24832: Identifying with unique ID: gameserver-Hddkwe35fsvk_worker_24832
2025-11-30 14:45:13:4513 [Worker 24832] warn: [DBMANAGER] Worker 24832: Disconnected from dbServer
2025-11-30 14:45:13:4513 [Worker 12536] info: [DBMANAGER] Worker 12536: Connected to dbServer
2025-11-30 14:45:13:4513 [Worker 12536] info: [DBMANAGER] Worker 12536: Identifying with unique ID: gameserver-Hddkwe35fsvk_worker_12536
2025-11-30 14:45:13:4513 [Worker 12536] warn: [DBMANAGER] Worker 12536: Disconnected from dbServer
2025-11-30 14:45:13:4513 [Worker 26136] info: [DBMANAGER] Worker 26136: Connected to dbServer
2025-11-30 14:45:13:4513 [Worker 26136] info: [DBMANAGER] Worker 26136: Identifying with unique ID: gameserver-Hddkwe35fsvk_worker_26136
2025-11-30 14:45:13:4513 [Worker 26136] warn: [DBMANAGER] Worker 26136: Disconnected from dbServer
2025-11-30 14:45:13:4513 [Worker 18112] info: [DBMANAGER] Worker 18112: Connected to dbServer
2025-11-30 14:45:13:4513 [Worker 18112] info: [DBMANAGER] Worker 18112: Identifying with unique ID: gameserver-Hddkwe35fsvk_worker_18112
2025-11-30 14:45:13:4513 [Worker 18112] warn: [DBMANAGER] Worker 18112: Disconnected from dbServer
2025-11-30 14:45:14:4514 [Worker 6348] info: [DBMANAGER] Worker 6348: Connected to dbServer
2025-11-30 14:45:14:4514 [Worker 6348] info: [DBMANAGER] Worker 6348: Identifying with unique ID: gameserver-Hddkwe35fsvk_worker_6348
2025-11-30 14:45:14:4514 [Worker 6348] warn: [DBMANAGER] Worker 6348: Disconnected from dbServer
2025-11-30 14:45:14:4514 [Worker 24752] info: [DBMANAGER] Worker 24752: Connected to dbServer
2025-11-30 14:45:14:4514 [Worker 24752] info: [DBMANAGER] Worker 24752: Identifying with unique ID: gameserver-Hddkwe35fsvk_worker_24752
2025-11-30 14:45:14:4514 [Worker 24752] warn: [DBMANAGER] Worker 24752: Disconnected from dbServer
2025-11-30 14:45:14:4514 [Worker 10660] info: [DBMANAGER] Worker 10660: Connected to dbServer
2025-11-30 14:45:14:4514 [Worker 10660] info: [DBMANAGER] Worker 10660: Identifying with unique ID: gameserver-Hddkwe35fsvk_worker_10660
2025-11-30 14:45:14:4514 [Worker 10660] warn: [DBMANAGER] Worker 10660: Disconnected from dbServer
2025-11-30 14:45:14:4514 [Worker 10104] info: [DBMANAGER] Worker 10104: Connected to dbServer
2025-11-30 14:45:14:4514 [Worker 10104] info: [DBMANAGER] Worker 10104: Identifying with unique ID: gameserver-Hddkwe35fsvk_worker_10104
2025-11-30 14:45:14:4514 [Worker 10104] warn: [DBMANAGER] Worker 10104: Disconnected from dbServer
2025-11-30 14:45:15:4515 [Worker 7960] info: [DBMANAGER] Worker 7960: Connected to dbServer
2025-11-30 14:45:15:4515 [Worker 7960] info: [DBMANAGER] Worker 7960: Identifying with unique ID: gameserver-Hddkwe35fsvk_worker_7960
2025-11-30 14:45:15:4515 [Worker 7960] warn: [DBMANAGER] Worker 7960: Disconnected from dbServer
2025-11-30 14:45:15:4515 [Worker 26412] info: [DBMANAGER] Worker 26412: Connected to dbServer
2025-11-30 14:45:15:4515 [Worker 26412] info: [DBMANAGER] Worker 26412: Identifying with unique ID: gameserver-Hddkwe35fsvk_worker_26412
2025-11-30 14:45:15:4515 [Worker 26412] warn: [DBMANAGER] Worker 26412: Disconnected from dbServer
2025-11-30 14:45:15:4515 [Worker 24744] info: [DBMANAGER] Worker 24744: Connected to dbServer
2025-11-30 14:45:15:4515 [Worker 24744] info: [DBMANAGER] Worker 24744: Identifying with unique ID: gameserver-Hddkwe35fsvk_worker_24744
2025-11-30 14:45:15:4515 [Worker 24744] warn: [DBMANAGER] Worker 24744: Disconnected from dbServer
2025-11-30 14:45:15:4515 [Worker 5872] info: [DBMANAGER] Worker 5872: Connected to dbServer
2025-11-30 14:45:15:4515 [Worker 5872] info: [DBMANAGER] Worker 5872: Identifying with unique ID: gameserver-Hddkwe35fsvk_worker_5872
2025-11-30 14:45:15:4515 [Worker 5872] warn: [DBMANAGER] Worker 5872: Disconnected from dbServer
2025-11-30 14:45:15:4515 [Worker 24832] info: [DBMANAGER] Worker 24832: Connected to dbServer
2025-11-30 14:45:15:4515 [Worker 24832] info: [DBMANAGER] Worker 24832: Identifying with unique ID: gameserver-Hddkwe35fsvk_worker_24832
2025-11-30 14:45:15:4515 [Worker 24832] warn: [DBMANAGER] Worker 24832: Disconnected from dbServer
2025-11-30 14:45:15:4515 [Worker 12536] info: [DBMANAGER] Worker 12536: Connected to dbServer
2025-11-30 14:45:15:4515 [Worker 12536] info: [DBMANAGER] Worker 12536: Identifying with unique ID: gameserver-Hddkwe35fsvk_worker_12536
2025-11-30 14:45:15:4515 [Worker 12536] warn: [DBMANAGER] Worker 12536: Disconnected from dbServer
2025-11-30 14:45:15:4515 [Worker 26136] info: [DBMANAGER] Worker 26136: Connected to dbServer
2025-11-30 14:45:15:4515 [Worker 26136] info: [DBMANAGER] Worker 26136: Identifying with unique ID: gameserver-Hddkwe35fsvk_worker_26136
2025-11-30 14:45:15:4515 [Worker 26136] warn: [DBMANAGER] Worker 26136: Disconnected from dbServer
2025-11-30 14:45:16:4516 [Worker 18112] info: [DBMANAGER] Worker 18112: Connected to dbServer
2025-11-30 14:45:16:4516 [Worker 18112] info: [DBMANAGER] Worker 18112: Identifying with unique ID: gameserver-Hddkwe35fsvk_worker_18112
2025-11-30 14:45:16:4516 [Worker 18112] warn: [DBMANAGER] Worker 18112: Disconnected from dbServer
2025-11-30 14:45:16:4516 [Worker 6348] info: [DBMANAGER] Worker 6348: Connected to dbServer
2025-11-30 14:45:16:4516 [Worker 6348] info: [DBMANAGER] Worker 6348: Identifying with unique ID: gameserver-Hddkwe35fsvk_worker_6348
2025-11-30 14:45:16:4516 [Worker 6348] warn: [DBMANAGER] Worker 6348: Disconnected from dbServer
2025-11-30 14:45:16:4516 [Worker 24752] info: [DBMANAGER] Worker 24752: Connected to dbServer
2025-11-30 14:45:16:4516 [Worker 24752] info: [DBMANAGER] Worker 24752: Identifying with unique ID: gameserver-Hddkwe35fsvk_worker_24752
2025-11-30 14:45:16:4516 [Worker 24752] warn: [DBMANAGER] Worker 24752: Disconnected from dbServer
2025-11-30 14:45:16:4516 [Worker 10660] info: [DBMANAGER] Worker 10660: Connected to dbServer
2025-11-30 14:45:16:4516 [Worker 10660] info: [DBMANAGER] Worker 10660: Identifying with unique ID: gameserver-Hddkwe35fsvk_worker_10660
2025-11-30 14:45:16:4516 [Worker 10660] warn: [DBMANAGER] Worker 10660: Disconnected from dbServer
2025-11-30 14:45:16:4516 [Worker 10104] info: [DBMANAGER] Worker 10104: Connected to dbServer
2025-11-30 14:45:16:4516 [Worker 10104] info: [DBMANAGER] Worker 10104: Identifying with unique ID: gameserver-Hddkwe35fsvk_worker_10104
2025-11-30 14:45:16:4516 [Worker 10104] warn: [DBMANAGER] Worker 10104: Disconnected from dbServer
2025-11-30 14:45:17:4517 [Worker 7960] info: [DBMANAGER] Worker 7960: Connected to dbServer
2025-11-30 14:45:17:4517 [Worker 7960] info: [DBMANAGER] Worker 7960: Identifying with unique ID: gameserver-Hddkwe35fsvk_worker_7960
2025-11-30 14:45:17:4517 [Worker 7960] warn: [DBMANAGER] Worker 7960: Disconnected from dbServer
2025-11-30 14:45:17:4517 [Worker 26412] info: [DBMANAGER] Worker 26412: Connected to dbServer
2025-11-30 14:45:17:4517 [Worker 26412] info: [DBMANAGER] Worker 26412: Identifying with unique ID: gameserver-Hddkwe35fsvk_worker_26412
2025-11-30 14:45:17:4517 [Worker 26412] warn: [DBMANAGER] Worker 26412: Disconnected from dbServer
2025-11-30 14:45:17:4517 [Worker 24744] info: [DBMANAGER] Worker 24744: Connected to dbServer
2025-11-30 14:45:17:4517 [Worker 24744] info: [DBMANAGER] Worker 24744: Identifying with unique ID: gameserver-Hddkwe35fsvk_worker_24744
2025-11-30 14:45:17:4517 [Worker 24744] warn: [DBMANAGER] Worker 24744: Disconnected from dbServer
2025-11-30 14:45:17:4517 [Worker 5872] info: [DBMANAGER] Worker 5872: Connected to dbServer
2025-11-30 14:45:17:4517 [Worker 5872] info: [DBMANAGER] Worker 5872: Identifying with unique ID: gameserver-Hddkwe35fsvk_worker_5872
2025-11-30 14:45:17:4517 [Worker 5872] warn: [DBMANAGER] Worker 5872: Disconnected from dbServer
2025-11-30 14:45:17:4517 [Worker 24832] info: [DBMANAGER] Worker 24832: Connected to dbServer
2025-11-30 14:45:17:4517 [Worker 24832] info: [DBMANAGER] Worker 24832: Identifying with unique ID: gameserver-Hddkwe35fsvk_worker_24832
2025-11-30 14:45:17:4517 [Worker 24832] warn: [DBMANAGER] Worker 24832: Disconnected from dbServer
2025-11-30 14:45:17:4517 [Worker 12536] info: [DBMANAGER] Worker 12536: Connected to dbServer
2025-11-30 14:45:17:4517 [Worker 12536] info: [DBMANAGER] Worker 12536: Identifying with unique ID: gameserver-Hddkwe35fsvk_worker_12536
2025-11-30 14:45:17:4517 [Worker 12536] warn: [DBMANAGER] Worker 12536: Disconnected from dbServer
2025-11-30 14:45:17:4517 [Worker 26136] info: [DBMANAGER] Worker 26136: Connected to dbServer
2025-11-30 14:45:17:4517 [Worker 26136] info: [DBMANAGER] Worker 26136: Identifying with unique ID: gameserver-Hddkwe35fsvk_worker_26136
2025-11-30 14:45:17:4517 [Worker 26136] warn: [DBMANAGER] Worker 26136: Disconnected from dbServer
2025-11-30 14:45:18:4518 [Worker 18112] info: [DBMANAGER] Worker 18112: Connected to dbServer
2025-11-30 14:45:18:4518 [Worker 18112] info: [DBMANAGER] Worker 18112: Identifying with unique ID: gameserver-Hddkwe35fsvk_worker_18112
2025-11-30 14:45:18:4518 [Worker 18112] warn: [DBMANAGER] Worker 18112: Disconnected from dbServer
2025-11-30 14:45:18:4518 [Worker 6348] info: [DBMANAGER] Worker 6348: Connected to dbServer
2025-11-30 14:45:18:4518 [Worker 6348] info: [DBMANAGER] Worker 6348: Identifying with unique ID: gameserver-Hddkwe35fsvk_worker_6348
2025-11-30 14:45:18:4518 [Worker 6348] warn: [DBMANAGER] Worker 6348: Disconnected from dbServer
2025-11-30 14:45:18:4518 [Worker 24752] info: [DBMANAGER] Worker 24752: Connected to dbServer
2025-11-30 14:45:18:4518 [Worker 24752] info: [DBMANAGER] Worker 24752: Identifying with unique ID: gameserver-Hddkwe35fsvk_worker_24752
2025-11-30 14:45:18:4518 [Worker 24752] warn: [DBMANAGER] Worker 24752: Disconnected from dbServer
2025-11-30 14:45:18:4518 [Worker 10660] info: [DBMANAGER] Worker 10660: Connected to dbServer
2025-11-30 14:45:18:4518 [Worker 10660] info: [DBMANAGER] Worker 10660: Identifying with unique ID: gameserver-Hddkwe35fsvk_worker_10660
2025-11-30 14:45:18:4518 [Worker 10660] warn: [DBMANAGER] Worker 10660: Disconnected from dbServer
2025-11-30 14:45:18:4518 [Worker 10104] info: [DBMANAGER] Worker 10104: Connected to dbServer
2025-11-30 14:45:18:4518 [Worker 10104] info: [DBMANAGER] Worker 10104: Identifying with unique ID: gameserver-Hddkwe35fsvk_worker_10104
2025-11-30 14:45:18:4518 [Worker 10104] warn: [DBMANAGER] Worker 10104: Disconnected from dbServer
2025-11-30 14:45:19:4519 [Worker 7960] info: [DBMANAGER] Worker 7960: Connected to dbServer
2025-11-30 14:45:19:4519 [Worker 7960] info: [DBMANAGER] Worker 7960: Identifying with unique ID: gameserver-Hddkwe35fsvk_worker_7960
2025-11-30 14:45:19:4519 [Worker 7960] warn: [DBMANAGER] Worker 7960: Disconnected from dbServer
2025-11-30 14:45:19:4519 [Worker 26412] info: [DBMANAGER] Worker 26412: Connected to dbServer
2025-11-30 14:45:19:4519 [Worker 26412] info: [DBMANAGER] Worker 26412: Identifying with unique ID: gameserver-Hddkwe35fsvk_worker_26412
2025-11-30 14:45:19:4519 [Worker 26412] warn: [DBMANAGER] Worker 26412: Disconnected from dbServer
2025-11-30 14:45:19:4519 [Worker 24744] info: [DBMANAGER] Worker 24744: Connected to dbServer
2025-11-30 14:45:19:4519 [Worker 24744] info: [DBMANAGER] Worker 24744: Identifying with unique ID: gameserver-Hddkwe35fsvk_worker_24744
2025-11-30 14:45:19:4519 [Worker 24744] warn: [DBMANAGER] Worker 24744: Disconnected from dbServer
2025-11-30 14:45:19:4519 [Worker 5872] info: [DBMANAGER] Worker 5872: Connected to dbServer
2025-11-30 14:45:19:4519 [Worker 5872] info: [DBMANAGER] Worker 5872: Identifying with unique ID: gameserver-Hddkwe35fsvk_worker_5872
2025-11-30 14:45:19:4519 [Worker 5872] warn: [DBMANAGER] Worker 5872: Disconnected from dbServer
2025-11-30 14:45:19:4519 [Worker 24832] info: [DBMANAGER] Worker 24832: Connected to dbServer
2025-11-30 14:45:19:4519 [Worker 24832] info: [DBMANAGER] Worker 24832: Identifying with unique ID: gameserver-Hddkwe35fsvk_worker_24832
2025-11-30 14:45:19:4519 [Worker 24832] warn: [DBMANAGER] Worker 24832: Disconnected from dbServer
2025-11-30 14:45:19:4519 [Worker 12536] info: [DBMANAGER] Worker 12536: Connected to dbServer
2025-11-30 14:45:19:4519 [Worker 12536] info: [DBMANAGER] Worker 12536: Identifying with unique ID: gameserver-Hddkwe35fsvk_worker_12536
2025-11-30 14:45:19:4519 [Worker 12536] warn: [DBMANAGER] Worker 12536: Disconnected from dbServer
2025-11-30 14:45:19:4519 [Worker 26136] info: [DBMANAGER] Worker 26136: Connected to dbServer
2025-11-30 14:45:19:4519 [Worker 26136] info: [DBMANAGER] Worker 26136: Identifying with unique ID: gameserver-Hddkwe35fsvk_worker_26136
2025-11-30 14:45:19:4519 [Worker 26136] warn: [DBMANAGER] Worker 26136: Disconnected from dbServer
2025-11-30 14:45:20:4520 [Worker 18112] info: [DBMANAGER] Worker 18112: Connected to dbServer
2025-11-30 14:45:20:4520 [Worker 18112] info: [DBMANAGER] Worker 18112: Identifying with unique ID: gameserver-Hddkwe35fsvk_worker_18112
2025-11-30 14:45:20:4520 [Worker 18112] warn: [DBMANAGER] Worker 18112: Disconnected from dbServer
2025-11-30 14:45:20:4520 [Worker 6348] info: [DBMANAGER] Worker 6348: Connected to dbServer
2025-11-30 14:45:20:4520 [Worker 6348] info: [DBMANAGER] Worker 6348: Identifying with unique ID: gameserver-Hddkwe35fsvk_worker_6348
2025-11-30 14:45:20:4520 [Worker 6348] warn: [DBMANAGER] Worker 6348: Disconnected from dbServer
2025-11-30 14:45:20:4520 [Worker 24752] info: [DBMANAGER] Worker 24752: Connected to dbServer
2025-11-30 14:45:20:4520 [Worker 24752] info: [DBMANAGER] Worker 24752: Identifying with unique ID: gameserver-Hddkwe35fsvk_worker_24752
2025-11-30 14:45:20:4520 [Worker 24752] warn: [DBMANAGER] Worker 24752: Disconnected from dbServer
2025-11-30 14:45:20:4520 [Worker 10660] info: [DBMANAGER] Worker 10660: Connected to dbServer
2025-11-30 14:45:20:4520 [Worker 10660] info: [DBMANAGER] Worker 10660: Identifying with unique ID: gameserver-Hddkwe35fsvk_worker_10660
2025-11-30 14:45:20:4520 [Worker 10660] warn: [DBMANAGER] Worker 10660: Disconnected from dbServer
2025-11-30 14:45:20:4520 [Worker 10104] info: [DBMANAGER] Worker 10104: Connected to dbServer
2025-11-30 14:45:20:4520 [Worker 10104] info: [DBMANAGER] Worker 10104: Identifying with unique ID: gameserver-Hddkwe35fsvk_worker_10104
2025-11-30 14:45:20:4520 [Worker 10104] warn: [DBMANAGER] Worker 10104: Disconnected from dbServer
2025-11-30 14:45:21:4521 [Worker 7960] info: [DBMANAGER] Worker 7960: Connected to dbServer
2025-11-30 14:45:21:4521 [Worker 7960] info: [DBMANAGER] Worker 7960: Identifying with unique ID: gameserver-Hddkwe35fsvk_worker_7960
2025-11-30 14:45:21:4521 [Worker 7960] warn: [DBMANAGER] Worker 7960: Disconnected from dbServer
2025-11-30 14:45:21:4521 [Worker 26412] info: [DBMANAGER] Worker 26412: Connected to dbServer
2025-11-30 14:45:21:4521 [Worker 26412] info: [DBMANAGER] Worker 26412: Identifying with unique ID: gameserver-Hddkwe35fsvk_worker_26412
2025-11-30 14:45:21:4521 [Worker 26412] warn: [DBMANAGER] Worker 26412: Disconnected from dbServer
2025-11-30 14:45:21:4521 [Worker 5872] info: [DBMANAGER] Worker 5872: Connected to dbServer
2025-11-30 14:45:21:4521 [Worker 5872] info: [DBMANAGER] Worker 5872: Identifying with unique ID: gameserver-Hddkwe35fsvk_worker_5872
2025-11-30 14:45:21:4521 [Worker 24744] info: [DBMANAGER] Worker 24744: Connected to dbServer
2025-11-30 14:45:21:4521 [Worker 24744] info: [DBMANAGER] Worker 24744: Identifying with unique ID: gameserver-Hddkwe35fsvk_worker_24744
2025-11-30 14:45:21:4521 [Worker 5872] warn: [DBMANAGER] Worker 5872: Disconnected from dbServer
2025-11-30 14:45:21:4521 [Worker 24744] warn: [DBMANAGER] Worker 24744: Disconnected from dbServer
2025-11-30 14:45:21:4521 [Worker 24832] info: [DBMANAGER] Worker 24832: Connected to dbServer
2025-11-30 14:45:21:4521 [Worker 24832] info: [DBMANAGER] Worker 24832: Identifying with unique ID: gameserver-Hddkwe35fsvk_worker_24832
2025-11-30 14:45:21:4521 [Worker 24832] warn: [DBMANAGER] Worker 24832: Disconnected from dbServer
2025-11-30 14:45:21:4521 [Worker 12536] info: [DBMANAGER] Worker 12536: Connected to dbServer
2025-11-30 14:45:21:4521 [Worker 12536] info: [DBMANAGER] Worker 12536: Identifying with unique ID: gameserver-Hddkwe35fsvk_worker_12536
2025-11-30 14:45:21:4521 [Worker 12536] warn: [DBMANAGER] Worker 12536: Disconnected from dbServer
2025-11-30 14:45:21:4521 [Worker 26136] info: [DBMANAGER] Worker 26136: Connected to dbServer
2025-11-30 14:45:21:4521 [Worker 26136] info: [DBMANAGER] Worker 26136: Identifying with unique ID: gameserver-Hddkwe35fsvk_worker_26136
2025-11-30 14:45:21:4521 [Worker 26136] warn: [DBMANAGER] Worker 26136: Disconnected from dbServer
2025-11-30 14:45:22:4522 [Worker 18112] info: [DBMANAGER] Worker 18112: Connected to dbServer
2025-11-30 14:45:22:4522 [Worker 18112] info: [DBMANAGER] Worker 18112: Identifying with unique ID: gameserver-Hddkwe35fsvk_worker_18112
2025-11-30 14:45:22:4522 [Worker 18112] warn: [DBMANAGER] Worker 18112: Disconnected from dbServer
2025-11-30 14:45:22:4522 [Worker 6348] info: [DBMANAGER] Worker 6348: Connected to dbServer
2025-11-30 14:45:22:4522 [Worker 6348] info: [DBMANAGER] Worker 6348: Identifying with unique ID: gameserver-Hddkwe35fsvk_worker_6348
2025-11-30 14:45:22:4522 [Worker 6348] warn: [DBMANAGER] Worker 6348: Disconnected from dbServer
2025-11-30 14:45:22:4522 [Worker 24752] info: [DBMANAGER] Worker 24752: Connected to dbServer
2025-11-30 14:45:22:4522 [Worker 24752] info: [DBMANAGER] Worker 24752: Identifying with unique ID: gameserver-Hddkwe35fsvk_worker_24752
2025-11-30 14:45:22:4522 [Worker 24752] warn: [DBMANAGER] Worker 24752: Disconnected from dbServer
2025-11-30 14:45:22:4522 [Worker 10660] info: [DBMANAGER] Worker 10660: Connected to dbServer
2025-11-30 14:45:22:4522 [Worker 10660] info: [DBMANAGER] Worker 10660: Identifying with unique ID: gameserver-Hddkwe35fsvk_worker_10660
2025-11-30 14:45:22:4522 [Worker 10660] warn: [DBMANAGER] Worker 10660: Disconnected from dbServer
2025-11-30 14:45:22:4522 [Worker 10104] info: [DBMANAGER] Worker 10104: Connected to dbServer
2025-11-30 14:45:22:4522 [Worker 10104] info: [DBMANAGER] Worker 10104: Identifying with unique ID: gameserver-Hddkwe35fsvk_worker_10104
2025-11-30 14:45:22:4522 [Worker 10104] warn: [DBMANAGER] Worker 10104: Disconnected from dbServer
2025-11-30 14:45:23:4523 [Worker 7960] info: [DBMANAGER] Worker 7960: Connected to dbServer
2025-11-30 14:45:23:4523 [Worker 7960] info: [DBMANAGER] Worker 7960: Identifying with unique ID: gameserver-Hddkwe35fsvk_worker_7960
2025-11-30 14:45:23:4523 [Worker 7960] warn: [DBMANAGER] Worker 7960: Disconnected from dbServer
2025-11-30 14:45:23:4523 [Worker 26412] info: [DBMANAGER] Worker 26412: Connected to dbServer
2025-11-30 14:45:23:4523 [Worker 26412] info: [DBMANAGER] Worker 26412: Identifying with unique ID: gameserver-Hddkwe35fsvk_worker_26412
2025-11-30 14:45:23:4523 [Worker 26412] warn: [DBMANAGER] Worker 26412: Disconnected from dbServer
2025-11-30 14:45:23:4523 [Worker 5872] info: [DBMANAGER] Worker 5872: Connected to dbServer
2025-11-30 14:45:23:4523 [Worker 5872] info: [DBMANAGER] Worker 5872: Identifying with unique ID: gameserver-Hddkwe35fsvk_worker_5872
2025-11-30 14:45:23:4523 [Worker 24744] info: [DBMANAGER] Worker 24744: Connected to dbServer
2025-11-30 14:45:23:4523 [Worker 24744] info: [DBMANAGER] Worker 24744: Identifying with unique ID: gameserver-Hddkwe35fsvk_worker_24744
2025-11-30 14:45:23:4523 [Worker 5872] warn: [DBMANAGER] Worker 5872: Disconnected from dbServer
2025-11-30 14:45:23:4523 [Worker 24744] warn: [DBMANAGER] Worker 24744: Disconnected from dbServer
2025-11-30 14:45:23:4523 [Worker 24832] info: [DBMANAGER] Worker 24832: Connected to dbServer
2025-11-30 14:45:23:4523 [Worker 24832] info: [DBMANAGER] Worker 24832: Identifying with unique ID: gameserver-Hddkwe35fsvk_worker_24832
2025-11-30 14:45:23:4523 [Worker 24832] warn: [DBMANAGER] Worker 24832: Disconnected from dbServer
2025-11-30 14:45:23:4523 [Worker 12536] info: [DBMANAGER] Worker 12536: Connected to dbServer
2025-11-30 14:45:23:4523 [Worker 12536] info: [DBMANAGER] Worker 12536: Identifying with unique ID: gameserver-Hddkwe35fsvk_worker_12536
2025-11-30 14:45:23:4523 [Worker 12536] warn: [DBMANAGER] Worker 12536: Disconnected from dbServer
2025-11-30 14:45:23:4523 [Worker 26136] info: [DBMANAGER] Worker 26136: Connected to dbServer
2025-11-30 14:45:23:4523 [Worker 26136] info: [DBMANAGER] Worker 26136: Identifying with unique ID: gameserver-Hddkwe35fsvk_worker_26136
2025-11-30 14:45:23:4523 [Worker 26136] warn: [DBMANAGER] Worker 26136: Disconnected from dbServer
2025-11-30 14:45:24:4524 [Worker 18112] info: [DBMANAGER] Worker 18112: Connected to dbServer
2025-11-30 14:45:24:4524 [Worker 18112] info: [DBMANAGER] Worker 18112: Identifying with unique ID: gameserver-Hddkwe35fsvk_worker_18112
2025-11-30 14:45:24:4524 [Worker 18112] warn: [DBMANAGER] Worker 18112: Disconnected from dbServer
2025-11-30 14:45:24:4524 [Worker 6348] info: [DBMANAGER] Worker 6348: Connected to dbServer
2025-11-30 14:45:24:4524 [Worker 6348] info: [DBMANAGER] Worker 6348: Identifying with unique ID: gameserver-Hddkwe35fsvk_worker_6348
2025-11-30 14:45:24:4524 [Worker 6348] warn: [DBMANAGER] Worker 6348: Disconnected from dbServer
2025-11-30 14:45:24:4524 [Worker 24752] info: [DBMANAGER] Worker 24752: Connected to dbServer
2025-11-30 14:45:24:4524 [Worker 24752] info: [DBMANAGER] Worker 24752: Identifying with unique ID: gameserver-Hddkwe35fsvk_worker_24752
2025-11-30 14:45:24:4524 [Worker 24752] warn: [DBMANAGER] Worker 24752: Disconnected from dbServer
2025-11-30 14:45:24:4524 [Worker 10660] info: [DBMANAGER] Worker 10660: Connected to dbServer
2025-11-30 14:45:24:4524 [Worker 10660] info: [DBMANAGER] Worker 10660: Identifying with unique ID: gameserver-Hddkwe35fsvk_worker_10660
2025-11-30 14:45:24:4524 [Worker 10660] warn: [DBMANAGER] Worker 10660: Disconnected from dbServer
2025-11-30 14:45:24:4524 [Worker 10104] info: [DBMANAGER] Worker 10104: Connected to dbServer
2025-11-30 14:45:24:4524 [Worker 10104] info: [DBMANAGER] Worker 10104: Identifying with unique ID: gameserver-Hddkwe35fsvk_worker_10104
2025-11-30 14:45:24:4524 [Worker 10104] warn: [DBMANAGER] Worker 10104: Disconnected from dbServer
2025-11-30 14:45:25:4525 [Worker 7960] info: [DBMANAGER] Worker 7960: Connected to dbServer
2025-11-30 14:45:25:4525 [Worker 7960] info: [DBMANAGER] Worker 7960: Identifying with unique ID: gameserver-Hddkwe35fsvk_worker_7960
2025-11-30 14:45:25:4525 [Worker 7960] warn: [DBMANAGER] Worker 7960: Disconnected from dbServer
2025-11-30 14:45:25:4525 [Worker 26412] info: [DBMANAGER] Worker 26412: Connected to dbServer
2025-11-30 14:45:25:4525 [Worker 26412] info: [DBMANAGER] Worker 26412: Identifying with unique ID: gameserver-Hddkwe35fsvk_worker_26412
2025-11-30 14:45:25:4525 [Worker 26412] warn: [DBMANAGER] Worker 26412: Disconnected from dbServer
2025-11-30 14:45:25:4525 [Worker 24744] info: [DBMANAGER] Worker 24744: Connected to dbServer
2025-11-30 14:45:25:4525 [Worker 24744] info: [DBMANAGER] Worker 24744: Identifying with unique ID: gameserver-Hddkwe35fsvk_worker_24744
2025-11-30 14:45:25:4525 [Worker 5872] info: [DBMANAGER] Worker 5872: Connected to dbServer
2025-11-30 14:45:25:4525 [Worker 5872] info: [DBMANAGER] Worker 5872: Identifying with unique ID: gameserver-Hddkwe35fsvk_worker_5872
2025-11-30 14:45:25:4525 [Worker 24744] warn: [DBMANAGER] Worker 24744: Disconnected from dbServer
2025-11-30 14:45:25:4525 [Worker 5872] warn: [DBMANAGER] Worker 5872: Disconnected from dbServer
2025-11-30 14:45:25:4525 [Worker 24832] info: [DBMANAGER] Worker 24832: Connected to dbServer
2025-11-30 14:45:25:4525 [Worker 24832] info: [DBMANAGER] Worker 24832: Identifying with unique ID: gameserver-Hddkwe35fsvk_worker_24832
2025-11-30 14:45:25:4525 [Worker 24832] warn: [DBMANAGER] Worker 24832: Disconnected from dbServer
2025-11-30 14:45:25:4525 [Worker 12536] info: [DBMANAGER] Worker 12536: Connected to dbServer
2025-11-30 14:45:25:4525 [Worker 12536] info: [DBMANAGER] Worker 12536: Identifying with unique ID: gameserver-Hddkwe35fsvk_worker_12536
2025-11-30 14:45:25:4525 [Worker 12536] warn: [DBMANAGER] Worker 12536: Disconnected from dbServer
2025-11-30 14:45:25:4525 [Worker 26136] info: [DBMANAGER] Worker 26136: Connected to dbServer
2025-11-30 14:45:25:4525 [Worker 26136] info: [DBMANAGER] Worker 26136: Identifying with unique ID: gameserver-Hddkwe35fsvk_worker_26136
2025-11-30 14:45:25:4525 [Worker 26136] warn: [DBMANAGER] Worker 26136: Disconnected from dbServer
2025-11-30 14:45:26:4526 [Worker 18112] info: [DBMANAGER] Worker 18112: Connected to dbServer
2025-11-30 14:45:26:4526 [Worker 18112] info: [DBMANAGER] Worker 18112: Identifying with unique ID: gameserver-Hddkwe35fsvk_worker_18112
2025-11-30 14:45:26:4526 [Worker 18112] warn: [DBMANAGER] Worker 18112: Disconnected from dbServer
2025-11-30 14:45:26:4526 [Worker 6348] info: [DBMANAGER] Worker 6348: Connected to dbServer
2025-11-30 14:45:26:4526 [Worker 6348] info: [DBMANAGER] Worker 6348: Identifying with unique ID: gameserver-Hddkwe35fsvk_worker_6348
2025-11-30 14:45:26:4526 [Worker 6348] warn: [DBMANAGER] Worker 6348: Disconnected from dbServer
2025-11-30 14:45:26:4526 [Worker 24752] info: [DBMANAGER] Worker 24752: Connected to dbServer
2025-11-30 14:45:26:4526 [Worker 24752] info: [DBMANAGER] Worker 24752: Identifying with unique ID: gameserver-Hddkwe35fsvk_worker_24752
2025-11-30 14:45:26:4526 [Worker 24752] warn: [DBMANAGER] Worker 24752: Disconnected from dbServer
2025-11-30 14:45:26:4526 [Worker 10660] info: [DBMANAGER] Worker 10660: Connected to dbServer
2025-11-30 14:45:26:4526 [Worker 10660] info: [DBMANAGER] Worker 10660: Identifying with unique ID: gameserver-Hddkwe35fsvk_worker_10660
2025-11-30 14:45:26:4526 [Worker 10660] warn: [DBMANAGER] Worker 10660: Disconnected from dbServer
2025-11-30 14:45:26:4526 [Worker 10104] info: [DBMANAGER] Worker 10104: Connected to dbServer
2025-11-30 14:45:26:4526 [Worker 10104] info: [DBMANAGER] Worker 10104: Identifying with unique ID: gameserver-Hddkwe35fsvk_worker_10104
2025-11-30 14:45:26:4526 [Worker 10104] warn: [DBMANAGER] Worker 10104: Disconnected from dbServer
2025-11-30 14:45:27:4527 [Worker 7960] info: [DBMANAGER] Worker 7960: Connected to dbServer
2025-11-30 14:45:27:4527 [Worker 7960] info: [DBMANAGER] Worker 7960: Identifying with unique ID: gameserver-Hddkwe35fsvk_worker_7960
2025-11-30 14:45:27:4527 [Worker 7960] warn: [DBMANAGER] Worker 7960: Disconnected from dbServer
2025-11-30 14:45:27:4527 [Worker 26412] info: [DBMANAGER] Worker 26412: Connected to dbServer
2025-11-30 14:45:27:4527 [Worker 26412] info: [DBMANAGER] Worker 26412: Identifying with unique ID: gameserver-Hddkwe35fsvk_worker_26412
2025-11-30 14:45:27:4527 [Worker 26412] warn: [DBMANAGER] Worker 26412: Disconnected from dbServer
2025-11-30 14:45:27:4527 [Worker 24744] info: [DBMANAGER] Worker 24744: Connected to dbServer
2025-11-30 14:45:27:4527 [Worker 24744] info: [DBMANAGER] Worker 24744: Identifying with unique ID: gameserver-Hddkwe35fsvk_worker_24744
2025-11-30 14:45:27:4527 [Worker 5872] info: [DBMANAGER] Worker 5872: Connected to dbServer
2025-11-30 14:45:27:4527 [Worker 5872] info: [DBMANAGER] Worker 5872: Identifying with unique ID: gameserver-Hddkwe35fsvk_worker_5872
2025-11-30 14:45:27:4527 [Worker 24744] warn: [DBMANAGER] Worker 24744: Disconnected from dbServer
2025-11-30 14:45:27:4527 [Worker 5872] warn: [DBMANAGER] Worker 5872: Disconnected from dbServer
2025-11-30 14:45:27:4527 [Worker 24832] info: [DBMANAGER] Worker 24832: Connected to dbServer
2025-11-30 14:45:27:4527 [Worker 24832] info: [DBMANAGER] Worker 24832: Identifying with unique ID: gameserver-Hddkwe35fsvk_worker_24832
2025-11-30 14:45:27:4527 [Worker 24832] warn: [DBMANAGER] Worker 24832: Disconnected from dbServer
2025-11-30 14:45:27:4527 [Worker 12536] info: [DBMANAGER] Worker 12536: Connected to dbServer
2025-11-30 14:45:27:4527 [Worker 12536] info: [DBMANAGER] Worker 12536: Identifying with unique ID: gameserver-Hddkwe35fsvk_worker_12536
2025-11-30 14:45:27:4527 [Worker 12536] warn: [DBMANAGER] Worker 12536: Disconnected from dbServer
2025-11-30 14:45:27:4527 [Worker 26136] info: [DBMANAGER] Worker 26136: Connected to dbServer
2025-11-30 14:45:27:4527 [Worker 26136] info: [DBMANAGER] Worker 26136: Identifying with unique ID: gameserver-Hddkwe35fsvk_worker_26136
2025-11-30 14:45:27:4527 [Worker 26136] warn: [DBMANAGER] Worker 26136: Disconnected from dbServer
2025-11-30 14:45:28:4528 [Worker 18112] info: [DBMANAGER] Worker 18112: Connected to dbServer
2025-11-30 14:45:28:4528 [Worker 18112] info: [DBMANAGER] Worker 18112: Identifying with unique ID: gameserver-Hddkwe35fsvk_worker_18112
2025-11-30 14:45:28:4528 [Worker 18112] warn: [DBMANAGER] Worker 18112: Disconnected from dbServer
2025-11-30 14:45:28:4528 [Worker 6348] info: [DBMANAGER] Worker 6348: Connected to dbServer
2025-11-30 14:45:28:4528 [Worker 6348] info: [DBMANAGER] Worker 6348: Identifying with unique ID: gameserver-Hddkwe35fsvk_worker_6348
2025-11-30 14:45:28:4528 [Worker 6348] warn: [DBMANAGER] Worker 6348: Disconnected from dbServer
2025-11-30 14:45:28:4528 [Worker 24752] info: [DBMANAGER] Worker 24752: Connected to dbServer
2025-11-30 14:45:28:4528 [Worker 24752] info: [DBMANAGER] Worker 24752: Identifying with unique ID: gameserver-Hddkwe35fsvk_worker_24752
2025-11-30 14:45:28:4528 [Worker 24752] warn: [DBMANAGER] Worker 24752: Disconnected from dbServer
2025-11-30 14:45:28:4528 [Worker 10660] info: [DBMANAGER] Worker 10660: Connected to dbServer
2025-11-30 14:45:28:4528 [Worker 10660] info: [DBMANAGER] Worker 10660: Identifying with unique ID: gameserver-Hddkwe35fsvk_worker_10660
2025-11-30 14:45:28:4528 [Worker 10660] warn: [DBMANAGER] Worker 10660: Disconnected from dbServer
2025-11-30 14:45:28:4528 [Worker 10104] info: [DBMANAGER] Worker 10104: Connected to dbServer
2025-11-30 14:45:28:4528 [Worker 10104] info: [DBMANAGER] Worker 10104: Identifying with unique ID: gameserver-Hddkwe35fsvk_worker_10104
2025-11-30 14:45:28:4528 [Worker 10104] warn: [DBMANAGER] Worker 10104: Disconnected from dbServer
2025-11-30 14:45:29:4529 [Worker 7960] info: [DBMANAGER] Worker 7960: Connected to dbServer
2025-11-30 14:45:29:4529 [Worker 7960] info: [DBMANAGER] Worker 7960: Identifying with unique ID: gameserver-Hddkwe35fsvk_worker_7960
2025-11-30 14:45:29:4529 [Worker 7960] warn: [DBMANAGER] Worker 7960: Disconnected from dbServer
2025-11-30 14:45:29:4529 [Worker 26412] info: [DBMANAGER] Worker 26412: Connected to dbServer
2025-11-30 14:45:29:4529 [Worker 26412] info: [DBMANAGER] Worker 26412: Identifying with unique ID: gameserver-Hddkwe35fsvk_worker_26412
2025-11-30 14:45:29:4529 [Worker 26412] warn: [DBMANAGER] Worker 26412: Disconnected from dbServer
2025-11-30 14:45:29:4529 [Worker 5872] info: [DBMANAGER] Worker 5872: Connected to dbServer
2025-11-30 14:45:29:4529 [Worker 24744] info: [DBMANAGER] Worker 24744: Connected to dbServer
2025-11-30 14:45:29:4529 [Worker 5872] info: [DBMANAGER] Worker 5872: Identifying with unique ID: gameserver-Hddkwe35fsvk_worker_5872
2025-11-30 14:45:29:4529 [Worker 24744] info: [DBMANAGER] Worker 24744: Identifying with unique ID: gameserver-Hddkwe35fsvk_worker_24744
2025-11-30 14:45:29:4529 [Worker 5872] warn: [DBMANAGER] Worker 5872: Disconnected from dbServer
2025-11-30 14:45:29:4529 [Worker 24744] warn: [DBMANAGER] Worker 24744: Disconnected from dbServer
2025-11-30 14:45:29:4529 [Worker 24832] info: [DBMANAGER] Worker 24832: Connected to dbServer
2025-11-30 14:45:29:4529 [Worker 24832] info: [DBMANAGER] Worker 24832: Identifying with unique ID: gameserver-Hddkwe35fsvk_worker_24832
2025-11-30 14:45:29:4529 [Worker 24832] warn: [DBMANAGER] Worker 24832: Disconnected from dbServer
2025-11-30 14:45:29:4529 [Worker 12536] info: [DBMANAGER] Worker 12536: Connected to dbServer
2025-11-30 14:45:29:4529 [Worker 12536] info: [DBMANAGER] Worker 12536: Identifying with unique ID: gameserver-Hddkwe35fsvk_worker_12536
2025-11-30 14:45:29:4529 [Worker 12536] warn: [DBMANAGER] Worker 12536: Disconnected from dbServer
2025-11-30 14:45:29:4529 [Worker 26136] info: [DBMANAGER] Worker 26136: Connected to dbServer
2025-11-30 14:45:29:4529 [Worker 26136] info: [DBMANAGER] Worker 26136: Identifying with unique ID: gameserver-Hddkwe35fsvk_worker_26136
2025-11-30 14:45:29:4529 [Worker 26136] warn: [DBMANAGER] Worker 26136: Disconnected from dbServer
2025-11-30 14:45:30:4530 [Worker 18112] info: [DBMANAGER] Worker 18112: Connected to dbServer
2025-11-30 14:45:30:4530 [Worker 18112] info: [DBMANAGER] Worker 18112: Identifying with unique ID: gameserver-Hddkwe35fsvk_worker_18112
2025-11-30 14:45:30:4530 [Worker 18112] warn: [DBMANAGER] Worker 18112: Disconnected from dbServer
2025-11-30 14:45:30:4530 [Worker 6348] info: [DBMANAGER] Worker 6348: Connected to dbServer
2025-11-30 14:45:30:4530 [Worker 6348] info: [DBMANAGER] Worker 6348: Identifying with unique ID: gameserver-Hddkwe35fsvk_worker_6348
2025-11-30 14:45:30:4530 [Worker 6348] warn: [DBMANAGER] Worker 6348: Disconnected from dbServer
2025-11-30 14:45:30:4530 [Worker 24752] info: [DBMANAGER] Worker 24752: Connected to dbServer
2025-11-30 14:45:30:4530 [Worker 24752] info: [DBMANAGER] Worker 24752: Identifying with unique ID: gameserver-Hddkwe35fsvk_worker_24752
2025-11-30 14:45:30:4530 [Worker 24752] warn: [DBMANAGER] Worker 24752: Disconnected from dbServer
2025-11-30 14:45:30:4530 [Worker 10660] info: [DBMANAGER] Worker 10660: Connected to dbServer
2025-11-30 14:45:30:4530 [Worker 10660] info: [DBMANAGER] Worker 10660: Identifying with unique ID: gameserver-Hddkwe35fsvk_worker_10660
2025-11-30 14:45:30:4530 [Worker 10660] warn: [DBMANAGER] Worker 10660: Disconnected from dbServer
2025-11-30 14:45:30:4530 [Worker 10104] info: [DBMANAGER] Worker 10104: Connected to dbServer
2025-11-30 14:45:30:4530 [Worker 10104] info: [DBMANAGER] Worker 10104: Identifying with unique ID: gameserver-Hddkwe35fsvk_worker_10104
2025-11-30 14:45:30:4530 [Worker 10104] warn: [DBMANAGER] Worker 10104: Disconnected from dbServer
2025-11-30 14:45:31:4531 [Worker 7960] info: [DBMANAGER] Worker 7960: Connected to dbServer
2025-11-30 14:45:31:4531 [Worker 7960] info: [DBMANAGER] Worker 7960: Identifying with unique ID: gameserver-Hddkwe35fsvk_worker_7960
2025-11-30 14:45:31:4531 [Worker 7960] warn: [DBMANAGER] Worker 7960: Disconnected from dbServer
2025-11-30 14:45:31:4531 [Worker 26412] info: [DBMANAGER] Worker 26412: Connected to dbServer
2025-11-30 14:45:31:4531 [Worker 26412] info: [DBMANAGER] Worker 26412: Identifying with unique ID: gameserver-Hddkwe35fsvk_worker_26412
2025-11-30 14:45:31:4531 [Worker 26412] warn: [DBMANAGER] Worker 26412: Disconnected from dbServer
2025-11-30 14:45:31:4531 [Worker 5872] info: [DBMANAGER] Worker 5872: Connected to dbServer
2025-11-30 14:45:31:4531 [Worker 5872] info: [DBMANAGER] Worker 5872: Identifying with unique ID: gameserver-Hddkwe35fsvk_worker_5872
2025-11-30 14:45:31:4531 [Worker 5872] warn: [DBMANAGER] Worker 5872: Disconnected from dbServer
2025-11-30 14:45:31:4531 [Worker 24744] info: [DBMANAGER] Worker 24744: Connected to dbServer
2025-11-30 14:45:31:4531 [Worker 24744] info: [DBMANAGER] Worker 24744: Identifying with unique ID: gameserver-Hddkwe35fsvk_worker_24744
2025-11-30 14:45:31:4531 [Worker 24744] warn: [DBMANAGER] Worker 24744: Disconnected from dbServer
2025-11-30 14:45:31:4531 [Worker 24832] info: [DBMANAGER] Worker 24832: Connected to dbServer
2025-11-30 14:45:31:4531 [Worker 24832] info: [DBMANAGER] Worker 24832: Identifying with unique ID: gameserver-Hddkwe35fsvk_worker_24832
2025-11-30 14:45:31:4531 [Worker 24832] warn: [DBMANAGER] Worker 24832: Disconnected from dbServer
2025-11-30 14:45:31:4531 [Worker 12536] info: [DBMANAGER] Worker 12536: Connected to dbServer
2025-11-30 14:45:31:4531 [Worker 12536] info: [DBMANAGER] Worker 12536: Identifying with unique ID: gameserver-Hddkwe35fsvk_worker_12536
2025-11-30 14:45:31:4531 [Worker 12536] warn: [DBMANAGER] Worker 12536: Disconnected from dbServer
2025-11-30 14:45:31:4531 [Worker 26136] info: [DBMANAGER] Worker 26136: Connected to dbServer
2025-11-30 14:45:31:4531 [Worker 26136] info: [DBMANAGER] Worker 26136: Identifying with unique ID: gameserver-Hddkwe35fsvk_worker_26136
2025-11-30 14:45:31:4531 [Worker 26136] warn: [DBMANAGER] Worker 26136: Disconnected from dbServer
2025-11-30 14:45:32:4532 [Worker 18112] info: [DBMANAGER] Worker 18112: Connected to dbServer
2025-11-30 14:45:32:4532 [Worker 18112] info: [DBMANAGER] Worker 18112: Identifying with unique ID: gameserver-Hddkwe35fsvk_worker_18112
2025-11-30 14:45:32:4532 [Worker 18112] warn: [DBMANAGER] Worker 18112: Disconnected from dbServer
2025-11-30 14:45:32:4532 [Worker 6348] info: [DBMANAGER] Worker 6348: Connected to dbServer
2025-11-30 14:45:32:4532 [Worker 6348] info: [DBMANAGER] Worker 6348: Identifying with unique ID: gameserver-Hddkwe35fsvk_worker_6348
2025-11-30 14:45:32:4532 [Worker 6348] warn: [DBMANAGER] Worker 6348: Disconnected from dbServer
2025-11-30 14:45:32:4532 [Worker 24752] info: [DBMANAGER] Worker 24752: Connected to dbServer
2025-11-30 14:45:32:4532 [Worker 24752] info: [DBMANAGER] Worker 24752: Identifying with unique ID: gameserver-Hddkwe35fsvk_worker_24752
2025-11-30 14:45:32:4532 [Worker 24752] warn: [DBMANAGER] Worker 24752: Disconnected from dbServer
2025-11-30 14:45:32:4532 [Worker 10660] info: [DBMANAGER] Worker 10660: Connected to dbServer
2025-11-30 14:45:32:4532 [Worker 10660] info: [DBMANAGER] Worker 10660: Identifying with unique ID: gameserver-Hddkwe35fsvk_worker_10660
2025-11-30 14:45:32:4532 [Worker 10660] warn: [DBMANAGER] Worker 10660: Disconnected from dbServer
2025-11-30 14:45:32:4532 [Worker 10104] info: [DBMANAGER] Worker 10104: Connected to dbServer
2025-11-30 14:45:32:4532 [Worker 10104] info: [DBMANAGER] Worker 10104: Identifying with unique ID: gameserver-Hddkwe35fsvk_worker_10104
2025-11-30 14:45:32:4532 [Worker 10104] warn: [DBMANAGER] Worker 10104: Disconnected from dbServer
2025-11-30 14:45:33:4533 [Worker 7960] info: [DBMANAGER] Worker 7960: Connected to dbServer
2025-11-30 14:45:33:4533 [Worker 7960] info: [DBMANAGER] Worker 7960: Identifying with unique ID: gameserver-Hddkwe35fsvk_worker_7960
2025-11-30 14:45:33:4533 [Worker 7960] warn: [DBMANAGER] Worker 7960: Disconnected from dbServer
2025-11-30 14:45:33:4533 [Worker 26412] info: [DBMANAGER] Worker 26412: Connected to dbServer
2025-11-30 14:45:33:4533 [Worker 26412] info: [DBMANAGER] Worker 26412: Identifying with unique ID: gameserver-Hddkwe35fsvk_worker_26412
2025-11-30 14:45:33:4533 [Worker 26412] warn: [DBMANAGER] Worker 26412: Disconnected from dbServer
2025-11-30 14:45:33:4533 [Worker 5872] info: [DBMANAGER] Worker 5872: Connected to dbServer
2025-11-30 14:45:33:4533 [Worker 5872] info: [DBMANAGER] Worker 5872: Identifying with unique ID: gameserver-Hddkwe35fsvk_worker_5872
2025-11-30 14:45:33:4533 [Worker 5872] warn: [DBMANAGER] Worker 5872: Disconnected from dbServer
2025-11-30 14:45:33:4533 [Worker 24744] info: [DBMANAGER] Worker 24744: Connected to dbServer
2025-11-30 14:45:33:4533 [Worker 24744] info: [DBMANAGER] Worker 24744: Identifying with unique ID: gameserver-Hddkwe35fsvk_worker_24744
2025-11-30 14:45:33:4533 [Worker 24744] warn: [DBMANAGER] Worker 24744: Disconnected from dbServer
2025-11-30 14:45:33:4533 [Worker 24832] info: [DBMANAGER] Worker 24832: Connected to dbServer
2025-11-30 14:45:33:4533 [Worker 24832] info: [DBMANAGER] Worker 24832: Identifying with unique ID: gameserver-Hddkwe35fsvk_worker_24832
2025-11-30 14:45:33:4533 [Worker 24832] warn: [DBMANAGER] Worker 24832: Disconnected from dbServer
2025-11-30 14:45:33:4533 [Worker 12536] info: [DBMANAGER] Worker 12536: Connected to dbServer
2025-11-30 14:45:33:4533 [Worker 12536] info: [DBMANAGER] Worker 12536: Identifying with unique ID: gameserver-Hddkwe35fsvk_worker_12536
2025-11-30 14:45:33:4533 [Worker 12536] warn: [DBMANAGER] Worker 12536: Disconnected from dbServer
2025-11-30 14:45:33:4533 [Worker 26136] info: [DBMANAGER] Worker 26136: Connected to dbServer
2025-11-30 14:45:33:4533 [Worker 26136] info: [DBMANAGER] Worker 26136: Identifying with unique ID: gameserver-Hddkwe35fsvk_worker_26136
2025-11-30 14:45:33:4533 [Worker 26136] warn: [DBMANAGER] Worker 26136: Disconnected from dbServer
2025-11-30 14:45:34:4534 [Worker 18112] info: [DBMANAGER] Worker 18112: Connected to dbServer
2025-11-30 14:45:34:4534 [Worker 18112] info: [DBMANAGER] Worker 18112: Identifying with unique ID: gameserver-Hddkwe35fsvk_worker_18112
2025-11-30 14:45:34:4534 [Worker 18112] warn: [DBMANAGER] Worker 18112: Disconnected from dbServer
2025-11-30 14:45:34:4534 [Worker 6348] info: [DBMANAGER] Worker 6348: Connected to dbServer
2025-11-30 14:45:34:4534 [Worker 6348] info: [DBMANAGER] Worker 6348: Identifying with unique ID: gameserver-Hddkwe35fsvk_worker_6348
2025-11-30 14:45:34:4534 [Worker 6348] warn: [DBMANAGER] Worker 6348: Disconnected from dbServer
2025-11-30 14:45:34:4534 [Worker 24752] info: [DBMANAGER] Worker 24752: Connected to dbServer
2025-11-30 14:45:34:4534 [Worker 24752] info: [DBMANAGER] Worker 24752: Identifying with unique ID: gameserver-Hddkwe35fsvk_worker_24752
2025-11-30 14:45:34:4534 [Worker 24752] warn: [DBMANAGER] Worker 24752: Disconnected from dbServer
2025-11-30 14:45:34:4534 [Worker 10660] info: [DBMANAGER] Worker 10660: Connected to dbServer
2025-11-30 14:45:34:4534 [Worker 10660] info: [DBMANAGER] Worker 10660: Identifying with unique ID: gameserver-Hddkwe35fsvk_worker_10660
2025-11-30 14:45:34:4534 [Worker 10660] warn: [DBMANAGER] Worker 10660: Disconnected from dbServer
2025-11-30 14:45:34:4534 [Worker 10104] info: [DBMANAGER] Worker 10104: Connected to dbServer
2025-11-30 14:45:34:4534 [Worker 10104] info: [DBMANAGER] Worker 10104: Identifying with unique ID: gameserver-Hddkwe35fsvk_worker_10104
2025-11-30 14:45:34:4534 [Worker 10104] warn: [DBMANAGER] Worker 10104: Disconnected from dbServer
2025-11-30 14:45:35:4535 [Worker 7960] info: [DBMANAGER] Worker 7960: Connected to dbServer
2025-11-30 14:45:35:4535 [Worker 7960] info: [DBMANAGER] Worker 7960: Identifying with unique ID: gameserver-Hddkwe35fsvk_worker_7960
2025-11-30 14:45:35:4535 [Worker 7960] warn: [DBMANAGER] Worker 7960: Disconnected from dbServer
2025-11-30 14:45:35:4535 [Worker 26412] info: [DBMANAGER] Worker 26412: Connected to dbServer
2025-11-30 14:45:35:4535 [Worker 26412] info: [DBMANAGER] Worker 26412: Identifying with unique ID: gameserver-Hddkwe35fsvk_worker_26412
2025-11-30 14:45:35:4535 [Worker 26412] warn: [DBMANAGER] Worker 26412: Disconnected from dbServer
2025-11-30 14:45:35:4535 [Worker 5872] info: [DBMANAGER] Worker 5872: Connected to dbServer
2025-11-30 14:45:35:4535 [Worker 5872] info: [DBMANAGER] Worker 5872: Identifying with unique ID: gameserver-Hddkwe35fsvk_worker_5872
2025-11-30 14:45:35:4535 [Worker 5872] warn: [DBMANAGER] Worker 5872: Disconnected from dbServer
2025-11-30 14:45:35:4535 [Worker 24744] info: [DBMANAGER] Worker 24744: Connected to dbServer
2025-11-30 14:45:35:4535 [Worker 24744] info: [DBMANAGER] Worker 24744: Identifying with unique ID: gameserver-Hddkwe35fsvk_worker_24744
2025-11-30 14:45:35:4535 [Worker 24744] warn: [DBMANAGER] Worker 24744: Disconnected from dbServer
2025-11-30 14:45:35:4535 [Worker 24832] info: [DBMANAGER] Worker 24832: Connected to dbServer
2025-11-30 14:45:35:4535 [Worker 24832] info: [DBMANAGER] Worker 24832: Identifying with unique ID: gameserver-Hddkwe35fsvk_worker_24832
2025-11-30 14:45:35:4535 [Worker 24832] warn: [DBMANAGER] Worker 24832: Disconnected from dbServer
2025-11-30 14:45:35:4535 [Worker 12536] info: [DBMANAGER] Worker 12536: Connected to dbServer
2025-11-30 14:45:35:4535 [Worker 12536] info: [DBMANAGER] Worker 12536: Identifying with unique ID: gameserver-Hddkwe35fsvk_worker_12536
2025-11-30 14:45:35:4535 [Worker 12536] warn: [DBMANAGER] Worker 12536: Disconnected from dbServer
2025-11-30 14:45:35:4535 [Worker 26136] info: [DBMANAGER] Worker 26136: Connected to dbServer
2025-11-30 14:45:35:4535 [Worker 26136] info: [DBMANAGER] Worker 26136: Identifying with unique ID: gameserver-Hddkwe35fsvk_worker_26136
2025-11-30 14:45:35:4535 [Worker 26136] warn: [DBMANAGER] Worker 26136: Disconnected from dbServer
2025-11-30 14:45:36:4536 [Worker 18112] info: [DBMANAGER] Worker 18112: Connected to dbServer
2025-11-30 14:45:36:4536 [Worker 18112] info: [DBMANAGER] Worker 18112: Identifying with unique ID: gameserver-Hddkwe35fsvk_worker_18112
2025-11-30 14:45:36:4536 [Worker 18112] warn: [DBMANAGER] Worker 18112: Disconnected from dbServer
2025-11-30 14:45:36:4536 [Worker 6348] info: [DBMANAGER] Worker 6348: Connected to dbServer
2025-11-30 14:45:36:4536 [Worker 6348] info: [DBMANAGER] Worker 6348: Identifying with unique ID: gameserver-Hddkwe35fsvk_worker_6348
2025-11-30 14:45:36:4536 [Worker 6348] warn: [DBMANAGER] Worker 6348: Disconnected from dbServer
2025-11-30 14:45:36:4536 [Worker 24752] info: [DBMANAGER] Worker 24752: Connected to dbServer
2025-11-30 14:45:36:4536 [Worker 24752] info: [DBMANAGER] Worker 24752: Identifying with unique ID: gameserver-Hddkwe35fsvk_worker_24752
2025-11-30 14:45:36:4536 [Worker 24752] warn: [DBMANAGER] Worker 24752: Disconnected from dbServer
2025-11-30 14:45:36:4536 [Worker 6596] warn: Master process received SIGINT. Instructing all workers to shut down gracefully.
2025-11-30 14:45:36:4536 [Worker 6596] warn: Worker 5872 exited during shutdown process.
2025-11-30 14:45:36:4536 [Worker 6596] warn: Worker 7960 exited during shutdown process.
2025-11-30 14:45:36:4536 [Worker 6596] warn: Worker 10104 exited during shutdown process.
2025-11-30 14:45:36:4536 [Worker 6596] warn: Worker 26412 exited during shutdown process.
2025-11-30 14:45:36:4536 [Worker 6596] warn: Worker 12536 exited during shutdown process.
2025-11-30 14:45:36:4536 [Worker 6596] warn: Worker 6348 exited during shutdown process.
2025-11-30 14:45:36:4536 [Worker 6596] warn: Worker 18112 exited during shutdown process.
2025-11-30 14:45:36:4536 [Worker 6596] warn: Worker 24832 exited during shutdown process.
2025-11-30 14:45:36:4536 [Worker 6596] warn: Worker 24752 exited during shutdown process.
2025-11-30 14:45:36:4536 [Worker 6596] warn: Worker 24744 exited during shutdown process.
2025-11-30 14:45:36:4536 [Worker 6596] warn: Worker 26136 exited during shutdown process.
2025-11-30 14:45:36:4536 [Worker 6596] warn: Worker 10660 exited during shutdown process.
2025-11-30 14:45:39:4539 [Worker 6264] info: [ECS:EnergyRegenSystem] Initialized.
2025-11-30 14:45:39:4539 [Worker 6264] info: [ECS:ShieldRegenSystem] Initialized.
2025-11-30 14:45:39:4539 [Worker 6264] info: [LootIdManager] Initialized with 39 static items and pre-built dictionary.
2025-11-30 14:45:39:4539 [Worker 6264] info: [ECS:GeometryUpdateSystem] Initialized.
2025-11-30 14:45:39:4539 [Worker 6264] info: [ECS:CleanupSystem] Initialized. (Now simplified)
2025-11-30 14:45:39:4539 [Worker 6264] info: [ECS:PlayerWeaponSwitchSystem] Initialized.
2025-11-30 14:45:39:4539 [Worker 6264] info: [ECS:EnemySpawnRequestSystem] Initialized.
2025-11-30 14:45:39:4539 [Worker 6264] info: [ECS:BehaviorSystemV2] Initialized.
2025-11-30 14:45:39:4539 [Worker 6264] info: [ECS:CombatAISystem] Initialized.
2025-11-30 14:45:39:4539 [Worker 6264] info: [ECS:WeaponSwitchSystem] Initialized.
2025-11-30 14:45:39:4539 [Worker 6264] info: [ECS:StatusEffectSystem] Initialized.
2025-11-30 14:45:39:4539 [Worker 6264] info: [ECS:WeaponSystem] Initialized.
2025-11-30 14:45:39:4539 [Worker 6264] info: [ECS:MovementSystem] Initialized.
2025-11-30 14:45:39:4539 [Worker 6264] info: [ECS:EntitySimulationSystem] Initialized as the main simulation orchestrator.
2025-11-30 14:45:39:4539 [Worker 6264] info: [ECS:PlayerBoundarySystem] Initialized.
2025-11-30 14:45:39:4539 [Worker 6264] info: [ECS:BoundarySystem] Initialized.
2025-11-30 14:45:39:4539 [Worker 6264] info: [ECS:DestructionEventSystem] Initialized as the main destruction controller.
2025-11-30 14:45:39:4539 [Worker 6264] info: [ECS:CollisionDetectionSystem] Initialized. (Now unified)
2025-11-30 14:45:39:4539 [Worker 6264] info: [ECS:CollisionResolutionSystem] Initialized.
2025-11-30 14:45:39:4539 [Worker 6264] info: [ECS:HitValidationSystem] Initialized.
2025-11-30 14:45:39:4539 [Worker 6264] info: [ECS:HistorySystem] Initialized.
2025-11-30 14:45:39:4539 [Worker 6264] info: [ECS:BuffLifecycleSystem] Initialized.
2025-11-30 14:45:39:4539 [Worker 6264] info: [ECS:StatRecalculationSystem] Initialized.
2025-11-30 14:45:39:4539 [Worker 6264] info: [ECS:OnKillEffectSystem] Initialized.
2025-11-30 14:45:39:4539 [Worker 6264] info: [ECS:LootDropSystem] Initialized.
2025-11-30 14:45:39:4539 [Worker 6264] info: [ECS:SpawnSystem] Initialized.
2025-11-30 14:45:39:4539 [Worker 6264] info: [ECS:LifetimeSystem] Initialized.
2025-11-30 14:45:39:4539 [Worker 6264] info: [ECS:OffscreenCleanupSystem] Initialized.
2025-11-30 14:45:39:4539 [Worker 6264] info: Master process 6264 is running
2025-11-30 14:45:40:4540 [Worker 18612] info: [ECS:EnergyRegenSystem] Initialized.
2025-11-30 14:45:40:4540 [Worker 18612] info: [ECS:ShieldRegenSystem] Initialized.
2025-11-30 14:45:40:4540 [Worker 18612] info: [LootIdManager] Initialized with 39 static items and pre-built dictionary.
2025-11-30 14:45:40:4540 [Worker 18612] info: [ECS:GeometryUpdateSystem] Initialized.
2025-11-30 14:45:40:4540 [Worker 18612] info: [ECS:CleanupSystem] Initialized. (Now simplified)
2025-11-30 14:45:40:4540 [Worker 18612] info: [ECS:PlayerWeaponSwitchSystem] Initialized.
2025-11-30 14:45:40:4540 [Worker 18612] info: [ECS:EnemySpawnRequestSystem] Initialized.
2025-11-30 14:45:40:4540 [Worker 18612] info: [ECS:BehaviorSystemV2] Initialized.
2025-11-30 14:45:40:4540 [Worker 18612] info: [ECS:CombatAISystem] Initialized.
2025-11-30 14:45:40:4540 [Worker 18612] info: [ECS:WeaponSwitchSystem] Initialized.
2025-11-30 14:45:40:4540 [Worker 18612] info: [ECS:StatusEffectSystem] Initialized.
2025-11-30 14:45:40:4540 [Worker 18612] info: [ECS:WeaponSystem] Initialized.
2025-11-30 14:45:40:4540 [Worker 18612] info: [ECS:MovementSystem] Initialized.
2025-11-30 14:45:40:4540 [Worker 18612] info: [ECS:EntitySimulationSystem] Initialized as the main simulation orchestrator.
2025-11-30 14:45:40:4540 [Worker 18612] info: [ECS:PlayerBoundarySystem] Initialized.
2025-11-30 14:45:40:4540 [Worker 18612] info: [ECS:BoundarySystem] Initialized.
2025-11-30 14:45:40:4540 [Worker 18612] info: [ECS:DestructionEventSystem] Initialized as the main destruction controller.
2025-11-30 14:45:40:4540 [Worker 18612] info: [ECS:CollisionDetectionSystem] Initialized. (Now unified)
2025-11-30 14:45:40:4540 [Worker 18612] info: [ECS:CollisionResolutionSystem] Initialized.
2025-11-30 14:45:40:4540 [Worker 18612] info: [ECS:HitValidationSystem] Initialized.
2025-11-30 14:45:40:4540 [Worker 18612] info: [ECS:HistorySystem] Initialized.
2025-11-30 14:45:40:4540 [Worker 18612] info: [ECS:BuffLifecycleSystem] Initialized.
2025-11-30 14:45:40:4540 [Worker 18612] info: [ECS:StatRecalculationSystem] Initialized.
2025-11-30 14:45:40:4540 [Worker 18612] info: [ECS:OnKillEffectSystem] Initialized.
2025-11-30 14:45:40:4540 [Worker 18612] info: [ECS:LootDropSystem] Initialized.
2025-11-30 14:45:40:4540 [Worker 18612] info: [ECS:SpawnSystem] Initialized.
2025-11-30 14:45:40:4540 [Worker 18612] info: [ECS:LifetimeSystem] Initialized.
2025-11-30 14:45:40:4540 [Worker 18612] info: [ECS:OffscreenCleanupSystem] Initialized.
2025-11-30 14:45:41:4541 [Worker 4132] info: [ECS:EnergyRegenSystem] Initialized.
2025-11-30 14:45:41:4541 [Worker 4132] info: [ECS:ShieldRegenSystem] Initialized.
2025-11-30 14:45:41:4541 [Worker 4132] info: [LootIdManager] Initialized with 39 static items and pre-built dictionary.
2025-11-30 14:45:41:4541 [Worker 4132] info: [ECS:GeometryUpdateSystem] Initialized.
2025-11-30 14:45:41:4541 [Worker 4132] info: [ECS:CleanupSystem] Initialized. (Now simplified)
2025-11-30 14:45:41:4541 [Worker 4132] info: [ECS:PlayerWeaponSwitchSystem] Initialized.
2025-11-30 14:45:41:4541 [Worker 4132] info: [ECS:EnemySpawnRequestSystem] Initialized.
2025-11-30 14:45:41:4541 [Worker 4132] info: [ECS:BehaviorSystemV2] Initialized.
2025-11-30 14:45:41:4541 [Worker 4132] info: [ECS:CombatAISystem] Initialized.
2025-11-30 14:45:41:4541 [Worker 4132] info: [ECS:WeaponSwitchSystem] Initialized.
2025-11-30 14:45:41:4541 [Worker 4132] info: [ECS:StatusEffectSystem] Initialized.
2025-11-30 14:45:41:4541 [Worker 4132] info: [ECS:WeaponSystem] Initialized.
2025-11-30 14:45:41:4541 [Worker 4132] info: [ECS:MovementSystem] Initialized.
2025-11-30 14:45:41:4541 [Worker 4132] info: [ECS:EntitySimulationSystem] Initialized as the main simulation orchestrator.
2025-11-30 14:45:41:4541 [Worker 4132] info: [ECS:PlayerBoundarySystem] Initialized.
2025-11-30 14:45:41:4541 [Worker 4132] info: [ECS:BoundarySystem] Initialized.
2025-11-30 14:45:41:4541 [Worker 4132] info: [ECS:DestructionEventSystem] Initialized as the main destruction controller.
2025-11-30 14:45:41:4541 [Worker 4132] info: [ECS:CollisionDetectionSystem] Initialized. (Now unified)
2025-11-30 14:45:41:4541 [Worker 4132] info: [ECS:CollisionResolutionSystem] Initialized.
2025-11-30 14:45:41:4541 [Worker 4132] info: [ECS:HitValidationSystem] Initialized.
2025-11-30 14:45:41:4541 [Worker 4132] info: [ECS:HistorySystem] Initialized.
2025-11-30 14:45:41:4541 [Worker 4132] info: [ECS:BuffLifecycleSystem] Initialized.
2025-11-30 14:45:42:4542 [Worker 4132] info: [ECS:StatRecalculationSystem] Initialized.
2025-11-30 14:45:42:4542 [Worker 4132] info: [ECS:OnKillEffectSystem] Initialized.
2025-11-30 14:45:42:4542 [Worker 4132] info: [ECS:LootDropSystem] Initialized.
2025-11-30 14:45:42:4542 [Worker 4132] info: [ECS:SpawnSystem] Initialized.
2025-11-30 14:45:42:4542 [Worker 4132] info: [ECS:LifetimeSystem] Initialized.
2025-11-30 14:45:42:4542 [Worker 4132] info: [ECS:OffscreenCleanupSystem] Initialized.
2025-11-30 14:45:43:4543 [Worker 21968] info: [ECS:EnergyRegenSystem] Initialized.
2025-11-30 14:45:43:4543 [Worker 21968] info: [ECS:ShieldRegenSystem] Initialized.
2025-11-30 14:45:43:4543 [Worker 21968] info: [LootIdManager] Initialized with 39 static items and pre-built dictionary.
2025-11-30 14:45:43:4543 [Worker 21968] info: [ECS:GeometryUpdateSystem] Initialized.
2025-11-30 14:45:43:4543 [Worker 21968] info: [ECS:CleanupSystem] Initialized. (Now simplified)
2025-11-30 14:45:43:4543 [Worker 21968] info: [ECS:PlayerWeaponSwitchSystem] Initialized.
2025-11-30 14:45:43:4543 [Worker 21968] info: [ECS:EnemySpawnRequestSystem] Initialized.
2025-11-30 14:45:43:4543 [Worker 21968] info: [ECS:BehaviorSystemV2] Initialized.
2025-11-30 14:45:43:4543 [Worker 21968] info: [ECS:CombatAISystem] Initialized.
2025-11-30 14:45:43:4543 [Worker 21968] info: [ECS:WeaponSwitchSystem] Initialized.
2025-11-30 14:45:43:4543 [Worker 21968] info: [ECS:StatusEffectSystem] Initialized.
2025-11-30 14:45:43:4543 [Worker 21968] info: [ECS:WeaponSystem] Initialized.
2025-11-30 14:45:43:4543 [Worker 21968] info: [ECS:MovementSystem] Initialized.
2025-11-30 14:45:43:4543 [Worker 21968] info: [ECS:EntitySimulationSystem] Initialized as the main simulation orchestrator.
2025-11-30 14:45:43:4543 [Worker 21968] info: [ECS:PlayerBoundarySystem] Initialized.
2025-11-30 14:45:43:4543 [Worker 21968] info: [ECS:BoundarySystem] Initialized.
2025-11-30 14:45:43:4543 [Worker 21968] info: [ECS:DestructionEventSystem] Initialized as the main destruction controller.
2025-11-30 14:45:43:4543 [Worker 21968] info: [ECS:CollisionDetectionSystem] Initialized. (Now unified)
2025-11-30 14:45:43:4543 [Worker 21968] info: [ECS:CollisionResolutionSystem] Initialized.
2025-11-30 14:45:43:4543 [Worker 21968] info: [ECS:HitValidationSystem] Initialized.
2025-11-30 14:45:43:4543 [Worker 21968] info: [ECS:HistorySystem] Initialized.
2025-11-30 14:45:43:4543 [Worker 21968] info: [ECS:BuffLifecycleSystem] Initialized.
2025-11-30 14:45:43:4543 [Worker 21968] info: [ECS:StatRecalculationSystem] Initialized.
2025-11-30 14:45:43:4543 [Worker 21968] info: [ECS:OnKillEffectSystem] Initialized.
2025-11-30 14:45:43:4543 [Worker 21968] info: [ECS:LootDropSystem] Initialized.
2025-11-30 14:45:43:4543 [Worker 21968] info: [ECS:SpawnSystem] Initialized.
2025-11-30 14:45:43:4543 [Worker 21968] info: [ECS:LifetimeSystem] Initialized.
2025-11-30 14:45:43:4543 [Worker 21968] info: [ECS:OffscreenCleanupSystem] Initialized.
2025-11-30 14:45:45:4545 [Worker 21968] info: [DBMANAGER] Worker 21968: Connected to dbServer
2025-11-30 14:45:45:4545 [Worker 21968] info: [DBMANAGER] Worker 21968: Identifying with unique ID: gameserver-Hddkwe35fsvk_worker_21968
2025-11-30 14:45:45:4545 [Worker 21968] info: [REDISCLIENT] Worker 21968: Successfully connected to Redis.
2025-11-30 14:45:45:4545 [Worker 21968] info: [GracefulShutdown] Обработчики для воркера 21968 инициализированы и ожидают команды от мастера.
2025-11-30 14:45:45:4545 [Worker 21968] info: Worker 21968 started. WebSocket server running on port 3002
2025-11-30 14:45:45:4545 [Worker 21968] warn: [DBMANAGER] Worker 21968: Disconnected from dbServer
2025-11-30 14:45:45:4545 [Worker 21968] info: [REDISSUBSCRIBER] Worker 21968: Subscribed to 'session-events' and 'session_control_events' channels.
2025-11-30 14:45:45:4545 [Worker 22576] info: [ECS:EnergyRegenSystem] Initialized.
2025-11-30 14:45:45:4545 [Worker 22576] info: [ECS:ShieldRegenSystem] Initialized.
2025-11-30 14:45:45:4545 [Worker 22576] info: [LootIdManager] Initialized with 39 static items and pre-built dictionary.
2025-11-30 14:45:45:4545 [Worker 22576] info: [ECS:GeometryUpdateSystem] Initialized.
2025-11-30 14:45:45:4545 [Worker 22576] info: [ECS:CleanupSystem] Initialized. (Now simplified)
2025-11-30 14:45:45:4545 [Worker 22576] info: [ECS:PlayerWeaponSwitchSystem] Initialized.
2025-11-30 14:45:45:4545 [Worker 22576] info: [ECS:EnemySpawnRequestSystem] Initialized.
2025-11-30 14:45:45:4545 [Worker 22576] info: [ECS:BehaviorSystemV2] Initialized.
2025-11-30 14:45:45:4545 [Worker 22576] info: [ECS:CombatAISystem] Initialized.
2025-11-30 14:45:45:4545 [Worker 22576] info: [ECS:WeaponSwitchSystem] Initialized.
2025-11-30 14:45:45:4545 [Worker 22576] info: [ECS:StatusEffectSystem] Initialized.
2025-11-30 14:45:45:4545 [Worker 22576] info: [ECS:WeaponSystem] Initialized.
2025-11-30 14:45:45:4545 [Worker 22576] info: [ECS:MovementSystem] Initialized.
2025-11-30 14:45:45:4545 [Worker 22576] info: [ECS:EntitySimulationSystem] Initialized as the main simulation orchestrator.
2025-11-30 14:45:45:4545 [Worker 22576] info: [ECS:PlayerBoundarySystem] Initialized.
2025-11-30 14:45:45:4545 [Worker 22576] info: [ECS:BoundarySystem] Initialized.
2025-11-30 14:45:45:4545 [Worker 22576] info: [ECS:DestructionEventSystem] Initialized as the main destruction controller.
2025-11-30 14:45:45:4545 [Worker 22576] info: [ECS:CollisionDetectionSystem] Initialized. (Now unified)
2025-11-30 14:45:45:4545 [Worker 22576] info: [ECS:CollisionResolutionSystem] Initialized.
2025-11-30 14:45:45:4545 [Worker 22576] info: [ECS:HitValidationSystem] Initialized.
2025-11-30 14:45:45:4545 [Worker 22576] info: [ECS:HistorySystem] Initialized.
2025-11-30 14:45:45:4545 [Worker 22576] info: [ECS:BuffLifecycleSystem] Initialized.
2025-11-30 14:45:46:4546 [Worker 22576] info: [ECS:StatRecalculationSystem] Initialized.
2025-11-30 14:45:46:4546 [Worker 22576] info: [ECS:OnKillEffectSystem] Initialized.
2025-11-30 14:45:46:4546 [Worker 22576] info: [ECS:LootDropSystem] Initialized.
2025-11-30 14:45:46:4546 [Worker 22576] info: [ECS:SpawnSystem] Initialized.
2025-11-30 14:45:46:4546 [Worker 22576] info: [ECS:LifetimeSystem] Initialized.
2025-11-30 14:45:46:4546 [Worker 22576] info: [ECS:OffscreenCleanupSystem] Initialized.
2025-11-30 14:45:47:4547 [Worker 22576] info: [DBMANAGER] Worker 22576: Connected to dbServer
2025-11-30 14:45:47:4547 [Worker 22576] info: [DBMANAGER] Worker 22576: Identifying with unique ID: gameserver-Hddkwe35fsvk_worker_22576
2025-11-30 14:45:47:4547 [Worker 22576] info: [REDISCLIENT] Worker 22576: Successfully connected to Redis.
2025-11-30 14:45:47:4547 [Worker 22576] info: [GracefulShutdown] Обработчики для воркера 22576 инициализированы и ожидают команды от мастера.
2025-11-30 14:45:47:4547 [Worker 22576] info: Worker 22576 started. WebSocket server running on port 3002
2025-11-30 14:45:47:4547 [Worker 22576] warn: [DBMANAGER] Worker 22576: Disconnected from dbServer
2025-11-30 14:45:47:4547 [Worker 22576] info: [REDISSUBSCRIBER] Worker 22576: Subscribed to 'session-events' and 'session_control_events' channels.
2025-11-30 14:45:47:4547 [Worker 21968] info: [DBMANAGER] Worker 21968: Connected to dbServer
2025-11-30 14:45:47:4547 [Worker 21968] info: [DBMANAGER] Worker 21968: Identifying with unique ID: gameserver-Hddkwe35fsvk_worker_21968
2025-11-30 14:45:47:4547 [Worker 21968] warn: [DBMANAGER] Worker 21968: Disconnected from dbServer
2025-11-30 14:45:47:4547 [Worker 19912] info: [ECS:EnergyRegenSystem] Initialized.
2025-11-30 14:45:47:4547 [Worker 19912] info: [ECS:ShieldRegenSystem] Initialized.
2025-11-30 14:45:47:4547 [Worker 19912] info: [LootIdManager] Initialized with 39 static items and pre-built dictionary.
2025-11-30 14:45:47:4547 [Worker 19912] info: [ECS:GeometryUpdateSystem] Initialized.
2025-11-30 14:45:47:4547 [Worker 19912] info: [ECS:CleanupSystem] Initialized. (Now simplified)
2025-11-30 14:45:47:4547 [Worker 19912] info: [ECS:PlayerWeaponSwitchSystem] Initialized.
2025-11-30 14:45:47:4547 [Worker 19912] info: [ECS:EnemySpawnRequestSystem] Initialized.
2025-11-30 14:45:47:4547 [Worker 19912] info: [ECS:BehaviorSystemV2] Initialized.
2025-11-30 14:45:47:4547 [Worker 19912] info: [ECS:CombatAISystem] Initialized.
2025-11-30 14:45:47:4547 [Worker 19912] info: [ECS:WeaponSwitchSystem] Initialized.
2025-11-30 14:45:47:4547 [Worker 19912] info: [ECS:StatusEffectSystem] Initialized.
2025-11-30 14:45:47:4547 [Worker 19912] info: [ECS:WeaponSystem] Initialized.
2025-11-30 14:45:47:4547 [Worker 19912] info: [ECS:MovementSystem] Initialized.
2025-11-30 14:45:47:4547 [Worker 19912] info: [ECS:EntitySimulationSystem] Initialized as the main simulation orchestrator.
2025-11-30 14:45:47:4547 [Worker 19912] info: [ECS:PlayerBoundarySystem] Initialized.
2025-11-30 14:45:47:4547 [Worker 19912] info: [ECS:BoundarySystem] Initialized.
2025-11-30 14:45:47:4547 [Worker 19912] info: [ECS:DestructionEventSystem] Initialized as the main destruction controller.
2025-11-30 14:45:47:4547 [Worker 19912] info: [ECS:CollisionDetectionSystem] Initialized. (Now unified)
2025-11-30 14:45:47:4547 [Worker 19912] info: [ECS:CollisionResolutionSystem] Initialized.
2025-11-30 14:45:47:4547 [Worker 19912] info: [ECS:HitValidationSystem] Initialized.
2025-11-30 14:45:47:4547 [Worker 19912] info: [ECS:HistorySystem] Initialized.
2025-11-30 14:45:47:4547 [Worker 19912] info: [ECS:BuffLifecycleSystem] Initialized.
2025-11-30 14:45:47:4547 [Worker 19912] info: [ECS:StatRecalculationSystem] Initialized.
2025-11-30 14:45:47:4547 [Worker 19912] info: [ECS:OnKillEffectSystem] Initialized.
2025-11-30 14:45:47:4547 [Worker 19912] info: [ECS:LootDropSystem] Initialized.
2025-11-30 14:45:47:4547 [Worker 19912] info: [ECS:SpawnSystem] Initialized.
2025-11-30 14:45:47:4547 [Worker 19912] info: [ECS:LifetimeSystem] Initialized.
2025-11-30 14:45:47:4547 [Worker 19912] info: [ECS:OffscreenCleanupSystem] Initialized.
2025-11-30 14:45:49:4549 [Worker 22576] info: [DBMANAGER] Worker 22576: Connected to dbServer
2025-11-30 14:45:49:4549 [Worker 22576] info: [DBMANAGER] Worker 22576: Identifying with unique ID: gameserver-Hddkwe35fsvk_worker_22576
2025-11-30 14:45:49:4549 [Worker 22576] warn: [DBMANAGER] Worker 22576: Disconnected from dbServer
2025-11-30 14:45:49:4549 [Worker 21968] info: [DBMANAGER] Worker 21968: Connected to dbServer
2025-11-30 14:45:49:4549 [Worker 21968] info: [DBMANAGER] Worker 21968: Identifying with unique ID: gameserver-Hddkwe35fsvk_worker_21968
2025-11-30 14:45:49:4549 [Worker 21968] warn: [DBMANAGER] Worker 21968: Disconnected from dbServer
2025-11-30 14:45:50:4550 [Worker 9660] info: [ECS:EnergyRegenSystem] Initialized.
2025-11-30 14:45:50:4550 [Worker 9660] info: [ECS:ShieldRegenSystem] Initialized.
2025-11-30 14:45:50:4550 [Worker 9660] info: [LootIdManager] Initialized with 39 static items and pre-built dictionary.
2025-11-30 14:45:50:4550 [Worker 9660] info: [ECS:GeometryUpdateSystem] Initialized.
2025-11-30 14:45:50:4550 [Worker 9660] info: [ECS:CleanupSystem] Initialized. (Now simplified)
2025-11-30 14:45:50:4550 [Worker 9660] info: [ECS:PlayerWeaponSwitchSystem] Initialized.
2025-11-30 14:45:50:4550 [Worker 9660] info: [ECS:EnemySpawnRequestSystem] Initialized.
2025-11-30 14:45:50:4550 [Worker 9660] info: [ECS:BehaviorSystemV2] Initialized.
2025-11-30 14:45:50:4550 [Worker 9660] info: [ECS:CombatAISystem] Initialized.
2025-11-30 14:45:50:4550 [Worker 9660] info: [ECS:WeaponSwitchSystem] Initialized.
2025-11-30 14:45:50:4550 [Worker 9660] info: [ECS:StatusEffectSystem] Initialized.
2025-11-30 14:45:50:4550 [Worker 9660] info: [ECS:WeaponSystem] Initialized.
2025-11-30 14:45:50:4550 [Worker 9660] info: [ECS:MovementSystem] Initialized.
2025-11-30 14:45:50:4550 [Worker 9660] info: [ECS:EntitySimulationSystem] Initialized as the main simulation orchestrator.
2025-11-30 14:45:50:4550 [Worker 9660] info: [ECS:PlayerBoundarySystem] Initialized.
2025-11-30 14:45:50:4550 [Worker 9660] info: [ECS:BoundarySystem] Initialized.
2025-11-30 14:45:50:4550 [Worker 9660] info: [ECS:DestructionEventSystem] Initialized as the main destruction controller.
2025-11-30 14:45:50:4550 [Worker 9660] info: [ECS:CollisionDetectionSystem] Initialized. (Now unified)
2025-11-30 14:45:50:4550 [Worker 9660] info: [ECS:CollisionResolutionSystem] Initialized.
2025-11-30 14:45:50:4550 [Worker 9660] info: [ECS:HitValidationSystem] Initialized.
2025-11-30 14:45:50:4550 [Worker 9660] info: [ECS:HistorySystem] Initialized.
2025-11-30 14:45:50:4550 [Worker 9660] info: [ECS:BuffLifecycleSystem] Initialized.
2025-11-30 14:45:50:4550 [Worker 9660] info: [ECS:StatRecalculationSystem] Initialized.
2025-11-30 14:45:50:4550 [Worker 9660] info: [ECS:OnKillEffectSystem] Initialized.
2025-11-30 14:45:50:4550 [Worker 9660] info: [ECS:LootDropSystem] Initialized.
2025-11-30 14:45:50:4550 [Worker 9660] info: [ECS:SpawnSystem] Initialized.
2025-11-30 14:45:50:4550 [Worker 9660] info: [ECS:LifetimeSystem] Initialized.
2025-11-30 14:45:50:4550 [Worker 9660] info: [ECS:OffscreenCleanupSystem] Initialized.
2025-11-30 14:45:51:4551 [Worker 22576] info: [DBMANAGER] Worker 22576: Connected to dbServer
2025-11-30 14:45:51:4551 [Worker 22576] info: [DBMANAGER] Worker 22576: Identifying with unique ID: gameserver-Hddkwe35fsvk_worker_22576
2025-11-30 14:45:51:4551 [Worker 22576] warn: [DBMANAGER] Worker 22576: Disconnected from dbServer
2025-11-30 14:45:51:4551 [Worker 21968] info: [DBMANAGER] Worker 21968: Connected to dbServer
2025-11-30 14:45:51:4551 [Worker 21968] info: [DBMANAGER] Worker 21968: Identifying with unique ID: gameserver-Hddkwe35fsvk_worker_21968
2025-11-30 14:45:51:4551 [Worker 21968] warn: [DBMANAGER] Worker 21968: Disconnected from dbServer
2025-11-30 14:45:52:4552 [Worker 13880] info: [ECS:EnergyRegenSystem] Initialized.
2025-11-30 14:45:52:4552 [Worker 13880] info: [ECS:ShieldRegenSystem] Initialized.
2025-11-30 14:45:52:4552 [Worker 13880] info: [LootIdManager] Initialized with 39 static items and pre-built dictionary.
2025-11-30 14:45:52:4552 [Worker 13880] info: [ECS:GeometryUpdateSystem] Initialized.
2025-11-30 14:45:52:4552 [Worker 13880] info: [ECS:CleanupSystem] Initialized. (Now simplified)
2025-11-30 14:45:52:4552 [Worker 13880] info: [ECS:PlayerWeaponSwitchSystem] Initialized.
2025-11-30 14:45:52:4552 [Worker 13880] info: [ECS:EnemySpawnRequestSystem] Initialized.
2025-11-30 14:45:52:4552 [Worker 13880] info: [ECS:BehaviorSystemV2] Initialized.
2025-11-30 14:45:52:4552 [Worker 13880] info: [ECS:CombatAISystem] Initialized.
2025-11-30 14:45:52:4552 [Worker 13880] info: [ECS:WeaponSwitchSystem] Initialized.
2025-11-30 14:45:52:4552 [Worker 13880] info: [ECS:StatusEffectSystem] Initialized.
2025-11-30 14:45:52:4552 [Worker 13880] info: [ECS:WeaponSystem] Initialized.
2025-11-30 14:45:52:4552 [Worker 13880] info: [ECS:MovementSystem] Initialized.
2025-11-30 14:45:52:4552 [Worker 13880] info: [ECS:EntitySimulationSystem] Initialized as the main simulation orchestrator.
2025-11-30 14:45:52:4552 [Worker 13880] info: [ECS:PlayerBoundarySystem] Initialized.
2025-11-30 14:45:52:4552 [Worker 13880] info: [ECS:BoundarySystem] Initialized.
2025-11-30 14:45:52:4552 [Worker 13880] info: [ECS:DestructionEventSystem] Initialized as the main destruction controller.
2025-11-30 14:45:52:4552 [Worker 13880] info: [ECS:CollisionDetectionSystem] Initialized. (Now unified)
2025-11-30 14:45:52:4552 [Worker 13880] info: [ECS:CollisionResolutionSystem] Initialized.
2025-11-30 14:45:52:4552 [Worker 13880] info: [ECS:HitValidationSystem] Initialized.
2025-11-30 14:45:52:4552 [Worker 13880] info: [ECS:HistorySystem] Initialized.
2025-11-30 14:45:52:4552 [Worker 13880] info: [ECS:BuffLifecycleSystem] Initialized.
2025-11-30 14:45:52:4552 [Worker 13880] info: [ECS:StatRecalculationSystem] Initialized.
2025-11-30 14:45:52:4552 [Worker 13880] info: [ECS:OnKillEffectSystem] Initialized.
2025-11-30 14:45:52:4552 [Worker 13880] info: [ECS:LootDropSystem] Initialized.
2025-11-30 14:45:52:4552 [Worker 13880] info: [ECS:SpawnSystem] Initialized.
2025-11-30 14:45:52:4552 [Worker 13880] info: [ECS:LifetimeSystem] Initialized.
2025-11-30 14:45:52:4552 [Worker 13880] info: [ECS:OffscreenCleanupSystem] Initialized.
2025-11-30 14:45:53:4553 [Worker 22576] info: [DBMANAGER] Worker 22576: Connected to dbServer
2025-11-30 14:45:53:4553 [Worker 22576] info: [DBMANAGER] Worker 22576: Identifying with unique ID: gameserver-Hddkwe35fsvk_worker_22576
2025-11-30 14:45:53:4553 [Worker 22576] warn: [DBMANAGER] Worker 22576: Disconnected from dbServer
2025-11-30 14:45:53:4553 [Worker 21968] info: [DBMANAGER] Worker 21968: Connected to dbServer
2025-11-30 14:45:53:4553 [Worker 21968] info: [DBMANAGER] Worker 21968: Identifying with unique ID: gameserver-Hddkwe35fsvk_worker_21968
2025-11-30 14:45:53:4553 [Worker 21968] warn: [DBMANAGER] Worker 21968: Disconnected from dbServer
2025-11-30 14:45:53:4553 [Worker 18612] info: [DBMANAGER] Worker 18612: Connected to dbServer
2025-11-30 14:45:53:4553 [Worker 18612] info: [DBMANAGER] Worker 18612: Identifying with unique ID: gameserver-Hddkwe35fsvk_worker_18612
2025-11-30 14:45:53:4553 [Worker 18612] info: [REDISCLIENT] Worker 18612: Successfully connected to Redis.
2025-11-30 14:45:53:4553 [Worker 18612] info: [GracefulShutdown] Обработчики для воркера 18612 инициализированы и ожидают команды от мастера.
2025-11-30 14:45:53:4553 [Worker 18612] info: Worker 18612 started. WebSocket server running on port 3002
2025-11-30 14:45:53:4553 [Worker 18612] warn: [DBMANAGER] Worker 18612: Disconnected from dbServer
2025-11-30 14:45:53:4553 [Worker 18612] info: [REDISSUBSCRIBER] Worker 18612: Subscribed to 'session-events' and 'session_control_events' channels.
2025-11-30 14:45:53:4553 [Worker 13880] info: [DBMANAGER] Worker 13880: Connected to dbServer
2025-11-30 14:45:53:4553 [Worker 13880] info: [DBMANAGER] Worker 13880: Identifying with unique ID: gameserver-Hddkwe35fsvk_worker_13880
2025-11-30 14:45:53:4553 [Worker 13880] info: [REDISCLIENT] Worker 13880: Successfully connected to Redis.
2025-11-30 14:45:53:4553 [Worker 13880] info: [GracefulShutdown] Обработчики для воркера 13880 инициализированы и ожидают команды от мастера.
2025-11-30 14:45:53:4553 [Worker 13880] info: Worker 13880 started. WebSocket server running on port 3002
2025-11-30 14:45:53:4553 [Worker 13880] warn: [DBMANAGER] Worker 13880: Disconnected from dbServer
2025-11-30 14:45:53:4553 [Worker 13880] info: [REDISSUBSCRIBER] Worker 13880: Subscribed to 'session-events' and 'session_control_events' channels.
2025-11-30 14:45:54:4554 [Worker 4132] info: [DBMANAGER] Worker 4132: Connected to dbServer
2025-11-30 14:45:54:4554 [Worker 4132] info: [DBMANAGER] Worker 4132: Identifying with unique ID: gameserver-Hddkwe35fsvk_worker_4132
2025-11-30 14:45:54:4554 [Worker 4132] info: [REDISCLIENT] Worker 4132: Successfully connected to Redis.
2025-11-30 14:45:54:4554 [Worker 4132] info: [GracefulShutdown] Обработчики для воркера 4132 инициализированы и ожидают команды от мастера.
2025-11-30 14:45:54:4554 [Worker 4132] info: Worker 4132 started. WebSocket server running on port 3002
2025-11-30 14:45:54:4554 [Worker 4132] warn: [DBMANAGER] Worker 4132: Disconnected from dbServer
2025-11-30 14:45:54:4554 [Worker 4132] info: [REDISSUBSCRIBER] Worker 4132: Subscribed to 'session-events' and 'session_control_events' channels.
2025-11-30 14:45:54:4554 [Worker 13568] info: [ECS:EnergyRegenSystem] Initialized.
2025-11-30 14:45:54:4554 [Worker 13568] info: [ECS:ShieldRegenSystem] Initialized.
2025-11-30 14:45:54:4554 [Worker 13568] info: [LootIdManager] Initialized with 39 static items and pre-built dictionary.
2025-11-30 14:45:54:4554 [Worker 13568] info: [ECS:GeometryUpdateSystem] Initialized.
2025-11-30 14:45:54:4554 [Worker 13568] info: [ECS:CleanupSystem] Initialized. (Now simplified)
2025-11-30 14:45:54:4554 [Worker 13568] info: [ECS:PlayerWeaponSwitchSystem] Initialized.
2025-11-30 14:45:54:4554 [Worker 13568] info: [ECS:EnemySpawnRequestSystem] Initialized.
2025-11-30 14:45:54:4554 [Worker 13568] info: [ECS:BehaviorSystemV2] Initialized.
2025-11-30 14:45:54:4554 [Worker 13568] info: [ECS:CombatAISystem] Initialized.
2025-11-30 14:45:54:4554 [Worker 13568] info: [ECS:WeaponSwitchSystem] Initialized.
2025-11-30 14:45:54:4554 [Worker 13568] info: [ECS:StatusEffectSystem] Initialized.
2025-11-30 14:45:54:4554 [Worker 13568] info: [ECS:WeaponSystem] Initialized.
2025-11-30 14:45:54:4554 [Worker 13568] info: [ECS:MovementSystem] Initialized.
2025-11-30 14:45:54:4554 [Worker 13568] info: [ECS:EntitySimulationSystem] Initialized as the main simulation orchestrator.
2025-11-30 14:45:54:4554 [Worker 13568] info: [ECS:PlayerBoundarySystem] Initialized.
2025-11-30 14:45:54:4554 [Worker 13568] info: [ECS:BoundarySystem] Initialized.
2025-11-30 14:45:54:4554 [Worker 13568] info: [ECS:DestructionEventSystem] Initialized as the main destruction controller.
2025-11-30 14:45:54:4554 [Worker 13568] info: [ECS:CollisionDetectionSystem] Initialized. (Now unified)
2025-11-30 14:45:54:4554 [Worker 13568] info: [ECS:CollisionResolutionSystem] Initialized.
2025-11-30 14:45:54:4554 [Worker 13568] info: [ECS:HitValidationSystem] Initialized.
2025-11-30 14:45:54:4554 [Worker 13568] info: [ECS:HistorySystem] Initialized.
2025-11-30 14:45:54:4554 [Worker 13568] info: [ECS:BuffLifecycleSystem] Initialized.
2025-11-30 14:45:54:4554 [Worker 13568] info: [ECS:StatRecalculationSystem] Initialized.
2025-11-30 14:45:54:4554 [Worker 13568] info: [ECS:OnKillEffectSystem] Initialized.
2025-11-30 14:45:54:4554 [Worker 13568] info: [ECS:LootDropSystem] Initialized.
2025-11-30 14:45:54:4554 [Worker 13568] info: [ECS:SpawnSystem] Initialized.
2025-11-30 14:45:54:4554 [Worker 13568] info: [ECS:LifetimeSystem] Initialized.
2025-11-30 14:45:54:4554 [Worker 13568] info: [ECS:OffscreenCleanupSystem] Initialized.
2025-11-30 14:45:55:4555 [Worker 22576] info: [DBMANAGER] Worker 22576: Connected to dbServer
2025-11-30 14:45:55:4555 [Worker 22576] info: [DBMANAGER] Worker 22576: Identifying with unique ID: gameserver-Hddkwe35fsvk_worker_22576
2025-11-30 14:45:55:4555 [Worker 22576] warn: [DBMANAGER] Worker 22576: Disconnected from dbServer
2025-11-30 14:45:55:4555 [Worker 21968] info: [DBMANAGER] Worker 21968: Connected to dbServer
2025-11-30 14:45:55:4555 [Worker 21968] info: [DBMANAGER] Worker 21968: Identifying with unique ID: gameserver-Hddkwe35fsvk_worker_21968
2025-11-30 14:45:55:4555 [Worker 21968] warn: [DBMANAGER] Worker 21968: Disconnected from dbServer
2025-11-30 14:45:55:4555 [Worker 18612] info: [DBMANAGER] Worker 18612: Connected to dbServer
2025-11-30 14:45:55:4555 [Worker 18612] info: [DBMANAGER] Worker 18612: Identifying with unique ID: gameserver-Hddkwe35fsvk_worker_18612
2025-11-30 14:45:55:4555 [Worker 18612] warn: [DBMANAGER] Worker 18612: Disconnected from dbServer
2025-11-30 14:45:55:4555 [Worker 13880] info: [DBMANAGER] Worker 13880: Connected to dbServer
2025-11-30 14:45:55:4555 [Worker 13880] info: [DBMANAGER] Worker 13880: Identifying with unique ID: gameserver-Hddkwe35fsvk_worker_13880
2025-11-30 14:45:55:4555 [Worker 13880] warn: [DBMANAGER] Worker 13880: Disconnected from dbServer
2025-11-30 14:45:56:4556 [Worker 13568] info: [DBMANAGER] Worker 13568: Connected to dbServer
2025-11-30 14:45:56:4556 [Worker 13568] info: [DBMANAGER] Worker 13568: Identifying with unique ID: gameserver-Hddkwe35fsvk_worker_13568
2025-11-30 14:45:56:4556 [Worker 13568] info: [REDISCLIENT] Worker 13568: Successfully connected to Redis.
2025-11-30 14:45:56:4556 [Worker 13568] info: [GracefulShutdown] Обработчики для воркера 13568 инициализированы и ожидают команды от мастера.
2025-11-30 14:45:56:4556 [Worker 13568] info: Worker 13568 started. WebSocket server running on port 3002
2025-11-30 14:45:56:4556 [Worker 13568] warn: [DBMANAGER] Worker 13568: Disconnected from dbServer
2025-11-30 14:45:56:4556 [Worker 13568] info: [REDISSUBSCRIBER] Worker 13568: Subscribed to 'session-events' and 'session_control_events' channels.
2025-11-30 14:45:56:4556 [Worker 4132] info: [DBMANAGER] Worker 4132: Connected to dbServer
2025-11-30 14:45:56:4556 [Worker 4132] info: [DBMANAGER] Worker 4132: Identifying with unique ID: gameserver-Hddkwe35fsvk_worker_4132
2025-11-30 14:45:56:4556 [Worker 4132] warn: [DBMANAGER] Worker 4132: Disconnected from dbServer
2025-11-30 14:45:56:4556 [Worker 13452] info: [ECS:EnergyRegenSystem] Initialized.
2025-11-30 14:45:56:4556 [Worker 13452] info: [ECS:ShieldRegenSystem] Initialized.
2025-11-30 14:45:56:4556 [Worker 13452] info: [LootIdManager] Initialized with 39 static items and pre-built dictionary.
2025-11-30 14:45:56:4556 [Worker 13452] info: [ECS:GeometryUpdateSystem] Initialized.
2025-11-30 14:45:56:4556 [Worker 13452] info: [ECS:CleanupSystem] Initialized. (Now simplified)
2025-11-30 14:45:56:4556 [Worker 13452] info: [ECS:PlayerWeaponSwitchSystem] Initialized.
2025-11-30 14:45:56:4556 [Worker 13452] info: [ECS:EnemySpawnRequestSystem] Initialized.
2025-11-30 14:45:56:4556 [Worker 13452] info: [ECS:BehaviorSystemV2] Initialized.
2025-11-30 14:45:56:4556 [Worker 13452] info: [ECS:CombatAISystem] Initialized.
2025-11-30 14:45:56:4556 [Worker 13452] info: [ECS:WeaponSwitchSystem] Initialized.
2025-11-30 14:45:56:4556 [Worker 13452] info: [ECS:StatusEffectSystem] Initialized.
2025-11-30 14:45:56:4556 [Worker 13452] info: [ECS:WeaponSystem] Initialized.
2025-11-30 14:45:56:4556 [Worker 13452] info: [ECS:MovementSystem] Initialized.
2025-11-30 14:45:56:4556 [Worker 13452] info: [ECS:EntitySimulationSystem] Initialized as the main simulation orchestrator.
2025-11-30 14:45:56:4556 [Worker 13452] info: [ECS:PlayerBoundarySystem] Initialized.
2025-11-30 14:45:56:4556 [Worker 13452] info: [ECS:BoundarySystem] Initialized.
2025-11-30 14:45:56:4556 [Worker 13452] info: [ECS:DestructionEventSystem] Initialized as the main destruction controller.
2025-11-30 14:45:56:4556 [Worker 13452] info: [ECS:CollisionDetectionSystem] Initialized. (Now unified)
2025-11-30 14:45:56:4556 [Worker 13452] info: [ECS:CollisionResolutionSystem] Initialized.
2025-11-30 14:45:56:4556 [Worker 13452] info: [ECS:HitValidationSystem] Initialized.
2025-11-30 14:45:56:4556 [Worker 13452] info: [ECS:HistorySystem] Initialized.
2025-11-30 14:45:56:4556 [Worker 13452] info: [ECS:BuffLifecycleSystem] Initialized.
2025-11-30 14:45:56:4556 [Worker 13452] info: [ECS:StatRecalculationSystem] Initialized.
2025-11-30 14:45:56:4556 [Worker 13452] info: [ECS:OnKillEffectSystem] Initialized.
2025-11-30 14:45:56:4556 [Worker 13452] info: [ECS:LootDropSystem] Initialized.
2025-11-30 14:45:56:4556 [Worker 13452] info: [ECS:SpawnSystem] Initialized.
2025-11-30 14:45:56:4556 [Worker 13452] info: [ECS:LifetimeSystem] Initialized.
2025-11-30 14:45:56:4556 [Worker 13452] info: [ECS:OffscreenCleanupSystem] Initialized.
2025-11-30 14:45:57:4557 [Worker 22576] info: [DBMANAGER] Worker 22576: Connected to dbServer
2025-11-30 14:45:57:4557 [Worker 22576] info: [DBMANAGER] Worker 22576: Identifying with unique ID: gameserver-Hddkwe35fsvk_worker_22576
2025-11-30 14:45:57:4557 [Worker 22576] warn: [DBMANAGER] Worker 22576: Disconnected from dbServer
2025-11-30 14:45:57:4557 [Worker 21968] info: [DBMANAGER] Worker 21968: Connected to dbServer
2025-11-30 14:45:57:4557 [Worker 21968] info: [DBMANAGER] Worker 21968: Identifying with unique ID: gameserver-Hddkwe35fsvk_worker_21968
2025-11-30 14:45:57:4557 [Worker 21968] warn: [DBMANAGER] Worker 21968: Disconnected from dbServer
2025-11-30 14:45:57:4557 [Worker 18612] info: [DBMANAGER] Worker 18612: Connected to dbServer
2025-11-30 14:45:57:4557 [Worker 18612] info: [DBMANAGER] Worker 18612: Identifying with unique ID: gameserver-Hddkwe35fsvk_worker_18612
2025-11-30 14:45:57:4557 [Worker 18612] warn: [DBMANAGER] Worker 18612: Disconnected from dbServer
2025-11-30 14:45:57:4557 [Worker 13880] info: [DBMANAGER] Worker 13880: Connected to dbServer
2025-11-30 14:45:57:4557 [Worker 13880] info: [DBMANAGER] Worker 13880: Identifying with unique ID: gameserver-Hddkwe35fsvk_worker_13880
2025-11-30 14:45:57:4557 [Worker 13880] warn: [DBMANAGER] Worker 13880: Disconnected from dbServer
2025-11-30 14:45:58:4558 [Worker 13568] info: [DBMANAGER] Worker 13568: Connected to dbServer
2025-11-30 14:45:58:4558 [Worker 13568] info: [DBMANAGER] Worker 13568: Identifying with unique ID: gameserver-Hddkwe35fsvk_worker_13568
2025-11-30 14:45:58:4558 [Worker 13568] warn: [DBMANAGER] Worker 13568: Disconnected from dbServer
2025-11-30 14:45:57:4557 [Worker 25692] info: [ECS:EnergyRegenSystem] Initialized.
2025-11-30 14:45:57:4557 [Worker 25692] info: [ECS:ShieldRegenSystem] Initialized.
2025-11-30 14:45:57:4557 [Worker 25692] info: [LootIdManager] Initialized with 39 static items and pre-built dictionary.
2025-11-30 14:45:57:4557 [Worker 25692] info: [ECS:GeometryUpdateSystem] Initialized.
2025-11-30 14:45:57:4557 [Worker 25692] info: [ECS:CleanupSystem] Initialized. (Now simplified)
2025-11-30 14:45:57:4557 [Worker 25692] info: [ECS:PlayerWeaponSwitchSystem] Initialized.
2025-11-30 14:45:58:4558 [Worker 25692] info: [ECS:EnemySpawnRequestSystem] Initialized.
2025-11-30 14:45:58:4558 [Worker 25692] info: [ECS:BehaviorSystemV2] Initialized.
2025-11-30 14:45:58:4558 [Worker 25692] info: [ECS:CombatAISystem] Initialized.
2025-11-30 14:45:58:4558 [Worker 25692] info: [ECS:WeaponSwitchSystem] Initialized.
2025-11-30 14:45:58:4558 [Worker 25692] info: [ECS:StatusEffectSystem] Initialized.
2025-11-30 14:45:58:4558 [Worker 25692] info: [ECS:WeaponSystem] Initialized.
2025-11-30 14:45:58:4558 [Worker 25692] info: [ECS:MovementSystem] Initialized.
2025-11-30 14:45:58:4558 [Worker 25692] info: [ECS:EntitySimulationSystem] Initialized as the main simulation orchestrator.
2025-11-30 14:45:58:4558 [Worker 25692] info: [ECS:PlayerBoundarySystem] Initialized.
2025-11-30 14:45:58:4558 [Worker 25692] info: [ECS:BoundarySystem] Initialized.
2025-11-30 14:45:58:4558 [Worker 25692] info: [ECS:DestructionEventSystem] Initialized as the main destruction controller.
2025-11-30 14:45:58:4558 [Worker 25692] info: [ECS:CollisionDetectionSystem] Initialized. (Now unified)
2025-11-30 14:45:58:4558 [Worker 25692] info: [ECS:CollisionResolutionSystem] Initialized.
2025-11-30 14:45:58:4558 [Worker 25692] info: [ECS:HitValidationSystem] Initialized.
2025-11-30 14:45:58:4558 [Worker 25692] info: [ECS:HistorySystem] Initialized.
2025-11-30 14:45:58:4558 [Worker 25692] info: [ECS:BuffLifecycleSystem] Initialized.
2025-11-30 14:45:58:4558 [Worker 25692] info: [ECS:StatRecalculationSystem] Initialized.
2025-11-30 14:45:58:4558 [Worker 25692] info: [ECS:OnKillEffectSystem] Initialized.
2025-11-30 14:45:58:4558 [Worker 25692] info: [ECS:LootDropSystem] Initialized.
2025-11-30 14:45:58:4558 [Worker 25692] info: [ECS:SpawnSystem] Initialized.
2025-11-30 14:45:58:4558 [Worker 25692] info: [ECS:LifetimeSystem] Initialized.
2025-11-30 14:45:58:4558 [Worker 25692] info: [ECS:OffscreenCleanupSystem] Initialized.
2025-11-30 14:45:58:4558 [Worker 4132] info: [DBMANAGER] Worker 4132: Connected to dbServer
2025-11-30 14:45:58:4558 [Worker 4132] info: [DBMANAGER] Worker 4132: Identifying with unique ID: gameserver-Hddkwe35fsvk_worker_4132
2025-11-30 14:45:58:4558 [Worker 4132] warn: [DBMANAGER] Worker 4132: Disconnected from dbServer
2025-11-30 14:45:59:4559 [Worker 22576] info: [DBMANAGER] Worker 22576: Connected to dbServer
2025-11-30 14:45:59:4559 [Worker 22576] info: [DBMANAGER] Worker 22576: Identifying with unique ID: gameserver-Hddkwe35fsvk_worker_22576
2025-11-30 14:45:59:4559 [Worker 22576] warn: [DBMANAGER] Worker 22576: Disconnected from dbServer
2025-11-30 14:45:59:4559 [Worker 21968] info: [DBMANAGER] Worker 21968: Connected to dbServer
2025-11-30 14:45:59:4559 [Worker 21968] info: [DBMANAGER] Worker 21968: Identifying with unique ID: gameserver-Hddkwe35fsvk_worker_21968
2025-11-30 14:45:59:4559 [Worker 21968] warn: [DBMANAGER] Worker 21968: Disconnected from dbServer
2025-11-30 14:45:59:4559 [Worker 18612] info: [DBMANAGER] Worker 18612: Connected to dbServer
2025-11-30 14:45:59:4559 [Worker 18612] info: [DBMANAGER] Worker 18612: Identifying with unique ID: gameserver-Hddkwe35fsvk_worker_18612
2025-11-30 14:45:59:4559 [Worker 18612] warn: [DBMANAGER] Worker 18612: Disconnected from dbServer
2025-11-30 14:45:59:4559 [Worker 13880] info: [DBMANAGER] Worker 13880: Connected to dbServer
2025-11-30 14:45:59:4559 [Worker 13880] info: [DBMANAGER] Worker 13880: Identifying with unique ID: gameserver-Hddkwe35fsvk_worker_13880
2025-11-30 14:45:59:4559 [Worker 13880] warn: [DBMANAGER] Worker 13880: Disconnected from dbServer
2025-11-30 14:46:00:460 [Worker 13568] info: [DBMANAGER] Worker 13568: Connected to dbServer
2025-11-30 14:46:00:460 [Worker 13568] info: [DBMANAGER] Worker 13568: Identifying with unique ID: gameserver-Hddkwe35fsvk_worker_13568
2025-11-30 14:46:00:460 [Worker 13568] warn: [DBMANAGER] Worker 13568: Disconnected from dbServer
2025-11-30 14:45:59:4559 [Worker 7164] info: [ECS:EnergyRegenSystem] Initialized.
2025-11-30 14:45:59:4559 [Worker 7164] info: [ECS:ShieldRegenSystem] Initialized.
2025-11-30 14:46:00:460 [Worker 7164] info: [LootIdManager] Initialized with 39 static items and pre-built dictionary.
2025-11-30 14:46:00:460 [Worker 7164] info: [ECS:GeometryUpdateSystem] Initialized.
2025-11-30 14:46:00:460 [Worker 7164] info: [ECS:CleanupSystem] Initialized. (Now simplified)
2025-11-30 14:46:00:460 [Worker 7164] info: [ECS:PlayerWeaponSwitchSystem] Initialized.
2025-11-30 14:46:00:460 [Worker 7164] info: [ECS:EnemySpawnRequestSystem] Initialized.
2025-11-30 14:46:00:460 [Worker 7164] info: [ECS:BehaviorSystemV2] Initialized.
2025-11-30 14:46:00:460 [Worker 7164] info: [ECS:CombatAISystem] Initialized.
2025-11-30 14:46:00:460 [Worker 7164] info: [ECS:WeaponSwitchSystem] Initialized.
2025-11-30 14:46:00:460 [Worker 7164] info: [ECS:StatusEffectSystem] Initialized.
2025-11-30 14:46:00:460 [Worker 7164] info: [ECS:WeaponSystem] Initialized.
2025-11-30 14:46:00:460 [Worker 7164] info: [ECS:MovementSystem] Initialized.
2025-11-30 14:46:00:460 [Worker 7164] info: [ECS:EntitySimulationSystem] Initialized as the main simulation orchestrator.
2025-11-30 14:46:00:460 [Worker 7164] info: [ECS:PlayerBoundarySystem] Initialized.
2025-11-30 14:46:00:460 [Worker 7164] info: [ECS:BoundarySystem] Initialized.
2025-11-30 14:46:00:460 [Worker 7164] info: [ECS:DestructionEventSystem] Initialized as the main destruction controller.
2025-11-30 14:46:00:460 [Worker 7164] info: [ECS:CollisionDetectionSystem] Initialized. (Now unified)
2025-11-30 14:46:00:460 [Worker 7164] info: [ECS:CollisionResolutionSystem] Initialized.
2025-11-30 14:46:00:460 [Worker 7164] info: [ECS:HitValidationSystem] Initialized.
2025-11-30 14:46:00:460 [Worker 7164] info: [ECS:HistorySystem] Initialized.
2025-11-30 14:46:00:460 [Worker 7164] info: [ECS:BuffLifecycleSystem] Initialized.
2025-11-30 14:46:00:460 [Worker 7164] info: [ECS:StatRecalculationSystem] Initialized.
2025-11-30 14:46:00:460 [Worker 7164] info: [ECS:OnKillEffectSystem] Initialized.
2025-11-30 14:46:00:460 [Worker 7164] info: [ECS:LootDropSystem] Initialized.
2025-11-30 14:46:00:460 [Worker 7164] info: [ECS:SpawnSystem] Initialized.
2025-11-30 14:46:00:460 [Worker 7164] info: [ECS:LifetimeSystem] Initialized.
2025-11-30 14:46:00:460 [Worker 7164] info: [ECS:OffscreenCleanupSystem] Initialized.
2025-11-30 14:46:00:460 [Worker 4132] info: [DBMANAGER] Worker 4132: Connected to dbServer
2025-11-30 14:46:00:460 [Worker 4132] info: [DBMANAGER] Worker 4132: Identifying with unique ID: gameserver-Hddkwe35fsvk_worker_4132
2025-11-30 14:46:00:460 [Worker 4132] warn: [DBMANAGER] Worker 4132: Disconnected from dbServer
2025-11-30 14:46:01:461 [Worker 22576] info: [DBMANAGER] Worker 22576: Connected to dbServer
2025-11-30 14:46:01:461 [Worker 22576] info: [DBMANAGER] Worker 22576: Identifying with unique ID: gameserver-Hddkwe35fsvk_worker_22576
2025-11-30 14:46:01:461 [Worker 22576] warn: [DBMANAGER] Worker 22576: Disconnected from dbServer
2025-11-30 14:46:01:461 [Worker 21968] info: [DBMANAGER] Worker 21968: Connected to dbServer
2025-11-30 14:46:01:461 [Worker 21968] info: [DBMANAGER] Worker 21968: Identifying with unique ID: gameserver-Hddkwe35fsvk_worker_21968
2025-11-30 14:46:01:461 [Worker 21968] warn: [DBMANAGER] Worker 21968: Disconnected from dbServer
2025-11-30 14:46:01:461 [Worker 18612] info: [DBMANAGER] Worker 18612: Connected to dbServer
2025-11-30 14:46:01:461 [Worker 18612] info: [DBMANAGER] Worker 18612: Identifying with unique ID: gameserver-Hddkwe35fsvk_worker_18612
2025-11-30 14:46:01:461 [Worker 18612] warn: [DBMANAGER] Worker 18612: Disconnected from dbServer
2025-11-30 14:46:01:461 [Worker 13880] info: [DBMANAGER] Worker 13880: Connected to dbServer
2025-11-30 14:46:01:461 [Worker 13880] info: [DBMANAGER] Worker 13880: Identifying with unique ID: gameserver-Hddkwe35fsvk_worker_13880
2025-11-30 14:46:01:461 [Worker 13880] warn: [DBMANAGER] Worker 13880: Disconnected from dbServer
2025-11-30 14:46:02:462 [Worker 13568] info: [DBMANAGER] Worker 13568: Connected to dbServer
2025-11-30 14:46:02:462 [Worker 13568] info: [DBMANAGER] Worker 13568: Identifying with unique ID: gameserver-Hddkwe35fsvk_worker_13568
2025-11-30 14:46:02:462 [Worker 13568] warn: [DBMANAGER] Worker 13568: Disconnected from dbServer
2025-11-30 14:46:02:462 [Worker 18992] info: [ECS:EnergyRegenSystem] Initialized.
2025-11-30 14:46:02:462 [Worker 18992] info: [ECS:ShieldRegenSystem] Initialized.
2025-11-30 14:46:02:462 [Worker 18992] info: [LootIdManager] Initialized with 39 static items and pre-built dictionary.
2025-11-30 14:46:02:462 [Worker 18992] info: [ECS:GeometryUpdateSystem] Initialized.
2025-11-30 14:46:02:462 [Worker 18992] info: [ECS:CleanupSystem] Initialized. (Now simplified)
2025-11-30 14:46:02:462 [Worker 18992] info: [ECS:PlayerWeaponSwitchSystem] Initialized.
2025-11-30 14:46:02:462 [Worker 18992] info: [ECS:EnemySpawnRequestSystem] Initialized.
2025-11-30 14:46:02:462 [Worker 18992] info: [ECS:BehaviorSystemV2] Initialized.
2025-11-30 14:46:02:462 [Worker 18992] info: [ECS:CombatAISystem] Initialized.
2025-11-30 14:46:02:462 [Worker 18992] info: [ECS:WeaponSwitchSystem] Initialized.
2025-11-30 14:46:02:462 [Worker 18992] info: [ECS:StatusEffectSystem] Initialized.
2025-11-30 14:46:02:462 [Worker 18992] info: [ECS:WeaponSystem] Initialized.
2025-11-30 14:46:02:462 [Worker 18992] info: [ECS:MovementSystem] Initialized.
2025-11-30 14:46:02:462 [Worker 18992] info: [ECS:EntitySimulationSystem] Initialized as the main simulation orchestrator.
2025-11-30 14:46:02:462 [Worker 18992] info: [ECS:PlayerBoundarySystem] Initialized.
2025-11-30 14:46:02:462 [Worker 18992] info: [ECS:BoundarySystem] Initialized.
2025-11-30 14:46:02:462 [Worker 18992] info: [ECS:DestructionEventSystem] Initialized as the main destruction controller.
2025-11-30 14:46:02:462 [Worker 18992] info: [ECS:CollisionDetectionSystem] Initialized. (Now unified)
2025-11-30 14:46:02:462 [Worker 18992] info: [ECS:CollisionResolutionSystem] Initialized.
2025-11-30 14:46:02:462 [Worker 18992] info: [ECS:HitValidationSystem] Initialized.
2025-11-30 14:46:02:462 [Worker 18992] info: [ECS:HistorySystem] Initialized.
2025-11-30 14:46:02:462 [Worker 18992] info: [ECS:BuffLifecycleSystem] Initialized.
2025-11-30 14:46:02:462 [Worker 18992] info: [ECS:StatRecalculationSystem] Initialized.
2025-11-30 14:46:02:462 [Worker 18992] info: [ECS:OnKillEffectSystem] Initialized.
2025-11-30 14:46:02:462 [Worker 18992] info: [ECS:LootDropSystem] Initialized.
2025-11-30 14:46:02:462 [Worker 18992] info: [ECS:SpawnSystem] Initialized.
2025-11-30 14:46:02:462 [Worker 18992] info: [ECS:LifetimeSystem] Initialized.
2025-11-30 14:46:02:462 [Worker 18992] info: [ECS:OffscreenCleanupSystem] Initialized.
2025-11-30 14:46:02:462 [Worker 4132] info: [DBMANAGER] Worker 4132: Connected to dbServer
2025-11-30 14:46:02:462 [Worker 4132] info: [DBMANAGER] Worker 4132: Identifying with unique ID: gameserver-Hddkwe35fsvk_worker_4132
2025-11-30 14:46:02:462 [Worker 4132] warn: [DBMANAGER] Worker 4132: Disconnected from dbServer
2025-11-30 14:46:03:463 [Worker 9660] info: [DBMANAGER] Worker 9660: Connected to dbServer
2025-11-30 14:46:03:463 [Worker 9660] info: [DBMANAGER] Worker 9660: Identifying with unique ID: gameserver-Hddkwe35fsvk_worker_9660
2025-11-30 14:46:03:463 [Worker 9660] info: [REDISCLIENT] Worker 9660: Successfully connected to Redis.
2025-11-30 14:46:03:463 [Worker 9660] info: [GracefulShutdown] Обработчики для воркера 9660 инициализированы и ожидают команды от мастера.
2025-11-30 14:46:03:463 [Worker 9660] info: Worker 9660 started. WebSocket server running on port 3002
2025-11-30 14:46:03:463 [Worker 9660] warn: [DBMANAGER] Worker 9660: Disconnected from dbServer
2025-11-30 14:46:03:463 [Worker 9660] info: [REDISSUBSCRIBER] Worker 9660: Subscribed to 'session-events' and 'session_control_events' channels.
2025-11-30 14:46:03:463 [Worker 22576] info: [DBMANAGER] Worker 22576: Connected to dbServer
2025-11-30 14:46:03:463 [Worker 22576] info: [DBMANAGER] Worker 22576: Identifying with unique ID: gameserver-Hddkwe35fsvk_worker_22576
2025-11-30 14:46:03:463 [Worker 22576] warn: [DBMANAGER] Worker 22576: Disconnected from dbServer
2025-11-30 14:46:03:463 [Worker 21968] info: [DBMANAGER] Worker 21968: Connected to dbServer
2025-11-30 14:46:03:463 [Worker 21968] info: [DBMANAGER] Worker 21968: Identifying with unique ID: gameserver-Hddkwe35fsvk_worker_21968
2025-11-30 14:46:03:463 [Worker 21968] warn: [DBMANAGER] Worker 21968: Disconnected from dbServer
2025-11-30 14:46:03:463 [Worker 18612] info: [DBMANAGER] Worker 18612: Connected to dbServer
2025-11-30 14:46:03:463 [Worker 18612] info: [DBMANAGER] Worker 18612: Identifying with unique ID: gameserver-Hddkwe35fsvk_worker_18612
2025-11-30 14:46:03:463 [Worker 18612] warn: [DBMANAGER] Worker 18612: Disconnected from dbServer
2025-11-30 14:46:03:463 [Worker 13880] info: [DBMANAGER] Worker 13880: Connected to dbServer
2025-11-30 14:46:03:463 [Worker 13880] info: [DBMANAGER] Worker 13880: Identifying with unique ID: gameserver-Hddkwe35fsvk_worker_13880
2025-11-30 14:46:03:463 [Worker 13880] warn: [DBMANAGER] Worker 13880: Disconnected from dbServer
2025-11-30 14:46:04:464 [Worker 13568] info: [DBMANAGER] Worker 13568: Connected to dbServer
2025-11-30 14:46:04:464 [Worker 13568] info: [DBMANAGER] Worker 13568: Identifying with unique ID: gameserver-Hddkwe35fsvk_worker_13568
2025-11-30 14:46:04:464 [Worker 13568] warn: [DBMANAGER] Worker 13568: Disconnected from dbServer
2025-11-30 14:46:04:464 [Worker 4132] info: [DBMANAGER] Worker 4132: Connected to dbServer
2025-11-30 14:46:04:464 [Worker 4132] info: [DBMANAGER] Worker 4132: Identifying with unique ID: gameserver-Hddkwe35fsvk_worker_4132
2025-11-30 14:46:04:464 [Worker 4132] warn: [DBMANAGER] Worker 4132: Disconnected from dbServer
2025-11-30 14:46:05:465 [Worker 9660] info: [DBMANAGER] Worker 9660: Connected to dbServer
2025-11-30 14:46:05:465 [Worker 9660] info: [DBMANAGER] Worker 9660: Identifying with unique ID: gameserver-Hddkwe35fsvk_worker_9660
2025-11-30 14:46:05:465 [Worker 9660] warn: [DBMANAGER] Worker 9660: Disconnected from dbServer
2025-11-30 14:46:05:465 [Worker 22576] info: [DBMANAGER] Worker 22576: Connected to dbServer
2025-11-30 14:46:05:465 [Worker 22576] info: [DBMANAGER] Worker 22576: Identifying with unique ID: gameserver-Hddkwe35fsvk_worker_22576
2025-11-30 14:46:05:465 [Worker 22576] warn: [DBMANAGER] Worker 22576: Disconnected from dbServer
2025-11-30 14:46:05:465 [Worker 21968] info: [DBMANAGER] Worker 21968: Connected to dbServer
2025-11-30 14:46:05:465 [Worker 21968] info: [DBMANAGER] Worker 21968: Identifying with unique ID: gameserver-Hddkwe35fsvk_worker_21968
2025-11-30 14:46:05:465 [Worker 21968] warn: [DBMANAGER] Worker 21968: Disconnected from dbServer
2025-11-30 14:46:05:465 [Worker 18612] info: [DBMANAGER] Worker 18612: Connected to dbServer
2025-11-30 14:46:05:465 [Worker 18612] info: [DBMANAGER] Worker 18612: Identifying with unique ID: gameserver-Hddkwe35fsvk_worker_18612
2025-11-30 14:46:05:465 [Worker 18612] warn: [DBMANAGER] Worker 18612: Disconnected from dbServer
2025-11-30 14:46:05:465 [Worker 13880] info: [DBMANAGER] Worker 13880: Connected to dbServer
2025-11-30 14:46:05:465 [Worker 13880] info: [DBMANAGER] Worker 13880: Identifying with unique ID: gameserver-Hddkwe35fsvk_worker_13880
2025-11-30 14:46:05:465 [Worker 13880] warn: [DBMANAGER] Worker 13880: Disconnected from dbServer
2025-11-30 14:46:06:466 [Worker 13568] info: [DBMANAGER] Worker 13568: Connected to dbServer
2025-11-30 14:46:06:466 [Worker 13568] info: [DBMANAGER] Worker 13568: Identifying with unique ID: gameserver-Hddkwe35fsvk_worker_13568
2025-11-30 14:46:06:466 [Worker 13568] warn: [DBMANAGER] Worker 13568: Disconnected from dbServer
2025-11-30 14:46:06:466 [Worker 4132] info: [DBMANAGER] Worker 4132: Connected to dbServer
2025-11-30 14:46:06:466 [Worker 4132] info: [DBMANAGER] Worker 4132: Identifying with unique ID: gameserver-Hddkwe35fsvk_worker_4132
2025-11-30 14:46:06:466 [Worker 4132] warn: [DBMANAGER] Worker 4132: Disconnected from dbServer
2025-11-30 14:46:06:466 [Worker 6264] warn: Master process received SIGINT. Instructing all workers to shut down gracefully.
2025-11-30 14:46:06:466 [Worker 6264] warn: Worker 25692 exited during shutdown process.
2025-11-30 14:46:06:466 [Worker 6264] warn: Worker 21968 exited during shutdown process.
2025-11-30 14:46:06:466 [Worker 6264] warn: Worker 4132 exited during shutdown process.
2025-11-30 14:46:06:466 [Worker 6264] warn: Worker 19912 exited during shutdown process.
2025-11-30 14:46:06:466 [Worker 6264] warn: Worker 18992 exited during shutdown process.
2025-11-30 14:46:06:466 [Worker 6264] warn: Worker 22576 exited during shutdown process.
2025-11-30 14:46:06:466 [Worker 6264] warn: Worker 9660 exited during shutdown process.
2025-11-30 14:46:06:466 [Worker 6264] warn: Worker 18612 exited during shutdown process.
2025-11-30 14:46:06:466 [Worker 6264] warn: Worker 13452 exited during shutdown process.
2025-11-30 14:46:06:466 [Worker 6264] warn: Worker 7164 exited during shutdown process.
2025-11-30 14:46:06:466 [Worker 6264] warn: Worker 13880 exited during shutdown process.
2025-11-30 14:46:06:466 [Worker 6264] warn: Worker 13568 exited during shutdown process.
2025-11-30 14:46:13:4613 [Worker 17420] info: [ECS:EnergyRegenSystem] Initialized.
2025-11-30 14:46:13:4613 [Worker 17420] info: [ECS:ShieldRegenSystem] Initialized.
2025-11-30 14:46:13:4613 [Worker 17420] info: [LootIdManager] Initialized with 39 static items and pre-built dictionary.
2025-11-30 14:46:13:4613 [Worker 17420] info: [ECS:GeometryUpdateSystem] Initialized.
2025-11-30 14:46:13:4613 [Worker 17420] info: [ECS:CleanupSystem] Initialized. (Now simplified)
2025-11-30 14:46:13:4613 [Worker 17420] info: [ECS:PlayerWeaponSwitchSystem] Initialized.
2025-11-30 14:46:13:4613 [Worker 17420] info: [ECS:EnemySpawnRequestSystem] Initialized.
2025-11-30 14:46:13:4613 [Worker 17420] info: [ECS:BehaviorSystemV2] Initialized.
2025-11-30 14:46:13:4613 [Worker 17420] info: [ECS:CombatAISystem] Initialized.
2025-11-30 14:46:13:4613 [Worker 17420] info: [ECS:WeaponSwitchSystem] Initialized.
2025-11-30 14:46:13:4613 [Worker 17420] info: [ECS:StatusEffectSystem] Initialized.
2025-11-30 14:46:13:4613 [Worker 17420] info: [ECS:WeaponSystem] Initialized.
2025-11-30 14:46:13:4613 [Worker 17420] info: [ECS:MovementSystem] Initialized.
2025-11-30 14:46:13:4613 [Worker 17420] info: [ECS:EntitySimulationSystem] Initialized as the main simulation orchestrator.
2025-11-30 14:46:13:4613 [Worker 17420] info: [ECS:PlayerBoundarySystem] Initialized.
2025-11-30 14:46:13:4613 [Worker 17420] info: [ECS:BoundarySystem] Initialized.
2025-11-30 14:46:13:4613 [Worker 17420] info: [ECS:DestructionEventSystem] Initialized as the main destruction controller.
2025-11-30 14:46:13:4613 [Worker 17420] info: [ECS:CollisionDetectionSystem] Initialized. (Now unified)
2025-11-30 14:46:13:4613 [Worker 17420] info: [ECS:CollisionResolutionSystem] Initialized.
2025-11-30 14:46:13:4613 [Worker 17420] info: [ECS:HitValidationSystem] Initialized.
2025-11-30 14:46:13:4613 [Worker 17420] info: [ECS:HistorySystem] Initialized.
2025-11-30 14:46:13:4613 [Worker 17420] info: [ECS:BuffLifecycleSystem] Initialized.
2025-11-30 14:46:13:4613 [Worker 17420] info: [ECS:StatRecalculationSystem] Initialized.
2025-11-30 14:46:13:4613 [Worker 17420] info: [ECS:OnKillEffectSystem] Initialized.
2025-11-30 14:46:13:4613 [Worker 17420] info: [ECS:LootDropSystem] Initialized.
2025-11-30 14:46:13:4613 [Worker 17420] info: [ECS:SpawnSystem] Initialized.
2025-11-30 14:46:13:4613 [Worker 17420] info: [ECS:LifetimeSystem] Initialized.
2025-11-30 14:46:13:4613 [Worker 17420] info: [ECS:OffscreenCleanupSystem] Initialized.
2025-11-30 14:46:14:4614 [Worker 17420] info: Master process 17420 is running
2025-11-30 14:46:14:4614 [Worker 17396] info: [ECS:EnergyRegenSystem] Initialized.
2025-11-30 14:46:14:4614 [Worker 17396] info: [ECS:ShieldRegenSystem] Initialized.
2025-11-30 14:46:14:4614 [Worker 17396] info: [LootIdManager] Initialized with 39 static items and pre-built dictionary.
2025-11-30 14:46:14:4614 [Worker 17396] info: [ECS:GeometryUpdateSystem] Initialized.
2025-11-30 14:46:14:4614 [Worker 17396] info: [ECS:CleanupSystem] Initialized. (Now simplified)
2025-11-30 14:46:14:4614 [Worker 17396] info: [ECS:PlayerWeaponSwitchSystem] Initialized.
2025-11-30 14:46:14:4614 [Worker 17396] info: [ECS:EnemySpawnRequestSystem] Initialized.
2025-11-30 14:46:14:4614 [Worker 17396] info: [ECS:BehaviorSystemV2] Initialized.
2025-11-30 14:46:14:4614 [Worker 17396] info: [ECS:CombatAISystem] Initialized.
2025-11-30 14:46:14:4614 [Worker 17396] info: [ECS:WeaponSwitchSystem] Initialized.
2025-11-30 14:46:14:4614 [Worker 17396] info: [ECS:StatusEffectSystem] Initialized.
2025-11-30 14:46:14:4614 [Worker 17396] info: [ECS:WeaponSystem] Initialized.
2025-11-30 14:46:14:4614 [Worker 17396] info: [ECS:MovementSystem] Initialized.
2025-11-30 14:46:14:4614 [Worker 17396] info: [ECS:EntitySimulationSystem] Initialized as the main simulation orchestrator.
2025-11-30 14:46:14:4614 [Worker 17396] info: [ECS:PlayerBoundarySystem] Initialized.
2025-11-30 14:46:14:4614 [Worker 17396] info: [ECS:BoundarySystem] Initialized.
2025-11-30 14:46:14:4614 [Worker 17396] info: [ECS:DestructionEventSystem] Initialized as the main destruction controller.
2025-11-30 14:46:14:4614 [Worker 17396] info: [ECS:CollisionDetectionSystem] Initialized. (Now unified)
2025-11-30 14:46:14:4614 [Worker 17396] info: [ECS:CollisionResolutionSystem] Initialized.
2025-11-30 14:46:14:4614 [Worker 17396] info: [ECS:HitValidationSystem] Initialized.
2025-11-30 14:46:14:4614 [Worker 17396] info: [ECS:HistorySystem] Initialized.
2025-11-30 14:46:14:4614 [Worker 17396] info: [ECS:BuffLifecycleSystem] Initialized.
2025-11-30 14:46:14:4614 [Worker 17396] info: [ECS:StatRecalculationSystem] Initialized.
2025-11-30 14:46:14:4614 [Worker 17396] info: [ECS:OnKillEffectSystem] Initialized.
2025-11-30 14:46:14:4614 [Worker 17396] info: [ECS:LootDropSystem] Initialized.
2025-11-30 14:46:14:4614 [Worker 17396] info: [ECS:SpawnSystem] Initialized.
2025-11-30 14:46:14:4614 [Worker 17396] info: [ECS:LifetimeSystem] Initialized.
2025-11-30 14:46:14:4614 [Worker 17396] info: [ECS:OffscreenCleanupSystem] Initialized.
2025-11-30 14:46:16:4616 [Worker 19392] info: [ECS:EnergyRegenSystem] Initialized.
2025-11-30 14:46:16:4616 [Worker 19392] info: [ECS:ShieldRegenSystem] Initialized.
2025-11-30 14:46:16:4616 [Worker 19392] info: [LootIdManager] Initialized with 39 static items and pre-built dictionary.
2025-11-30 14:46:16:4616 [Worker 19392] info: [ECS:GeometryUpdateSystem] Initialized.
2025-11-30 14:46:16:4616 [Worker 19392] info: [ECS:CleanupSystem] Initialized. (Now simplified)
2025-11-30 14:46:16:4616 [Worker 19392] info: [ECS:PlayerWeaponSwitchSystem] Initialized.
2025-11-30 14:46:16:4616 [Worker 19392] info: [ECS:EnemySpawnRequestSystem] Initialized.
2025-11-30 14:46:16:4616 [Worker 19392] info: [ECS:BehaviorSystemV2] Initialized.
2025-11-30 14:46:16:4616 [Worker 19392] info: [ECS:CombatAISystem] Initialized.
2025-11-30 14:46:16:4616 [Worker 19392] info: [ECS:WeaponSwitchSystem] Initialized.
2025-11-30 14:46:16:4616 [Worker 19392] info: [ECS:StatusEffectSystem] Initialized.
2025-11-30 14:46:16:4616 [Worker 19392] info: [ECS:WeaponSystem] Initialized.
2025-11-30 14:46:16:4616 [Worker 19392] info: [ECS:MovementSystem] Initialized.
2025-11-30 14:46:16:4616 [Worker 19392] info: [ECS:EntitySimulationSystem] Initialized as the main simulation orchestrator.
2025-11-30 14:46:16:4616 [Worker 19392] info: [ECS:PlayerBoundarySystem] Initialized.
2025-11-30 14:46:16:4616 [Worker 19392] info: [ECS:BoundarySystem] Initialized.
2025-11-30 14:46:16:4616 [Worker 19392] info: [ECS:DestructionEventSystem] Initialized as the main destruction controller.
2025-11-30 14:46:16:4616 [Worker 19392] info: [ECS:CollisionDetectionSystem] Initialized. (Now unified)
2025-11-30 14:46:16:4616 [Worker 19392] info: [ECS:CollisionResolutionSystem] Initialized.
2025-11-30 14:46:16:4616 [Worker 19392] info: [ECS:HitValidationSystem] Initialized.
2025-11-30 14:46:16:4616 [Worker 19392] info: [ECS:HistorySystem] Initialized.
2025-11-30 14:46:16:4616 [Worker 19392] info: [ECS:BuffLifecycleSystem] Initialized.
2025-11-30 14:46:16:4616 [Worker 19392] info: [ECS:StatRecalculationSystem] Initialized.
2025-11-30 14:46:16:4616 [Worker 19392] info: [ECS:OnKillEffectSystem] Initialized.
2025-11-30 14:46:16:4616 [Worker 19392] info: [ECS:LootDropSystem] Initialized.
2025-11-30 14:46:16:4616 [Worker 19392] info: [ECS:SpawnSystem] Initialized.
2025-11-30 14:46:16:4616 [Worker 19392] info: [ECS:LifetimeSystem] Initialized.
2025-11-30 14:46:16:4616 [Worker 19392] info: [ECS:OffscreenCleanupSystem] Initialized.
2025-11-30 14:46:18:4618 [Worker 19392] info: [DBMANAGER] Worker 19392: Connected to dbServer
2025-11-30 14:46:18:4618 [Worker 19392] info: [DBMANAGER] Worker 19392: Identifying with unique ID: gameserver-Hddkwe35fsvk_worker_19392
2025-11-30 14:46:18:4618 [Worker 19392] info: [REDISCLIENT] Worker 19392: Successfully connected to Redis.
2025-11-30 14:46:18:4618 [Worker 19392] info: [GracefulShutdown] Обработчики для воркера 19392 инициализированы и ожидают команды от мастера.
2025-11-30 14:46:18:4618 [Worker 19392] info: Worker 19392 started. WebSocket server running on port 3002
2025-11-30 14:46:18:4618 [Worker 19392] info: [DBMANAGER] Worker 19392: Successfully identified with dbServer as gameserver-Hddkwe35fsvk_worker_19392
2025-11-30 14:46:18:4618 [Worker 19392] info: [WeaponMechanicsStore] Weapon mechanics catalog received and cache has been built.
2025-11-30 14:46:18:4618 [Worker 19392] info: [REDISSUBSCRIBER] Worker 19392: Subscribed to 'session-events' and 'session_control_events' channels.
2025-11-30 14:46:18:4618 [Worker 20636] info: [ECS:EnergyRegenSystem] Initialized.
2025-11-30 14:46:18:4618 [Worker 20636] info: [ECS:ShieldRegenSystem] Initialized.
2025-11-30 14:46:18:4618 [Worker 20636] info: [LootIdManager] Initialized with 39 static items and pre-built dictionary.
2025-11-30 14:46:18:4618 [Worker 20636] info: [ECS:GeometryUpdateSystem] Initialized.
2025-11-30 14:46:18:4618 [Worker 20636] info: [ECS:CleanupSystem] Initialized. (Now simplified)
2025-11-30 14:46:18:4618 [Worker 20636] info: [ECS:PlayerWeaponSwitchSystem] Initialized.
2025-11-30 14:46:18:4618 [Worker 20636] info: [ECS:EnemySpawnRequestSystem] Initialized.
2025-11-30 14:46:18:4618 [Worker 20636] info: [ECS:BehaviorSystemV2] Initialized.
2025-11-30 14:46:18:4618 [Worker 20636] info: [ECS:CombatAISystem] Initialized.
2025-11-30 14:46:18:4618 [Worker 20636] info: [ECS:WeaponSwitchSystem] Initialized.
2025-11-30 14:46:18:4618 [Worker 20636] info: [ECS:StatusEffectSystem] Initialized.
2025-11-30 14:46:18:4618 [Worker 20636] info: [ECS:WeaponSystem] Initialized.
2025-11-30 14:46:18:4618 [Worker 20636] info: [ECS:MovementSystem] Initialized.
2025-11-30 14:46:18:4618 [Worker 20636] info: [ECS:EntitySimulationSystem] Initialized as the main simulation orchestrator.
2025-11-30 14:46:18:4618 [Worker 20636] info: [ECS:PlayerBoundarySystem] Initialized.
2025-11-30 14:46:18:4618 [Worker 20636] info: [ECS:BoundarySystem] Initialized.
2025-11-30 14:46:18:4618 [Worker 20636] info: [ECS:DestructionEventSystem] Initialized as the main destruction controller.
2025-11-30 14:46:18:4618 [Worker 20636] info: [ECS:CollisionDetectionSystem] Initialized. (Now unified)
2025-11-30 14:46:18:4618 [Worker 20636] info: [ECS:CollisionResolutionSystem] Initialized.
2025-11-30 14:46:18:4618 [Worker 20636] info: [ECS:HitValidationSystem] Initialized.
2025-11-30 14:46:18:4618 [Worker 20636] info: [ECS:HistorySystem] Initialized.
2025-11-30 14:46:18:4618 [Worker 20636] info: [ECS:BuffLifecycleSystem] Initialized.
2025-11-30 14:46:18:4618 [Worker 20636] info: [ECS:StatRecalculationSystem] Initialized.
2025-11-30 14:46:18:4618 [Worker 20636] info: [ECS:OnKillEffectSystem] Initialized.
2025-11-30 14:46:18:4618 [Worker 20636] info: [ECS:LootDropSystem] Initialized.
2025-11-30 14:46:18:4618 [Worker 20636] info: [ECS:SpawnSystem] Initialized.
2025-11-30 14:46:18:4618 [Worker 20636] info: [ECS:LifetimeSystem] Initialized.
2025-11-30 14:46:18:4618 [Worker 20636] info: [ECS:OffscreenCleanupSystem] Initialized.
2025-11-30 14:46:19:4619 [Worker 20636] info: [DBMANAGER] Worker 20636: Connected to dbServer
2025-11-30 14:46:19:4619 [Worker 20636] info: [DBMANAGER] Worker 20636: Identifying with unique ID: gameserver-Hddkwe35fsvk_worker_20636
2025-11-30 14:46:19:4619 [Worker 20636] info: [REDISCLIENT] Worker 20636: Successfully connected to Redis.
2025-11-30 14:46:19:4619 [Worker 20636] info: [GracefulShutdown] Обработчики для воркера 20636 инициализированы и ожидают команды от мастера.
2025-11-30 14:46:19:4619 [Worker 20636] info: Worker 20636 started. WebSocket server running on port 3002
2025-11-30 14:46:19:4619 [Worker 20636] info: [DBMANAGER] Worker 20636: Successfully identified with dbServer as gameserver-Hddkwe35fsvk_worker_20636
2025-11-30 14:46:19:4619 [Worker 20636] info: [WeaponMechanicsStore] Weapon mechanics catalog received and cache has been built.
2025-11-30 14:46:19:4619 [Worker 20636] info: [REDISSUBSCRIBER] Worker 20636: Subscribed to 'session-events' and 'session_control_events' channels.
2025-11-30 14:46:20:4620 [Worker 20024] info: [ECS:EnergyRegenSystem] Initialized.
2025-11-30 14:46:20:4620 [Worker 20024] info: [ECS:ShieldRegenSystem] Initialized.
2025-11-30 14:46:20:4620 [Worker 20024] info: [LootIdManager] Initialized with 39 static items and pre-built dictionary.
2025-11-30 14:46:20:4620 [Worker 20024] info: [ECS:GeometryUpdateSystem] Initialized.
2025-11-30 14:46:20:4620 [Worker 20024] info: [ECS:CleanupSystem] Initialized. (Now simplified)
2025-11-30 14:46:20:4620 [Worker 20024] info: [ECS:PlayerWeaponSwitchSystem] Initialized.
2025-11-30 14:46:20:4620 [Worker 20024] info: [ECS:EnemySpawnRequestSystem] Initialized.
2025-11-30 14:46:20:4620 [Worker 20024] info: [ECS:BehaviorSystemV2] Initialized.
2025-11-30 14:46:20:4620 [Worker 20024] info: [ECS:CombatAISystem] Initialized.
2025-11-30 14:46:20:4620 [Worker 20024] info: [ECS:WeaponSwitchSystem] Initialized.
2025-11-30 14:46:20:4620 [Worker 20024] info: [ECS:StatusEffectSystem] Initialized.
2025-11-30 14:46:20:4620 [Worker 20024] info: [ECS:WeaponSystem] Initialized.
2025-11-30 14:46:20:4620 [Worker 20024] info: [ECS:MovementSystem] Initialized.
2025-11-30 14:46:20:4620 [Worker 20024] info: [ECS:EntitySimulationSystem] Initialized as the main simulation orchestrator.
2025-11-30 14:46:20:4620 [Worker 20024] info: [ECS:PlayerBoundarySystem] Initialized.
2025-11-30 14:46:20:4620 [Worker 20024] info: [ECS:BoundarySystem] Initialized.
2025-11-30 14:46:20:4620 [Worker 20024] info: [ECS:DestructionEventSystem] Initialized as the main destruction controller.
2025-11-30 14:46:20:4620 [Worker 20024] info: [ECS:CollisionDetectionSystem] Initialized. (Now unified)
2025-11-30 14:46:20:4620 [Worker 20024] info: [ECS:CollisionResolutionSystem] Initialized.
2025-11-30 14:46:20:4620 [Worker 20024] info: [ECS:HitValidationSystem] Initialized.
2025-11-30 14:46:20:4620 [Worker 20024] info: [ECS:HistorySystem] Initialized.
2025-11-30 14:46:20:4620 [Worker 20024] info: [ECS:BuffLifecycleSystem] Initialized.
2025-11-30 14:46:20:4620 [Worker 20024] info: [ECS:StatRecalculationSystem] Initialized.
2025-11-30 14:46:20:4620 [Worker 20024] info: [ECS:OnKillEffectSystem] Initialized.
2025-11-30 14:46:20:4620 [Worker 20024] info: [ECS:LootDropSystem] Initialized.
2025-11-30 14:46:20:4620 [Worker 20024] info: [ECS:SpawnSystem] Initialized.
2025-11-30 14:46:20:4620 [Worker 20024] info: [ECS:LifetimeSystem] Initialized.
2025-11-30 14:46:20:4620 [Worker 20024] info: [ECS:OffscreenCleanupSystem] Initialized.
2025-11-30 14:46:22:4622 [Worker 20024] info: [DBMANAGER] Worker 20024: Connected to dbServer
2025-11-30 14:46:22:4622 [Worker 20024] info: [DBMANAGER] Worker 20024: Identifying with unique ID: gameserver-Hddkwe35fsvk_worker_20024
2025-11-30 14:46:22:4622 [Worker 20024] info: [DBMANAGER] Worker 20024: Successfully identified with dbServer as gameserver-Hddkwe35fsvk_worker_20024
2025-11-30 14:46:22:4622 [Worker 20024] info: [WeaponMechanicsStore] Weapon mechanics catalog received and cache has been built.
2025-11-30 14:46:22:4622 [Worker 20024] info: [REDISCLIENT] Worker 20024: Successfully connected to Redis.
2025-11-30 14:46:22:4622 [Worker 20024] info: [GracefulShutdown] Обработчики для воркера 20024 инициализированы и ожидают команды от мастера.
2025-11-30 14:46:22:4622 [Worker 20024] info: Worker 20024 started. WebSocket server running on port 3002
2025-11-30 14:46:22:4622 [Worker 20024] info: [REDISSUBSCRIBER] Worker 20024: Subscribed to 'session-events' and 'session_control_events' channels.
2025-11-30 14:46:22:4622 [Worker 3740] info: [ECS:EnergyRegenSystem] Initialized.
2025-11-30 14:46:22:4622 [Worker 3740] info: [ECS:ShieldRegenSystem] Initialized.
2025-11-30 14:46:22:4622 [Worker 3740] info: [LootIdManager] Initialized with 39 static items and pre-built dictionary.
2025-11-30 14:46:22:4622 [Worker 3740] info: [ECS:GeometryUpdateSystem] Initialized.
2025-11-30 14:46:22:4622 [Worker 3740] info: [ECS:CleanupSystem] Initialized. (Now simplified)
2025-11-30 14:46:22:4622 [Worker 3740] info: [ECS:PlayerWeaponSwitchSystem] Initialized.
2025-11-30 14:46:22:4622 [Worker 3740] info: [ECS:EnemySpawnRequestSystem] Initialized.
2025-11-30 14:46:22:4622 [Worker 3740] info: [ECS:BehaviorSystemV2] Initialized.
2025-11-30 14:46:22:4622 [Worker 3740] info: [ECS:CombatAISystem] Initialized.
2025-11-30 14:46:22:4622 [Worker 3740] info: [ECS:WeaponSwitchSystem] Initialized.
2025-11-30 14:46:22:4622 [Worker 3740] info: [ECS:StatusEffectSystem] Initialized.
2025-11-30 14:46:22:4622 [Worker 3740] info: [ECS:WeaponSystem] Initialized.
2025-11-30 14:46:22:4622 [Worker 3740] info: [ECS:MovementSystem] Initialized.
2025-11-30 14:46:22:4622 [Worker 3740] info: [ECS:EntitySimulationSystem] Initialized as the main simulation orchestrator.
2025-11-30 14:46:22:4622 [Worker 3740] info: [ECS:PlayerBoundarySystem] Initialized.
2025-11-30 14:46:22:4622 [Worker 3740] info: [ECS:BoundarySystem] Initialized.
2025-11-30 14:46:22:4622 [Worker 3740] info: [ECS:DestructionEventSystem] Initialized as the main destruction controller.
2025-11-30 14:46:22:4622 [Worker 3740] info: [ECS:CollisionDetectionSystem] Initialized. (Now unified)
2025-11-30 14:46:22:4622 [Worker 3740] info: [ECS:CollisionResolutionSystem] Initialized.
2025-11-30 14:46:22:4622 [Worker 3740] info: [ECS:HitValidationSystem] Initialized.
2025-11-30 14:46:22:4622 [Worker 3740] info: [ECS:HistorySystem] Initialized.
2025-11-30 14:46:22:4622 [Worker 3740] info: [ECS:BuffLifecycleSystem] Initialized.
2025-11-30 14:46:22:4622 [Worker 3740] info: [ECS:StatRecalculationSystem] Initialized.
2025-11-30 14:46:22:4622 [Worker 3740] info: [ECS:OnKillEffectSystem] Initialized.
2025-11-30 14:46:22:4622 [Worker 3740] info: [ECS:LootDropSystem] Initialized.
2025-11-30 14:46:22:4622 [Worker 3740] info: [ECS:SpawnSystem] Initialized.
2025-11-30 14:46:22:4622 [Worker 3740] info: [ECS:LifetimeSystem] Initialized.
2025-11-30 14:46:22:4622 [Worker 3740] info: [ECS:OffscreenCleanupSystem] Initialized.
2025-11-30 14:46:24:4624 [Worker 92] info: [ECS:EnergyRegenSystem] Initialized.
2025-11-30 14:46:24:4624 [Worker 92] info: [ECS:ShieldRegenSystem] Initialized.
2025-11-30 14:46:24:4624 [Worker 92] info: [LootIdManager] Initialized with 39 static items and pre-built dictionary.
2025-11-30 14:46:24:4624 [Worker 92] info: [ECS:GeometryUpdateSystem] Initialized.
2025-11-30 14:46:24:4624 [Worker 92] info: [ECS:CleanupSystem] Initialized. (Now simplified)
2025-11-30 14:46:24:4624 [Worker 92] info: [ECS:PlayerWeaponSwitchSystem] Initialized.
2025-11-30 14:46:24:4624 [Worker 92] info: [ECS:EnemySpawnRequestSystem] Initialized.
2025-11-30 14:46:24:4624 [Worker 92] info: [ECS:BehaviorSystemV2] Initialized.
2025-11-30 14:46:24:4624 [Worker 92] info: [ECS:CombatAISystem] Initialized.
2025-11-30 14:46:24:4624 [Worker 92] info: [ECS:WeaponSwitchSystem] Initialized.
2025-11-30 14:46:24:4624 [Worker 92] info: [ECS:StatusEffectSystem] Initialized.
2025-11-30 14:46:24:4624 [Worker 92] info: [ECS:WeaponSystem] Initialized.
2025-11-30 14:46:24:4624 [Worker 92] info: [ECS:MovementSystem] Initialized.
2025-11-30 14:46:24:4624 [Worker 92] info: [ECS:EntitySimulationSystem] Initialized as the main simulation orchestrator.
2025-11-30 14:46:24:4624 [Worker 92] info: [ECS:PlayerBoundarySystem] Initialized.
2025-11-30 14:46:24:4624 [Worker 92] info: [ECS:BoundarySystem] Initialized.
2025-11-30 14:46:24:4624 [Worker 92] info: [ECS:DestructionEventSystem] Initialized as the main destruction controller.
2025-11-30 14:46:24:4624 [Worker 92] info: [ECS:CollisionDetectionSystem] Initialized. (Now unified)
2025-11-30 14:46:24:4624 [Worker 92] info: [ECS:CollisionResolutionSystem] Initialized.
2025-11-30 14:46:24:4624 [Worker 92] info: [ECS:HitValidationSystem] Initialized.
2025-11-30 14:46:24:4624 [Worker 92] info: [ECS:HistorySystem] Initialized.
2025-11-30 14:46:24:4624 [Worker 92] info: [ECS:BuffLifecycleSystem] Initialized.
2025-11-30 14:46:24:4624 [Worker 92] info: [ECS:StatRecalculationSystem] Initialized.
2025-11-30 14:46:24:4624 [Worker 92] info: [ECS:OnKillEffectSystem] Initialized.
2025-11-30 14:46:24:4624 [Worker 92] info: [ECS:LootDropSystem] Initialized.
2025-11-30 14:46:24:4624 [Worker 92] info: [ECS:SpawnSystem] Initialized.
2025-11-30 14:46:24:4624 [Worker 92] info: [ECS:LifetimeSystem] Initialized.
2025-11-30 14:46:24:4624 [Worker 92] info: [ECS:OffscreenCleanupSystem] Initialized.
2025-11-30 14:46:24:4624 [Worker 3740] info: [DBMANAGER] Worker 3740: Connected to dbServer
2025-11-30 14:46:24:4624 [Worker 3740] info: [DBMANAGER] Worker 3740: Identifying with unique ID: gameserver-Hddkwe35fsvk_worker_3740
2025-11-30 14:46:24:4624 [Worker 3740] info: [REDISCLIENT] Worker 3740: Successfully connected to Redis.
2025-11-30 14:46:24:4624 [Worker 3740] info: [GracefulShutdown] Обработчики для воркера 3740 инициализированы и ожидают команды от мастера.
2025-11-30 14:46:24:4624 [Worker 3740] info: Worker 3740 started. WebSocket server running on port 3002
2025-11-30 14:46:24:4624 [Worker 3740] info: [DBMANAGER] Worker 3740: Successfully identified with dbServer as gameserver-Hddkwe35fsvk_worker_3740
2025-11-30 14:46:24:4624 [Worker 3740] info: [WeaponMechanicsStore] Weapon mechanics catalog received and cache has been built.
2025-11-30 14:46:24:4624 [Worker 3740] info: [REDISSUBSCRIBER] Worker 3740: Subscribed to 'session-events' and 'session_control_events' channels.
2025-11-30 14:46:26:4626 [Worker 19024] info: [ECS:EnergyRegenSystem] Initialized.
2025-11-30 14:46:26:4626 [Worker 19024] info: [ECS:ShieldRegenSystem] Initialized.
2025-11-30 14:46:26:4626 [Worker 19024] info: [LootIdManager] Initialized with 39 static items and pre-built dictionary.
2025-11-30 14:46:26:4626 [Worker 19024] info: [ECS:GeometryUpdateSystem] Initialized.
2025-11-30 14:46:26:4626 [Worker 19024] info: [ECS:CleanupSystem] Initialized. (Now simplified)
2025-11-30 14:46:26:4626 [Worker 19024] info: [ECS:PlayerWeaponSwitchSystem] Initialized.
2025-11-30 14:46:26:4626 [Worker 19024] info: [ECS:EnemySpawnRequestSystem] Initialized.
2025-11-30 14:46:26:4626 [Worker 19024] info: [ECS:BehaviorSystemV2] Initialized.
2025-11-30 14:46:26:4626 [Worker 19024] info: [ECS:CombatAISystem] Initialized.
2025-11-30 14:46:26:4626 [Worker 19024] info: [ECS:WeaponSwitchSystem] Initialized.
2025-11-30 14:46:26:4626 [Worker 19024] info: [ECS:StatusEffectSystem] Initialized.
2025-11-30 14:46:26:4626 [Worker 19024] info: [ECS:WeaponSystem] Initialized.
2025-11-30 14:46:26:4626 [Worker 19024] info: [ECS:MovementSystem] Initialized.
2025-11-30 14:46:26:4626 [Worker 19024] info: [ECS:EntitySimulationSystem] Initialized as the main simulation orchestrator.
2025-11-30 14:46:26:4626 [Worker 19024] info: [ECS:PlayerBoundarySystem] Initialized.
2025-11-30 14:46:26:4626 [Worker 19024] info: [ECS:BoundarySystem] Initialized.
2025-11-30 14:46:26:4626 [Worker 19024] info: [ECS:DestructionEventSystem] Initialized as the main destruction controller.
2025-11-30 14:46:26:4626 [Worker 19024] info: [ECS:CollisionDetectionSystem] Initialized. (Now unified)
2025-11-30 14:46:26:4626 [Worker 19024] info: [ECS:CollisionResolutionSystem] Initialized.
2025-11-30 14:46:26:4626 [Worker 19024] info: [ECS:HitValidationSystem] Initialized.
2025-11-30 14:46:26:4626 [Worker 19024] info: [ECS:HistorySystem] Initialized.
2025-11-30 14:46:26:4626 [Worker 19024] info: [ECS:BuffLifecycleSystem] Initialized.
2025-11-30 14:46:26:4626 [Worker 19024] info: [ECS:StatRecalculationSystem] Initialized.
2025-11-30 14:46:26:4626 [Worker 19024] info: [ECS:OnKillEffectSystem] Initialized.
2025-11-30 14:46:26:4626 [Worker 19024] info: [ECS:LootDropSystem] Initialized.
2025-11-30 14:46:26:4626 [Worker 19024] info: [ECS:SpawnSystem] Initialized.
2025-11-30 14:46:26:4626 [Worker 19024] info: [ECS:LifetimeSystem] Initialized.
2025-11-30 14:46:26:4626 [Worker 19024] info: [ECS:OffscreenCleanupSystem] Initialized.
2025-11-30 14:46:28:4628 [Worker 18980] info: [ECS:EnergyRegenSystem] Initialized.
2025-11-30 14:46:28:4628 [Worker 18980] info: [ECS:ShieldRegenSystem] Initialized.
2025-11-30 14:46:28:4628 [Worker 18980] info: [LootIdManager] Initialized with 39 static items and pre-built dictionary.
2025-11-30 14:46:28:4628 [Worker 18980] info: [ECS:GeometryUpdateSystem] Initialized.
2025-11-30 14:46:28:4628 [Worker 18980] info: [ECS:CleanupSystem] Initialized. (Now simplified)
2025-11-30 14:46:28:4628 [Worker 18980] info: [ECS:PlayerWeaponSwitchSystem] Initialized.
2025-11-30 14:46:28:4628 [Worker 18980] info: [ECS:EnemySpawnRequestSystem] Initialized.
2025-11-30 14:46:28:4628 [Worker 18980] info: [ECS:BehaviorSystemV2] Initialized.
2025-11-30 14:46:28:4628 [Worker 18980] info: [ECS:CombatAISystem] Initialized.
2025-11-30 14:46:28:4628 [Worker 18980] info: [ECS:WeaponSwitchSystem] Initialized.
2025-11-30 14:46:28:4628 [Worker 18980] info: [ECS:StatusEffectSystem] Initialized.
2025-11-30 14:46:28:4628 [Worker 18980] info: [ECS:WeaponSystem] Initialized.
2025-11-30 14:46:28:4628 [Worker 18980] info: [ECS:MovementSystem] Initialized.
2025-11-30 14:46:28:4628 [Worker 18980] info: [ECS:EntitySimulationSystem] Initialized as the main simulation orchestrator.
2025-11-30 14:46:28:4628 [Worker 18980] info: [ECS:PlayerBoundarySystem] Initialized.
2025-11-30 14:46:28:4628 [Worker 18980] info: [ECS:BoundarySystem] Initialized.
2025-11-30 14:46:28:4628 [Worker 18980] info: [ECS:DestructionEventSystem] Initialized as the main destruction controller.
2025-11-30 14:46:28:4628 [Worker 18980] info: [ECS:CollisionDetectionSystem] Initialized. (Now unified)
2025-11-30 14:46:28:4628 [Worker 18980] info: [ECS:CollisionResolutionSystem] Initialized.
2025-11-30 14:46:28:4628 [Worker 18980] info: [ECS:HitValidationSystem] Initialized.
2025-11-30 14:46:28:4628 [Worker 18980] info: [ECS:HistorySystem] Initialized.
2025-11-30 14:46:28:4628 [Worker 18980] info: [ECS:BuffLifecycleSystem] Initialized.
2025-11-30 14:46:28:4628 [Worker 18980] info: [ECS:StatRecalculationSystem] Initialized.
2025-11-30 14:46:28:4628 [Worker 18980] info: [ECS:OnKillEffectSystem] Initialized.
2025-11-30 14:46:28:4628 [Worker 18980] info: [ECS:LootDropSystem] Initialized.
2025-11-30 14:46:28:4628 [Worker 18980] info: [ECS:SpawnSystem] Initialized.
2025-11-30 14:46:28:4628 [Worker 18980] info: [ECS:LifetimeSystem] Initialized.
2025-11-30 14:46:28:4628 [Worker 18980] info: [ECS:OffscreenCleanupSystem] Initialized.
2025-11-30 14:46:30:4630 [Worker 20716] info: [ECS:EnergyRegenSystem] Initialized.
2025-11-30 14:46:30:4630 [Worker 20716] info: [ECS:ShieldRegenSystem] Initialized.
2025-11-30 14:46:30:4630 [Worker 20716] info: [LootIdManager] Initialized with 39 static items and pre-built dictionary.
2025-11-30 14:46:30:4630 [Worker 20716] info: [ECS:GeometryUpdateSystem] Initialized.
2025-11-30 14:46:30:4630 [Worker 20716] info: [ECS:CleanupSystem] Initialized. (Now simplified)
2025-11-30 14:46:30:4630 [Worker 20716] info: [ECS:PlayerWeaponSwitchSystem] Initialized.
2025-11-30 14:46:30:4630 [Worker 20716] info: [ECS:EnemySpawnRequestSystem] Initialized.
2025-11-30 14:46:30:4630 [Worker 20716] info: [ECS:BehaviorSystemV2] Initialized.
2025-11-30 14:46:30:4630 [Worker 20716] info: [ECS:CombatAISystem] Initialized.
2025-11-30 14:46:30:4630 [Worker 20716] info: [ECS:WeaponSwitchSystem] Initialized.
2025-11-30 14:46:30:4630 [Worker 20716] info: [ECS:StatusEffectSystem] Initialized.
2025-11-30 14:46:30:4630 [Worker 20716] info: [ECS:WeaponSystem] Initialized.
2025-11-30 14:46:30:4630 [Worker 20716] info: [ECS:MovementSystem] Initialized.
2025-11-30 14:46:30:4630 [Worker 20716] info: [ECS:EntitySimulationSystem] Initialized as the main simulation orchestrator.
2025-11-30 14:46:30:4630 [Worker 20716] info: [ECS:PlayerBoundarySystem] Initialized.
2025-11-30 14:46:30:4630 [Worker 20716] info: [ECS:BoundarySystem] Initialized.
2025-11-30 14:46:30:4630 [Worker 20716] info: [ECS:DestructionEventSystem] Initialized as the main destruction controller.
2025-11-30 14:46:30:4630 [Worker 20716] info: [ECS:CollisionDetectionSystem] Initialized. (Now unified)
2025-11-30 14:46:30:4630 [Worker 20716] info: [ECS:CollisionResolutionSystem] Initialized.
2025-11-30 14:46:30:4630 [Worker 20716] info: [ECS:HitValidationSystem] Initialized.
2025-11-30 14:46:30:4630 [Worker 20716] info: [ECS:HistorySystem] Initialized.
2025-11-30 14:46:30:4630 [Worker 20716] info: [ECS:BuffLifecycleSystem] Initialized.
2025-11-30 14:46:30:4630 [Worker 20716] info: [ECS:StatRecalculationSystem] Initialized.
2025-11-30 14:46:30:4630 [Worker 20716] info: [ECS:OnKillEffectSystem] Initialized.
2025-11-30 14:46:30:4630 [Worker 20716] info: [ECS:LootDropSystem] Initialized.
2025-11-30 14:46:30:4630 [Worker 20716] info: [ECS:SpawnSystem] Initialized.
2025-11-30 14:46:30:4630 [Worker 20716] info: [ECS:LifetimeSystem] Initialized.
2025-11-30 14:46:30:4630 [Worker 20716] info: [ECS:OffscreenCleanupSystem] Initialized.
2025-11-30 14:46:32:4632 [Worker 20716] info: [DBMANAGER] Worker 20716: Connected to dbServer
2025-11-30 14:46:32:4632 [Worker 20716] info: [DBMANAGER] Worker 20716: Identifying with unique ID: gameserver-Hddkwe35fsvk_worker_20716
2025-11-30 14:46:32:4632 [Worker 20716] info: [REDISCLIENT] Worker 20716: Successfully connected to Redis.
2025-11-30 14:46:32:4632 [Worker 20716] info: [GracefulShutdown] Обработчики для воркера 20716 инициализированы и ожидают команды от мастера.
2025-11-30 14:46:32:4632 [Worker 20716] info: Worker 20716 started. WebSocket server running on port 3002
2025-11-30 14:46:32:4632 [Worker 20716] info: [DBMANAGER] Worker 20716: Successfully identified with dbServer as gameserver-Hddkwe35fsvk_worker_20716
2025-11-30 14:46:32:4632 [Worker 20716] info: [WeaponMechanicsStore] Weapon mechanics catalog received and cache has been built.
2025-11-30 14:46:32:4632 [Worker 20716] info: [REDISSUBSCRIBER] Worker 20716: Subscribed to 'session-events' and 'session_control_events' channels.
2025-11-30 14:46:32:4632 [Worker 22000] info: [ECS:EnergyRegenSystem] Initialized.
2025-11-30 14:46:32:4632 [Worker 22000] info: [ECS:ShieldRegenSystem] Initialized.
2025-11-30 14:46:32:4632 [Worker 22000] info: [LootIdManager] Initialized with 39 static items and pre-built dictionary.
2025-11-30 14:46:32:4632 [Worker 22000] info: [ECS:GeometryUpdateSystem] Initialized.
2025-11-30 14:46:32:4632 [Worker 22000] info: [ECS:CleanupSystem] Initialized. (Now simplified)
2025-11-30 14:46:32:4632 [Worker 22000] info: [ECS:PlayerWeaponSwitchSystem] Initialized.
2025-11-30 14:46:32:4632 [Worker 22000] info: [ECS:EnemySpawnRequestSystem] Initialized.
2025-11-30 14:46:32:4632 [Worker 22000] info: [ECS:BehaviorSystemV2] Initialized.
2025-11-30 14:46:32:4632 [Worker 22000] info: [ECS:CombatAISystem] Initialized.
2025-11-30 14:46:32:4632 [Worker 22000] info: [ECS:WeaponSwitchSystem] Initialized.
2025-11-30 14:46:32:4632 [Worker 22000] info: [ECS:StatusEffectSystem] Initialized.
2025-11-30 14:46:32:4632 [Worker 22000] info: [ECS:WeaponSystem] Initialized.
2025-11-30 14:46:32:4632 [Worker 22000] info: [ECS:MovementSystem] Initialized.
2025-11-30 14:46:32:4632 [Worker 22000] info: [ECS:EntitySimulationSystem] Initialized as the main simulation orchestrator.
2025-11-30 14:46:32:4632 [Worker 22000] info: [ECS:PlayerBoundarySystem] Initialized.
2025-11-30 14:46:32:4632 [Worker 22000] info: [ECS:BoundarySystem] Initialized.
2025-11-30 14:46:32:4632 [Worker 22000] info: [ECS:DestructionEventSystem] Initialized as the main destruction controller.
2025-11-30 14:46:32:4632 [Worker 22000] info: [ECS:CollisionDetectionSystem] Initialized. (Now unified)
2025-11-30 14:46:32:4632 [Worker 22000] info: [ECS:CollisionResolutionSystem] Initialized.
2025-11-30 14:46:32:4632 [Worker 22000] info: [ECS:HitValidationSystem] Initialized.
2025-11-30 14:46:32:4632 [Worker 22000] info: [ECS:HistorySystem] Initialized.
2025-11-30 14:46:32:4632 [Worker 22000] info: [ECS:BuffLifecycleSystem] Initialized.
2025-11-30 14:46:32:4632 [Worker 22000] info: [ECS:StatRecalculationSystem] Initialized.
2025-11-30 14:46:32:4632 [Worker 22000] info: [ECS:OnKillEffectSystem] Initialized.
2025-11-30 14:46:32:4632 [Worker 22000] info: [ECS:LootDropSystem] Initialized.
2025-11-30 14:46:32:4632 [Worker 22000] info: [ECS:SpawnSystem] Initialized.
2025-11-30 14:46:32:4632 [Worker 22000] info: [ECS:LifetimeSystem] Initialized.
2025-11-30 14:46:32:4632 [Worker 22000] info: [ECS:OffscreenCleanupSystem] Initialized.
2025-11-30 14:46:34:4634 [Worker 17696] info: [ECS:EnergyRegenSystem] Initialized.
2025-11-30 14:46:34:4634 [Worker 17696] info: [ECS:ShieldRegenSystem] Initialized.
2025-11-30 14:46:34:4634 [Worker 17696] info: [LootIdManager] Initialized with 39 static items and pre-built dictionary.
2025-11-30 14:46:34:4634 [Worker 17696] info: [ECS:GeometryUpdateSystem] Initialized.
2025-11-30 14:46:34:4634 [Worker 17696] info: [ECS:CleanupSystem] Initialized. (Now simplified)
2025-11-30 14:46:34:4634 [Worker 17696] info: [ECS:PlayerWeaponSwitchSystem] Initialized.
2025-11-30 14:46:34:4634 [Worker 17696] info: [ECS:EnemySpawnRequestSystem] Initialized.
2025-11-30 14:46:34:4634 [Worker 17696] info: [ECS:BehaviorSystemV2] Initialized.
2025-11-30 14:46:34:4634 [Worker 17696] info: [ECS:CombatAISystem] Initialized.
2025-11-30 14:46:34:4634 [Worker 17696] info: [ECS:WeaponSwitchSystem] Initialized.
2025-11-30 14:46:34:4634 [Worker 17696] info: [ECS:StatusEffectSystem] Initialized.
2025-11-30 14:46:34:4634 [Worker 17696] info: [ECS:WeaponSystem] Initialized.
2025-11-30 14:46:34:4634 [Worker 17696] info: [ECS:MovementSystem] Initialized.
2025-11-30 14:46:34:4634 [Worker 17696] info: [ECS:EntitySimulationSystem] Initialized as the main simulation orchestrator.
2025-11-30 14:46:34:4634 [Worker 17696] info: [ECS:PlayerBoundarySystem] Initialized.
2025-11-30 14:46:34:4634 [Worker 17696] info: [ECS:BoundarySystem] Initialized.
2025-11-30 14:46:34:4634 [Worker 17696] info: [ECS:DestructionEventSystem] Initialized as the main destruction controller.
2025-11-30 14:46:34:4634 [Worker 17696] info: [ECS:CollisionDetectionSystem] Initialized. (Now unified)
2025-11-30 14:46:34:4634 [Worker 17696] info: [ECS:CollisionResolutionSystem] Initialized.
2025-11-30 14:46:34:4634 [Worker 17696] info: [ECS:HitValidationSystem] Initialized.
2025-11-30 14:46:34:4634 [Worker 17696] info: [ECS:HistorySystem] Initialized.
2025-11-30 14:46:34:4634 [Worker 17696] info: [ECS:BuffLifecycleSystem] Initialized.
2025-11-30 14:46:34:4634 [Worker 17696] info: [ECS:StatRecalculationSystem] Initialized.
2025-11-30 14:46:34:4634 [Worker 17696] info: [ECS:OnKillEffectSystem] Initialized.
2025-11-30 14:46:34:4634 [Worker 17696] info: [ECS:LootDropSystem] Initialized.
2025-11-30 14:46:34:4634 [Worker 17696] info: [ECS:SpawnSystem] Initialized.
2025-11-30 14:46:34:4634 [Worker 17696] info: [ECS:LifetimeSystem] Initialized.
2025-11-30 14:46:34:4634 [Worker 17696] info: [ECS:OffscreenCleanupSystem] Initialized.
2025-11-30 14:46:36:4636 [Worker 22932] info: [ECS:EnergyRegenSystem] Initialized.
2025-11-30 14:46:36:4636 [Worker 22932] info: [ECS:ShieldRegenSystem] Initialized.
2025-11-30 14:46:36:4636 [Worker 22932] info: [LootIdManager] Initialized with 39 static items and pre-built dictionary.
2025-11-30 14:46:36:4636 [Worker 22932] info: [ECS:GeometryUpdateSystem] Initialized.
2025-11-30 14:46:36:4636 [Worker 22932] info: [ECS:CleanupSystem] Initialized. (Now simplified)
2025-11-30 14:46:36:4636 [Worker 22932] info: [ECS:PlayerWeaponSwitchSystem] Initialized.
2025-11-30 14:46:36:4636 [Worker 22932] info: [ECS:EnemySpawnRequestSystem] Initialized.
2025-11-30 14:46:36:4636 [Worker 22932] info: [ECS:BehaviorSystemV2] Initialized.
2025-11-30 14:46:36:4636 [Worker 22932] info: [ECS:CombatAISystem] Initialized.
2025-11-30 14:46:36:4636 [Worker 22932] info: [ECS:WeaponSwitchSystem] Initialized.
2025-11-30 14:46:36:4636 [Worker 22932] info: [ECS:StatusEffectSystem] Initialized.
2025-11-30 14:46:36:4636 [Worker 22932] info: [ECS:WeaponSystem] Initialized.
2025-11-30 14:46:36:4636 [Worker 22932] info: [ECS:MovementSystem] Initialized.
2025-11-30 14:46:36:4636 [Worker 22932] info: [ECS:EntitySimulationSystem] Initialized as the main simulation orchestrator.
2025-11-30 14:46:36:4636 [Worker 22932] info: [ECS:PlayerBoundarySystem] Initialized.
2025-11-30 14:46:36:4636 [Worker 22932] info: [ECS:BoundarySystem] Initialized.
2025-11-30 14:46:36:4636 [Worker 22932] info: [ECS:DestructionEventSystem] Initialized as the main destruction controller.
2025-11-30 14:46:36:4636 [Worker 22932] info: [ECS:CollisionDetectionSystem] Initialized. (Now unified)
2025-11-30 14:46:36:4636 [Worker 22932] info: [ECS:CollisionResolutionSystem] Initialized.
2025-11-30 14:46:36:4636 [Worker 22932] info: [ECS:HitValidationSystem] Initialized.
2025-11-30 14:46:36:4636 [Worker 22932] info: [ECS:HistorySystem] Initialized.
2025-11-30 14:46:36:4636 [Worker 22932] info: [ECS:BuffLifecycleSystem] Initialized.
2025-11-30 14:46:36:4636 [Worker 22932] info: [ECS:StatRecalculationSystem] Initialized.
2025-11-30 14:46:36:4636 [Worker 22932] info: [ECS:OnKillEffectSystem] Initialized.
2025-11-30 14:46:36:4636 [Worker 22932] info: [ECS:LootDropSystem] Initialized.
2025-11-30 14:46:36:4636 [Worker 22932] info: [ECS:SpawnSystem] Initialized.
2025-11-30 14:46:36:4636 [Worker 22932] info: [ECS:LifetimeSystem] Initialized.
2025-11-30 14:46:36:4636 [Worker 22932] info: [ECS:OffscreenCleanupSystem] Initialized.
2025-11-30 14:46:37:4637 [Worker 92] info: [DBMANAGER] Worker 92: Connected to dbServer
2025-11-30 14:46:37:4637 [Worker 92] info: [DBMANAGER] Worker 92: Identifying with unique ID: gameserver-Hddkwe35fsvk_worker_92
2025-11-30 14:46:37:4637 [Worker 92] info: [REDISCLIENT] Worker 92: Successfully connected to Redis.
2025-11-30 14:46:37:4637 [Worker 92] info: [GracefulShutdown] Обработчики для воркера 92 инициализированы и ожидают команды от мастера.
2025-11-30 14:46:37:4637 [Worker 92] info: Worker 92 started. WebSocket server running on port 3002
2025-11-30 14:46:37:4637 [Worker 92] info: [DBMANAGER] Worker 92: Successfully identified with dbServer as gameserver-Hddkwe35fsvk_worker_92
2025-11-30 14:46:37:4637 [Worker 92] info: [WeaponMechanicsStore] Weapon mechanics catalog received and cache has been built.
2025-11-30 14:46:37:4637 [Worker 92] info: [REDISSUBSCRIBER] Worker 92: Subscribed to 'session-events' and 'session_control_events' channels.
2025-11-30 14:46:38:4638 [Worker 22932] info: [DBMANAGER] Worker 22932: Connected to dbServer
2025-11-30 14:46:38:4638 [Worker 22932] info: [DBMANAGER] Worker 22932: Identifying with unique ID: gameserver-Hddkwe35fsvk_worker_22932
2025-11-30 14:46:38:4638 [Worker 22932] info: [DBMANAGER] Worker 22932: Successfully identified with dbServer as gameserver-Hddkwe35fsvk_worker_22932
2025-11-30 14:46:38:4638 [Worker 22932] info: [WeaponMechanicsStore] Weapon mechanics catalog received and cache has been built.
2025-11-30 14:46:38:4638 [Worker 22932] info: [REDISCLIENT] Worker 22932: Successfully connected to Redis.
2025-11-30 14:46:38:4638 [Worker 22932] info: [GracefulShutdown] Обработчики для воркера 22932 инициализированы и ожидают команды от мастера.
2025-11-30 14:46:38:4638 [Worker 22932] info: Worker 22932 started. WebSocket server running on port 3002
2025-11-30 14:46:38:4638 [Worker 22932] info: [REDISSUBSCRIBER] Worker 22932: Subscribed to 'session-events' and 'session_control_events' channels.
2025-11-30 14:46:39:4639 [Worker 19024] info: [DBMANAGER] Worker 19024: Connected to dbServer
2025-11-30 14:46:39:4639 [Worker 19024] info: [DBMANAGER] Worker 19024: Identifying with unique ID: gameserver-Hddkwe35fsvk_worker_19024
2025-11-30 14:46:39:4639 [Worker 19024] info: [REDISCLIENT] Worker 19024: Successfully connected to Redis.
2025-11-30 14:46:39:4639 [Worker 19024] info: [GracefulShutdown] Обработчики для воркера 19024 инициализированы и ожидают команды от мастера.
2025-11-30 14:46:39:4639 [Worker 19024] info: Worker 19024 started. WebSocket server running on port 3002
2025-11-30 14:46:39:4639 [Worker 19024] info: [DBMANAGER] Worker 19024: Successfully identified with dbServer as gameserver-Hddkwe35fsvk_worker_19024
2025-11-30 14:46:39:4639 [Worker 19024] info: [WeaponMechanicsStore] Weapon mechanics catalog received and cache has been built.
2025-11-30 14:46:39:4639 [Worker 19024] info: [REDISSUBSCRIBER] Worker 19024: Subscribed to 'session-events' and 'session_control_events' channels.
2025-11-30 14:46:47:4647 [Worker 22000] info: [DBMANAGER] Worker 22000: Connected to dbServer
2025-11-30 14:46:47:4647 [Worker 22000] info: [DBMANAGER] Worker 22000: Identifying with unique ID: gameserver-Hddkwe35fsvk_worker_22000
2025-11-30 14:46:47:4647 [Worker 22000] info: [DBMANAGER] Worker 22000: Successfully identified with dbServer as gameserver-Hddkwe35fsvk_worker_22000
2025-11-30 14:46:47:4647 [Worker 22000] info: [WeaponMechanicsStore] Weapon mechanics catalog received and cache has been built.
2025-11-30 14:46:47:4647 [Worker 22000] info: [REDISCLIENT] Worker 22000: Successfully connected to Redis.
2025-11-30 14:46:47:4647 [Worker 22000] info: [GracefulShutdown] Обработчики для воркера 22000 инициализированы и ожидают команды от мастера.
2025-11-30 14:46:47:4647 [Worker 22000] info: Worker 22000 started. WebSocket server running on port 3002
2025-11-30 14:46:47:4647 [Worker 22000] info: [REDISSUBSCRIBER] Worker 22000: Subscribed to 'session-events' and 'session_control_events' channels.
2025-11-30 14:46:48:4648 [Worker 17696] info: [DBMANAGER] Worker 17696: Connected to dbServer
2025-11-30 14:46:48:4648 [Worker 17696] info: [DBMANAGER] Worker 17696: Identifying with unique ID: gameserver-Hddkwe35fsvk_worker_17696
2025-11-30 14:46:48:4648 [Worker 17696] info: [REDISCLIENT] Worker 17696: Successfully connected to Redis.
2025-11-30 14:46:48:4648 [Worker 17696] info: [GracefulShutdown] Обработчики для воркера 17696 инициализированы и ожидают команды от мастера.
2025-11-30 14:46:48:4648 [Worker 17696] info: Worker 17696 started. WebSocket server running on port 3002
2025-11-30 14:46:48:4648 [Worker 17696] info: [DBMANAGER] Worker 17696: Successfully identified with dbServer as gameserver-Hddkwe35fsvk_worker_17696
2025-11-30 14:46:48:4648 [Worker 17696] info: [WeaponMechanicsStore] Weapon mechanics catalog received and cache has been built.
2025-11-30 14:46:48:4648 [Worker 17696] info: [REDISSUBSCRIBER] Worker 17696: Subscribed to 'session-events' and 'session_control_events' channels.
2025-11-30 14:47:12:4712 [Worker 17396] info: [DBMANAGER] Worker 17396: Connected to dbServer
2025-11-30 14:47:12:4712 [Worker 17396] info: [DBMANAGER] Worker 17396: Identifying with unique ID: gameserver-Hddkwe35fsvk_worker_17396
2025-11-30 14:47:12:4712 [Worker 17396] info: [REDISCLIENT] Worker 17396: Successfully connected to Redis.
2025-11-30 14:47:12:4712 [Worker 17396] info: [GracefulShutdown] Обработчики для воркера 17396 инициализированы и ожидают команды от мастера.
2025-11-30 14:47:12:4712 [Worker 17396] info: Worker 17396 started. WebSocket server running on port 3002
2025-11-30 14:47:12:4712 [Worker 17396] info: [DBMANAGER] Worker 17396: Successfully identified with dbServer as gameserver-Hddkwe35fsvk_worker_17396
2025-11-30 14:47:12:4712 [Worker 17396] info: [WeaponMechanicsStore] Weapon mechanics catalog received and cache has been built.
2025-11-30 14:47:12:4712 [Worker 17396] info: [REDISSUBSCRIBER] Worker 17396: Subscribed to 'session-events' and 'session_control_events' channels.
2025-11-30 14:47:34:4734 [Worker 18980] error: timeout of 10000ms exceeded
2025-11-30 14:47:34:4734 [Worker 17420] error: Worker 18980 died. Code: 1, Signal: null
2025-11-30 14:47:39:4739 [Worker 17420] warn: Attempting to start a new worker...
2025-11-30 14:47:40:4740 [Worker 17772] info: [ECS:EnergyRegenSystem] Initialized.
2025-11-30 14:47:40:4740 [Worker 17772] info: [ECS:ShieldRegenSystem] Initialized.
2025-11-30 14:47:40:4740 [Worker 17772] info: [LootIdManager] Initialized with 39 static items and pre-built dictionary.
2025-11-30 14:47:40:4740 [Worker 17772] info: [ECS:GeometryUpdateSystem] Initialized.
2025-11-30 14:47:40:4740 [Worker 17772] info: [ECS:CleanupSystem] Initialized. (Now simplified)
2025-11-30 14:47:40:4740 [Worker 17772] info: [ECS:PlayerWeaponSwitchSystem] Initialized.
2025-11-30 14:47:40:4740 [Worker 17772] info: [ECS:EnemySpawnRequestSystem] Initialized.
2025-11-30 14:47:40:4740 [Worker 17772] info: [ECS:BehaviorSystemV2] Initialized.
2025-11-30 14:47:40:4740 [Worker 17772] info: [ECS:CombatAISystem] Initialized.
2025-11-30 14:47:40:4740 [Worker 17772] info: [ECS:WeaponSwitchSystem] Initialized.
2025-11-30 14:47:40:4740 [Worker 17772] info: [ECS:StatusEffectSystem] Initialized.
2025-11-30 14:47:40:4740 [Worker 17772] info: [ECS:WeaponSystem] Initialized.
2025-11-30 14:47:40:4740 [Worker 17772] info: [ECS:MovementSystem] Initialized.
2025-11-30 14:47:40:4740 [Worker 17772] info: [ECS:EntitySimulationSystem] Initialized as the main simulation orchestrator.
2025-11-30 14:47:40:4740 [Worker 17772] info: [ECS:PlayerBoundarySystem] Initialized.
2025-11-30 14:47:40:4740 [Worker 17772] info: [ECS:BoundarySystem] Initialized.
2025-11-30 14:47:40:4740 [Worker 17772] info: [ECS:DestructionEventSystem] Initialized as the main destruction controller.
2025-11-30 14:47:40:4740 [Worker 17772] info: [ECS:CollisionDetectionSystem] Initialized. (Now unified)
2025-11-30 14:47:40:4740 [Worker 17772] info: [ECS:CollisionResolutionSystem] Initialized.
2025-11-30 14:47:40:4740 [Worker 17772] info: [ECS:HitValidationSystem] Initialized.
2025-11-30 14:47:40:4740 [Worker 17772] info: [ECS:HistorySystem] Initialized.
2025-11-30 14:47:40:4740 [Worker 17772] info: [ECS:BuffLifecycleSystem] Initialized.
2025-11-30 14:47:40:4740 [Worker 17772] info: [ECS:StatRecalculationSystem] Initialized.
2025-11-30 14:47:40:4740 [Worker 17772] info: [ECS:OnKillEffectSystem] Initialized.
2025-11-30 14:47:40:4740 [Worker 17772] info: [ECS:LootDropSystem] Initialized.
2025-11-30 14:47:40:4740 [Worker 17772] info: [ECS:SpawnSystem] Initialized.
2025-11-30 14:47:40:4740 [Worker 17772] info: [ECS:LifetimeSystem] Initialized.
2025-11-30 14:47:40:4740 [Worker 17772] info: [ECS:OffscreenCleanupSystem] Initialized.
2025-11-30 14:47:43:4743 [Worker 17772] info: [DBMANAGER] Worker 17772: Connected to dbServer
2025-11-30 14:47:43:4743 [Worker 17772] info: [DBMANAGER] Worker 17772: Identifying with unique ID: gameserver-Hddkwe35fsvk_worker_17772
2025-11-30 14:47:43:4743 [Worker 17772] info: [REDISCLIENT] Worker 17772: Successfully connected to Redis.
2025-11-30 14:47:43:4743 [Worker 17772] info: [GracefulShutdown] Обработчики для воркера 17772 инициализированы и ожидают команды от мастера.
2025-11-30 14:47:43:4743 [Worker 17772] info: Worker 17772 started. WebSocket server running on port 3002
2025-11-30 14:47:43:4743 [Worker 17772] info: [DBMANAGER] Worker 17772: Successfully identified with dbServer as gameserver-Hddkwe35fsvk_worker_17772
2025-11-30 14:47:43:4743 [Worker 17772] info: [WeaponMechanicsStore] Weapon mechanics catalog received and cache has been built.
2025-11-30 14:47:43:4743 [Worker 17772] info: [REDISSUBSCRIBER] Worker 17772: Subscribed to 'session-events' and 'session_control_events' channels.
2025-11-30 14:49:50:4950 [Worker 17420] warn: Master process received SIGINT. Instructing all workers to shut down gracefully.
2025-11-30 14:49:50:4950 [Worker 17420] warn: Worker 19392 exited during shutdown process.
2025-11-30 14:49:50:4950 [Worker 17420] warn: Worker 17772 exited during shutdown process.
2025-11-30 14:49:50:4950 [Worker 17420] warn: Worker 3740 exited during shutdown process.
2025-11-30 14:49:50:4950 [Worker 17420] warn: Worker 20716 exited during shutdown process.
2025-11-30 14:49:50:4950 [Worker 17420] warn: Worker 17396 exited during shutdown process.
2025-11-30 14:49:50:4950 [Worker 17420] warn: Worker 92 exited during shutdown process.
2025-11-30 14:49:50:4950 [Worker 17420] warn: Worker 20636 exited during shutdown process.
2025-11-30 14:49:50:4950 [Worker 17420] warn: Worker 20024 exited during shutdown process.
2025-11-30 14:49:50:4950 [Worker 17420] warn: Worker 22932 exited during shutdown process.
2025-11-30 14:49:50:4950 [Worker 17420] warn: Worker 17696 exited during shutdown process.
2025-11-30 14:49:51:4951 [Worker 17420] warn: Worker 19024 exited during shutdown process.
2025-11-30 14:49:51:4951 [Worker 17420] warn: Worker 22000 exited during shutdown process.
2025-11-30 14:49:55:4955 [Worker 21728] info: [ECS:EnergyRegenSystem] Initialized.
2025-11-30 14:49:55:4955 [Worker 21728] info: [ECS:ShieldRegenSystem] Initialized.
2025-11-30 14:49:55:4955 [Worker 21728] info: [LootIdManager] Initialized with 39 static items and pre-built dictionary.
2025-11-30 14:49:55:4955 [Worker 21728] info: [ECS:GeometryUpdateSystem] Initialized.
2025-11-30 14:49:55:4955 [Worker 21728] info: [ECS:CleanupSystem] Initialized. (Now simplified)
2025-11-30 14:49:55:4955 [Worker 21728] info: [ECS:PlayerWeaponSwitchSystem] Initialized.
2025-11-30 14:49:55:4955 [Worker 21728] info: [ECS:EnemySpawnRequestSystem] Initialized.
2025-11-30 14:49:55:4955 [Worker 21728] info: [ECS:BehaviorSystemV2] Initialized.
2025-11-30 14:49:55:4955 [Worker 21728] info: [ECS:CombatAISystem] Initialized.
2025-11-30 14:49:55:4955 [Worker 21728] info: [ECS:WeaponSwitchSystem] Initialized.
2025-11-30 14:49:55:4955 [Worker 21728] info: [ECS:StatusEffectSystem] Initialized.
2025-11-30 14:49:55:4955 [Worker 21728] info: [ECS:WeaponSystem] Initialized.
2025-11-30 14:49:55:4955 [Worker 21728] info: [ECS:MovementSystem] Initialized.
2025-11-30 14:49:55:4955 [Worker 21728] info: [ECS:EntitySimulationSystem] Initialized as the main simulation orchestrator.
2025-11-30 14:49:55:4955 [Worker 21728] info: [ECS:PlayerBoundarySystem] Initialized.
2025-11-30 14:49:55:4955 [Worker 21728] info: [ECS:BoundarySystem] Initialized.
2025-11-30 14:49:55:4955 [Worker 21728] info: [ECS:DestructionEventSystem] Initialized as the main destruction controller.
2025-11-30 14:49:55:4955 [Worker 21728] info: [ECS:CollisionDetectionSystem] Initialized. (Now unified)
2025-11-30 14:49:55:4955 [Worker 21728] info: [ECS:CollisionResolutionSystem] Initialized.
2025-11-30 14:49:55:4955 [Worker 21728] info: [ECS:HitValidationSystem] Initialized.
2025-11-30 14:49:55:4955 [Worker 21728] info: [ECS:HistorySystem] Initialized.
2025-11-30 14:49:55:4955 [Worker 21728] info: [ECS:BuffLifecycleSystem] Initialized.
2025-11-30 14:49:55:4955 [Worker 21728] info: [ECS:StatRecalculationSystem] Initialized.
2025-11-30 14:49:55:4955 [Worker 21728] info: [ECS:OnKillEffectSystem] Initialized.
2025-11-30 14:49:55:4955 [Worker 21728] info: [ECS:LootDropSystem] Initialized.
2025-11-30 14:49:55:4955 [Worker 21728] info: [ECS:SpawnSystem] Initialized.
2025-11-30 14:49:55:4955 [Worker 21728] info: [ECS:LifetimeSystem] Initialized.
2025-11-30 14:49:55:4955 [Worker 21728] info: [ECS:OffscreenCleanupSystem] Initialized.
2025-11-30 14:49:55:4955 [Worker 21728] info: Master process 21728 is running
2025-11-30 14:49:56:4956 [Worker 25152] info: [ECS:EnergyRegenSystem] Initialized.
2025-11-30 14:49:56:4956 [Worker 25152] info: [ECS:ShieldRegenSystem] Initialized.
2025-11-30 14:49:56:4956 [Worker 25152] info: [LootIdManager] Initialized with 39 static items and pre-built dictionary.
2025-11-30 14:49:56:4956 [Worker 25152] info: [ECS:GeometryUpdateSystem] Initialized.
2025-11-30 14:49:56:4956 [Worker 25152] info: [ECS:CleanupSystem] Initialized. (Now simplified)
2025-11-30 14:49:56:4956 [Worker 25152] info: [ECS:PlayerWeaponSwitchSystem] Initialized.
2025-11-30 14:49:56:4956 [Worker 25152] info: [ECS:EnemySpawnRequestSystem] Initialized.
2025-11-30 14:49:56:4956 [Worker 25152] info: [ECS:BehaviorSystemV2] Initialized.
2025-11-30 14:49:56:4956 [Worker 25152] info: [ECS:CombatAISystem] Initialized.
2025-11-30 14:49:56:4956 [Worker 25152] info: [ECS:WeaponSwitchSystem] Initialized.
2025-11-30 14:49:56:4956 [Worker 25152] info: [ECS:StatusEffectSystem] Initialized.
2025-11-30 14:49:56:4956 [Worker 25152] info: [ECS:WeaponSystem] Initialized.
2025-11-30 14:49:56:4956 [Worker 25152] info: [ECS:MovementSystem] Initialized.
2025-11-30 14:49:56:4956 [Worker 25152] info: [ECS:EntitySimulationSystem] Initialized as the main simulation orchestrator.
2025-11-30 14:49:56:4956 [Worker 25152] info: [ECS:PlayerBoundarySystem] Initialized.
2025-11-30 14:49:56:4956 [Worker 25152] info: [ECS:BoundarySystem] Initialized.
2025-11-30 14:49:56:4956 [Worker 25152] info: [ECS:DestructionEventSystem] Initialized as the main destruction controller.
2025-11-30 14:49:56:4956 [Worker 25152] info: [ECS:CollisionDetectionSystem] Initialized. (Now unified)
2025-11-30 14:49:56:4956 [Worker 25152] info: [ECS:CollisionResolutionSystem] Initialized.
2025-11-30 14:49:56:4956 [Worker 25152] info: [ECS:HitValidationSystem] Initialized.
2025-11-30 14:49:56:4956 [Worker 25152] info: [ECS:HistorySystem] Initialized.
2025-11-30 14:49:56:4956 [Worker 25152] info: [ECS:BuffLifecycleSystem] Initialized.
2025-11-30 14:49:56:4956 [Worker 25152] info: [ECS:StatRecalculationSystem] Initialized.
2025-11-30 14:49:56:4956 [Worker 25152] info: [ECS:OnKillEffectSystem] Initialized.
2025-11-30 14:49:56:4956 [Worker 25152] info: [ECS:LootDropSystem] Initialized.
2025-11-30 14:49:56:4956 [Worker 25152] info: [ECS:SpawnSystem] Initialized.
2025-11-30 14:49:56:4956 [Worker 25152] info: [ECS:LifetimeSystem] Initialized.
2025-11-30 14:49:56:4956 [Worker 25152] info: [ECS:OffscreenCleanupSystem] Initialized.
2025-11-30 14:49:57:4957 [Worker 25152] info: [DBMANAGER] Worker 25152: Connected to dbServer
2025-11-30 14:49:57:4957 [Worker 25152] info: [DBMANAGER] Worker 25152: Identifying with unique ID: gameserver-Hddkwe35fsvk_worker_25152
2025-11-30 14:49:57:4957 [Worker 25152] info: [REDISCLIENT] Worker 25152: Successfully connected to Redis.
2025-11-30 14:49:57:4957 [Worker 25152] info: [GracefulShutdown] Обработчики для воркера 25152 инициализированы и ожидают команды от мастера.
2025-11-30 14:49:57:4957 [Worker 25152] info: Worker 25152 started. WebSocket server running on port 3002
2025-11-30 14:49:57:4957 [Worker 25152] warn: [DBMANAGER] Worker 25152: Disconnected from dbServer
2025-11-30 14:49:57:4957 [Worker 25152] info: [REDISSUBSCRIBER] Worker 25152: Subscribed to 'session-events' and 'session_control_events' channels.
2025-11-30 14:49:57:4957 [Worker 11520] info: [ECS:EnergyRegenSystem] Initialized.
2025-11-30 14:49:57:4957 [Worker 11520] info: [ECS:ShieldRegenSystem] Initialized.
2025-11-30 14:49:57:4957 [Worker 11520] info: [LootIdManager] Initialized with 39 static items and pre-built dictionary.
2025-11-30 14:49:57:4957 [Worker 11520] info: [ECS:GeometryUpdateSystem] Initialized.
2025-11-30 14:49:57:4957 [Worker 11520] info: [ECS:CleanupSystem] Initialized. (Now simplified)
2025-11-30 14:49:57:4957 [Worker 11520] info: [ECS:PlayerWeaponSwitchSystem] Initialized.
2025-11-30 14:49:58:4958 [Worker 11520] info: [ECS:EnemySpawnRequestSystem] Initialized.
2025-11-30 14:49:58:4958 [Worker 11520] info: [ECS:BehaviorSystemV2] Initialized.
2025-11-30 14:49:58:4958 [Worker 11520] info: [ECS:CombatAISystem] Initialized.
2025-11-30 14:49:58:4958 [Worker 11520] info: [ECS:WeaponSwitchSystem] Initialized.
2025-11-30 14:49:58:4958 [Worker 11520] info: [ECS:StatusEffectSystem] Initialized.
2025-11-30 14:49:58:4958 [Worker 11520] info: [ECS:WeaponSystem] Initialized.
2025-11-30 14:49:58:4958 [Worker 11520] info: [ECS:MovementSystem] Initialized.
2025-11-30 14:49:58:4958 [Worker 11520] info: [ECS:EntitySimulationSystem] Initialized as the main simulation orchestrator.
2025-11-30 14:49:58:4958 [Worker 11520] info: [ECS:PlayerBoundarySystem] Initialized.
2025-11-30 14:49:58:4958 [Worker 11520] info: [ECS:BoundarySystem] Initialized.
2025-11-30 14:49:58:4958 [Worker 11520] info: [ECS:DestructionEventSystem] Initialized as the main destruction controller.
2025-11-30 14:49:58:4958 [Worker 11520] info: [ECS:CollisionDetectionSystem] Initialized. (Now unified)
2025-11-30 14:49:58:4958 [Worker 11520] info: [ECS:CollisionResolutionSystem] Initialized.
2025-11-30 14:49:58:4958 [Worker 11520] info: [ECS:HitValidationSystem] Initialized.
2025-11-30 14:49:58:4958 [Worker 11520] info: [ECS:HistorySystem] Initialized.
2025-11-30 14:49:58:4958 [Worker 11520] info: [ECS:BuffLifecycleSystem] Initialized.
2025-11-30 14:49:58:4958 [Worker 11520] info: [ECS:StatRecalculationSystem] Initialized.
2025-11-30 14:49:58:4958 [Worker 11520] info: [ECS:OnKillEffectSystem] Initialized.
2025-11-30 14:49:58:4958 [Worker 11520] info: [ECS:LootDropSystem] Initialized.
2025-11-30 14:49:58:4958 [Worker 11520] info: [ECS:SpawnSystem] Initialized.
2025-11-30 14:49:58:4958 [Worker 11520] info: [ECS:LifetimeSystem] Initialized.
2025-11-30 14:49:58:4958 [Worker 11520] info: [ECS:OffscreenCleanupSystem] Initialized.
2025-11-30 14:49:58:4958 [Worker 11520] info: [DBMANAGER] Worker 11520: Connected to dbServer
2025-11-30 14:49:58:4958 [Worker 11520] info: [DBMANAGER] Worker 11520: Identifying with unique ID: gameserver-Hddkwe35fsvk_worker_11520
2025-11-30 14:49:58:4958 [Worker 11520] info: [REDISCLIENT] Worker 11520: Successfully connected to Redis.
2025-11-30 14:49:58:4958 [Worker 11520] info: [GracefulShutdown] Обработчики для воркера 11520 инициализированы и ожидают команды от мастера.
2025-11-30 14:49:58:4958 [Worker 11520] info: Worker 11520 started. WebSocket server running on port 3002
2025-11-30 14:49:58:4958 [Worker 11520] info: [DBMANAGER] Worker 11520: Successfully identified with dbServer as gameserver-Hddkwe35fsvk_worker_11520
2025-11-30 14:49:58:4958 [Worker 11520] info: [WeaponMechanicsStore] Weapon mechanics catalog received and cache has been built.
2025-11-30 14:49:58:4958 [Worker 11520] info: [REDISSUBSCRIBER] Worker 11520: Subscribed to 'session-events' and 'session_control_events' channels.
2025-11-30 14:49:59:4959 [Worker 25152] info: [DBMANAGER] Worker 25152: Connected to dbServer
2025-11-30 14:49:59:4959 [Worker 25152] info: [DBMANAGER] Worker 25152: Identifying with unique ID: gameserver-Hddkwe35fsvk_worker_25152
2025-11-30 14:49:59:4959 [Worker 25152] info: [DBMANAGER] Worker 25152: Successfully identified with dbServer as gameserver-Hddkwe35fsvk_worker_25152
2025-11-30 14:49:59:4959 [Worker 25152] info: [WeaponMechanicsStore] Weapon mechanics catalog received and cache has been built.
2025-11-30 14:50:00:500 [Worker 25640] info: [ECS:EnergyRegenSystem] Initialized.
2025-11-30 14:50:00:500 [Worker 25640] info: [ECS:ShieldRegenSystem] Initialized.
2025-11-30 14:50:00:500 [Worker 25640] info: [LootIdManager] Initialized with 39 static items and pre-built dictionary.
2025-11-30 14:50:00:500 [Worker 25640] info: [ECS:GeometryUpdateSystem] Initialized.
2025-11-30 14:50:00:500 [Worker 25640] info: [ECS:CleanupSystem] Initialized. (Now simplified)
2025-11-30 14:50:00:500 [Worker 25640] info: [ECS:PlayerWeaponSwitchSystem] Initialized.
2025-11-30 14:50:00:500 [Worker 25640] info: [ECS:EnemySpawnRequestSystem] Initialized.
2025-11-30 14:50:00:500 [Worker 25640] info: [ECS:BehaviorSystemV2] Initialized.
2025-11-30 14:50:00:500 [Worker 25640] info: [ECS:CombatAISystem] Initialized.
2025-11-30 14:50:00:500 [Worker 25640] info: [ECS:WeaponSwitchSystem] Initialized.
2025-11-30 14:50:00:500 [Worker 25640] info: [ECS:StatusEffectSystem] Initialized.
2025-11-30 14:50:00:500 [Worker 25640] info: [ECS:WeaponSystem] Initialized.
2025-11-30 14:50:00:500 [Worker 25640] info: [ECS:MovementSystem] Initialized.
2025-11-30 14:50:00:500 [Worker 25640] info: [ECS:EntitySimulationSystem] Initialized as the main simulation orchestrator.
2025-11-30 14:50:00:500 [Worker 25640] info: [ECS:PlayerBoundarySystem] Initialized.
2025-11-30 14:50:00:500 [Worker 25640] info: [ECS:BoundarySystem] Initialized.
2025-11-30 14:50:00:500 [Worker 25640] info: [ECS:DestructionEventSystem] Initialized as the main destruction controller.
2025-11-30 14:50:00:500 [Worker 25640] info: [ECS:CollisionDetectionSystem] Initialized. (Now unified)
2025-11-30 14:50:00:500 [Worker 25640] info: [ECS:CollisionResolutionSystem] Initialized.
2025-11-30 14:50:00:500 [Worker 25640] info: [ECS:HitValidationSystem] Initialized.
2025-11-30 14:50:00:500 [Worker 25640] info: [ECS:HistorySystem] Initialized.
2025-11-30 14:50:00:500 [Worker 25640] info: [ECS:BuffLifecycleSystem] Initialized.
2025-11-30 14:50:00:500 [Worker 25640] info: [ECS:StatRecalculationSystem] Initialized.
2025-11-30 14:50:00:500 [Worker 25640] info: [ECS:OnKillEffectSystem] Initialized.
2025-11-30 14:50:00:500 [Worker 25640] info: [ECS:LootDropSystem] Initialized.
2025-11-30 14:50:00:500 [Worker 25640] info: [ECS:SpawnSystem] Initialized.
2025-11-30 14:50:00:500 [Worker 25640] info: [ECS:LifetimeSystem] Initialized.
2025-11-30 14:50:00:500 [Worker 25640] info: [ECS:OffscreenCleanupSystem] Initialized.
2025-11-30 14:50:01:501 [Worker 25640] info: [DBMANAGER] Worker 25640: Connected to dbServer
2025-11-30 14:50:01:501 [Worker 25640] info: [DBMANAGER] Worker 25640: Identifying with unique ID: gameserver-Hddkwe35fsvk_worker_25640
2025-11-30 14:50:01:501 [Worker 25640] info: [REDISCLIENT] Worker 25640: Successfully connected to Redis.
2025-11-30 14:50:01:501 [Worker 25640] info: [GracefulShutdown] Обработчики для воркера 25640 инициализированы и ожидают команды от мастера.
2025-11-30 14:50:01:501 [Worker 25640] info: Worker 25640 started. WebSocket server running on port 3002
2025-11-30 14:50:01:501 [Worker 25640] info: [DBMANAGER] Worker 25640: Successfully identified with dbServer as gameserver-Hddkwe35fsvk_worker_25640
2025-11-30 14:50:01:501 [Worker 25640] info: [WeaponMechanicsStore] Weapon mechanics catalog received and cache has been built.
2025-11-30 14:50:01:501 [Worker 25640] info: [REDISSUBSCRIBER] Worker 25640: Subscribed to 'session-events' and 'session_control_events' channels.
2025-11-30 14:50:02:502 [Worker 17008] info: [ECS:EnergyRegenSystem] Initialized.
2025-11-30 14:50:02:502 [Worker 17008] info: [ECS:ShieldRegenSystem] Initialized.
2025-11-30 14:50:02:502 [Worker 17008] info: [LootIdManager] Initialized with 39 static items and pre-built dictionary.
2025-11-30 14:50:02:502 [Worker 17008] info: [ECS:GeometryUpdateSystem] Initialized.
2025-11-30 14:50:02:502 [Worker 17008] info: [ECS:CleanupSystem] Initialized. (Now simplified)
2025-11-30 14:50:02:502 [Worker 17008] info: [ECS:PlayerWeaponSwitchSystem] Initialized.
2025-11-30 14:50:02:502 [Worker 17008] info: [ECS:EnemySpawnRequestSystem] Initialized.
2025-11-30 14:50:02:502 [Worker 17008] info: [ECS:BehaviorSystemV2] Initialized.
2025-11-30 14:50:02:502 [Worker 17008] info: [ECS:CombatAISystem] Initialized.
2025-11-30 14:50:02:502 [Worker 17008] info: [ECS:WeaponSwitchSystem] Initialized.
2025-11-30 14:50:02:502 [Worker 17008] info: [ECS:StatusEffectSystem] Initialized.
2025-11-30 14:50:02:502 [Worker 17008] info: [ECS:WeaponSystem] Initialized.
2025-11-30 14:50:02:502 [Worker 17008] info: [ECS:MovementSystem] Initialized.
2025-11-30 14:50:02:502 [Worker 17008] info: [ECS:EntitySimulationSystem] Initialized as the main simulation orchestrator.
2025-11-30 14:50:02:502 [Worker 17008] info: [ECS:PlayerBoundarySystem] Initialized.
2025-11-30 14:50:02:502 [Worker 17008] info: [ECS:BoundarySystem] Initialized.
2025-11-30 14:50:02:502 [Worker 17008] info: [ECS:DestructionEventSystem] Initialized as the main destruction controller.
2025-11-30 14:50:02:502 [Worker 17008] info: [ECS:CollisionDetectionSystem] Initialized. (Now unified)
2025-11-30 14:50:02:502 [Worker 17008] info: [ECS:CollisionResolutionSystem] Initialized.
2025-11-30 14:50:02:502 [Worker 17008] info: [ECS:HitValidationSystem] Initialized.
2025-11-30 14:50:02:502 [Worker 17008] info: [ECS:HistorySystem] Initialized.
2025-11-30 14:50:02:502 [Worker 17008] info: [ECS:BuffLifecycleSystem] Initialized.
2025-11-30 14:50:02:502 [Worker 17008] info: [ECS:StatRecalculationSystem] Initialized.
2025-11-30 14:50:02:502 [Worker 17008] info: [ECS:OnKillEffectSystem] Initialized.
2025-11-30 14:50:02:502 [Worker 17008] info: [ECS:LootDropSystem] Initialized.
2025-11-30 14:50:02:502 [Worker 17008] info: [ECS:SpawnSystem] Initialized.
2025-11-30 14:50:02:502 [Worker 17008] info: [ECS:LifetimeSystem] Initialized.
2025-11-30 14:50:02:502 [Worker 17008] info: [ECS:OffscreenCleanupSystem] Initialized.
2025-11-30 14:50:03:503 [Worker 3816] info: [ECS:EnergyRegenSystem] Initialized.
2025-11-30 14:50:03:503 [Worker 3816] info: [ECS:ShieldRegenSystem] Initialized.
2025-11-30 14:50:03:503 [Worker 3816] info: [LootIdManager] Initialized with 39 static items and pre-built dictionary.
2025-11-30 14:50:03:503 [Worker 3816] info: [ECS:GeometryUpdateSystem] Initialized.
2025-11-30 14:50:03:503 [Worker 3816] info: [ECS:CleanupSystem] Initialized. (Now simplified)
2025-11-30 14:50:03:503 [Worker 3816] info: [ECS:PlayerWeaponSwitchSystem] Initialized.
2025-11-30 14:50:03:503 [Worker 3816] info: [ECS:EnemySpawnRequestSystem] Initialized.
2025-11-30 14:50:03:503 [Worker 3816] info: [ECS:BehaviorSystemV2] Initialized.
2025-11-30 14:50:03:503 [Worker 3816] info: [ECS:CombatAISystem] Initialized.
2025-11-30 14:50:03:503 [Worker 3816] info: [ECS:WeaponSwitchSystem] Initialized.
2025-11-30 14:50:03:503 [Worker 3816] info: [ECS:StatusEffectSystem] Initialized.
2025-11-30 14:50:03:503 [Worker 3816] info: [ECS:WeaponSystem] Initialized.
2025-11-30 14:50:03:503 [Worker 3816] info: [ECS:MovementSystem] Initialized.
2025-11-30 14:50:03:503 [Worker 3816] info: [ECS:EntitySimulationSystem] Initialized as the main simulation orchestrator.
2025-11-30 14:50:03:503 [Worker 3816] info: [ECS:PlayerBoundarySystem] Initialized.
2025-11-30 14:50:03:503 [Worker 3816] info: [ECS:BoundarySystem] Initialized.
2025-11-30 14:50:03:503 [Worker 3816] info: [ECS:DestructionEventSystem] Initialized as the main destruction controller.
2025-11-30 14:50:03:503 [Worker 3816] info: [ECS:CollisionDetectionSystem] Initialized. (Now unified)
2025-11-30 14:50:03:503 [Worker 3816] info: [ECS:CollisionResolutionSystem] Initialized.
2025-11-30 14:50:03:503 [Worker 3816] info: [ECS:HitValidationSystem] Initialized.
2025-11-30 14:50:03:503 [Worker 3816] info: [ECS:HistorySystem] Initialized.
2025-11-30 14:50:03:503 [Worker 3816] info: [ECS:BuffLifecycleSystem] Initialized.
2025-11-30 14:50:03:503 [Worker 3816] info: [ECS:StatRecalculationSystem] Initialized.
2025-11-30 14:50:03:503 [Worker 3816] info: [ECS:OnKillEffectSystem] Initialized.
2025-11-30 14:50:03:503 [Worker 3816] info: [ECS:LootDropSystem] Initialized.
2025-11-30 14:50:03:503 [Worker 3816] info: [ECS:SpawnSystem] Initialized.
2025-11-30 14:50:03:503 [Worker 3816] info: [ECS:LifetimeSystem] Initialized.
2025-11-30 14:50:03:503 [Worker 3816] info: [ECS:OffscreenCleanupSystem] Initialized.
2025-11-30 14:50:05:505 [Worker 17008] info: [DBMANAGER] Worker 17008: Connected to dbServer
2025-11-30 14:50:05:505 [Worker 17008] info: [DBMANAGER] Worker 17008: Identifying with unique ID: gameserver-Hddkwe35fsvk_worker_17008
2025-11-30 14:50:05:505 [Worker 17008] info: [REDISCLIENT] Worker 17008: Successfully connected to Redis.
2025-11-30 14:50:05:505 [Worker 17008] info: [GracefulShutdown] Обработчики для воркера 17008 инициализированы и ожидают команды от мастера.
2025-11-30 14:50:05:505 [Worker 17008] info: Worker 17008 started. WebSocket server running on port 3002
2025-11-30 14:50:05:505 [Worker 17008] info: [DBMANAGER] Worker 17008: Successfully identified with dbServer as gameserver-Hddkwe35fsvk_worker_17008
2025-11-30 14:50:05:505 [Worker 17008] info: [WeaponMechanicsStore] Weapon mechanics catalog received and cache has been built.
2025-11-30 14:50:05:505 [Worker 17008] info: [REDISSUBSCRIBER] Worker 17008: Subscribed to 'session-events' and 'session_control_events' channels.
2025-11-30 14:50:05:505 [Worker 12472] info: [ECS:EnergyRegenSystem] Initialized.
2025-11-30 14:50:05:505 [Worker 12472] info: [ECS:ShieldRegenSystem] Initialized.
2025-11-30 14:50:05:505 [Worker 12472] info: [LootIdManager] Initialized with 39 static items and pre-built dictionary.
2025-11-30 14:50:05:505 [Worker 12472] info: [ECS:GeometryUpdateSystem] Initialized.
2025-11-30 14:50:05:505 [Worker 12472] info: [ECS:CleanupSystem] Initialized. (Now simplified)
2025-11-30 14:50:05:505 [Worker 12472] info: [ECS:PlayerWeaponSwitchSystem] Initialized.
2025-11-30 14:50:05:505 [Worker 12472] info: [ECS:EnemySpawnRequestSystem] Initialized.
2025-11-30 14:50:05:505 [Worker 12472] info: [ECS:BehaviorSystemV2] Initialized.
2025-11-30 14:50:05:505 [Worker 12472] info: [ECS:CombatAISystem] Initialized.
2025-11-30 14:50:05:505 [Worker 12472] info: [ECS:WeaponSwitchSystem] Initialized.
2025-11-30 14:50:05:505 [Worker 12472] info: [ECS:StatusEffectSystem] Initialized.
2025-11-30 14:50:05:505 [Worker 12472] info: [ECS:WeaponSystem] Initialized.
2025-11-30 14:50:05:505 [Worker 12472] info: [ECS:MovementSystem] Initialized.
2025-11-30 14:50:05:505 [Worker 12472] info: [ECS:EntitySimulationSystem] Initialized as the main simulation orchestrator.
2025-11-30 14:50:05:505 [Worker 12472] info: [ECS:PlayerBoundarySystem] Initialized.
2025-11-30 14:50:05:505 [Worker 12472] info: [ECS:BoundarySystem] Initialized.
2025-11-30 14:50:05:505 [Worker 12472] info: [ECS:DestructionEventSystem] Initialized as the main destruction controller.
2025-11-30 14:50:05:505 [Worker 12472] info: [ECS:CollisionDetectionSystem] Initialized. (Now unified)
2025-11-30 14:50:05:505 [Worker 12472] info: [ECS:CollisionResolutionSystem] Initialized.
2025-11-30 14:50:05:505 [Worker 12472] info: [ECS:HitValidationSystem] Initialized.
2025-11-30 14:50:05:505 [Worker 12472] info: [ECS:HistorySystem] Initialized.
2025-11-30 14:50:05:505 [Worker 12472] info: [ECS:BuffLifecycleSystem] Initialized.
2025-11-30 14:50:05:505 [Worker 12472] info: [ECS:StatRecalculationSystem] Initialized.
2025-11-30 14:50:05:505 [Worker 12472] info: [ECS:OnKillEffectSystem] Initialized.
2025-11-30 14:50:05:505 [Worker 12472] info: [ECS:LootDropSystem] Initialized.
2025-11-30 14:50:05:505 [Worker 12472] info: [ECS:SpawnSystem] Initialized.
2025-11-30 14:50:05:505 [Worker 12472] info: [ECS:LifetimeSystem] Initialized.
2025-11-30 14:50:05:505 [Worker 12472] info: [ECS:OffscreenCleanupSystem] Initialized.
2025-11-30 14:50:06:506 [Worker 12472] info: [DBMANAGER] Worker 12472: Connected to dbServer
2025-11-30 14:50:06:506 [Worker 12472] info: [DBMANAGER] Worker 12472: Identifying with unique ID: gameserver-Hddkwe35fsvk_worker_12472
2025-11-30 14:50:06:506 [Worker 12472] info: [REDISCLIENT] Worker 12472: Successfully connected to Redis.
2025-11-30 14:50:06:506 [Worker 12472] info: [GracefulShutdown] Обработчики для воркера 12472 инициализированы и ожидают команды от мастера.
2025-11-30 14:50:06:506 [Worker 12472] info: Worker 12472 started. WebSocket server running on port 3002
2025-11-30 14:50:06:506 [Worker 12472] info: [DBMANAGER] Worker 12472: Successfully identified with dbServer as gameserver-Hddkwe35fsvk_worker_12472
2025-11-30 14:50:06:506 [Worker 12472] info: [WeaponMechanicsStore] Weapon mechanics catalog received and cache has been built.
2025-11-30 14:50:06:506 [Worker 12472] info: [REDISSUBSCRIBER] Worker 12472: Subscribed to 'session-events' and 'session_control_events' channels.
2025-11-30 14:50:08:508 [Worker 24772] info: [ECS:EnergyRegenSystem] Initialized.
2025-11-30 14:50:08:508 [Worker 24772] info: [ECS:ShieldRegenSystem] Initialized.
2025-11-30 14:50:08:508 [Worker 24772] info: [LootIdManager] Initialized with 39 static items and pre-built dictionary.
2025-11-30 14:50:08:508 [Worker 24772] info: [ECS:GeometryUpdateSystem] Initialized.
2025-11-30 14:50:08:508 [Worker 24772] info: [ECS:CleanupSystem] Initialized. (Now simplified)
2025-11-30 14:50:08:508 [Worker 24772] info: [ECS:PlayerWeaponSwitchSystem] Initialized.
2025-11-30 14:50:08:508 [Worker 24772] info: [ECS:EnemySpawnRequestSystem] Initialized.
2025-11-30 14:50:08:508 [Worker 24772] info: [ECS:BehaviorSystemV2] Initialized.
2025-11-30 14:50:08:508 [Worker 24772] info: [ECS:CombatAISystem] Initialized.
2025-11-30 14:50:08:508 [Worker 24772] info: [ECS:WeaponSwitchSystem] Initialized.
2025-11-30 14:50:08:508 [Worker 24772] info: [ECS:StatusEffectSystem] Initialized.
2025-11-30 14:50:08:508 [Worker 24772] info: [ECS:WeaponSystem] Initialized.
2025-11-30 14:50:08:508 [Worker 24772] info: [ECS:MovementSystem] Initialized.
2025-11-30 14:50:08:508 [Worker 24772] info: [ECS:EntitySimulationSystem] Initialized as the main simulation orchestrator.
2025-11-30 14:50:08:508 [Worker 24772] info: [ECS:PlayerBoundarySystem] Initialized.
2025-11-30 14:50:08:508 [Worker 24772] info: [ECS:BoundarySystem] Initialized.
2025-11-30 14:50:08:508 [Worker 24772] info: [ECS:DestructionEventSystem] Initialized as the main destruction controller.
2025-11-30 14:50:08:508 [Worker 24772] info: [ECS:CollisionDetectionSystem] Initialized. (Now unified)
2025-11-30 14:50:08:508 [Worker 24772] info: [ECS:CollisionResolutionSystem] Initialized.
2025-11-30 14:50:08:508 [Worker 24772] info: [ECS:HitValidationSystem] Initialized.
2025-11-30 14:50:08:508 [Worker 24772] info: [ECS:HistorySystem] Initialized.
2025-11-30 14:50:08:508 [Worker 24772] info: [ECS:BuffLifecycleSystem] Initialized.
2025-11-30 14:50:08:508 [Worker 24772] info: [ECS:StatRecalculationSystem] Initialized.
2025-11-30 14:50:08:508 [Worker 24772] info: [ECS:OnKillEffectSystem] Initialized.
2025-11-30 14:50:08:508 [Worker 24772] info: [ECS:LootDropSystem] Initialized.
2025-11-30 14:50:08:508 [Worker 24772] info: [ECS:SpawnSystem] Initialized.
2025-11-30 14:50:08:508 [Worker 24772] info: [ECS:LifetimeSystem] Initialized.
2025-11-30 14:50:08:508 [Worker 24772] info: [ECS:OffscreenCleanupSystem] Initialized.
2025-11-30 14:50:09:509 [Worker 24772] info: [DBMANAGER] Worker 24772: Connected to dbServer
2025-11-30 14:50:09:509 [Worker 24772] info: [DBMANAGER] Worker 24772: Identifying with unique ID: gameserver-Hddkwe35fsvk_worker_24772
2025-11-30 14:50:09:509 [Worker 24772] info: [REDISCLIENT] Worker 24772: Successfully connected to Redis.
2025-11-30 14:50:09:509 [Worker 24772] info: [GracefulShutdown] Обработчики для воркера 24772 инициализированы и ожидают команды от мастера.
2025-11-30 14:50:09:509 [Worker 24772] info: Worker 24772 started. WebSocket server running on port 3002
2025-11-30 14:50:09:509 [Worker 24772] info: [DBMANAGER] Worker 24772: Successfully identified with dbServer as gameserver-Hddkwe35fsvk_worker_24772
2025-11-30 14:50:09:509 [Worker 24772] info: [WeaponMechanicsStore] Weapon mechanics catalog received and cache has been built.
2025-11-30 14:50:09:509 [Worker 24772] info: [REDISSUBSCRIBER] Worker 24772: Subscribed to 'session-events' and 'session_control_events' channels.
2025-11-30 14:50:09:509 [Worker 20992] info: [ECS:EnergyRegenSystem] Initialized.
2025-11-30 14:50:09:509 [Worker 20992] info: [ECS:ShieldRegenSystem] Initialized.
2025-11-30 14:50:09:509 [Worker 20992] info: [LootIdManager] Initialized with 39 static items and pre-built dictionary.
2025-11-30 14:50:09:509 [Worker 20992] info: [ECS:GeometryUpdateSystem] Initialized.
2025-11-30 14:50:09:509 [Worker 20992] info: [ECS:CleanupSystem] Initialized. (Now simplified)
2025-11-30 14:50:09:509 [Worker 20992] info: [ECS:PlayerWeaponSwitchSystem] Initialized.
2025-11-30 14:50:09:509 [Worker 20992] info: [ECS:EnemySpawnRequestSystem] Initialized.
2025-11-30 14:50:09:509 [Worker 20992] info: [ECS:BehaviorSystemV2] Initialized.
2025-11-30 14:50:09:509 [Worker 20992] info: [ECS:CombatAISystem] Initialized.
2025-11-30 14:50:09:509 [Worker 20992] info: [ECS:WeaponSwitchSystem] Initialized.
2025-11-30 14:50:10:5010 [Worker 20992] info: [ECS:StatusEffectSystem] Initialized.
2025-11-30 14:50:10:5010 [Worker 20992] info: [ECS:WeaponSystem] Initialized.
2025-11-30 14:50:10:5010 [Worker 20992] info: [ECS:MovementSystem] Initialized.
2025-11-30 14:50:10:5010 [Worker 20992] info: [ECS:EntitySimulationSystem] Initialized as the main simulation orchestrator.
2025-11-30 14:50:10:5010 [Worker 20992] info: [ECS:PlayerBoundarySystem] Initialized.
2025-11-30 14:50:10:5010 [Worker 20992] info: [ECS:BoundarySystem] Initialized.
2025-11-30 14:50:10:5010 [Worker 20992] info: [ECS:DestructionEventSystem] Initialized as the main destruction controller.
2025-11-30 14:50:10:5010 [Worker 20992] info: [ECS:CollisionDetectionSystem] Initialized. (Now unified)
2025-11-30 14:50:10:5010 [Worker 20992] info: [ECS:CollisionResolutionSystem] Initialized.
2025-11-30 14:50:10:5010 [Worker 20992] info: [ECS:HitValidationSystem] Initialized.
2025-11-30 14:50:10:5010 [Worker 20992] info: [ECS:HistorySystem] Initialized.
2025-11-30 14:50:10:5010 [Worker 20992] info: [ECS:BuffLifecycleSystem] Initialized.
2025-11-30 14:50:10:5010 [Worker 20992] info: [ECS:StatRecalculationSystem] Initialized.
2025-11-30 14:50:10:5010 [Worker 20992] info: [ECS:OnKillEffectSystem] Initialized.
2025-11-30 14:50:10:5010 [Worker 20992] info: [ECS:LootDropSystem] Initialized.
2025-11-30 14:50:10:5010 [Worker 20992] info: [ECS:SpawnSystem] Initialized.
2025-11-30 14:50:10:5010 [Worker 20992] info: [ECS:LifetimeSystem] Initialized.
2025-11-30 14:50:10:5010 [Worker 20992] info: [ECS:OffscreenCleanupSystem] Initialized.
2025-11-30 14:50:10:5010 [Worker 20992] info: [DBMANAGER] Worker 20992: Connected to dbServer
2025-11-30 14:50:10:5010 [Worker 20992] info: [DBMANAGER] Worker 20992: Identifying with unique ID: gameserver-Hddkwe35fsvk_worker_20992
2025-11-30 14:50:10:5010 [Worker 20992] info: [REDISCLIENT] Worker 20992: Successfully connected to Redis.
2025-11-30 14:50:10:5010 [Worker 20992] info: [GracefulShutdown] Обработчики для воркера 20992 инициализированы и ожидают команды от мастера.
2025-11-30 14:50:10:5010 [Worker 20992] info: Worker 20992 started. WebSocket server running on port 3002
2025-11-30 14:50:10:5010 [Worker 20992] info: [DBMANAGER] Worker 20992: Successfully identified with dbServer as gameserver-Hddkwe35fsvk_worker_20992
2025-11-30 14:50:10:5010 [Worker 20992] info: [WeaponMechanicsStore] Weapon mechanics catalog received and cache has been built.
2025-11-30 14:50:10:5010 [Worker 20992] info: [REDISSUBSCRIBER] Worker 20992: Subscribed to 'session-events' and 'session_control_events' channels.
2025-11-30 14:50:12:5012 [Worker 1772] info: [ECS:EnergyRegenSystem] Initialized.
2025-11-30 14:50:12:5012 [Worker 1772] info: [ECS:ShieldRegenSystem] Initialized.
2025-11-30 14:50:12:5012 [Worker 1772] info: [LootIdManager] Initialized with 39 static items and pre-built dictionary.
2025-11-30 14:50:12:5012 [Worker 1772] info: [ECS:GeometryUpdateSystem] Initialized.
2025-11-30 14:50:12:5012 [Worker 1772] info: [ECS:CleanupSystem] Initialized. (Now simplified)
2025-11-30 14:50:12:5012 [Worker 1772] info: [ECS:PlayerWeaponSwitchSystem] Initialized.
2025-11-30 14:50:12:5012 [Worker 1772] info: [ECS:EnemySpawnRequestSystem] Initialized.
2025-11-30 14:50:12:5012 [Worker 1772] info: [ECS:BehaviorSystemV2] Initialized.
2025-11-30 14:50:12:5012 [Worker 1772] info: [ECS:CombatAISystem] Initialized.
2025-11-30 14:50:12:5012 [Worker 1772] info: [ECS:WeaponSwitchSystem] Initialized.
2025-11-30 14:50:12:5012 [Worker 1772] info: [ECS:StatusEffectSystem] Initialized.
2025-11-30 14:50:12:5012 [Worker 1772] info: [ECS:WeaponSystem] Initialized.
2025-11-30 14:50:12:5012 [Worker 1772] info: [ECS:MovementSystem] Initialized.
2025-11-30 14:50:12:5012 [Worker 1772] info: [ECS:EntitySimulationSystem] Initialized as the main simulation orchestrator.
2025-11-30 14:50:12:5012 [Worker 1772] info: [ECS:PlayerBoundarySystem] Initialized.
2025-11-30 14:50:12:5012 [Worker 1772] info: [ECS:BoundarySystem] Initialized.
2025-11-30 14:50:12:5012 [Worker 1772] info: [ECS:DestructionEventSystem] Initialized as the main destruction controller.
2025-11-30 14:50:12:5012 [Worker 1772] info: [ECS:CollisionDetectionSystem] Initialized. (Now unified)
2025-11-30 14:50:12:5012 [Worker 1772] info: [ECS:CollisionResolutionSystem] Initialized.
2025-11-30 14:50:12:5012 [Worker 1772] info: [ECS:HitValidationSystem] Initialized.
2025-11-30 14:50:12:5012 [Worker 1772] info: [ECS:HistorySystem] Initialized.
2025-11-30 14:50:12:5012 [Worker 1772] info: [ECS:BuffLifecycleSystem] Initialized.
2025-11-30 14:50:12:5012 [Worker 1772] info: [ECS:StatRecalculationSystem] Initialized.
2025-11-30 14:50:12:5012 [Worker 1772] info: [ECS:OnKillEffectSystem] Initialized.
2025-11-30 14:50:12:5012 [Worker 1772] info: [ECS:LootDropSystem] Initialized.
2025-11-30 14:50:12:5012 [Worker 1772] info: [ECS:SpawnSystem] Initialized.
2025-11-30 14:50:12:5012 [Worker 1772] info: [ECS:LifetimeSystem] Initialized.
2025-11-30 14:50:12:5012 [Worker 1772] info: [ECS:OffscreenCleanupSystem] Initialized.
2025-11-30 14:50:13:5013 [Worker 1772] info: [DBMANAGER] Worker 1772: Connected to dbServer
2025-11-30 14:50:13:5013 [Worker 1772] info: [DBMANAGER] Worker 1772: Identifying with unique ID: gameserver-Hddkwe35fsvk_worker_1772
2025-11-30 14:50:13:5013 [Worker 1772] info: [REDISCLIENT] Worker 1772: Successfully connected to Redis.
2025-11-30 14:50:13:5013 [Worker 1772] info: [GracefulShutdown] Обработчики для воркера 1772 инициализированы и ожидают команды от мастера.
2025-11-30 14:50:13:5013 [Worker 1772] info: Worker 1772 started. WebSocket server running on port 3002
2025-11-30 14:50:13:5013 [Worker 1772] info: [DBMANAGER] Worker 1772: Successfully identified with dbServer as gameserver-Hddkwe35fsvk_worker_1772
2025-11-30 14:50:13:5013 [Worker 1772] info: [WeaponMechanicsStore] Weapon mechanics catalog received and cache has been built.
2025-11-30 14:50:13:5013 [Worker 1772] info: [REDISSUBSCRIBER] Worker 1772: Subscribed to 'session-events' and 'session_control_events' channels.
2025-11-30 14:50:14:5014 [Worker 13568] info: [ECS:EnergyRegenSystem] Initialized.
2025-11-30 14:50:14:5014 [Worker 13568] info: [ECS:ShieldRegenSystem] Initialized.
2025-11-30 14:50:14:5014 [Worker 13568] info: [LootIdManager] Initialized with 39 static items and pre-built dictionary.
2025-11-30 14:50:14:5014 [Worker 13568] info: [ECS:GeometryUpdateSystem] Initialized.
2025-11-30 14:50:14:5014 [Worker 13568] info: [ECS:CleanupSystem] Initialized. (Now simplified)
2025-11-30 14:50:14:5014 [Worker 13568] info: [ECS:PlayerWeaponSwitchSystem] Initialized.
2025-11-30 14:50:14:5014 [Worker 13568] info: [ECS:EnemySpawnRequestSystem] Initialized.
2025-11-30 14:50:14:5014 [Worker 13568] info: [ECS:BehaviorSystemV2] Initialized.
2025-11-30 14:50:14:5014 [Worker 13568] info: [ECS:CombatAISystem] Initialized.
2025-11-30 14:50:14:5014 [Worker 13568] info: [ECS:WeaponSwitchSystem] Initialized.
2025-11-30 14:50:14:5014 [Worker 13568] info: [ECS:StatusEffectSystem] Initialized.
2025-11-30 14:50:14:5014 [Worker 13568] info: [ECS:WeaponSystem] Initialized.
2025-11-30 14:50:14:5014 [Worker 13568] info: [ECS:MovementSystem] Initialized.
2025-11-30 14:50:14:5014 [Worker 13568] info: [ECS:EntitySimulationSystem] Initialized as the main simulation orchestrator.
2025-11-30 14:50:14:5014 [Worker 13568] info: [ECS:PlayerBoundarySystem] Initialized.
2025-11-30 14:50:14:5014 [Worker 13568] info: [ECS:BoundarySystem] Initialized.
2025-11-30 14:50:14:5014 [Worker 13568] info: [ECS:DestructionEventSystem] Initialized as the main destruction controller.
2025-11-30 14:50:14:5014 [Worker 13568] info: [ECS:CollisionDetectionSystem] Initialized. (Now unified)
2025-11-30 14:50:14:5014 [Worker 13568] info: [ECS:CollisionResolutionSystem] Initialized.
2025-11-30 14:50:14:5014 [Worker 13568] info: [ECS:HitValidationSystem] Initialized.
2025-11-30 14:50:14:5014 [Worker 13568] info: [ECS:HistorySystem] Initialized.
2025-11-30 14:50:14:5014 [Worker 13568] info: [ECS:BuffLifecycleSystem] Initialized.
2025-11-30 14:50:14:5014 [Worker 13568] info: [ECS:StatRecalculationSystem] Initialized.
2025-11-30 14:50:14:5014 [Worker 13568] info: [ECS:OnKillEffectSystem] Initialized.
2025-11-30 14:50:14:5014 [Worker 13568] info: [ECS:LootDropSystem] Initialized.
2025-11-30 14:50:14:5014 [Worker 13568] info: [ECS:SpawnSystem] Initialized.
2025-11-30 14:50:14:5014 [Worker 13568] info: [ECS:LifetimeSystem] Initialized.
2025-11-30 14:50:14:5014 [Worker 13568] info: [ECS:OffscreenCleanupSystem] Initialized.
2025-11-30 14:50:15:5015 [Worker 13568] info: [DBMANAGER] Worker 13568: Connected to dbServer
2025-11-30 14:50:15:5015 [Worker 13568] info: [DBMANAGER] Worker 13568: Identifying with unique ID: gameserver-Hddkwe35fsvk_worker_13568
2025-11-30 14:50:15:5015 [Worker 13568] info: [REDISCLIENT] Worker 13568: Successfully connected to Redis.
2025-11-30 14:50:15:5015 [Worker 13568] info: [GracefulShutdown] Обработчики для воркера 13568 инициализированы и ожидают команды от мастера.
2025-11-30 14:50:15:5015 [Worker 13568] info: Worker 13568 started. WebSocket server running on port 3002
2025-11-30 14:50:15:5015 [Worker 13568] info: [DBMANAGER] Worker 13568: Successfully identified with dbServer as gameserver-Hddkwe35fsvk_worker_13568
2025-11-30 14:50:15:5015 [Worker 13568] info: [WeaponMechanicsStore] Weapon mechanics catalog received and cache has been built.
2025-11-30 14:50:15:5015 [Worker 13568] info: [REDISSUBSCRIBER] Worker 13568: Subscribed to 'session-events' and 'session_control_events' channels.
2025-11-30 14:50:15:5015 [Worker 3816] info: [DBMANAGER] Worker 3816: Connected to dbServer
2025-11-30 14:50:15:5015 [Worker 3816] info: [DBMANAGER] Worker 3816: Identifying with unique ID: gameserver-Hddkwe35fsvk_worker_3816
2025-11-30 14:50:15:5015 [Worker 3816] info: [REDISCLIENT] Worker 3816: Successfully connected to Redis.
2025-11-30 14:50:15:5015 [Worker 3816] info: [GracefulShutdown] Обработчики для воркера 3816 инициализированы и ожидают команды от мастера.
2025-11-30 14:50:15:5015 [Worker 3816] info: Worker 3816 started. WebSocket server running on port 3002
2025-11-30 14:50:15:5015 [Worker 3816] info: [DBMANAGER] Worker 3816: Successfully identified with dbServer as gameserver-Hddkwe35fsvk_worker_3816
2025-11-30 14:50:15:5015 [Worker 3816] info: [WeaponMechanicsStore] Weapon mechanics catalog received and cache has been built.
2025-11-30 14:50:15:5015 [Worker 3816] info: [REDISSUBSCRIBER] Worker 3816: Subscribed to 'session-events' and 'session_control_events' channels.
2025-11-30 14:50:15:5015 [Worker 20272] info: [ECS:EnergyRegenSystem] Initialized.
2025-11-30 14:50:15:5015 [Worker 20272] info: [ECS:ShieldRegenSystem] Initialized.
2025-11-30 14:50:15:5015 [Worker 20272] info: [LootIdManager] Initialized with 39 static items and pre-built dictionary.
2025-11-30 14:50:15:5015 [Worker 20272] info: [ECS:GeometryUpdateSystem] Initialized.
2025-11-30 14:50:15:5015 [Worker 20272] info: [ECS:CleanupSystem] Initialized. (Now simplified)
2025-11-30 14:50:15:5015 [Worker 20272] info: [ECS:PlayerWeaponSwitchSystem] Initialized.
2025-11-30 14:50:15:5015 [Worker 20272] info: [ECS:EnemySpawnRequestSystem] Initialized.
2025-11-30 14:50:15:5015 [Worker 20272] info: [ECS:BehaviorSystemV2] Initialized.
2025-11-30 14:50:15:5015 [Worker 20272] info: [ECS:CombatAISystem] Initialized.
2025-11-30 14:50:15:5015 [Worker 20272] info: [ECS:WeaponSwitchSystem] Initialized.
2025-11-30 14:50:15:5015 [Worker 20272] info: [ECS:StatusEffectSystem] Initialized.
2025-11-30 14:50:15:5015 [Worker 20272] info: [ECS:WeaponSystem] Initialized.
2025-11-30 14:50:15:5015 [Worker 20272] info: [ECS:MovementSystem] Initialized.
2025-11-30 14:50:15:5015 [Worker 20272] info: [ECS:EntitySimulationSystem] Initialized as the main simulation orchestrator.
2025-11-30 14:50:15:5015 [Worker 20272] info: [ECS:PlayerBoundarySystem] Initialized.
2025-11-30 14:50:15:5015 [Worker 20272] info: [ECS:BoundarySystem] Initialized.
2025-11-30 14:50:15:5015 [Worker 20272] info: [ECS:DestructionEventSystem] Initialized as the main destruction controller.
2025-11-30 14:50:15:5015 [Worker 20272] info: [ECS:CollisionDetectionSystem] Initialized. (Now unified)
2025-11-30 14:50:15:5015 [Worker 20272] info: [ECS:CollisionResolutionSystem] Initialized.
2025-11-30 14:50:15:5015 [Worker 20272] info: [ECS:HitValidationSystem] Initialized.
2025-11-30 14:50:15:5015 [Worker 20272] info: [ECS:HistorySystem] Initialized.
2025-11-30 14:50:15:5015 [Worker 20272] info: [ECS:BuffLifecycleSystem] Initialized.
2025-11-30 14:50:15:5015 [Worker 20272] info: [ECS:StatRecalculationSystem] Initialized.
2025-11-30 14:50:15:5015 [Worker 20272] info: [ECS:OnKillEffectSystem] Initialized.
2025-11-30 14:50:15:5015 [Worker 20272] info: [ECS:LootDropSystem] Initialized.
2025-11-30 14:50:15:5015 [Worker 20272] info: [ECS:SpawnSystem] Initialized.
2025-11-30 14:50:15:5015 [Worker 20272] info: [ECS:LifetimeSystem] Initialized.
2025-11-30 14:50:15:5015 [Worker 20272] info: [ECS:OffscreenCleanupSystem] Initialized.
2025-11-30 14:50:16:5016 [Worker 20272] info: [DBMANAGER] Worker 20272: Connected to dbServer
2025-11-30 14:50:16:5016 [Worker 20272] info: [DBMANAGER] Worker 20272: Identifying with unique ID: gameserver-Hddkwe35fsvk_worker_20272
2025-11-30 14:50:16:5016 [Worker 20272] info: [DBMANAGER] Worker 20272: Successfully identified with dbServer as gameserver-Hddkwe35fsvk_worker_20272
2025-11-30 14:50:16:5016 [Worker 20272] info: [WeaponMechanicsStore] Weapon mechanics catalog received and cache has been built.
2025-11-30 14:50:16:5016 [Worker 20272] info: [REDISCLIENT] Worker 20272: Successfully connected to Redis.
2025-11-30 14:50:16:5016 [Worker 20272] info: [GracefulShutdown] Обработчики для воркера 20272 инициализированы и ожидают команды от мастера.
2025-11-30 14:50:16:5016 [Worker 20272] info: Worker 20272 started. WebSocket server running on port 3002
2025-11-30 14:50:16:5016 [Worker 20272] info: [REDISSUBSCRIBER] Worker 20272: Subscribed to 'session-events' and 'session_control_events' channels.
2025-11-30 14:50:17:5017 [Worker 15696] info: [ECS:EnergyRegenSystem] Initialized.
2025-11-30 14:50:17:5017 [Worker 15696] info: [ECS:ShieldRegenSystem] Initialized.
2025-11-30 14:50:17:5017 [Worker 15696] info: [LootIdManager] Initialized with 39 static items and pre-built dictionary.
2025-11-30 14:50:17:5017 [Worker 15696] info: [ECS:GeometryUpdateSystem] Initialized.
2025-11-30 14:50:17:5017 [Worker 15696] info: [ECS:CleanupSystem] Initialized. (Now simplified)
2025-11-30 14:50:17:5017 [Worker 15696] info: [ECS:PlayerWeaponSwitchSystem] Initialized.
2025-11-30 14:50:17:5017 [Worker 15696] info: [ECS:EnemySpawnRequestSystem] Initialized.
2025-11-30 14:50:17:5017 [Worker 15696] info: [ECS:BehaviorSystemV2] Initialized.
2025-11-30 14:50:17:5017 [Worker 15696] info: [ECS:CombatAISystem] Initialized.
2025-11-30 14:50:17:5017 [Worker 15696] info: [ECS:WeaponSwitchSystem] Initialized.
2025-11-30 14:50:17:5017 [Worker 15696] info: [ECS:StatusEffectSystem] Initialized.
2025-11-30 14:50:17:5017 [Worker 15696] info: [ECS:WeaponSystem] Initialized.
2025-11-30 14:50:17:5017 [Worker 15696] info: [ECS:MovementSystem] Initialized.
2025-11-30 14:50:17:5017 [Worker 15696] info: [ECS:EntitySimulationSystem] Initialized as the main simulation orchestrator.
2025-11-30 14:50:17:5017 [Worker 15696] info: [ECS:PlayerBoundarySystem] Initialized.
2025-11-30 14:50:17:5017 [Worker 15696] info: [ECS:BoundarySystem] Initialized.
2025-11-30 14:50:17:5017 [Worker 15696] info: [ECS:DestructionEventSystem] Initialized as the main destruction controller.
2025-11-30 14:50:17:5017 [Worker 15696] info: [ECS:CollisionDetectionSystem] Initialized. (Now unified)
2025-11-30 14:50:17:5017 [Worker 15696] info: [ECS:CollisionResolutionSystem] Initialized.
2025-11-30 14:50:17:5017 [Worker 15696] info: [ECS:HitValidationSystem] Initialized.
2025-11-30 14:50:17:5017 [Worker 15696] info: [ECS:HistorySystem] Initialized.
2025-11-30 14:50:17:5017 [Worker 15696] info: [ECS:BuffLifecycleSystem] Initialized.
2025-11-30 14:50:17:5017 [Worker 15696] info: [ECS:StatRecalculationSystem] Initialized.
2025-11-30 14:50:17:5017 [Worker 15696] info: [ECS:OnKillEffectSystem] Initialized.
2025-11-30 14:50:17:5017 [Worker 15696] info: [ECS:LootDropSystem] Initialized.
2025-11-30 14:50:17:5017 [Worker 15696] info: [ECS:SpawnSystem] Initialized.
2025-11-30 14:50:17:5017 [Worker 15696] info: [ECS:LifetimeSystem] Initialized.
2025-11-30 14:50:17:5017 [Worker 15696] info: [ECS:OffscreenCleanupSystem] Initialized.
2025-11-30 14:50:18:5018 [Worker 15696] info: [DBMANAGER] Worker 15696: Connected to dbServer
2025-11-30 14:50:18:5018 [Worker 15696] info: [DBMANAGER] Worker 15696: Identifying with unique ID: gameserver-Hddkwe35fsvk_worker_15696
2025-11-30 14:50:18:5018 [Worker 15696] info: [REDISCLIENT] Worker 15696: Successfully connected to Redis.
2025-11-30 14:50:18:5018 [Worker 15696] info: [GracefulShutdown] Обработчики для воркера 15696 инициализированы и ожидают команды от мастера.
2025-11-30 14:50:18:5018 [Worker 15696] info: Worker 15696 started. WebSocket server running on port 3002
2025-11-30 14:50:18:5018 [Worker 15696] info: [DBMANAGER] Worker 15696: Successfully identified with dbServer as gameserver-Hddkwe35fsvk_worker_15696
2025-11-30 14:50:18:5018 [Worker 15696] info: [WeaponMechanicsStore] Weapon mechanics catalog received and cache has been built.
2025-11-30 14:50:18:5018 [Worker 15696] info: [REDISSUBSCRIBER] Worker 15696: Subscribed to 'session-events' and 'session_control_events' channels.
2025-11-30 14:54:30:5430 [Worker 21728] warn: Master process received SIGINT. Instructing all workers to shut down gracefully.
2025-11-30 14:54:30:5430 [Worker 21728] warn: Worker 25152 exited during shutdown process.
2025-11-30 14:54:30:5430 [Worker 21728] warn: Worker 25640 exited during shutdown process.
2025-11-30 14:54:30:5430 [Worker 21728] warn: Worker 11520 exited during shutdown process.
2025-11-30 14:54:30:5430 [Worker 21728] warn: Worker 1772 exited during shutdown process.
2025-11-30 14:54:30:5430 [Worker 21728] warn: Worker 20992 exited during shutdown process.
2025-11-30 14:54:30:5430 [Worker 21728] warn: Worker 20272 exited during shutdown process.
2025-11-30 14:54:30:5430 [Worker 21728] warn: Worker 24772 exited during shutdown process.
2025-11-30 14:54:30:5430 [Worker 21728] warn: Worker 13568 exited during shutdown process.
2025-11-30 14:54:30:5430 [Worker 21728] warn: Worker 17008 exited during shutdown process.
2025-11-30 14:54:30:5430 [Worker 21728] warn: Worker 12472 exited during shutdown process.
2025-11-30 14:54:30:5430 [Worker 21728] warn: Worker 3816 exited during shutdown process.
2025-11-30 14:54:30:5430 [Worker 21728] warn: Worker 15696 exited during shutdown process.
2025-11-30 16:18:15:1815 [Worker 15684] info: [ECS:EnergyRegenSystem] Initialized.
2025-11-30 16:18:15:1815 [Worker 15684] info: [ECS:ShieldRegenSystem] Initialized.
2025-11-30 16:18:15:1815 [Worker 15684] info: [LootIdManager] Initialized with 39 static items and pre-built dictionary.
2025-11-30 16:18:15:1815 [Worker 15684] info: [ECS:GeometryUpdateSystem] Initialized.
2025-11-30 16:18:15:1815 [Worker 15684] info: [ECS:CleanupSystem] Initialized. (Now simplified)
2025-11-30 16:18:15:1815 [Worker 15684] info: [ECS:PlayerWeaponSwitchSystem] Initialized.
2025-11-30 16:18:15:1815 [Worker 15684] info: [ECS:EnemySpawnRequestSystem] Initialized.
2025-11-30 16:18:15:1815 [Worker 15684] info: [ECS:BehaviorSystemV2] Initialized.
2025-11-30 16:18:15:1815 [Worker 15684] info: [ECS:CombatAISystem] Initialized.
2025-11-30 16:18:15:1815 [Worker 15684] info: [ECS:WeaponSwitchSystem] Initialized.
2025-11-30 16:18:15:1815 [Worker 15684] info: [ECS:StatusEffectSystem] Initialized.
2025-11-30 16:18:15:1815 [Worker 15684] info: [ECS:WeaponSystem] Initialized.
2025-11-30 16:18:15:1815 [Worker 15684] info: [ECS:MovementSystem] Initialized.
2025-11-30 16:18:15:1815 [Worker 15684] info: [ECS:EntitySimulationSystem] Initialized as the main simulation orchestrator.
2025-11-30 16:18:15:1815 [Worker 15684] info: [ECS:PlayerBoundarySystem] Initialized.
2025-11-30 16:18:15:1815 [Worker 15684] info: [ECS:BoundarySystem] Initialized.
2025-11-30 16:18:15:1815 [Worker 15684] info: [ECS:DestructionEventSystem] Initialized as the main destruction controller.
2025-11-30 16:18:15:1815 [Worker 15684] info: [ECS:CollisionDetectionSystem] Initialized. (Now unified)
2025-11-30 16:18:15:1815 [Worker 15684] info: [ECS:CollisionResolutionSystem] Initialized.
2025-11-30 16:18:15:1815 [Worker 15684] info: [ECS:HitValidationSystem] Initialized.
2025-11-30 16:18:15:1815 [Worker 15684] info: [ECS:HistorySystem] Initialized.
2025-11-30 16:18:15:1815 [Worker 15684] info: [ECS:BuffLifecycleSystem] Initialized.
2025-11-30 16:18:15:1815 [Worker 15684] info: [ECS:StatRecalculationSystem] Initialized.
2025-11-30 16:18:15:1815 [Worker 15684] info: [ECS:OnKillEffectSystem] Initialized.
2025-11-30 16:18:15:1815 [Worker 15684] info: [ECS:LootDropSystem] Initialized.
2025-11-30 16:18:15:1815 [Worker 15684] info: [ECS:SpawnSystem] Initialized.
2025-11-30 16:18:15:1815 [Worker 15684] info: [ECS:LifetimeSystem] Initialized.
2025-11-30 16:18:15:1815 [Worker 15684] info: [ECS:OffscreenCleanupSystem] Initialized.
2025-11-30 16:18:16:1816 [Worker 15684] info: Master process 15684 is running
2025-11-30 16:18:16:1816 [Worker 22700] info: [ECS:EnergyRegenSystem] Initialized.
2025-11-30 16:18:16:1816 [Worker 22700] info: [ECS:ShieldRegenSystem] Initialized.
2025-11-30 16:18:16:1816 [Worker 22700] info: [LootIdManager] Initialized with 39 static items and pre-built dictionary.
2025-11-30 16:18:16:1816 [Worker 22700] info: [ECS:GeometryUpdateSystem] Initialized.
2025-11-30 16:18:16:1816 [Worker 22700] info: [ECS:CleanupSystem] Initialized. (Now simplified)
2025-11-30 16:18:16:1816 [Worker 22700] info: [ECS:PlayerWeaponSwitchSystem] Initialized.
2025-11-30 16:18:16:1816 [Worker 22700] info: [ECS:EnemySpawnRequestSystem] Initialized.
2025-11-30 16:18:16:1816 [Worker 22700] info: [ECS:BehaviorSystemV2] Initialized.
2025-11-30 16:18:16:1816 [Worker 22700] info: [ECS:CombatAISystem] Initialized.
2025-11-30 16:18:16:1816 [Worker 22700] info: [ECS:WeaponSwitchSystem] Initialized.
2025-11-30 16:18:16:1816 [Worker 22700] info: [ECS:StatusEffectSystem] Initialized.
2025-11-30 16:18:16:1816 [Worker 22700] info: [ECS:WeaponSystem] Initialized.
2025-11-30 16:18:16:1816 [Worker 22700] info: [ECS:MovementSystem] Initialized.
2025-11-30 16:18:16:1816 [Worker 22700] info: [ECS:EntitySimulationSystem] Initialized as the main simulation orchestrator.
2025-11-30 16:18:16:1816 [Worker 22700] info: [ECS:PlayerBoundarySystem] Initialized.
2025-11-30 16:18:16:1816 [Worker 22700] info: [ECS:BoundarySystem] Initialized.
2025-11-30 16:18:16:1816 [Worker 22700] info: [ECS:DestructionEventSystem] Initialized as the main destruction controller.
2025-11-30 16:18:16:1816 [Worker 22700] info: [ECS:CollisionDetectionSystem] Initialized. (Now unified)
2025-11-30 16:18:16:1816 [Worker 22700] info: [ECS:CollisionResolutionSystem] Initialized.
2025-11-30 16:18:16:1816 [Worker 22700] info: [ECS:HitValidationSystem] Initialized.
2025-11-30 16:18:16:1816 [Worker 22700] info: [ECS:HistorySystem] Initialized.
2025-11-30 16:18:16:1816 [Worker 22700] info: [ECS:BuffLifecycleSystem] Initialized.
2025-11-30 16:18:16:1816 [Worker 22700] info: [ECS:StatRecalculationSystem] Initialized.
2025-11-30 16:18:16:1816 [Worker 22700] info: [ECS:OnKillEffectSystem] Initialized.
2025-11-30 16:18:16:1816 [Worker 22700] info: [ECS:LootDropSystem] Initialized.
2025-11-30 16:18:16:1816 [Worker 22700] info: [ECS:SpawnSystem] Initialized.
2025-11-30 16:18:16:1816 [Worker 22700] info: [ECS:LifetimeSystem] Initialized.
2025-11-30 16:18:16:1816 [Worker 22700] info: [ECS:OffscreenCleanupSystem] Initialized.
2025-11-30 16:18:18:1818 [Worker 16568] info: [ECS:EnergyRegenSystem] Initialized.
2025-11-30 16:18:18:1818 [Worker 16568] info: [ECS:ShieldRegenSystem] Initialized.
2025-11-30 16:18:18:1818 [Worker 16568] info: [LootIdManager] Initialized with 39 static items and pre-built dictionary.
2025-11-30 16:18:18:1818 [Worker 16568] info: [ECS:GeometryUpdateSystem] Initialized.
2025-11-30 16:18:18:1818 [Worker 16568] info: [ECS:CleanupSystem] Initialized. (Now simplified)
2025-11-30 16:18:18:1818 [Worker 16568] info: [ECS:PlayerWeaponSwitchSystem] Initialized.
2025-11-30 16:18:18:1818 [Worker 16568] info: [ECS:EnemySpawnRequestSystem] Initialized.
2025-11-30 16:18:18:1818 [Worker 16568] info: [ECS:BehaviorSystemV2] Initialized.
2025-11-30 16:18:18:1818 [Worker 16568] info: [ECS:CombatAISystem] Initialized.
2025-11-30 16:18:18:1818 [Worker 16568] info: [ECS:WeaponSwitchSystem] Initialized.
2025-11-30 16:18:18:1818 [Worker 16568] info: [ECS:StatusEffectSystem] Initialized.
2025-11-30 16:18:18:1818 [Worker 16568] info: [ECS:WeaponSystem] Initialized.
2025-11-30 16:18:18:1818 [Worker 16568] info: [ECS:MovementSystem] Initialized.
2025-11-30 16:18:18:1818 [Worker 16568] info: [ECS:EntitySimulationSystem] Initialized as the main simulation orchestrator.
2025-11-30 16:18:18:1818 [Worker 16568] info: [ECS:PlayerBoundarySystem] Initialized.
2025-11-30 16:18:18:1818 [Worker 16568] info: [ECS:BoundarySystem] Initialized.
2025-11-30 16:18:18:1818 [Worker 16568] info: [ECS:DestructionEventSystem] Initialized as the main destruction controller.
2025-11-30 16:18:18:1818 [Worker 16568] info: [ECS:CollisionDetectionSystem] Initialized. (Now unified)
2025-11-30 16:18:18:1818 [Worker 16568] info: [ECS:CollisionResolutionSystem] Initialized.
2025-11-30 16:18:18:1818 [Worker 16568] info: [ECS:HitValidationSystem] Initialized.
2025-11-30 16:18:18:1818 [Worker 16568] info: [ECS:HistorySystem] Initialized.
2025-11-30 16:18:18:1818 [Worker 16568] info: [ECS:BuffLifecycleSystem] Initialized.
2025-11-30 16:18:18:1818 [Worker 16568] info: [ECS:StatRecalculationSystem] Initialized.
2025-11-30 16:18:18:1818 [Worker 16568] info: [ECS:OnKillEffectSystem] Initialized.
2025-11-30 16:18:18:1818 [Worker 16568] info: [ECS:LootDropSystem] Initialized.
2025-11-30 16:18:18:1818 [Worker 16568] info: [ECS:SpawnSystem] Initialized.
2025-11-30 16:18:18:1818 [Worker 16568] info: [ECS:LifetimeSystem] Initialized.
2025-11-30 16:18:18:1818 [Worker 16568] info: [ECS:OffscreenCleanupSystem] Initialized.
2025-11-30 16:18:20:1820 [Worker 19016] info: [ECS:EnergyRegenSystem] Initialized.
2025-11-30 16:18:20:1820 [Worker 19016] info: [ECS:ShieldRegenSystem] Initialized.
2025-11-30 16:18:20:1820 [Worker 19016] info: [LootIdManager] Initialized with 39 static items and pre-built dictionary.
2025-11-30 16:18:20:1820 [Worker 19016] info: [ECS:GeometryUpdateSystem] Initialized.
2025-11-30 16:18:20:1820 [Worker 19016] info: [ECS:CleanupSystem] Initialized. (Now simplified)
2025-11-30 16:18:20:1820 [Worker 19016] info: [ECS:PlayerWeaponSwitchSystem] Initialized.
2025-11-30 16:18:20:1820 [Worker 19016] info: [ECS:EnemySpawnRequestSystem] Initialized.
2025-11-30 16:18:20:1820 [Worker 19016] info: [ECS:BehaviorSystemV2] Initialized.
2025-11-30 16:18:20:1820 [Worker 19016] info: [ECS:CombatAISystem] Initialized.
2025-11-30 16:18:20:1820 [Worker 19016] info: [ECS:WeaponSwitchSystem] Initialized.
2025-11-30 16:18:20:1820 [Worker 19016] info: [ECS:StatusEffectSystem] Initialized.
2025-11-30 16:18:20:1820 [Worker 19016] info: [ECS:WeaponSystem] Initialized.
2025-11-30 16:18:20:1820 [Worker 19016] info: [ECS:MovementSystem] Initialized.
2025-11-30 16:18:20:1820 [Worker 19016] info: [ECS:EntitySimulationSystem] Initialized as the main simulation orchestrator.
2025-11-30 16:18:20:1820 [Worker 19016] info: [ECS:PlayerBoundarySystem] Initialized.
2025-11-30 16:18:20:1820 [Worker 19016] info: [ECS:BoundarySystem] Initialized.
2025-11-30 16:18:20:1820 [Worker 19016] info: [ECS:DestructionEventSystem] Initialized as the main destruction controller.
2025-11-30 16:18:20:1820 [Worker 19016] info: [ECS:CollisionDetectionSystem] Initialized. (Now unified)
2025-11-30 16:18:20:1820 [Worker 19016] info: [ECS:CollisionResolutionSystem] Initialized.
2025-11-30 16:18:20:1820 [Worker 19016] info: [ECS:HitValidationSystem] Initialized.
2025-11-30 16:18:20:1820 [Worker 19016] info: [ECS:HistorySystem] Initialized.
2025-11-30 16:18:20:1820 [Worker 19016] info: [ECS:BuffLifecycleSystem] Initialized.
2025-11-30 16:18:20:1820 [Worker 19016] info: [ECS:StatRecalculationSystem] Initialized.
2025-11-30 16:18:20:1820 [Worker 19016] info: [ECS:OnKillEffectSystem] Initialized.
2025-11-30 16:18:20:1820 [Worker 19016] info: [ECS:LootDropSystem] Initialized.
2025-11-30 16:18:20:1820 [Worker 19016] info: [ECS:SpawnSystem] Initialized.
2025-11-30 16:18:20:1820 [Worker 19016] info: [ECS:LifetimeSystem] Initialized.
2025-11-30 16:18:20:1820 [Worker 19016] info: [ECS:OffscreenCleanupSystem] Initialized.
2025-11-30 16:18:22:1822 [Worker 23316] info: [ECS:EnergyRegenSystem] Initialized.
2025-11-30 16:18:22:1822 [Worker 23316] info: [ECS:ShieldRegenSystem] Initialized.
2025-11-30 16:18:22:1822 [Worker 23316] info: [LootIdManager] Initialized with 39 static items and pre-built dictionary.
2025-11-30 16:18:22:1822 [Worker 23316] info: [ECS:GeometryUpdateSystem] Initialized.
2025-11-30 16:18:22:1822 [Worker 23316] info: [ECS:CleanupSystem] Initialized. (Now simplified)
2025-11-30 16:18:22:1822 [Worker 23316] info: [ECS:PlayerWeaponSwitchSystem] Initialized.
2025-11-30 16:18:22:1822 [Worker 23316] info: [ECS:EnemySpawnRequestSystem] Initialized.
2025-11-30 16:18:22:1822 [Worker 23316] info: [ECS:BehaviorSystemV2] Initialized.
2025-11-30 16:18:22:1822 [Worker 23316] info: [ECS:CombatAISystem] Initialized.
2025-11-30 16:18:22:1822 [Worker 23316] info: [ECS:WeaponSwitchSystem] Initialized.
2025-11-30 16:18:22:1822 [Worker 23316] info: [ECS:StatusEffectSystem] Initialized.
2025-11-30 16:18:22:1822 [Worker 23316] info: [ECS:WeaponSystem] Initialized.
2025-11-30 16:18:22:1822 [Worker 23316] info: [ECS:MovementSystem] Initialized.
2025-11-30 16:18:22:1822 [Worker 23316] info: [ECS:EntitySimulationSystem] Initialized as the main simulation orchestrator.
2025-11-30 16:18:22:1822 [Worker 23316] info: [ECS:PlayerBoundarySystem] Initialized.
2025-11-30 16:18:22:1822 [Worker 23316] info: [ECS:BoundarySystem] Initialized.
2025-11-30 16:18:22:1822 [Worker 23316] info: [ECS:DestructionEventSystem] Initialized as the main destruction controller.
2025-11-30 16:18:22:1822 [Worker 23316] info: [ECS:CollisionDetectionSystem] Initialized. (Now unified)
2025-11-30 16:18:22:1822 [Worker 23316] info: [ECS:CollisionResolutionSystem] Initialized.
2025-11-30 16:18:22:1822 [Worker 23316] info: [ECS:HitValidationSystem] Initialized.
2025-11-30 16:18:22:1822 [Worker 23316] info: [ECS:HistorySystem] Initialized.
2025-11-30 16:18:22:1822 [Worker 23316] info: [ECS:BuffLifecycleSystem] Initialized.
2025-11-30 16:18:22:1822 [Worker 23316] info: [ECS:StatRecalculationSystem] Initialized.
2025-11-30 16:18:22:1822 [Worker 23316] info: [ECS:OnKillEffectSystem] Initialized.
2025-11-30 16:18:22:1822 [Worker 23316] info: [ECS:LootDropSystem] Initialized.
2025-11-30 16:18:22:1822 [Worker 23316] info: [ECS:SpawnSystem] Initialized.
2025-11-30 16:18:22:1822 [Worker 23316] info: [ECS:LifetimeSystem] Initialized.
2025-11-30 16:18:22:1822 [Worker 23316] info: [ECS:OffscreenCleanupSystem] Initialized.
2025-11-30 16:18:24:1824 [Worker 23316] info: [DBMANAGER] Worker 23316: Connected to dbServer
2025-11-30 16:18:24:1824 [Worker 23316] info: [DBMANAGER] Worker 23316: Identifying with unique ID: gameserver-Hddkwe35fsvk_worker_23316
2025-11-30 16:18:24:1824 [Worker 23316] warn: [DBMANAGER] Worker 23316: Disconnected from dbServer
2025-11-30 16:18:24:1824 [Worker 23316] info: [REDISCLIENT] Worker 23316: Successfully connected to Redis.
2025-11-30 16:18:24:1824 [Worker 23316] info: [GracefulShutdown] Обработчики для воркера 23316 инициализированы и ожидают команды от мастера.
2025-11-30 16:18:24:1824 [Worker 23316] info: Worker 23316 started. WebSocket server running on port 3002
2025-11-30 16:18:24:1824 [Worker 23316] info: [REDISSUBSCRIBER] Worker 23316: Subscribed to 'session-events' and 'session_control_events' channels.
2025-11-30 16:18:24:1824 [Worker 6624] info: [ECS:EnergyRegenSystem] Initialized.
2025-11-30 16:18:24:1824 [Worker 6624] info: [ECS:ShieldRegenSystem] Initialized.
2025-11-30 16:18:24:1824 [Worker 6624] info: [LootIdManager] Initialized with 39 static items and pre-built dictionary.
2025-11-30 16:18:24:1824 [Worker 6624] info: [ECS:GeometryUpdateSystem] Initialized.
2025-11-30 16:18:24:1824 [Worker 6624] info: [ECS:CleanupSystem] Initialized. (Now simplified)
2025-11-30 16:18:24:1824 [Worker 6624] info: [ECS:PlayerWeaponSwitchSystem] Initialized.
2025-11-30 16:18:24:1824 [Worker 6624] info: [ECS:EnemySpawnRequestSystem] Initialized.
2025-11-30 16:18:24:1824 [Worker 6624] info: [ECS:BehaviorSystemV2] Initialized.
2025-11-30 16:18:24:1824 [Worker 6624] info: [ECS:CombatAISystem] Initialized.
2025-11-30 16:18:24:1824 [Worker 6624] info: [ECS:WeaponSwitchSystem] Initialized.
2025-11-30 16:18:24:1824 [Worker 6624] info: [ECS:StatusEffectSystem] Initialized.
2025-11-30 16:18:24:1824 [Worker 6624] info: [ECS:WeaponSystem] Initialized.
2025-11-30 16:18:24:1824 [Worker 6624] info: [ECS:MovementSystem] Initialized.
2025-11-30 16:18:24:1824 [Worker 6624] info: [ECS:EntitySimulationSystem] Initialized as the main simulation orchestrator.
2025-11-30 16:18:24:1824 [Worker 6624] info: [ECS:PlayerBoundarySystem] Initialized.
2025-11-30 16:18:24:1824 [Worker 6624] info: [ECS:BoundarySystem] Initialized.
2025-11-30 16:18:24:1824 [Worker 6624] info: [ECS:DestructionEventSystem] Initialized as the main destruction controller.
2025-11-30 16:18:24:1824 [Worker 6624] info: [ECS:CollisionDetectionSystem] Initialized. (Now unified)
2025-11-30 16:18:24:1824 [Worker 6624] info: [ECS:CollisionResolutionSystem] Initialized.
2025-11-30 16:18:24:1824 [Worker 6624] info: [ECS:HitValidationSystem] Initialized.
2025-11-30 16:18:24:1824 [Worker 6624] info: [ECS:HistorySystem] Initialized.
2025-11-30 16:18:24:1824 [Worker 6624] info: [ECS:BuffLifecycleSystem] Initialized.
2025-11-30 16:18:24:1824 [Worker 6624] info: [ECS:StatRecalculationSystem] Initialized.
2025-11-30 16:18:24:1824 [Worker 6624] info: [ECS:OnKillEffectSystem] Initialized.
2025-11-30 16:18:24:1824 [Worker 6624] info: [ECS:LootDropSystem] Initialized.
2025-11-30 16:18:24:1824 [Worker 6624] info: [ECS:SpawnSystem] Initialized.
2025-11-30 16:18:24:1824 [Worker 6624] info: [ECS:LifetimeSystem] Initialized.
2025-11-30 16:18:24:1824 [Worker 6624] info: [ECS:OffscreenCleanupSystem] Initialized.
2025-11-30 16:18:26:1826 [Worker 23316] info: [DBMANAGER] Worker 23316: Connected to dbServer
2025-11-30 16:18:26:1826 [Worker 23316] info: [DBMANAGER] Worker 23316: Identifying with unique ID: gameserver-Hddkwe35fsvk_worker_23316
2025-11-30 16:18:26:1826 [Worker 23316] warn: [DBMANAGER] Worker 23316: Disconnected from dbServer
2025-11-30 16:18:26:1826 [Worker 12596] info: [ECS:EnergyRegenSystem] Initialized.
2025-11-30 16:18:26:1826 [Worker 12596] info: [ECS:ShieldRegenSystem] Initialized.
2025-11-30 16:18:26:1826 [Worker 12596] info: [LootIdManager] Initialized with 39 static items and pre-built dictionary.
2025-11-30 16:18:26:1826 [Worker 12596] info: [ECS:GeometryUpdateSystem] Initialized.
2025-11-30 16:18:26:1826 [Worker 12596] info: [ECS:CleanupSystem] Initialized. (Now simplified)
2025-11-30 16:18:26:1826 [Worker 12596] info: [ECS:PlayerWeaponSwitchSystem] Initialized.
2025-11-30 16:18:26:1826 [Worker 12596] info: [ECS:EnemySpawnRequestSystem] Initialized.
2025-11-30 16:18:26:1826 [Worker 12596] info: [ECS:BehaviorSystemV2] Initialized.
2025-11-30 16:18:26:1826 [Worker 12596] info: [ECS:CombatAISystem] Initialized.
2025-11-30 16:18:26:1826 [Worker 12596] info: [ECS:WeaponSwitchSystem] Initialized.
2025-11-30 16:18:26:1826 [Worker 12596] info: [ECS:StatusEffectSystem] Initialized.
2025-11-30 16:18:26:1826 [Worker 12596] info: [ECS:WeaponSystem] Initialized.
2025-11-30 16:18:26:1826 [Worker 12596] info: [ECS:MovementSystem] Initialized.
2025-11-30 16:18:26:1826 [Worker 12596] info: [ECS:EntitySimulationSystem] Initialized as the main simulation orchestrator.
2025-11-30 16:18:26:1826 [Worker 12596] info: [ECS:PlayerBoundarySystem] Initialized.
2025-11-30 16:18:26:1826 [Worker 12596] info: [ECS:BoundarySystem] Initialized.
2025-11-30 16:18:26:1826 [Worker 12596] info: [ECS:DestructionEventSystem] Initialized as the main destruction controller.
2025-11-30 16:18:26:1826 [Worker 12596] info: [ECS:CollisionDetectionSystem] Initialized. (Now unified)
2025-11-30 16:18:26:1826 [Worker 12596] info: [ECS:CollisionResolutionSystem] Initialized.
2025-11-30 16:18:26:1826 [Worker 12596] info: [ECS:HitValidationSystem] Initialized.
2025-11-30 16:18:26:1826 [Worker 12596] info: [ECS:HistorySystem] Initialized.
2025-11-30 16:18:26:1826 [Worker 12596] info: [ECS:BuffLifecycleSystem] Initialized.
2025-11-30 16:18:26:1826 [Worker 12596] info: [ECS:StatRecalculationSystem] Initialized.
2025-11-30 16:18:26:1826 [Worker 12596] info: [ECS:OnKillEffectSystem] Initialized.
2025-11-30 16:18:26:1826 [Worker 12596] info: [ECS:LootDropSystem] Initialized.
2025-11-30 16:18:26:1826 [Worker 12596] info: [ECS:SpawnSystem] Initialized.
2025-11-30 16:18:26:1826 [Worker 12596] info: [ECS:LifetimeSystem] Initialized.
2025-11-30 16:18:26:1826 [Worker 12596] info: [ECS:OffscreenCleanupSystem] Initialized.
2025-11-30 16:18:28:1828 [Worker 6524] info: [ECS:EnergyRegenSystem] Initialized.
2025-11-30 16:18:28:1828 [Worker 6524] info: [ECS:ShieldRegenSystem] Initialized.
2025-11-30 16:18:28:1828 [Worker 6524] info: [LootIdManager] Initialized with 39 static items and pre-built dictionary.
2025-11-30 16:18:28:1828 [Worker 6524] info: [ECS:GeometryUpdateSystem] Initialized.
2025-11-30 16:18:28:1828 [Worker 6524] info: [ECS:CleanupSystem] Initialized. (Now simplified)
2025-11-30 16:18:28:1828 [Worker 6524] info: [ECS:PlayerWeaponSwitchSystem] Initialized.
2025-11-30 16:18:28:1828 [Worker 6524] info: [ECS:EnemySpawnRequestSystem] Initialized.
2025-11-30 16:18:28:1828 [Worker 6524] info: [ECS:BehaviorSystemV2] Initialized.
2025-11-30 16:18:28:1828 [Worker 6524] info: [ECS:CombatAISystem] Initialized.
2025-11-30 16:18:28:1828 [Worker 6524] info: [ECS:WeaponSwitchSystem] Initialized.
2025-11-30 16:18:28:1828 [Worker 6524] info: [ECS:StatusEffectSystem] Initialized.
2025-11-30 16:18:28:1828 [Worker 6524] info: [ECS:WeaponSystem] Initialized.
2025-11-30 16:18:28:1828 [Worker 6524] info: [ECS:MovementSystem] Initialized.
2025-11-30 16:18:28:1828 [Worker 6524] info: [ECS:EntitySimulationSystem] Initialized as the main simulation orchestrator.
2025-11-30 16:18:28:1828 [Worker 6524] info: [ECS:PlayerBoundarySystem] Initialized.
2025-11-30 16:18:28:1828 [Worker 6524] info: [ECS:BoundarySystem] Initialized.
2025-11-30 16:18:28:1828 [Worker 6524] info: [ECS:DestructionEventSystem] Initialized as the main destruction controller.
2025-11-30 16:18:28:1828 [Worker 6524] info: [ECS:CollisionDetectionSystem] Initialized. (Now unified)
2025-11-30 16:18:28:1828 [Worker 6524] info: [ECS:CollisionResolutionSystem] Initialized.
2025-11-30 16:18:28:1828 [Worker 6524] info: [ECS:HitValidationSystem] Initialized.
2025-11-30 16:18:28:1828 [Worker 6524] info: [ECS:HistorySystem] Initialized.
2025-11-30 16:18:28:1828 [Worker 6524] info: [ECS:BuffLifecycleSystem] Initialized.
2025-11-30 16:18:28:1828 [Worker 6524] info: [ECS:StatRecalculationSystem] Initialized.
2025-11-30 16:18:28:1828 [Worker 6524] info: [ECS:OnKillEffectSystem] Initialized.
2025-11-30 16:18:28:1828 [Worker 6524] info: [ECS:LootDropSystem] Initialized.
2025-11-30 16:18:28:1828 [Worker 6524] info: [ECS:SpawnSystem] Initialized.
2025-11-30 16:18:28:1828 [Worker 6524] info: [ECS:LifetimeSystem] Initialized.
2025-11-30 16:18:28:1828 [Worker 6524] info: [ECS:OffscreenCleanupSystem] Initialized.
2025-11-30 16:18:28:1828 [Worker 23316] info: [DBMANAGER] Worker 23316: Connected to dbServer
2025-11-30 16:18:28:1828 [Worker 23316] info: [DBMANAGER] Worker 23316: Identifying with unique ID: gameserver-Hddkwe35fsvk_worker_23316
2025-11-30 16:18:28:1828 [Worker 23316] warn: [DBMANAGER] Worker 23316: Disconnected from dbServer
2025-11-30 16:18:30:1830 [Worker 19528] info: [ECS:EnergyRegenSystem] Initialized.
2025-11-30 16:18:30:1830 [Worker 19528] info: [ECS:ShieldRegenSystem] Initialized.
2025-11-30 16:18:30:1830 [Worker 19528] info: [LootIdManager] Initialized with 39 static items and pre-built dictionary.
2025-11-30 16:18:30:1830 [Worker 19528] info: [ECS:GeometryUpdateSystem] Initialized.
2025-11-30 16:18:30:1830 [Worker 19528] info: [ECS:CleanupSystem] Initialized. (Now simplified)
2025-11-30 16:18:30:1830 [Worker 19528] info: [ECS:PlayerWeaponSwitchSystem] Initialized.
2025-11-30 16:18:30:1830 [Worker 19528] info: [ECS:EnemySpawnRequestSystem] Initialized.
2025-11-30 16:18:30:1830 [Worker 19528] info: [ECS:BehaviorSystemV2] Initialized.
2025-11-30 16:18:30:1830 [Worker 19528] info: [ECS:CombatAISystem] Initialized.
2025-11-30 16:18:30:1830 [Worker 19528] info: [ECS:WeaponSwitchSystem] Initialized.
2025-11-30 16:18:30:1830 [Worker 19528] info: [ECS:StatusEffectSystem] Initialized.
2025-11-30 16:18:30:1830 [Worker 19528] info: [ECS:WeaponSystem] Initialized.
2025-11-30 16:18:30:1830 [Worker 19528] info: [ECS:MovementSystem] Initialized.
2025-11-30 16:18:30:1830 [Worker 19528] info: [ECS:EntitySimulationSystem] Initialized as the main simulation orchestrator.
2025-11-30 16:18:30:1830 [Worker 19528] info: [ECS:PlayerBoundarySystem] Initialized.
2025-11-30 16:18:30:1830 [Worker 19528] info: [ECS:BoundarySystem] Initialized.
2025-11-30 16:18:30:1830 [Worker 19528] info: [ECS:DestructionEventSystem] Initialized as the main destruction controller.
2025-11-30 16:18:30:1830 [Worker 19528] info: [ECS:CollisionDetectionSystem] Initialized. (Now unified)
2025-11-30 16:18:30:1830 [Worker 19528] info: [ECS:CollisionResolutionSystem] Initialized.
2025-11-30 16:18:30:1830 [Worker 19528] info: [ECS:HitValidationSystem] Initialized.
2025-11-30 16:18:30:1830 [Worker 19528] info: [ECS:HistorySystem] Initialized.
2025-11-30 16:18:30:1830 [Worker 19528] info: [ECS:BuffLifecycleSystem] Initialized.
2025-11-30 16:18:30:1830 [Worker 19528] info: [ECS:StatRecalculationSystem] Initialized.
2025-11-30 16:18:30:1830 [Worker 19528] info: [ECS:OnKillEffectSystem] Initialized.
2025-11-30 16:18:30:1830 [Worker 19528] info: [ECS:LootDropSystem] Initialized.
2025-11-30 16:18:30:1830 [Worker 19528] info: [ECS:SpawnSystem] Initialized.
2025-11-30 16:18:30:1830 [Worker 19528] info: [ECS:LifetimeSystem] Initialized.
2025-11-30 16:18:30:1830 [Worker 19528] info: [ECS:OffscreenCleanupSystem] Initialized.
2025-11-30 16:18:30:1830 [Worker 23316] info: [DBMANAGER] Worker 23316: Connected to dbServer
2025-11-30 16:18:30:1830 [Worker 23316] info: [DBMANAGER] Worker 23316: Identifying with unique ID: gameserver-Hddkwe35fsvk_worker_23316
2025-11-30 16:18:30:1830 [Worker 23316] warn: [DBMANAGER] Worker 23316: Disconnected from dbServer
2025-11-30 16:18:32:1832 [Worker 26316] info: [ECS:EnergyRegenSystem] Initialized.
2025-11-30 16:18:32:1832 [Worker 26316] info: [ECS:ShieldRegenSystem] Initialized.
2025-11-30 16:18:32:1832 [Worker 26316] info: [LootIdManager] Initialized with 39 static items and pre-built dictionary.
2025-11-30 16:18:32:1832 [Worker 26316] info: [ECS:GeometryUpdateSystem] Initialized.
2025-11-30 16:18:32:1832 [Worker 26316] info: [ECS:CleanupSystem] Initialized. (Now simplified)
2025-11-30 16:18:32:1832 [Worker 26316] info: [ECS:PlayerWeaponSwitchSystem] Initialized.
2025-11-30 16:18:32:1832 [Worker 26316] info: [ECS:EnemySpawnRequestSystem] Initialized.
2025-11-30 16:18:32:1832 [Worker 26316] info: [ECS:BehaviorSystemV2] Initialized.
2025-11-30 16:18:32:1832 [Worker 26316] info: [ECS:CombatAISystem] Initialized.
2025-11-30 16:18:32:1832 [Worker 26316] info: [ECS:WeaponSwitchSystem] Initialized.
2025-11-30 16:18:32:1832 [Worker 26316] info: [ECS:StatusEffectSystem] Initialized.
2025-11-30 16:18:32:1832 [Worker 26316] info: [ECS:WeaponSystem] Initialized.
2025-11-30 16:18:32:1832 [Worker 26316] info: [ECS:MovementSystem] Initialized.
2025-11-30 16:18:32:1832 [Worker 26316] info: [ECS:EntitySimulationSystem] Initialized as the main simulation orchestrator.
2025-11-30 16:18:32:1832 [Worker 26316] info: [ECS:PlayerBoundarySystem] Initialized.
2025-11-30 16:18:32:1832 [Worker 26316] info: [ECS:BoundarySystem] Initialized.
2025-11-30 16:18:32:1832 [Worker 26316] info: [ECS:DestructionEventSystem] Initialized as the main destruction controller.
2025-11-30 16:18:32:1832 [Worker 26316] info: [ECS:CollisionDetectionSystem] Initialized. (Now unified)
2025-11-30 16:18:32:1832 [Worker 26316] info: [ECS:CollisionResolutionSystem] Initialized.
2025-11-30 16:18:32:1832 [Worker 26316] info: [ECS:HitValidationSystem] Initialized.
2025-11-30 16:18:32:1832 [Worker 26316] info: [ECS:HistorySystem] Initialized.
2025-11-30 16:18:32:1832 [Worker 26316] info: [ECS:BuffLifecycleSystem] Initialized.
2025-11-30 16:18:32:1832 [Worker 26316] info: [ECS:StatRecalculationSystem] Initialized.
2025-11-30 16:18:32:1832 [Worker 26316] info: [ECS:OnKillEffectSystem] Initialized.
2025-11-30 16:18:32:1832 [Worker 26316] info: [ECS:LootDropSystem] Initialized.
2025-11-30 16:18:32:1832 [Worker 26316] info: [ECS:SpawnSystem] Initialized.
2025-11-30 16:18:32:1832 [Worker 26316] info: [ECS:LifetimeSystem] Initialized.
2025-11-30 16:18:32:1832 [Worker 26316] info: [ECS:OffscreenCleanupSystem] Initialized.
2025-11-30 16:18:32:1832 [Worker 23316] info: [DBMANAGER] Worker 23316: Connected to dbServer
2025-11-30 16:18:32:1832 [Worker 23316] info: [DBMANAGER] Worker 23316: Identifying with unique ID: gameserver-Hddkwe35fsvk_worker_23316
2025-11-30 16:18:32:1832 [Worker 23316] warn: [DBMANAGER] Worker 23316: Disconnected from dbServer
2025-11-30 16:18:34:1834 [Worker 21028] info: [ECS:EnergyRegenSystem] Initialized.
2025-11-30 16:18:34:1834 [Worker 21028] info: [ECS:ShieldRegenSystem] Initialized.
2025-11-30 16:18:34:1834 [Worker 21028] info: [LootIdManager] Initialized with 39 static items and pre-built dictionary.
2025-11-30 16:18:34:1834 [Worker 21028] info: [ECS:GeometryUpdateSystem] Initialized.
2025-11-30 16:18:34:1834 [Worker 21028] info: [ECS:CleanupSystem] Initialized. (Now simplified)
2025-11-30 16:18:34:1834 [Worker 21028] info: [ECS:PlayerWeaponSwitchSystem] Initialized.
2025-11-30 16:18:34:1834 [Worker 21028] info: [ECS:EnemySpawnRequestSystem] Initialized.
2025-11-30 16:18:34:1834 [Worker 21028] info: [ECS:BehaviorSystemV2] Initialized.
2025-11-30 16:18:34:1834 [Worker 21028] info: [ECS:CombatAISystem] Initialized.
2025-11-30 16:18:34:1834 [Worker 21028] info: [ECS:WeaponSwitchSystem] Initialized.
2025-11-30 16:18:34:1834 [Worker 21028] info: [ECS:StatusEffectSystem] Initialized.
2025-11-30 16:18:34:1834 [Worker 21028] info: [ECS:WeaponSystem] Initialized.
2025-11-30 16:18:34:1834 [Worker 21028] info: [ECS:MovementSystem] Initialized.
2025-11-30 16:18:34:1834 [Worker 21028] info: [ECS:EntitySimulationSystem] Initialized as the main simulation orchestrator.
2025-11-30 16:18:34:1834 [Worker 21028] info: [ECS:PlayerBoundarySystem] Initialized.
2025-11-30 16:18:34:1834 [Worker 21028] info: [ECS:BoundarySystem] Initialized.
2025-11-30 16:18:34:1834 [Worker 21028] info: [ECS:DestructionEventSystem] Initialized as the main destruction controller.
2025-11-30 16:18:34:1834 [Worker 21028] info: [ECS:CollisionDetectionSystem] Initialized. (Now unified)
2025-11-30 16:18:34:1834 [Worker 21028] info: [ECS:CollisionResolutionSystem] Initialized.
2025-11-30 16:18:34:1834 [Worker 21028] info: [ECS:HitValidationSystem] Initialized.
2025-11-30 16:18:34:1834 [Worker 21028] info: [ECS:HistorySystem] Initialized.
2025-11-30 16:18:34:1834 [Worker 21028] info: [ECS:BuffLifecycleSystem] Initialized.
2025-11-30 16:18:34:1834 [Worker 21028] info: [ECS:StatRecalculationSystem] Initialized.
2025-11-30 16:18:34:1834 [Worker 21028] info: [ECS:OnKillEffectSystem] Initialized.
2025-11-30 16:18:34:1834 [Worker 21028] info: [ECS:LootDropSystem] Initialized.
2025-11-30 16:18:34:1834 [Worker 21028] info: [ECS:SpawnSystem] Initialized.
2025-11-30 16:18:34:1834 [Worker 21028] info: [ECS:LifetimeSystem] Initialized.
2025-11-30 16:18:34:1834 [Worker 21028] info: [ECS:OffscreenCleanupSystem] Initialized.
2025-11-30 16:18:34:1834 [Worker 23316] info: [DBMANAGER] Worker 23316: Connected to dbServer
2025-11-30 16:18:34:1834 [Worker 23316] info: [DBMANAGER] Worker 23316: Identifying with unique ID: gameserver-Hddkwe35fsvk_worker_23316
2025-11-30 16:18:34:1834 [Worker 23316] warn: [DBMANAGER] Worker 23316: Disconnected from dbServer
2025-11-30 16:18:36:1836 [Worker 15748] info: [ECS:EnergyRegenSystem] Initialized.
2025-11-30 16:18:36:1836 [Worker 15748] info: [ECS:ShieldRegenSystem] Initialized.
2025-11-30 16:18:36:1836 [Worker 15748] info: [LootIdManager] Initialized with 39 static items and pre-built dictionary.
2025-11-30 16:18:36:1836 [Worker 15748] info: [ECS:GeometryUpdateSystem] Initialized.
2025-11-30 16:18:36:1836 [Worker 15748] info: [ECS:CleanupSystem] Initialized. (Now simplified)
2025-11-30 16:18:36:1836 [Worker 15748] info: [ECS:PlayerWeaponSwitchSystem] Initialized.
2025-11-30 16:18:36:1836 [Worker 15748] info: [ECS:EnemySpawnRequestSystem] Initialized.
2025-11-30 16:18:36:1836 [Worker 15748] info: [ECS:BehaviorSystemV2] Initialized.
2025-11-30 16:18:36:1836 [Worker 15748] info: [ECS:CombatAISystem] Initialized.
2025-11-30 16:18:36:1836 [Worker 15748] info: [ECS:WeaponSwitchSystem] Initialized.
2025-11-30 16:18:36:1836 [Worker 15748] info: [ECS:StatusEffectSystem] Initialized.
2025-11-30 16:18:36:1836 [Worker 15748] info: [ECS:WeaponSystem] Initialized.
2025-11-30 16:18:36:1836 [Worker 15748] info: [ECS:MovementSystem] Initialized.
2025-11-30 16:18:36:1836 [Worker 15748] info: [ECS:EntitySimulationSystem] Initialized as the main simulation orchestrator.
2025-11-30 16:18:36:1836 [Worker 15748] info: [ECS:PlayerBoundarySystem] Initialized.
2025-11-30 16:18:36:1836 [Worker 15748] info: [ECS:BoundarySystem] Initialized.
2025-11-30 16:18:36:1836 [Worker 15748] info: [ECS:DestructionEventSystem] Initialized as the main destruction controller.
2025-11-30 16:18:36:1836 [Worker 15748] info: [ECS:CollisionDetectionSystem] Initialized. (Now unified)
2025-11-30 16:18:36:1836 [Worker 15748] info: [ECS:CollisionResolutionSystem] Initialized.
2025-11-30 16:18:36:1836 [Worker 15748] info: [ECS:HitValidationSystem] Initialized.
2025-11-30 16:18:36:1836 [Worker 15748] info: [ECS:HistorySystem] Initialized.
2025-11-30 16:18:36:1836 [Worker 15748] info: [ECS:BuffLifecycleSystem] Initialized.
2025-11-30 16:18:36:1836 [Worker 15748] info: [ECS:StatRecalculationSystem] Initialized.
2025-11-30 16:18:36:1836 [Worker 15748] info: [ECS:OnKillEffectSystem] Initialized.
2025-11-30 16:18:36:1836 [Worker 15748] info: [ECS:LootDropSystem] Initialized.
2025-11-30 16:18:36:1836 [Worker 15748] info: [ECS:SpawnSystem] Initialized.
2025-11-30 16:18:36:1836 [Worker 15748] info: [ECS:LifetimeSystem] Initialized.
2025-11-30 16:18:36:1836 [Worker 15748] info: [ECS:OffscreenCleanupSystem] Initialized.
2025-11-30 16:18:36:1836 [Worker 23316] info: [DBMANAGER] Worker 23316: Connected to dbServer
2025-11-30 16:18:36:1836 [Worker 23316] info: [DBMANAGER] Worker 23316: Identifying with unique ID: gameserver-Hddkwe35fsvk_worker_23316
2025-11-30 16:18:36:1836 [Worker 23316] warn: [DBMANAGER] Worker 23316: Disconnected from dbServer
2025-11-30 16:18:38:1838 [Worker 23468] info: [ECS:EnergyRegenSystem] Initialized.
2025-11-30 16:18:38:1838 [Worker 23468] info: [ECS:ShieldRegenSystem] Initialized.
2025-11-30 16:18:38:1838 [Worker 23468] info: [LootIdManager] Initialized with 39 static items and pre-built dictionary.
2025-11-30 16:18:38:1838 [Worker 23468] info: [ECS:GeometryUpdateSystem] Initialized.
2025-11-30 16:18:38:1838 [Worker 23468] info: [ECS:CleanupSystem] Initialized. (Now simplified)
2025-11-30 16:18:38:1838 [Worker 23468] info: [ECS:PlayerWeaponSwitchSystem] Initialized.
2025-11-30 16:18:38:1838 [Worker 23468] info: [ECS:EnemySpawnRequestSystem] Initialized.
2025-11-30 16:18:38:1838 [Worker 23468] info: [ECS:BehaviorSystemV2] Initialized.
2025-11-30 16:18:38:1838 [Worker 23468] info: [ECS:CombatAISystem] Initialized.
2025-11-30 16:18:38:1838 [Worker 23468] info: [ECS:WeaponSwitchSystem] Initialized.
2025-11-30 16:18:38:1838 [Worker 23468] info: [ECS:StatusEffectSystem] Initialized.
2025-11-30 16:18:38:1838 [Worker 23468] info: [ECS:WeaponSystem] Initialized.
2025-11-30 16:18:38:1838 [Worker 23468] info: [ECS:MovementSystem] Initialized.
2025-11-30 16:18:38:1838 [Worker 23468] info: [ECS:EntitySimulationSystem] Initialized as the main simulation orchestrator.
2025-11-30 16:18:38:1838 [Worker 23468] info: [ECS:PlayerBoundarySystem] Initialized.
2025-11-30 16:18:38:1838 [Worker 23468] info: [ECS:BoundarySystem] Initialized.
2025-11-30 16:18:38:1838 [Worker 23468] info: [ECS:DestructionEventSystem] Initialized as the main destruction controller.
2025-11-30 16:18:38:1838 [Worker 23468] info: [ECS:CollisionDetectionSystem] Initialized. (Now unified)
2025-11-30 16:18:38:1838 [Worker 23468] info: [ECS:CollisionResolutionSystem] Initialized.
2025-11-30 16:18:38:1838 [Worker 23468] info: [ECS:HitValidationSystem] Initialized.
2025-11-30 16:18:38:1838 [Worker 23468] info: [ECS:HistorySystem] Initialized.
2025-11-30 16:18:38:1838 [Worker 23468] info: [ECS:BuffLifecycleSystem] Initialized.
2025-11-30 16:18:38:1838 [Worker 23468] info: [ECS:StatRecalculationSystem] Initialized.
2025-11-30 16:18:38:1838 [Worker 23468] info: [ECS:OnKillEffectSystem] Initialized.
2025-11-30 16:18:38:1838 [Worker 23468] info: [ECS:LootDropSystem] Initialized.
2025-11-30 16:18:38:1838 [Worker 23468] info: [ECS:SpawnSystem] Initialized.
2025-11-30 16:18:38:1838 [Worker 23468] info: [ECS:LifetimeSystem] Initialized.
2025-11-30 16:18:38:1838 [Worker 23468] info: [ECS:OffscreenCleanupSystem] Initialized.
2025-11-30 16:18:38:1838 [Worker 23316] info: [DBMANAGER] Worker 23316: Connected to dbServer
2025-11-30 16:18:38:1838 [Worker 23316] info: [DBMANAGER] Worker 23316: Identifying with unique ID: gameserver-Hddkwe35fsvk_worker_23316
2025-11-30 16:18:38:1838 [Worker 23316] warn: [DBMANAGER] Worker 23316: Disconnected from dbServer
2025-11-30 16:18:40:1840 [Worker 23316] info: [DBMANAGER] Worker 23316: Connected to dbServer
2025-11-30 16:18:40:1840 [Worker 23316] info: [DBMANAGER] Worker 23316: Identifying with unique ID: gameserver-Hddkwe35fsvk_worker_23316
2025-11-30 16:18:40:1840 [Worker 23316] warn: [DBMANAGER] Worker 23316: Disconnected from dbServer
2025-11-30 16:18:42:1842 [Worker 23316] info: [DBMANAGER] Worker 23316: Connected to dbServer
2025-11-30 16:18:42:1842 [Worker 23316] info: [DBMANAGER] Worker 23316: Identifying with unique ID: gameserver-Hddkwe35fsvk_worker_23316
2025-11-30 16:18:42:1842 [Worker 23316] warn: [DBMANAGER] Worker 23316: Disconnected from dbServer
2025-11-30 16:18:44:1844 [Worker 23316] info: [DBMANAGER] Worker 23316: Connected to dbServer
2025-11-30 16:18:44:1844 [Worker 23316] info: [DBMANAGER] Worker 23316: Identifying with unique ID: gameserver-Hddkwe35fsvk_worker_23316
2025-11-30 16:18:44:1844 [Worker 23316] warn: [DBMANAGER] Worker 23316: Disconnected from dbServer
2025-11-30 16:18:46:1846 [Worker 23316] info: [DBMANAGER] Worker 23316: Connected to dbServer
2025-11-30 16:18:46:1846 [Worker 23316] info: [DBMANAGER] Worker 23316: Identifying with unique ID: gameserver-Hddkwe35fsvk_worker_23316
2025-11-30 16:18:46:1846 [Worker 23316] warn: [DBMANAGER] Worker 23316: Disconnected from dbServer
2025-11-30 16:18:48:1848 [Worker 23316] info: [DBMANAGER] Worker 23316: Connected to dbServer
2025-11-30 16:18:48:1848 [Worker 23316] info: [DBMANAGER] Worker 23316: Identifying with unique ID: gameserver-Hddkwe35fsvk_worker_23316
2025-11-30 16:18:48:1848 [Worker 23316] warn: [DBMANAGER] Worker 23316: Disconnected from dbServer
2025-11-30 16:18:50:1850 [Worker 12596] info: [DBMANAGER] Worker 12596: Connected to dbServer
2025-11-30 16:18:50:1850 [Worker 12596] info: [DBMANAGER] Worker 12596: Identifying with unique ID: gameserver-Hddkwe35fsvk_worker_12596
2025-11-30 16:18:50:1850 [Worker 12596] warn: [DBMANAGER] Worker 12596: Disconnected from dbServer
2025-11-30 16:18:50:1850 [Worker 12596] info: [REDISCLIENT] Worker 12596: Successfully connected to Redis.
2025-11-30 16:18:50:1850 [Worker 12596] info: [GracefulShutdown] Обработчики для воркера 12596 инициализированы и ожидают команды от мастера.
2025-11-30 16:18:50:1850 [Worker 12596] info: Worker 12596 started. WebSocket server running on port 3002
2025-11-30 16:18:50:1850 [Worker 12596] info: [REDISSUBSCRIBER] Worker 12596: Subscribed to 'session-events' and 'session_control_events' channels.
2025-11-30 16:18:50:1850 [Worker 23468] info: [DBMANAGER] Worker 23468: Connected to dbServer
2025-11-30 16:18:50:1850 [Worker 23468] info: [DBMANAGER] Worker 23468: Identifying with unique ID: gameserver-Hddkwe35fsvk_worker_23468
2025-11-30 16:18:50:1850 [Worker 23468] warn: [DBMANAGER] Worker 23468: Disconnected from dbServer
2025-11-30 16:18:50:1850 [Worker 23468] info: [REDISCLIENT] Worker 23468: Successfully connected to Redis.
2025-11-30 16:18:50:1850 [Worker 23468] info: [GracefulShutdown] Обработчики для воркера 23468 инициализированы и ожидают команды от мастера.
2025-11-30 16:18:50:1850 [Worker 23468] info: Worker 23468 started. WebSocket server running on port 3002
2025-11-30 16:18:50:1850 [Worker 23468] info: [REDISSUBSCRIBER] Worker 23468: Subscribed to 'session-events' and 'session_control_events' channels.
2025-11-30 16:18:50:1850 [Worker 23316] info: [DBMANAGER] Worker 23316: Connected to dbServer
2025-11-30 16:18:50:1850 [Worker 23316] info: [DBMANAGER] Worker 23316: Identifying with unique ID: gameserver-Hddkwe35fsvk_worker_23316
2025-11-30 16:18:50:1850 [Worker 23316] warn: [DBMANAGER] Worker 23316: Disconnected from dbServer
2025-11-30 16:18:52:1852 [Worker 12596] info: [DBMANAGER] Worker 12596: Connected to dbServer
2025-11-30 16:18:52:1852 [Worker 12596] info: [DBMANAGER] Worker 12596: Identifying with unique ID: gameserver-Hddkwe35fsvk_worker_12596
2025-11-30 16:18:52:1852 [Worker 12596] warn: [DBMANAGER] Worker 12596: Disconnected from dbServer
2025-11-30 16:18:52:1852 [Worker 6524] info: [DBMANAGER] Worker 6524: Connected to dbServer
2025-11-30 16:18:52:1852 [Worker 6524] info: [DBMANAGER] Worker 6524: Identifying with unique ID: gameserver-Hddkwe35fsvk_worker_6524
2025-11-30 16:18:52:1852 [Worker 6524] info: [REDISCLIENT] Worker 6524: Successfully connected to Redis.
2025-11-30 16:18:52:1852 [Worker 6524] info: [GracefulShutdown] Обработчики для воркера 6524 инициализированы и ожидают команды от мастера.
2025-11-30 16:18:52:1852 [Worker 6524] info: Worker 6524 started. WebSocket server running on port 3002
2025-11-30 16:18:52:1852 [Worker 6524] warn: [DBMANAGER] Worker 6524: Disconnected from dbServer
2025-11-30 16:18:52:1852 [Worker 6524] info: [REDISSUBSCRIBER] Worker 6524: Subscribed to 'session-events' and 'session_control_events' channels.
2025-11-30 16:18:52:1852 [Worker 23468] info: [DBMANAGER] Worker 23468: Connected to dbServer
2025-11-30 16:18:52:1852 [Worker 23468] info: [DBMANAGER] Worker 23468: Identifying with unique ID: gameserver-Hddkwe35fsvk_worker_23468
2025-11-30 16:18:52:1852 [Worker 23468] warn: [DBMANAGER] Worker 23468: Disconnected from dbServer
2025-11-30 16:18:52:1852 [Worker 23316] info: [DBMANAGER] Worker 23316: Connected to dbServer
2025-11-30 16:18:52:1852 [Worker 23316] info: [DBMANAGER] Worker 23316: Identifying with unique ID: gameserver-Hddkwe35fsvk_worker_23316
2025-11-30 16:18:52:1852 [Worker 23316] warn: [DBMANAGER] Worker 23316: Disconnected from dbServer
2025-11-30 16:18:54:1854 [Worker 12596] info: [DBMANAGER] Worker 12596: Connected to dbServer
2025-11-30 16:18:54:1854 [Worker 12596] info: [DBMANAGER] Worker 12596: Identifying with unique ID: gameserver-Hddkwe35fsvk_worker_12596
2025-11-30 16:18:54:1854 [Worker 12596] warn: [DBMANAGER] Worker 12596: Disconnected from dbServer
2025-11-30 16:18:54:1854 [Worker 6524] info: [DBMANAGER] Worker 6524: Connected to dbServer
2025-11-30 16:18:54:1854 [Worker 6524] info: [DBMANAGER] Worker 6524: Identifying with unique ID: gameserver-Hddkwe35fsvk_worker_6524
2025-11-30 16:18:54:1854 [Worker 6524] warn: [DBMANAGER] Worker 6524: Disconnected from dbServer
2025-11-30 16:18:54:1854 [Worker 23468] info: [DBMANAGER] Worker 23468: Connected to dbServer
2025-11-30 16:18:54:1854 [Worker 23468] info: [DBMANAGER] Worker 23468: Identifying with unique ID: gameserver-Hddkwe35fsvk_worker_23468
2025-11-30 16:18:54:1854 [Worker 23468] warn: [DBMANAGER] Worker 23468: Disconnected from dbServer
2025-11-30 16:18:54:1854 [Worker 23316] info: [DBMANAGER] Worker 23316: Connected to dbServer
2025-11-30 16:18:54:1854 [Worker 23316] info: [DBMANAGER] Worker 23316: Identifying with unique ID: gameserver-Hddkwe35fsvk_worker_23316
2025-11-30 16:18:54:1854 [Worker 23316] warn: [DBMANAGER] Worker 23316: Disconnected from dbServer
2025-11-30 16:18:56:1856 [Worker 12596] info: [DBMANAGER] Worker 12596: Connected to dbServer
2025-11-30 16:18:56:1856 [Worker 12596] info: [DBMANAGER] Worker 12596: Identifying with unique ID: gameserver-Hddkwe35fsvk_worker_12596
2025-11-30 16:18:56:1856 [Worker 12596] warn: [DBMANAGER] Worker 12596: Disconnected from dbServer
2025-11-30 16:18:56:1856 [Worker 6524] info: [DBMANAGER] Worker 6524: Connected to dbServer
2025-11-30 16:18:56:1856 [Worker 6524] info: [DBMANAGER] Worker 6524: Identifying with unique ID: gameserver-Hddkwe35fsvk_worker_6524
2025-11-30 16:18:56:1856 [Worker 6524] warn: [DBMANAGER] Worker 6524: Disconnected from dbServer
2025-11-30 16:18:56:1856 [Worker 23468] info: [DBMANAGER] Worker 23468: Connected to dbServer
2025-11-30 16:18:56:1856 [Worker 23468] info: [DBMANAGER] Worker 23468: Identifying with unique ID: gameserver-Hddkwe35fsvk_worker_23468
2025-11-30 16:18:56:1856 [Worker 23468] warn: [DBMANAGER] Worker 23468: Disconnected from dbServer
2025-11-30 16:18:56:1856 [Worker 23316] info: [DBMANAGER] Worker 23316: Connected to dbServer
2025-11-30 16:18:56:1856 [Worker 23316] info: [DBMANAGER] Worker 23316: Identifying with unique ID: gameserver-Hddkwe35fsvk_worker_23316
2025-11-30 16:18:56:1856 [Worker 23316] warn: [DBMANAGER] Worker 23316: Disconnected from dbServer
2025-11-30 16:18:58:1858 [Worker 12596] info: [DBMANAGER] Worker 12596: Connected to dbServer
2025-11-30 16:18:58:1858 [Worker 12596] info: [DBMANAGER] Worker 12596: Identifying with unique ID: gameserver-Hddkwe35fsvk_worker_12596
2025-11-30 16:18:58:1858 [Worker 12596] warn: [DBMANAGER] Worker 12596: Disconnected from dbServer
2025-11-30 16:18:58:1858 [Worker 6524] info: [DBMANAGER] Worker 6524: Connected to dbServer
2025-11-30 16:18:58:1858 [Worker 6524] info: [DBMANAGER] Worker 6524: Identifying with unique ID: gameserver-Hddkwe35fsvk_worker_6524
2025-11-30 16:18:58:1858 [Worker 6524] warn: [DBMANAGER] Worker 6524: Disconnected from dbServer
2025-11-30 16:18:58:1858 [Worker 23468] info: [DBMANAGER] Worker 23468: Connected to dbServer
2025-11-30 16:18:58:1858 [Worker 23468] info: [DBMANAGER] Worker 23468: Identifying with unique ID: gameserver-Hddkwe35fsvk_worker_23468
2025-11-30 16:18:58:1858 [Worker 23468] warn: [DBMANAGER] Worker 23468: Disconnected from dbServer
2025-11-30 16:18:59:1859 [Worker 23316] info: [DBMANAGER] Worker 23316: Connected to dbServer
2025-11-30 16:18:59:1859 [Worker 23316] info: [DBMANAGER] Worker 23316: Identifying with unique ID: gameserver-Hddkwe35fsvk_worker_23316
2025-11-30 16:18:59:1859 [Worker 23316] warn: [DBMANAGER] Worker 23316: Disconnected from dbServer
2025-11-30 16:19:00:190 [Worker 12596] info: [DBMANAGER] Worker 12596: Connected to dbServer
2025-11-30 16:19:00:190 [Worker 12596] info: [DBMANAGER] Worker 12596: Identifying with unique ID: gameserver-Hddkwe35fsvk_worker_12596
2025-11-30 16:19:00:190 [Worker 12596] warn: [DBMANAGER] Worker 12596: Disconnected from dbServer
2025-11-30 16:19:00:190 [Worker 6524] info: [DBMANAGER] Worker 6524: Connected to dbServer
2025-11-30 16:19:00:190 [Worker 6524] info: [DBMANAGER] Worker 6524: Identifying with unique ID: gameserver-Hddkwe35fsvk_worker_6524
2025-11-30 16:19:00:190 [Worker 6524] warn: [DBMANAGER] Worker 6524: Disconnected from dbServer
2025-11-30 16:19:00:190 [Worker 23468] info: [DBMANAGER] Worker 23468: Connected to dbServer
2025-11-30 16:19:00:190 [Worker 23468] info: [DBMANAGER] Worker 23468: Identifying with unique ID: gameserver-Hddkwe35fsvk_worker_23468
2025-11-30 16:19:00:190 [Worker 23468] warn: [DBMANAGER] Worker 23468: Disconnected from dbServer
2025-11-30 16:19:01:191 [Worker 23316] info: [DBMANAGER] Worker 23316: Connected to dbServer
2025-11-30 16:19:01:191 [Worker 23316] info: [DBMANAGER] Worker 23316: Identifying with unique ID: gameserver-Hddkwe35fsvk_worker_23316
2025-11-30 16:19:01:191 [Worker 23316] warn: [DBMANAGER] Worker 23316: Disconnected from dbServer
2025-11-30 16:19:02:192 [Worker 12596] info: [DBMANAGER] Worker 12596: Connected to dbServer
2025-11-30 16:19:02:192 [Worker 12596] info: [DBMANAGER] Worker 12596: Identifying with unique ID: gameserver-Hddkwe35fsvk_worker_12596
2025-11-30 16:19:02:192 [Worker 12596] warn: [DBMANAGER] Worker 12596: Disconnected from dbServer
2025-11-30 16:19:02:192 [Worker 6524] info: [DBMANAGER] Worker 6524: Connected to dbServer
2025-11-30 16:19:02:192 [Worker 6524] info: [DBMANAGER] Worker 6524: Identifying with unique ID: gameserver-Hddkwe35fsvk_worker_6524
2025-11-30 16:19:02:192 [Worker 6524] warn: [DBMANAGER] Worker 6524: Disconnected from dbServer
2025-11-30 16:19:02:192 [Worker 23468] info: [DBMANAGER] Worker 23468: Connected to dbServer
2025-11-30 16:19:02:192 [Worker 23468] info: [DBMANAGER] Worker 23468: Identifying with unique ID: gameserver-Hddkwe35fsvk_worker_23468
2025-11-30 16:19:02:192 [Worker 23468] warn: [DBMANAGER] Worker 23468: Disconnected from dbServer
2025-11-30 16:19:03:193 [Worker 23316] info: [DBMANAGER] Worker 23316: Connected to dbServer
2025-11-30 16:19:03:193 [Worker 23316] info: [DBMANAGER] Worker 23316: Identifying with unique ID: gameserver-Hddkwe35fsvk_worker_23316
2025-11-30 16:19:03:193 [Worker 23316] warn: [DBMANAGER] Worker 23316: Disconnected from dbServer
2025-11-30 16:19:04:194 [Worker 12596] info: [DBMANAGER] Worker 12596: Connected to dbServer
2025-11-30 16:19:04:194 [Worker 12596] info: [DBMANAGER] Worker 12596: Identifying with unique ID: gameserver-Hddkwe35fsvk_worker_12596
2025-11-30 16:19:04:194 [Worker 12596] warn: [DBMANAGER] Worker 12596: Disconnected from dbServer
2025-11-30 16:19:04:194 [Worker 6524] info: [DBMANAGER] Worker 6524: Connected to dbServer
2025-11-30 16:19:04:194 [Worker 6524] info: [DBMANAGER] Worker 6524: Identifying with unique ID: gameserver-Hddkwe35fsvk_worker_6524
2025-11-30 16:19:04:194 [Worker 6524] warn: [DBMANAGER] Worker 6524: Disconnected from dbServer
2025-11-30 16:19:04:194 [Worker 23468] info: [DBMANAGER] Worker 23468: Connected to dbServer
2025-11-30 16:19:04:194 [Worker 23468] info: [DBMANAGER] Worker 23468: Identifying with unique ID: gameserver-Hddkwe35fsvk_worker_23468
2025-11-30 16:19:04:194 [Worker 23468] warn: [DBMANAGER] Worker 23468: Disconnected from dbServer
2025-11-30 16:19:05:195 [Worker 23316] info: [DBMANAGER] Worker 23316: Connected to dbServer
2025-11-30 16:19:05:195 [Worker 23316] info: [DBMANAGER] Worker 23316: Identifying with unique ID: gameserver-Hddkwe35fsvk_worker_23316
2025-11-30 16:19:05:195 [Worker 23316] warn: [DBMANAGER] Worker 23316: Disconnected from dbServer
2025-11-30 16:19:05:195 [Worker 19016] info: [DBMANAGER] Worker 19016: Connected to dbServer
2025-11-30 16:19:05:195 [Worker 19016] info: [DBMANAGER] Worker 19016: Identifying with unique ID: gameserver-Hddkwe35fsvk_worker_19016
2025-11-30 16:19:05:195 [Worker 19016] info: [REDISCLIENT] Worker 19016: Successfully connected to Redis.
2025-11-30 16:19:05:195 [Worker 19016] info: [GracefulShutdown] Обработчики для воркера 19016 инициализированы и ожидают команды от мастера.
2025-11-30 16:19:05:195 [Worker 19016] info: Worker 19016 started. WebSocket server running on port 3002
2025-11-30 16:19:05:195 [Worker 19016] warn: [DBMANAGER] Worker 19016: Disconnected from dbServer
2025-11-30 16:19:05:195 [Worker 19016] info: [REDISSUBSCRIBER] Worker 19016: Subscribed to 'session-events' and 'session_control_events' channels.
2025-11-30 16:19:06:196 [Worker 12596] info: [DBMANAGER] Worker 12596: Connected to dbServer
2025-11-30 16:19:06:196 [Worker 12596] info: [DBMANAGER] Worker 12596: Identifying with unique ID: gameserver-Hddkwe35fsvk_worker_12596
2025-11-30 16:19:06:196 [Worker 12596] warn: [DBMANAGER] Worker 12596: Disconnected from dbServer
2025-11-30 16:19:06:196 [Worker 6524] info: [DBMANAGER] Worker 6524: Connected to dbServer
2025-11-30 16:19:06:196 [Worker 6524] info: [DBMANAGER] Worker 6524: Identifying with unique ID: gameserver-Hddkwe35fsvk_worker_6524
2025-11-30 16:19:06:196 [Worker 6524] warn: [DBMANAGER] Worker 6524: Disconnected from dbServer
2025-11-30 16:19:06:196 [Worker 23468] info: [DBMANAGER] Worker 23468: Connected to dbServer
2025-11-30 16:19:06:196 [Worker 23468] info: [DBMANAGER] Worker 23468: Identifying with unique ID: gameserver-Hddkwe35fsvk_worker_23468
2025-11-30 16:19:06:196 [Worker 23468] warn: [DBMANAGER] Worker 23468: Disconnected from dbServer
2025-11-30 16:19:07:197 [Worker 23316] info: [DBMANAGER] Worker 23316: Connected to dbServer
2025-11-30 16:19:07:197 [Worker 23316] info: [DBMANAGER] Worker 23316: Identifying with unique ID: gameserver-Hddkwe35fsvk_worker_23316
2025-11-30 16:19:07:197 [Worker 23316] warn: [DBMANAGER] Worker 23316: Disconnected from dbServer
2025-11-30 16:19:07:197 [Worker 19016] info: [DBMANAGER] Worker 19016: Connected to dbServer
2025-11-30 16:19:07:197 [Worker 19016] info: [DBMANAGER] Worker 19016: Identifying with unique ID: gameserver-Hddkwe35fsvk_worker_19016
2025-11-30 16:19:07:197 [Worker 19016] warn: [DBMANAGER] Worker 19016: Disconnected from dbServer
2025-11-30 16:19:07:197 [Worker 15684] warn: Master process received SIGINT. Instructing all workers to shut down gracefully.
2025-11-30 16:19:07:197 [Worker 15684] warn: Worker 22700 exited during shutdown process.
2025-11-30 16:19:07:197 [Worker 15684] warn: Worker 16568 exited during shutdown process.
2025-11-30 16:19:07:197 [Worker 15684] warn: Worker 21028 exited during shutdown process.
2025-11-30 16:19:07:197 [Worker 15684] warn: Worker 6524 exited during shutdown process.
2025-11-30 16:19:07:197 [Worker 15684] warn: Worker 23468 exited during shutdown process.
2025-11-30 16:19:07:197 [Worker 15684] warn: Worker 19528 exited during shutdown process.
2025-11-30 16:19:07:197 [Worker 15684] warn: Worker 6624 exited during shutdown process.
2025-11-30 16:19:07:197 [Worker 15684] warn: Worker 15748 exited during shutdown process.
2025-11-30 16:19:07:197 [Worker 15684] warn: Worker 12596 exited during shutdown process.
2025-11-30 16:19:07:197 [Worker 15684] warn: Worker 23316 exited during shutdown process.
2025-11-30 16:19:07:197 [Worker 15684] warn: Worker 19016 exited during shutdown process.
2025-11-30 16:19:07:197 [Worker 15684] warn: Worker 26316 exited during shutdown process.
2025-11-30 16:19:16:1916 [Worker 25280] info: [ECS:EnergyRegenSystem] Initialized.
2025-11-30 16:19:16:1916 [Worker 25280] info: [ECS:ShieldRegenSystem] Initialized.
2025-11-30 16:19:16:1916 [Worker 25280] info: [LootIdManager] Initialized with 39 static items and pre-built dictionary.
2025-11-30 16:19:16:1916 [Worker 25280] info: [ECS:GeometryUpdateSystem] Initialized.
2025-11-30 16:19:16:1916 [Worker 25280] info: [ECS:CleanupSystem] Initialized. (Now simplified)
2025-11-30 16:19:16:1916 [Worker 25280] info: [ECS:PlayerWeaponSwitchSystem] Initialized.
2025-11-30 16:19:16:1916 [Worker 25280] info: [ECS:EnemySpawnRequestSystem] Initialized.
2025-11-30 16:19:16:1916 [Worker 25280] info: [ECS:BehaviorSystemV2] Initialized.
2025-11-30 16:19:16:1916 [Worker 25280] info: [ECS:CombatAISystem] Initialized.
2025-11-30 16:19:16:1916 [Worker 25280] info: [ECS:WeaponSwitchSystem] Initialized.
2025-11-30 16:19:16:1916 [Worker 25280] info: [ECS:StatusEffectSystem] Initialized.
2025-11-30 16:19:16:1916 [Worker 25280] info: [ECS:WeaponSystem] Initialized.
2025-11-30 16:19:16:1916 [Worker 25280] info: [ECS:MovementSystem] Initialized.
2025-11-30 16:19:16:1916 [Worker 25280] info: [ECS:EntitySimulationSystem] Initialized as the main simulation orchestrator.
2025-11-30 16:19:16:1916 [Worker 25280] info: [ECS:PlayerBoundarySystem] Initialized.
2025-11-30 16:19:16:1916 [Worker 25280] info: [ECS:BoundarySystem] Initialized.
2025-11-30 16:19:16:1916 [Worker 25280] info: [ECS:DestructionEventSystem] Initialized as the main destruction controller.
2025-11-30 16:19:16:1916 [Worker 25280] info: [ECS:CollisionDetectionSystem] Initialized. (Now unified)
2025-11-30 16:19:16:1916 [Worker 25280] info: [ECS:CollisionResolutionSystem] Initialized.
2025-11-30 16:19:16:1916 [Worker 25280] info: [ECS:HitValidationSystem] Initialized.
2025-11-30 16:19:16:1916 [Worker 25280] info: [ECS:HistorySystem] Initialized.
2025-11-30 16:19:16:1916 [Worker 25280] info: [ECS:BuffLifecycleSystem] Initialized.
2025-11-30 16:19:16:1916 [Worker 25280] info: [ECS:StatRecalculationSystem] Initialized.
2025-11-30 16:19:16:1916 [Worker 25280] info: [ECS:OnKillEffectSystem] Initialized.
2025-11-30 16:19:16:1916 [Worker 25280] info: [ECS:LootDropSystem] Initialized.
2025-11-30 16:19:16:1916 [Worker 25280] info: [ECS:SpawnSystem] Initialized.
2025-11-30 16:19:16:1916 [Worker 25280] info: [ECS:LifetimeSystem] Initialized.
2025-11-30 16:19:16:1916 [Worker 25280] info: [ECS:OffscreenCleanupSystem] Initialized.
2025-11-30 16:19:16:1916 [Worker 25280] info: Master process 25280 is running
2025-11-30 16:19:17:1917 [Worker 24096] info: [ECS:EnergyRegenSystem] Initialized.
2025-11-30 16:19:17:1917 [Worker 24096] info: [ECS:ShieldRegenSystem] Initialized.
2025-11-30 16:19:17:1917 [Worker 24096] info: [LootIdManager] Initialized with 39 static items and pre-built dictionary.
2025-11-30 16:19:17:1917 [Worker 24096] info: [ECS:GeometryUpdateSystem] Initialized.
2025-11-30 16:19:17:1917 [Worker 24096] info: [ECS:CleanupSystem] Initialized. (Now simplified)
2025-11-30 16:19:17:1917 [Worker 24096] info: [ECS:PlayerWeaponSwitchSystem] Initialized.
2025-11-30 16:19:17:1917 [Worker 24096] info: [ECS:EnemySpawnRequestSystem] Initialized.
2025-11-30 16:19:17:1917 [Worker 24096] info: [ECS:BehaviorSystemV2] Initialized.
2025-11-30 16:19:17:1917 [Worker 24096] info: [ECS:CombatAISystem] Initialized.
2025-11-30 16:19:17:1917 [Worker 24096] info: [ECS:WeaponSwitchSystem] Initialized.
2025-11-30 16:19:17:1917 [Worker 24096] info: [ECS:StatusEffectSystem] Initialized.
2025-11-30 16:19:17:1917 [Worker 24096] info: [ECS:WeaponSystem] Initialized.
2025-11-30 16:19:17:1917 [Worker 24096] info: [ECS:MovementSystem] Initialized.
2025-11-30 16:19:17:1917 [Worker 24096] info: [ECS:EntitySimulationSystem] Initialized as the main simulation orchestrator.
2025-11-30 16:19:17:1917 [Worker 24096] info: [ECS:PlayerBoundarySystem] Initialized.
2025-11-30 16:19:17:1917 [Worker 24096] info: [ECS:BoundarySystem] Initialized.
2025-11-30 16:19:17:1917 [Worker 24096] info: [ECS:DestructionEventSystem] Initialized as the main destruction controller.
2025-11-30 16:19:17:1917 [Worker 24096] info: [ECS:CollisionDetectionSystem] Initialized. (Now unified)
2025-11-30 16:19:17:1917 [Worker 24096] info: [ECS:CollisionResolutionSystem] Initialized.
2025-11-30 16:19:17:1917 [Worker 24096] info: [ECS:HitValidationSystem] Initialized.
2025-11-30 16:19:17:1917 [Worker 24096] info: [ECS:HistorySystem] Initialized.
2025-11-30 16:19:17:1917 [Worker 24096] info: [ECS:BuffLifecycleSystem] Initialized.
2025-11-30 16:19:17:1917 [Worker 24096] info: [ECS:StatRecalculationSystem] Initialized.
2025-11-30 16:19:17:1917 [Worker 24096] info: [ECS:OnKillEffectSystem] Initialized.
2025-11-30 16:19:17:1917 [Worker 24096] info: [ECS:LootDropSystem] Initialized.
2025-11-30 16:19:17:1917 [Worker 24096] info: [ECS:SpawnSystem] Initialized.
2025-11-30 16:19:17:1917 [Worker 24096] info: [ECS:LifetimeSystem] Initialized.
2025-11-30 16:19:17:1917 [Worker 24096] info: [ECS:OffscreenCleanupSystem] Initialized.
2025-11-30 16:19:19:1919 [Worker 4568] info: [ECS:EnergyRegenSystem] Initialized.
2025-11-30 16:19:19:1919 [Worker 4568] info: [ECS:ShieldRegenSystem] Initialized.
2025-11-30 16:19:19:1919 [Worker 4568] info: [LootIdManager] Initialized with 39 static items and pre-built dictionary.
2025-11-30 16:19:19:1919 [Worker 4568] info: [ECS:GeometryUpdateSystem] Initialized.
2025-11-30 16:19:19:1919 [Worker 4568] info: [ECS:CleanupSystem] Initialized. (Now simplified)
2025-11-30 16:19:19:1919 [Worker 4568] info: [ECS:PlayerWeaponSwitchSystem] Initialized.
2025-11-30 16:19:19:1919 [Worker 4568] info: [ECS:EnemySpawnRequestSystem] Initialized.
2025-11-30 16:19:19:1919 [Worker 4568] info: [ECS:BehaviorSystemV2] Initialized.
2025-11-30 16:19:19:1919 [Worker 4568] info: [ECS:CombatAISystem] Initialized.
2025-11-30 16:19:19:1919 [Worker 4568] info: [ECS:WeaponSwitchSystem] Initialized.
2025-11-30 16:19:19:1919 [Worker 4568] info: [ECS:StatusEffectSystem] Initialized.
2025-11-30 16:19:19:1919 [Worker 4568] info: [ECS:WeaponSystem] Initialized.
2025-11-30 16:19:19:1919 [Worker 4568] info: [ECS:MovementSystem] Initialized.
2025-11-30 16:19:19:1919 [Worker 4568] info: [ECS:EntitySimulationSystem] Initialized as the main simulation orchestrator.
2025-11-30 16:19:19:1919 [Worker 4568] info: [ECS:PlayerBoundarySystem] Initialized.
2025-11-30 16:19:19:1919 [Worker 4568] info: [ECS:BoundarySystem] Initialized.
2025-11-30 16:19:19:1919 [Worker 4568] info: [ECS:DestructionEventSystem] Initialized as the main destruction controller.
2025-11-30 16:19:19:1919 [Worker 4568] info: [ECS:CollisionDetectionSystem] Initialized. (Now unified)
2025-11-30 16:19:19:1919 [Worker 4568] info: [ECS:CollisionResolutionSystem] Initialized.
2025-11-30 16:19:19:1919 [Worker 4568] info: [ECS:HitValidationSystem] Initialized.
2025-11-30 16:19:19:1919 [Worker 4568] info: [ECS:HistorySystem] Initialized.
2025-11-30 16:19:19:1919 [Worker 4568] info: [ECS:BuffLifecycleSystem] Initialized.
2025-11-30 16:19:19:1919 [Worker 4568] info: [ECS:StatRecalculationSystem] Initialized.
2025-11-30 16:19:19:1919 [Worker 4568] info: [ECS:OnKillEffectSystem] Initialized.
2025-11-30 16:19:19:1919 [Worker 4568] info: [ECS:LootDropSystem] Initialized.
2025-11-30 16:19:19:1919 [Worker 4568] info: [ECS:SpawnSystem] Initialized.
2025-11-30 16:19:19:1919 [Worker 4568] info: [ECS:LifetimeSystem] Initialized.
2025-11-30 16:19:19:1919 [Worker 4568] info: [ECS:OffscreenCleanupSystem] Initialized.
2025-11-30 16:19:19:1919 [Worker 24096] info: [DBMANAGER] Worker 24096: Connected to dbServer
2025-11-30 16:19:19:1919 [Worker 24096] info: [DBMANAGER] Worker 24096: Identifying with unique ID: gameserver-Hddkwe35fsvk_worker_24096
2025-11-30 16:19:19:1919 [Worker 24096] info: [REDISCLIENT] Worker 24096: Successfully connected to Redis.
2025-11-30 16:19:19:1919 [Worker 24096] info: [GracefulShutdown] Обработчики для воркера 24096 инициализированы и ожидают команды от мастера.
2025-11-30 16:19:19:1919 [Worker 24096] info: Worker 24096 started. WebSocket server running on port 3002
2025-11-30 16:19:19:1919 [Worker 24096] info: [DBMANAGER] Worker 24096: Successfully identified with dbServer as gameserver-Hddkwe35fsvk_worker_24096
2025-11-30 16:19:19:1919 [Worker 24096] info: [WeaponMechanicsStore] Weapon mechanics catalog received and cache has been built.
2025-11-30 16:19:19:1919 [Worker 24096] info: [REDISSUBSCRIBER] Worker 24096: Subscribed to 'session-events' and 'session_control_events' channels.
2025-11-30 16:19:21:1921 [Worker 4568] info: [DBMANAGER] Worker 4568: Connected to dbServer
2025-11-30 16:19:21:1921 [Worker 4568] info: [DBMANAGER] Worker 4568: Identifying with unique ID: gameserver-Hddkwe35fsvk_worker_4568
2025-11-30 16:19:21:1921 [Worker 4568] info: [REDISCLIENT] Worker 4568: Successfully connected to Redis.
2025-11-30 16:19:21:1921 [Worker 4568] info: [GracefulShutdown] Обработчики для воркера 4568 инициализированы и ожидают команды от мастера.
2025-11-30 16:19:21:1921 [Worker 4568] info: Worker 4568 started. WebSocket server running on port 3002
2025-11-30 16:19:21:1921 [Worker 4568] info: [DBMANAGER] Worker 4568: Successfully identified with dbServer as gameserver-Hddkwe35fsvk_worker_4568
2025-11-30 16:19:21:1921 [Worker 4568] info: [WeaponMechanicsStore] Weapon mechanics catalog received and cache has been built.
2025-11-30 16:19:21:1921 [Worker 4568] info: [REDISSUBSCRIBER] Worker 4568: Subscribed to 'session-events' and 'session_control_events' channels.
2025-11-30 16:19:21:1921 [Worker 18976] info: [ECS:EnergyRegenSystem] Initialized.
2025-11-30 16:19:21:1921 [Worker 18976] info: [ECS:ShieldRegenSystem] Initialized.
2025-11-30 16:19:21:1921 [Worker 18976] info: [LootIdManager] Initialized with 39 static items and pre-built dictionary.
2025-11-30 16:19:21:1921 [Worker 18976] info: [ECS:GeometryUpdateSystem] Initialized.
2025-11-30 16:19:21:1921 [Worker 18976] info: [ECS:CleanupSystem] Initialized. (Now simplified)
2025-11-30 16:19:21:1921 [Worker 18976] info: [ECS:PlayerWeaponSwitchSystem] Initialized.
2025-11-30 16:19:21:1921 [Worker 18976] info: [ECS:EnemySpawnRequestSystem] Initialized.
2025-11-30 16:19:21:1921 [Worker 18976] info: [ECS:BehaviorSystemV2] Initialized.
2025-11-30 16:19:21:1921 [Worker 18976] info: [ECS:CombatAISystem] Initialized.
2025-11-30 16:19:21:1921 [Worker 18976] info: [ECS:WeaponSwitchSystem] Initialized.
2025-11-30 16:19:21:1921 [Worker 18976] info: [ECS:StatusEffectSystem] Initialized.
2025-11-30 16:19:21:1921 [Worker 18976] info: [ECS:WeaponSystem] Initialized.
2025-11-30 16:19:21:1921 [Worker 18976] info: [ECS:MovementSystem] Initialized.
2025-11-30 16:19:21:1921 [Worker 18976] info: [ECS:EntitySimulationSystem] Initialized as the main simulation orchestrator.
2025-11-30 16:19:21:1921 [Worker 18976] info: [ECS:PlayerBoundarySystem] Initialized.
2025-11-30 16:19:21:1921 [Worker 18976] info: [ECS:BoundarySystem] Initialized.
2025-11-30 16:19:21:1921 [Worker 18976] info: [ECS:DestructionEventSystem] Initialized as the main destruction controller.
2025-11-30 16:19:21:1921 [Worker 18976] info: [ECS:CollisionDetectionSystem] Initialized. (Now unified)
2025-11-30 16:19:21:1921 [Worker 18976] info: [ECS:CollisionResolutionSystem] Initialized.
2025-11-30 16:19:21:1921 [Worker 18976] info: [ECS:HitValidationSystem] Initialized.
2025-11-30 16:19:21:1921 [Worker 18976] info: [ECS:HistorySystem] Initialized.
2025-11-30 16:19:21:1921 [Worker 18976] info: [ECS:BuffLifecycleSystem] Initialized.
2025-11-30 16:19:21:1921 [Worker 18976] info: [ECS:StatRecalculationSystem] Initialized.
2025-11-30 16:19:21:1921 [Worker 18976] info: [ECS:OnKillEffectSystem] Initialized.
2025-11-30 16:19:21:1921 [Worker 18976] info: [ECS:LootDropSystem] Initialized.
2025-11-30 16:19:21:1921 [Worker 18976] info: [ECS:SpawnSystem] Initialized.
2025-11-30 16:19:21:1921 [Worker 18976] info: [ECS:LifetimeSystem] Initialized.
2025-11-30 16:19:21:1921 [Worker 18976] info: [ECS:OffscreenCleanupSystem] Initialized.
2025-11-30 16:19:23:1923 [Worker 24860] info: [ECS:EnergyRegenSystem] Initialized.
2025-11-30 16:19:23:1923 [Worker 24860] info: [ECS:ShieldRegenSystem] Initialized.
2025-11-30 16:19:23:1923 [Worker 24860] info: [LootIdManager] Initialized with 39 static items and pre-built dictionary.
2025-11-30 16:19:23:1923 [Worker 24860] info: [ECS:GeometryUpdateSystem] Initialized.
2025-11-30 16:19:23:1923 [Worker 24860] info: [ECS:CleanupSystem] Initialized. (Now simplified)
2025-11-30 16:19:23:1923 [Worker 24860] info: [ECS:PlayerWeaponSwitchSystem] Initialized.
2025-11-30 16:19:23:1923 [Worker 24860] info: [ECS:EnemySpawnRequestSystem] Initialized.
2025-11-30 16:19:23:1923 [Worker 24860] info: [ECS:BehaviorSystemV2] Initialized.
2025-11-30 16:19:23:1923 [Worker 24860] info: [ECS:CombatAISystem] Initialized.
2025-11-30 16:19:23:1923 [Worker 24860] info: [ECS:WeaponSwitchSystem] Initialized.
2025-11-30 16:19:23:1923 [Worker 24860] info: [ECS:StatusEffectSystem] Initialized.
2025-11-30 16:19:23:1923 [Worker 24860] info: [ECS:WeaponSystem] Initialized.
2025-11-30 16:19:23:1923 [Worker 24860] info: [ECS:MovementSystem] Initialized.
2025-11-30 16:19:23:1923 [Worker 24860] info: [ECS:EntitySimulationSystem] Initialized as the main simulation orchestrator.
2025-11-30 16:19:23:1923 [Worker 24860] info: [ECS:PlayerBoundarySystem] Initialized.
2025-11-30 16:19:23:1923 [Worker 24860] info: [ECS:BoundarySystem] Initialized.
2025-11-30 16:19:23:1923 [Worker 24860] info: [ECS:DestructionEventSystem] Initialized as the main destruction controller.
2025-11-30 16:19:23:1923 [Worker 24860] info: [ECS:CollisionDetectionSystem] Initialized. (Now unified)
2025-11-30 16:19:23:1923 [Worker 24860] info: [ECS:CollisionResolutionSystem] Initialized.
2025-11-30 16:19:23:1923 [Worker 24860] info: [ECS:HitValidationSystem] Initialized.
2025-11-30 16:19:23:1923 [Worker 24860] info: [ECS:HistorySystem] Initialized.
2025-11-30 16:19:23:1923 [Worker 24860] info: [ECS:BuffLifecycleSystem] Initialized.
2025-11-30 16:19:23:1923 [Worker 24860] info: [ECS:StatRecalculationSystem] Initialized.
2025-11-30 16:19:23:1923 [Worker 24860] info: [ECS:OnKillEffectSystem] Initialized.
2025-11-30 16:19:23:1923 [Worker 24860] info: [ECS:LootDropSystem] Initialized.
2025-11-30 16:19:23:1923 [Worker 24860] info: [ECS:SpawnSystem] Initialized.
2025-11-30 16:19:23:1923 [Worker 24860] info: [ECS:LifetimeSystem] Initialized.
2025-11-30 16:19:23:1923 [Worker 24860] info: [ECS:OffscreenCleanupSystem] Initialized.
2025-11-30 16:19:25:1925 [Worker 19536] info: [ECS:EnergyRegenSystem] Initialized.
2025-11-30 16:19:25:1925 [Worker 19536] info: [ECS:ShieldRegenSystem] Initialized.
2025-11-30 16:19:25:1925 [Worker 19536] info: [LootIdManager] Initialized with 39 static items and pre-built dictionary.
2025-11-30 16:19:25:1925 [Worker 19536] info: [ECS:GeometryUpdateSystem] Initialized.
2025-11-30 16:19:25:1925 [Worker 19536] info: [ECS:CleanupSystem] Initialized. (Now simplified)
2025-11-30 16:19:25:1925 [Worker 19536] info: [ECS:PlayerWeaponSwitchSystem] Initialized.
2025-11-30 16:19:25:1925 [Worker 19536] info: [ECS:EnemySpawnRequestSystem] Initialized.
2025-11-30 16:19:25:1925 [Worker 19536] info: [ECS:BehaviorSystemV2] Initialized.
2025-11-30 16:19:25:1925 [Worker 19536] info: [ECS:CombatAISystem] Initialized.
2025-11-30 16:19:25:1925 [Worker 19536] info: [ECS:WeaponSwitchSystem] Initialized.
2025-11-30 16:19:25:1925 [Worker 19536] info: [ECS:StatusEffectSystem] Initialized.
2025-11-30 16:19:25:1925 [Worker 19536] info: [ECS:WeaponSystem] Initialized.
2025-11-30 16:19:25:1925 [Worker 19536] info: [ECS:MovementSystem] Initialized.
2025-11-30 16:19:25:1925 [Worker 19536] info: [ECS:EntitySimulationSystem] Initialized as the main simulation orchestrator.
2025-11-30 16:19:25:1925 [Worker 19536] info: [ECS:PlayerBoundarySystem] Initialized.
2025-11-30 16:19:25:1925 [Worker 19536] info: [ECS:BoundarySystem] Initialized.
2025-11-30 16:19:25:1925 [Worker 19536] info: [ECS:DestructionEventSystem] Initialized as the main destruction controller.
2025-11-30 16:19:25:1925 [Worker 19536] info: [ECS:CollisionDetectionSystem] Initialized. (Now unified)
2025-11-30 16:19:25:1925 [Worker 19536] info: [ECS:CollisionResolutionSystem] Initialized.
2025-11-30 16:19:25:1925 [Worker 19536] info: [ECS:HitValidationSystem] Initialized.
2025-11-30 16:19:25:1925 [Worker 19536] info: [ECS:HistorySystem] Initialized.
2025-11-30 16:19:25:1925 [Worker 19536] info: [ECS:BuffLifecycleSystem] Initialized.
2025-11-30 16:19:25:1925 [Worker 19536] info: [ECS:StatRecalculationSystem] Initialized.
2025-11-30 16:19:25:1925 [Worker 19536] info: [ECS:OnKillEffectSystem] Initialized.
2025-11-30 16:19:25:1925 [Worker 19536] info: [ECS:LootDropSystem] Initialized.
2025-11-30 16:19:25:1925 [Worker 19536] info: [ECS:SpawnSystem] Initialized.
2025-11-30 16:19:25:1925 [Worker 19536] info: [ECS:LifetimeSystem] Initialized.
2025-11-30 16:19:25:1925 [Worker 19536] info: [ECS:OffscreenCleanupSystem] Initialized.
2025-11-30 16:19:27:1927 [Worker 23752] info: [ECS:EnergyRegenSystem] Initialized.
2025-11-30 16:19:27:1927 [Worker 23752] info: [ECS:ShieldRegenSystem] Initialized.
2025-11-30 16:19:27:1927 [Worker 23752] info: [LootIdManager] Initialized with 39 static items and pre-built dictionary.
2025-11-30 16:19:27:1927 [Worker 23752] info: [ECS:GeometryUpdateSystem] Initialized.
2025-11-30 16:19:27:1927 [Worker 23752] info: [ECS:CleanupSystem] Initialized. (Now simplified)
2025-11-30 16:19:27:1927 [Worker 23752] info: [ECS:PlayerWeaponSwitchSystem] Initialized.
2025-11-30 16:19:27:1927 [Worker 23752] info: [ECS:EnemySpawnRequestSystem] Initialized.
2025-11-30 16:19:27:1927 [Worker 23752] info: [ECS:BehaviorSystemV2] Initialized.
2025-11-30 16:19:27:1927 [Worker 23752] info: [ECS:CombatAISystem] Initialized.
2025-11-30 16:19:27:1927 [Worker 23752] info: [ECS:WeaponSwitchSystem] Initialized.
2025-11-30 16:19:27:1927 [Worker 23752] info: [ECS:StatusEffectSystem] Initialized.
2025-11-30 16:19:27:1927 [Worker 23752] info: [ECS:WeaponSystem] Initialized.
2025-11-30 16:19:27:1927 [Worker 23752] info: [ECS:MovementSystem] Initialized.
2025-11-30 16:19:27:1927 [Worker 23752] info: [ECS:EntitySimulationSystem] Initialized as the main simulation orchestrator.
2025-11-30 16:19:27:1927 [Worker 23752] info: [ECS:PlayerBoundarySystem] Initialized.
2025-11-30 16:19:27:1927 [Worker 23752] info: [ECS:BoundarySystem] Initialized.
2025-11-30 16:19:27:1927 [Worker 23752] info: [ECS:DestructionEventSystem] Initialized as the main destruction controller.
2025-11-30 16:19:27:1927 [Worker 23752] info: [ECS:CollisionDetectionSystem] Initialized. (Now unified)
2025-11-30 16:19:27:1927 [Worker 23752] info: [ECS:CollisionResolutionSystem] Initialized.
2025-11-30 16:19:27:1927 [Worker 23752] info: [ECS:HitValidationSystem] Initialized.
2025-11-30 16:19:27:1927 [Worker 23752] info: [ECS:HistorySystem] Initialized.
2025-11-30 16:19:27:1927 [Worker 23752] info: [ECS:BuffLifecycleSystem] Initialized.
2025-11-30 16:19:27:1927 [Worker 23752] info: [ECS:StatRecalculationSystem] Initialized.
2025-11-30 16:19:27:1927 [Worker 23752] info: [ECS:OnKillEffectSystem] Initialized.
2025-11-30 16:19:27:1927 [Worker 23752] info: [ECS:LootDropSystem] Initialized.
2025-11-30 16:19:27:1927 [Worker 23752] info: [ECS:SpawnSystem] Initialized.
2025-11-30 16:19:27:1927 [Worker 23752] info: [ECS:LifetimeSystem] Initialized.
2025-11-30 16:19:27:1927 [Worker 23752] info: [ECS:OffscreenCleanupSystem] Initialized.
2025-11-30 16:19:29:1929 [Worker 23752] info: [DBMANAGER] Worker 23752: Connected to dbServer
2025-11-30 16:19:29:1929 [Worker 23752] info: [DBMANAGER] Worker 23752: Identifying with unique ID: gameserver-Hddkwe35fsvk_worker_23752
2025-11-30 16:19:29:1929 [Worker 23752] info: [REDISCLIENT] Worker 23752: Successfully connected to Redis.
2025-11-30 16:19:29:1929 [Worker 23752] info: [GracefulShutdown] Обработчики для воркера 23752 инициализированы и ожидают команды от мастера.
2025-11-30 16:19:29:1929 [Worker 23752] info: Worker 23752 started. WebSocket server running on port 3002
2025-11-30 16:19:29:1929 [Worker 23752] info: [DBMANAGER] Worker 23752: Successfully identified with dbServer as gameserver-Hddkwe35fsvk_worker_23752
2025-11-30 16:19:29:1929 [Worker 23752] info: [WeaponMechanicsStore] Weapon mechanics catalog received and cache has been built.
2025-11-30 16:19:29:1929 [Worker 23752] info: [REDISSUBSCRIBER] Worker 23752: Subscribed to 'session-events' and 'session_control_events' channels.
2025-11-30 16:19:29:1929 [Worker 23504] info: [ECS:EnergyRegenSystem] Initialized.
2025-11-30 16:19:29:1929 [Worker 23504] info: [ECS:ShieldRegenSystem] Initialized.
2025-11-30 16:19:29:1929 [Worker 23504] info: [LootIdManager] Initialized with 39 static items and pre-built dictionary.
2025-11-30 16:19:29:1929 [Worker 23504] info: [ECS:GeometryUpdateSystem] Initialized.
2025-11-30 16:19:29:1929 [Worker 23504] info: [ECS:CleanupSystem] Initialized. (Now simplified)
2025-11-30 16:19:29:1929 [Worker 23504] info: [ECS:PlayerWeaponSwitchSystem] Initialized.
2025-11-30 16:19:29:1929 [Worker 23504] info: [ECS:EnemySpawnRequestSystem] Initialized.
2025-11-30 16:19:29:1929 [Worker 23504] info: [ECS:BehaviorSystemV2] Initialized.
2025-11-30 16:19:29:1929 [Worker 23504] info: [ECS:CombatAISystem] Initialized.
2025-11-30 16:19:29:1929 [Worker 23504] info: [ECS:WeaponSwitchSystem] Initialized.
2025-11-30 16:19:29:1929 [Worker 23504] info: [ECS:StatusEffectSystem] Initialized.
2025-11-30 16:19:29:1929 [Worker 23504] info: [ECS:WeaponSystem] Initialized.
2025-11-30 16:19:29:1929 [Worker 23504] info: [ECS:MovementSystem] Initialized.
2025-11-30 16:19:29:1929 [Worker 23504] info: [ECS:EntitySimulationSystem] Initialized as the main simulation orchestrator.
2025-11-30 16:19:29:1929 [Worker 23504] info: [ECS:PlayerBoundarySystem] Initialized.
2025-11-30 16:19:29:1929 [Worker 23504] info: [ECS:BoundarySystem] Initialized.
2025-11-30 16:19:29:1929 [Worker 23504] info: [ECS:DestructionEventSystem] Initialized as the main destruction controller.
2025-11-30 16:19:29:1929 [Worker 23504] info: [ECS:CollisionDetectionSystem] Initialized. (Now unified)
2025-11-30 16:19:29:1929 [Worker 23504] info: [ECS:CollisionResolutionSystem] Initialized.
2025-11-30 16:19:29:1929 [Worker 23504] info: [ECS:HitValidationSystem] Initialized.
2025-11-30 16:19:29:1929 [Worker 23504] info: [ECS:HistorySystem] Initialized.
2025-11-30 16:19:29:1929 [Worker 23504] info: [ECS:BuffLifecycleSystem] Initialized.
2025-11-30 16:19:29:1929 [Worker 23504] info: [ECS:StatRecalculationSystem] Initialized.
2025-11-30 16:19:29:1929 [Worker 23504] info: [ECS:OnKillEffectSystem] Initialized.
2025-11-30 16:19:29:1929 [Worker 23504] info: [ECS:LootDropSystem] Initialized.
2025-11-30 16:19:29:1929 [Worker 23504] info: [ECS:SpawnSystem] Initialized.
2025-11-30 16:19:29:1929 [Worker 23504] info: [ECS:LifetimeSystem] Initialized.
2025-11-30 16:19:29:1929 [Worker 23504] info: [ECS:OffscreenCleanupSystem] Initialized.
2025-11-30 16:19:31:1931 [Worker 24756] info: [ECS:EnergyRegenSystem] Initialized.
2025-11-30 16:19:31:1931 [Worker 24756] info: [ECS:ShieldRegenSystem] Initialized.
2025-11-30 16:19:31:1931 [Worker 24756] info: [LootIdManager] Initialized with 39 static items and pre-built dictionary.
2025-11-30 16:19:31:1931 [Worker 24756] info: [ECS:GeometryUpdateSystem] Initialized.
2025-11-30 16:19:31:1931 [Worker 24756] info: [ECS:CleanupSystem] Initialized. (Now simplified)
2025-11-30 16:19:31:1931 [Worker 24756] info: [ECS:PlayerWeaponSwitchSystem] Initialized.
2025-11-30 16:19:31:1931 [Worker 24756] info: [ECS:EnemySpawnRequestSystem] Initialized.
2025-11-30 16:19:31:1931 [Worker 24756] info: [ECS:BehaviorSystemV2] Initialized.
2025-11-30 16:19:31:1931 [Worker 24756] info: [ECS:CombatAISystem] Initialized.
2025-11-30 16:19:31:1931 [Worker 24756] info: [ECS:WeaponSwitchSystem] Initialized.
2025-11-30 16:19:31:1931 [Worker 24756] info: [ECS:StatusEffectSystem] Initialized.
2025-11-30 16:19:31:1931 [Worker 24756] info: [ECS:WeaponSystem] Initialized.
2025-11-30 16:19:31:1931 [Worker 24756] info: [ECS:MovementSystem] Initialized.
2025-11-30 16:19:31:1931 [Worker 24756] info: [ECS:EntitySimulationSystem] Initialized as the main simulation orchestrator.
2025-11-30 16:19:31:1931 [Worker 24756] info: [ECS:PlayerBoundarySystem] Initialized.
2025-11-30 16:19:31:1931 [Worker 24756] info: [ECS:BoundarySystem] Initialized.
2025-11-30 16:19:31:1931 [Worker 24756] info: [ECS:DestructionEventSystem] Initialized as the main destruction controller.
2025-11-30 16:19:31:1931 [Worker 24756] info: [ECS:CollisionDetectionSystem] Initialized. (Now unified)
2025-11-30 16:19:31:1931 [Worker 24756] info: [ECS:CollisionResolutionSystem] Initialized.
2025-11-30 16:19:31:1931 [Worker 24756] info: [ECS:HitValidationSystem] Initialized.
2025-11-30 16:19:31:1931 [Worker 24756] info: [ECS:HistorySystem] Initialized.
2025-11-30 16:19:31:1931 [Worker 24756] info: [ECS:BuffLifecycleSystem] Initialized.
2025-11-30 16:19:31:1931 [Worker 24756] info: [ECS:StatRecalculationSystem] Initialized.
2025-11-30 16:19:31:1931 [Worker 24756] info: [ECS:OnKillEffectSystem] Initialized.
2025-11-30 16:19:31:1931 [Worker 24756] info: [ECS:LootDropSystem] Initialized.
2025-11-30 16:19:31:1931 [Worker 24756] info: [ECS:SpawnSystem] Initialized.
2025-11-30 16:19:31:1931 [Worker 24756] info: [ECS:LifetimeSystem] Initialized.
2025-11-30 16:19:31:1931 [Worker 24756] info: [ECS:OffscreenCleanupSystem] Initialized.
2025-11-30 16:19:33:1933 [Worker 16448] info: [ECS:EnergyRegenSystem] Initialized.
2025-11-30 16:19:33:1933 [Worker 16448] info: [ECS:ShieldRegenSystem] Initialized.
2025-11-30 16:19:33:1933 [Worker 16448] info: [LootIdManager] Initialized with 39 static items and pre-built dictionary.
2025-11-30 16:19:33:1933 [Worker 16448] info: [ECS:GeometryUpdateSystem] Initialized.
2025-11-30 16:19:33:1933 [Worker 16448] info: [ECS:CleanupSystem] Initialized. (Now simplified)
2025-11-30 16:19:33:1933 [Worker 16448] info: [ECS:PlayerWeaponSwitchSystem] Initialized.
2025-11-30 16:19:33:1933 [Worker 16448] info: [ECS:EnemySpawnRequestSystem] Initialized.
2025-11-30 16:19:33:1933 [Worker 16448] info: [ECS:BehaviorSystemV2] Initialized.
2025-11-30 16:19:33:1933 [Worker 16448] info: [ECS:CombatAISystem] Initialized.
2025-11-30 16:19:33:1933 [Worker 16448] info: [ECS:WeaponSwitchSystem] Initialized.
2025-11-30 16:19:33:1933 [Worker 16448] info: [ECS:StatusEffectSystem] Initialized.
2025-11-30 16:19:33:1933 [Worker 16448] info: [ECS:WeaponSystem] Initialized.
2025-11-30 16:19:33:1933 [Worker 16448] info: [ECS:MovementSystem] Initialized.
2025-11-30 16:19:33:1933 [Worker 16448] info: [ECS:EntitySimulationSystem] Initialized as the main simulation orchestrator.
2025-11-30 16:19:33:1933 [Worker 16448] info: [ECS:PlayerBoundarySystem] Initialized.
2025-11-30 16:19:33:1933 [Worker 16448] info: [ECS:BoundarySystem] Initialized.
2025-11-30 16:19:33:1933 [Worker 16448] info: [ECS:DestructionEventSystem] Initialized as the main destruction controller.
2025-11-30 16:19:33:1933 [Worker 16448] info: [ECS:CollisionDetectionSystem] Initialized. (Now unified)
2025-11-30 16:19:33:1933 [Worker 16448] info: [ECS:CollisionResolutionSystem] Initialized.
2025-11-30 16:19:33:1933 [Worker 16448] info: [ECS:HitValidationSystem] Initialized.
2025-11-30 16:19:33:1933 [Worker 16448] info: [ECS:HistorySystem] Initialized.
2025-11-30 16:19:33:1933 [Worker 16448] info: [ECS:BuffLifecycleSystem] Initialized.
2025-11-30 16:19:33:1933 [Worker 16448] info: [ECS:StatRecalculationSystem] Initialized.
2025-11-30 16:19:33:1933 [Worker 16448] info: [ECS:OnKillEffectSystem] Initialized.
2025-11-30 16:19:33:1933 [Worker 16448] info: [ECS:LootDropSystem] Initialized.
2025-11-30 16:19:33:1933 [Worker 16448] info: [ECS:SpawnSystem] Initialized.
2025-11-30 16:19:33:1933 [Worker 16448] info: [ECS:LifetimeSystem] Initialized.
2025-11-30 16:19:33:1933 [Worker 16448] info: [ECS:OffscreenCleanupSystem] Initialized.
2025-11-30 16:19:35:1935 [Worker 12240] info: [ECS:EnergyRegenSystem] Initialized.
2025-11-30 16:19:35:1935 [Worker 12240] info: [ECS:ShieldRegenSystem] Initialized.
2025-11-30 16:19:35:1935 [Worker 12240] info: [LootIdManager] Initialized with 39 static items and pre-built dictionary.
2025-11-30 16:19:35:1935 [Worker 12240] info: [ECS:GeometryUpdateSystem] Initialized.
2025-11-30 16:19:35:1935 [Worker 12240] info: [ECS:CleanupSystem] Initialized. (Now simplified)
2025-11-30 16:19:35:1935 [Worker 12240] info: [ECS:PlayerWeaponSwitchSystem] Initialized.
2025-11-30 16:19:35:1935 [Worker 12240] info: [ECS:EnemySpawnRequestSystem] Initialized.
2025-11-30 16:19:35:1935 [Worker 12240] info: [ECS:BehaviorSystemV2] Initialized.
2025-11-30 16:19:35:1935 [Worker 12240] info: [ECS:CombatAISystem] Initialized.
2025-11-30 16:19:35:1935 [Worker 12240] info: [ECS:WeaponSwitchSystem] Initialized.
2025-11-30 16:19:35:1935 [Worker 12240] info: [ECS:StatusEffectSystem] Initialized.
2025-11-30 16:19:35:1935 [Worker 12240] info: [ECS:WeaponSystem] Initialized.
2025-11-30 16:19:35:1935 [Worker 12240] info: [ECS:MovementSystem] Initialized.
2025-11-30 16:19:35:1935 [Worker 12240] info: [ECS:EntitySimulationSystem] Initialized as the main simulation orchestrator.
2025-11-30 16:19:35:1935 [Worker 12240] info: [ECS:PlayerBoundarySystem] Initialized.
2025-11-30 16:19:35:1935 [Worker 12240] info: [ECS:BoundarySystem] Initialized.
2025-11-30 16:19:35:1935 [Worker 12240] info: [ECS:DestructionEventSystem] Initialized as the main destruction controller.
2025-11-30 16:19:35:1935 [Worker 12240] info: [ECS:CollisionDetectionSystem] Initialized. (Now unified)
2025-11-30 16:19:35:1935 [Worker 12240] info: [ECS:CollisionResolutionSystem] Initialized.
2025-11-30 16:19:35:1935 [Worker 12240] info: [ECS:HitValidationSystem] Initialized.
2025-11-30 16:19:35:1935 [Worker 12240] info: [ECS:HistorySystem] Initialized.
2025-11-30 16:19:35:1935 [Worker 12240] info: [ECS:BuffLifecycleSystem] Initialized.
2025-11-30 16:19:35:1935 [Worker 12240] info: [ECS:StatRecalculationSystem] Initialized.
2025-11-30 16:19:35:1935 [Worker 12240] info: [ECS:OnKillEffectSystem] Initialized.
2025-11-30 16:19:35:1935 [Worker 12240] info: [ECS:LootDropSystem] Initialized.
2025-11-30 16:19:35:1935 [Worker 12240] info: [ECS:SpawnSystem] Initialized.
2025-11-30 16:19:35:1935 [Worker 12240] info: [ECS:LifetimeSystem] Initialized.
2025-11-30 16:19:35:1935 [Worker 12240] info: [ECS:OffscreenCleanupSystem] Initialized.
2025-11-30 16:19:37:1937 [Worker 13192] info: [ECS:EnergyRegenSystem] Initialized.
2025-11-30 16:19:37:1937 [Worker 13192] info: [ECS:ShieldRegenSystem] Initialized.
2025-11-30 16:19:37:1937 [Worker 13192] info: [LootIdManager] Initialized with 39 static items and pre-built dictionary.
2025-11-30 16:19:37:1937 [Worker 13192] info: [ECS:GeometryUpdateSystem] Initialized.
2025-11-30 16:19:37:1937 [Worker 13192] info: [ECS:CleanupSystem] Initialized. (Now simplified)
2025-11-30 16:19:37:1937 [Worker 13192] info: [ECS:PlayerWeaponSwitchSystem] Initialized.
2025-11-30 16:19:37:1937 [Worker 13192] info: [ECS:EnemySpawnRequestSystem] Initialized.
2025-11-30 16:19:37:1937 [Worker 13192] info: [ECS:BehaviorSystemV2] Initialized.
2025-11-30 16:19:37:1937 [Worker 13192] info: [ECS:CombatAISystem] Initialized.
2025-11-30 16:19:37:1937 [Worker 13192] info: [ECS:WeaponSwitchSystem] Initialized.
2025-11-30 16:19:37:1937 [Worker 13192] info: [ECS:StatusEffectSystem] Initialized.
2025-11-30 16:19:37:1937 [Worker 13192] info: [ECS:WeaponSystem] Initialized.
2025-11-30 16:19:37:1937 [Worker 13192] info: [ECS:MovementSystem] Initialized.
2025-11-30 16:19:37:1937 [Worker 13192] info: [ECS:EntitySimulationSystem] Initialized as the main simulation orchestrator.
2025-11-30 16:19:37:1937 [Worker 13192] info: [ECS:PlayerBoundarySystem] Initialized.
2025-11-30 16:19:37:1937 [Worker 13192] info: [ECS:BoundarySystem] Initialized.
2025-11-30 16:19:37:1937 [Worker 13192] info: [ECS:DestructionEventSystem] Initialized as the main destruction controller.
2025-11-30 16:19:37:1937 [Worker 13192] info: [ECS:CollisionDetectionSystem] Initialized. (Now unified)
2025-11-30 16:19:37:1937 [Worker 13192] info: [ECS:CollisionResolutionSystem] Initialized.
2025-11-30 16:19:37:1937 [Worker 13192] info: [ECS:HitValidationSystem] Initialized.
2025-11-30 16:19:37:1937 [Worker 13192] info: [ECS:HistorySystem] Initialized.
2025-11-30 16:19:37:1937 [Worker 13192] info: [ECS:BuffLifecycleSystem] Initialized.
2025-11-30 16:19:37:1937 [Worker 13192] info: [ECS:StatRecalculationSystem] Initialized.
2025-11-30 16:19:37:1937 [Worker 13192] info: [ECS:OnKillEffectSystem] Initialized.
2025-11-30 16:19:37:1937 [Worker 13192] info: [ECS:LootDropSystem] Initialized.
2025-11-30 16:19:37:1937 [Worker 13192] info: [ECS:SpawnSystem] Initialized.
2025-11-30 16:19:37:1937 [Worker 13192] info: [ECS:LifetimeSystem] Initialized.
2025-11-30 16:19:37:1937 [Worker 13192] info: [ECS:OffscreenCleanupSystem] Initialized.
2025-11-30 16:19:39:1939 [Worker 22152] info: [ECS:EnergyRegenSystem] Initialized.
2025-11-30 16:19:39:1939 [Worker 22152] info: [ECS:ShieldRegenSystem] Initialized.
2025-11-30 16:19:39:1939 [Worker 22152] info: [LootIdManager] Initialized with 39 static items and pre-built dictionary.
2025-11-30 16:19:39:1939 [Worker 22152] info: [ECS:GeometryUpdateSystem] Initialized.
2025-11-30 16:19:39:1939 [Worker 22152] info: [ECS:CleanupSystem] Initialized. (Now simplified)
2025-11-30 16:19:39:1939 [Worker 22152] info: [ECS:PlayerWeaponSwitchSystem] Initialized.
2025-11-30 16:19:39:1939 [Worker 22152] info: [ECS:EnemySpawnRequestSystem] Initialized.
2025-11-30 16:19:39:1939 [Worker 22152] info: [ECS:BehaviorSystemV2] Initialized.
2025-11-30 16:19:39:1939 [Worker 22152] info: [ECS:CombatAISystem] Initialized.
2025-11-30 16:19:39:1939 [Worker 22152] info: [ECS:WeaponSwitchSystem] Initialized.
2025-11-30 16:19:39:1939 [Worker 22152] info: [ECS:StatusEffectSystem] Initialized.
2025-11-30 16:19:39:1939 [Worker 22152] info: [ECS:WeaponSystem] Initialized.
2025-11-30 16:19:39:1939 [Worker 22152] info: [ECS:MovementSystem] Initialized.
2025-11-30 16:19:39:1939 [Worker 22152] info: [ECS:EntitySimulationSystem] Initialized as the main simulation orchestrator.
2025-11-30 16:19:39:1939 [Worker 22152] info: [ECS:PlayerBoundarySystem] Initialized.
2025-11-30 16:19:39:1939 [Worker 22152] info: [ECS:BoundarySystem] Initialized.
2025-11-30 16:19:39:1939 [Worker 22152] info: [ECS:DestructionEventSystem] Initialized as the main destruction controller.
2025-11-30 16:19:39:1939 [Worker 22152] info: [ECS:CollisionDetectionSystem] Initialized. (Now unified)
2025-11-30 16:19:39:1939 [Worker 22152] info: [ECS:CollisionResolutionSystem] Initialized.
2025-11-30 16:19:39:1939 [Worker 22152] info: [ECS:HitValidationSystem] Initialized.
2025-11-30 16:19:39:1939 [Worker 22152] info: [ECS:HistorySystem] Initialized.
2025-11-30 16:19:39:1939 [Worker 22152] info: [ECS:BuffLifecycleSystem] Initialized.
2025-11-30 16:19:39:1939 [Worker 22152] info: [ECS:StatRecalculationSystem] Initialized.
2025-11-30 16:19:39:1939 [Worker 22152] info: [ECS:OnKillEffectSystem] Initialized.
2025-11-30 16:19:39:1939 [Worker 22152] info: [ECS:LootDropSystem] Initialized.
2025-11-30 16:19:39:1939 [Worker 22152] info: [ECS:SpawnSystem] Initialized.
2025-11-30 16:19:39:1939 [Worker 22152] info: [ECS:LifetimeSystem] Initialized.
2025-11-30 16:19:39:1939 [Worker 22152] info: [ECS:OffscreenCleanupSystem] Initialized.
2025-11-30 16:19:40:1940 [Worker 22152] info: [DBMANAGER] Worker 22152: Connected to dbServer
2025-11-30 16:19:40:1940 [Worker 22152] info: [DBMANAGER] Worker 22152: Identifying with unique ID: gameserver-Hddkwe35fsvk_worker_22152
2025-11-30 16:19:40:1940 [Worker 22152] info: [REDISCLIENT] Worker 22152: Successfully connected to Redis.
2025-11-30 16:19:40:1940 [Worker 22152] info: [GracefulShutdown] Обработчики для воркера 22152 инициализированы и ожидают команды от мастера.
2025-11-30 16:19:40:1940 [Worker 22152] info: Worker 22152 started. WebSocket server running on port 3002
2025-11-30 16:19:40:1940 [Worker 22152] info: [DBMANAGER] Worker 22152: Successfully identified with dbServer as gameserver-Hddkwe35fsvk_worker_22152
2025-11-30 16:19:40:1940 [Worker 22152] info: [WeaponMechanicsStore] Weapon mechanics catalog received and cache has been built.
2025-11-30 16:19:40:1940 [Worker 22152] info: [REDISSUBSCRIBER] Worker 22152: Subscribed to 'session-events' and 'session_control_events' channels.
2025-11-30 16:19:41:1941 [Worker 23504] info: [DBMANAGER] Worker 23504: Connected to dbServer
2025-11-30 16:19:41:1941 [Worker 23504] info: [DBMANAGER] Worker 23504: Identifying with unique ID: gameserver-Hddkwe35fsvk_worker_23504
2025-11-30 16:19:41:1941 [Worker 23504] info: [REDISCLIENT] Worker 23504: Successfully connected to Redis.
2025-11-30 16:19:41:1941 [Worker 23504] info: [GracefulShutdown] Обработчики для воркера 23504 инициализированы и ожидают команды от мастера.
2025-11-30 16:19:41:1941 [Worker 23504] info: Worker 23504 started. WebSocket server running on port 3002
2025-11-30 16:19:41:1941 [Worker 23504] info: [DBMANAGER] Worker 23504: Successfully identified with dbServer as gameserver-Hddkwe35fsvk_worker_23504
2025-11-30 16:19:41:1941 [Worker 23504] info: [WeaponMechanicsStore] Weapon mechanics catalog received and cache has been built.
2025-11-30 16:19:41:1941 [Worker 23504] info: [REDISSUBSCRIBER] Worker 23504: Subscribed to 'session-events' and 'session_control_events' channels.
2025-11-30 16:19:44:1944 [Worker 24756] info: [DBMANAGER] Worker 24756: Connected to dbServer
2025-11-30 16:19:44:1944 [Worker 24756] info: [DBMANAGER] Worker 24756: Identifying with unique ID: gameserver-Hddkwe35fsvk_worker_24756
2025-11-30 16:19:44:1944 [Worker 24756] info: [REDISCLIENT] Worker 24756: Successfully connected to Redis.
2025-11-30 16:19:44:1944 [Worker 24756] info: [GracefulShutdown] Обработчики для воркера 24756 инициализированы и ожидают команды от мастера.
2025-11-30 16:19:44:1944 [Worker 24756] info: Worker 24756 started. WebSocket server running on port 3002
2025-11-30 16:19:44:1944 [Worker 24756] info: [DBMANAGER] Worker 24756: Successfully identified with dbServer as gameserver-Hddkwe35fsvk_worker_24756
2025-11-30 16:19:44:1944 [Worker 24756] info: [WeaponMechanicsStore] Weapon mechanics catalog received and cache has been built.
2025-11-30 16:19:44:1944 [Worker 24756] info: [REDISSUBSCRIBER] Worker 24756: Subscribed to 'session-events' and 'session_control_events' channels.
2025-11-30 16:19:45:1945 [Worker 18976] info: [DBMANAGER] Worker 18976: Connected to dbServer
2025-11-30 16:19:45:1945 [Worker 18976] info: [DBMANAGER] Worker 18976: Identifying with unique ID: gameserver-Hddkwe35fsvk_worker_18976
2025-11-30 16:19:45:1945 [Worker 18976] info: [REDISCLIENT] Worker 18976: Successfully connected to Redis.
2025-11-30 16:19:45:1945 [Worker 18976] info: [GracefulShutdown] Обработчики для воркера 18976 инициализированы и ожидают команды от мастера.
2025-11-30 16:19:45:1945 [Worker 18976] info: Worker 18976 started. WebSocket server running on port 3002
2025-11-30 16:19:45:1945 [Worker 18976] info: [DBMANAGER] Worker 18976: Successfully identified with dbServer as gameserver-Hddkwe35fsvk_worker_18976
2025-11-30 16:19:45:1945 [Worker 18976] info: [WeaponMechanicsStore] Weapon mechanics catalog received and cache has been built.
2025-11-30 16:19:45:1945 [Worker 18976] info: [REDISSUBSCRIBER] Worker 18976: Subscribed to 'session-events' and 'session_control_events' channels.
2025-11-30 16:19:46:1946 [Worker 16448] info: [DBMANAGER] Worker 16448: Connected to dbServer
2025-11-30 16:19:46:1946 [Worker 16448] info: [DBMANAGER] Worker 16448: Identifying with unique ID: gameserver-Hddkwe35fsvk_worker_16448
2025-11-30 16:19:46:1946 [Worker 16448] info: [REDISCLIENT] Worker 16448: Successfully connected to Redis.
2025-11-30 16:19:46:1946 [Worker 16448] info: [GracefulShutdown] Обработчики для воркера 16448 инициализированы и ожидают команды от мастера.
2025-11-30 16:19:46:1946 [Worker 16448] info: Worker 16448 started. WebSocket server running on port 3002
2025-11-30 16:19:46:1946 [Worker 16448] info: [DBMANAGER] Worker 16448: Successfully identified with dbServer as gameserver-Hddkwe35fsvk_worker_16448
2025-11-30 16:19:46:1946 [Worker 16448] info: [WeaponMechanicsStore] Weapon mechanics catalog received and cache has been built.
2025-11-30 16:19:46:1946 [Worker 16448] info: [REDISSUBSCRIBER] Worker 16448: Subscribed to 'session-events' and 'session_control_events' channels.
2025-11-30 16:19:47:1947 [Worker 12240] info: [DBMANAGER] Worker 12240: Connected to dbServer
2025-11-30 16:19:47:1947 [Worker 12240] info: [DBMANAGER] Worker 12240: Identifying with unique ID: gameserver-Hddkwe35fsvk_worker_12240
2025-11-30 16:19:47:1947 [Worker 12240] info: [DBMANAGER] Worker 12240: Successfully identified with dbServer as gameserver-Hddkwe35fsvk_worker_12240
2025-11-30 16:19:47:1947 [Worker 12240] info: [WeaponMechanicsStore] Weapon mechanics catalog received and cache has been built.
2025-11-30 16:19:47:1947 [Worker 12240] info: [REDISCLIENT] Worker 12240: Successfully connected to Redis.
2025-11-30 16:19:47:1947 [Worker 12240] info: [GracefulShutdown] Обработчики для воркера 12240 инициализированы и ожидают команды от мастера.
2025-11-30 16:19:47:1947 [Worker 12240] info: Worker 12240 started. WebSocket server running on port 3002
2025-11-30 16:19:47:1947 [Worker 12240] info: [REDISSUBSCRIBER] Worker 12240: Subscribed to 'session-events' and 'session_control_events' channels.
2025-11-30 16:19:49:1949 [Worker 19536] info: [DBMANAGER] Worker 19536: Connected to dbServer
2025-11-30 16:19:49:1949 [Worker 19536] info: [DBMANAGER] Worker 19536: Identifying with unique ID: gameserver-Hddkwe35fsvk_worker_19536
2025-11-30 16:19:49:1949 [Worker 19536] info: [REDISCLIENT] Worker 19536: Successfully connected to Redis.
2025-11-30 16:19:49:1949 [Worker 19536] info: [GracefulShutdown] Обработчики для воркера 19536 инициализированы и ожидают команды от мастера.
2025-11-30 16:19:49:1949 [Worker 19536] info: Worker 19536 started. WebSocket server running on port 3002
2025-11-30 16:19:49:1949 [Worker 19536] info: [DBMANAGER] Worker 19536: Successfully identified with dbServer as gameserver-Hddkwe35fsvk_worker_19536
2025-11-30 16:19:49:1949 [Worker 19536] info: [WeaponMechanicsStore] Weapon mechanics catalog received and cache has been built.
2025-11-30 16:19:49:1949 [Worker 19536] info: [REDISSUBSCRIBER] Worker 19536: Subscribed to 'session-events' and 'session_control_events' channels.
2025-11-30 16:19:50:1950 [Worker 13192] info: [DBMANAGER] Worker 13192: Connected to dbServer
2025-11-30 16:19:50:1950 [Worker 13192] info: [DBMANAGER] Worker 13192: Identifying with unique ID: gameserver-Hddkwe35fsvk_worker_13192
2025-11-30 16:19:50:1950 [Worker 13192] info: [DBMANAGER] Worker 13192: Successfully identified with dbServer as gameserver-Hddkwe35fsvk_worker_13192
2025-11-30 16:19:50:1950 [Worker 13192] info: [WeaponMechanicsStore] Weapon mechanics catalog received and cache has been built.
2025-11-30 16:19:50:1950 [Worker 13192] info: [REDISCLIENT] Worker 13192: Successfully connected to Redis.
2025-11-30 16:19:50:1950 [Worker 13192] info: [GracefulShutdown] Обработчики для воркера 13192 инициализированы и ожидают команды от мастера.
2025-11-30 16:19:50:1950 [Worker 13192] info: Worker 13192 started. WebSocket server running on port 3002
2025-11-30 16:19:50:1950 [Worker 13192] info: [REDISSUBSCRIBER] Worker 13192: Subscribed to 'session-events' and 'session_control_events' channels.
2025-11-30 16:20:24:2024 [Worker 24860] info: [DBMANAGER] Worker 24860: Connected to dbServer
2025-11-30 16:20:24:2024 [Worker 24860] info: [DBMANAGER] Worker 24860: Identifying with unique ID: gameserver-Hddkwe35fsvk_worker_24860
2025-11-30 16:20:24:2024 [Worker 24860] info: [DBMANAGER] Worker 24860: Successfully identified with dbServer as gameserver-Hddkwe35fsvk_worker_24860
2025-11-30 16:20:24:2024 [Worker 24860] info: [WeaponMechanicsStore] Weapon mechanics catalog received and cache has been built.
2025-11-30 16:20:24:2024 [Worker 24860] info: [REDISCLIENT] Worker 24860: Successfully connected to Redis.
2025-11-30 16:20:24:2024 [Worker 24860] info: [GracefulShutdown] Обработчики для воркера 24860 инициализированы и ожидают команды от мастера.
2025-11-30 16:20:24:2024 [Worker 24860] info: Worker 24860 started. WebSocket server running on port 3002
2025-11-30 16:20:24:2024 [Worker 24860] info: [REDISSUBSCRIBER] Worker 24860: Subscribed to 'session-events' and 'session_control_events' channels.
2025-11-30 16:35:39:3539 [Worker 23752] error: [REDISSUBSCRIBER] Worker 23752: Redis Subscriber Error Socket closed unexpectedly
2025-11-30 16:35:39:3539 [Worker 12240] error: [REDISCLIENT] Worker 12240: Redis Client Error Socket closed unexpectedly
2025-11-30 16:35:39:3539 [Worker 22152] error: [REDISCLIENT] Worker 22152: Redis Client Error Socket closed unexpectedly
2025-11-30 16:35:39:3539 [Worker 24756] error: [REDISCLIENT] Worker 24756: Redis Client Error Socket closed unexpectedly
2025-11-30 16:35:39:3539 [Worker 18976] error: [REDISCLIENT] Worker 18976: Redis Client Error Socket closed unexpectedly
2025-11-30 16:35:39:3539 [Worker 24860] error: [REDISCLIENT] Worker 24860: Redis Client Error Socket closed unexpectedly
2025-11-30 16:35:39:3539 [Worker 24096] error: [REDISSUBSCRIBER] Worker 24096: Redis Subscriber Error Socket closed unexpectedly
2025-11-30 16:35:39:3539 [Worker 13192] error: [REDISSUBSCRIBER] Worker 13192: Redis Subscriber Error Socket closed unexpectedly
2025-11-30 16:35:39:3539 [Worker 16448] error: [REDISCLIENT] Worker 16448: Redis Client Error Socket closed unexpectedly
2025-11-30 16:35:39:3539 [Worker 23504] error: [REDISCLIENT] Worker 23504: Redis Client Error Socket closed unexpectedly
2025-11-30 16:35:39:3539 [Worker 23752] error: [REDISCLIENT] Worker 23752: Redis Client Error Socket closed unexpectedly
2025-11-30 16:35:39:3539 [Worker 19536] error: [REDISSUBSCRIBER] Worker 19536: Redis Subscriber Error Socket closed unexpectedly
2025-11-30 16:35:39:3539 [Worker 12240] error: [REDISSUBSCRIBER] Worker 12240: Redis Subscriber Error Socket closed unexpectedly
2025-11-30 16:35:39:3539 [Worker 18976] error: [REDISSUBSCRIBER] Worker 18976: Redis Subscriber Error Socket closed unexpectedly
2025-11-30 16:35:39:3539 [Worker 24756] error: [REDISSUBSCRIBER] Worker 24756: Redis Subscriber Error Socket closed unexpectedly
2025-11-30 16:35:39:3539 [Worker 24860] error: [REDISSUBSCRIBER] Worker 24860: Redis Subscriber Error Socket closed unexpectedly
2025-11-30 16:35:39:3539 [Worker 24096] error: [REDISCLIENT] Worker 24096: Redis Client Error Socket closed unexpectedly
2025-11-30 16:35:39:3539 [Worker 23504] error: [REDISSUBSCRIBER] Worker 23504: Redis Subscriber Error Socket closed unexpectedly
2025-11-30 16:35:39:3539 [Worker 4568] error: [REDISSUBSCRIBER] Worker 4568: Redis Subscriber Error Socket closed unexpectedly
2025-11-30 16:35:39:3539 [Worker 13192] error: [REDISCLIENT] Worker 13192: Redis Client Error Socket closed unexpectedly
2025-11-30 16:35:39:3539 [Worker 22152] error: [REDISSUBSCRIBER] Worker 22152: Redis Subscriber Error Socket closed unexpectedly
2025-11-30 16:35:39:3539 [Worker 16448] error: [REDISSUBSCRIBER] Worker 16448: Redis Subscriber Error Socket closed unexpectedly
2025-11-30 16:35:39:3539 [Worker 19536] error: [REDISCLIENT] Worker 19536: Redis Client Error Socket closed unexpectedly
2025-11-30 16:35:39:3539 [Worker 4568] error: [REDISCLIENT] Worker 4568: Redis Client Error Socket closed unexpectedly
2025-11-30 16:35:40:3540 [Worker 12240] error: [REDISCLIENT] Worker 12240: Redis Client Error Socket closed unexpectedly
2025-11-30 16:35:40:3540 [Worker 23752] error: [REDISSUBSCRIBER] Worker 23752: Redis Subscriber Error Socket closed unexpectedly
2025-11-30 16:35:40:3540 [Worker 24096] error: [REDISSUBSCRIBER] Worker 24096: Redis Subscriber Error Socket closed unexpectedly
2025-11-30 16:35:40:3540 [Worker 13192] error: [REDISSUBSCRIBER] Worker 13192: Redis Subscriber Error Socket closed unexpectedly
2025-11-30 16:35:40:3540 [Worker 13192] error: [REDISSUBSCRIBER] Worker 13192: Redis Subscriber Error Socket closed unexpectedly
2025-11-30 16:35:40:3540 [Worker 12240] error: [REDISCLIENT] Worker 12240: Redis Client Error Socket closed unexpectedly
2025-11-30 16:35:40:3540 [Worker 18976] error: [REDISCLIENT] Worker 18976: Redis Client Error Socket closed unexpectedly
2025-11-30 16:35:40:3540 [Worker 24096] error: [REDISSUBSCRIBER] Worker 24096: Redis Subscriber Error Socket closed unexpectedly
2025-11-30 16:35:40:3540 [Worker 23752] error: [REDISSUBSCRIBER] Worker 23752: Redis Subscriber Error Socket closed unexpectedly
2025-11-30 16:35:40:3540 [Worker 18976] error: [REDISCLIENT] Worker 18976: Redis Client Error Socket closed unexpectedly
2025-11-30 16:35:40:3540 [Worker 24860] error: [REDISCLIENT] Worker 24860: Redis Client Error Socket closed unexpectedly
2025-11-30 16:35:40:3540 [Worker 23752] error: [REDISCLIENT] Worker 23752: Redis Client Error Socket closed unexpectedly
2025-11-30 16:35:40:3540 [Worker 23752] error: [REDISCLIENT] Worker 23752: Redis Client Error Socket closed unexpectedly
2025-11-30 16:35:40:3540 [Worker 24860] error: [REDISCLIENT] Worker 24860: Redis Client Error Socket closed unexpectedly
2025-11-30 16:35:40:3540 [Worker 12240] error: [REDISSUBSCRIBER] Worker 12240: Redis Subscriber Error Socket closed unexpectedly
2025-11-30 16:35:40:3540 [Worker 18976] error: [REDISSUBSCRIBER] Worker 18976: Redis Subscriber Error Socket closed unexpectedly
2025-11-30 16:35:40:3540 [Worker 12240] error: [REDISSUBSCRIBER] Worker 12240: Redis Subscriber Error Socket closed unexpectedly
2025-11-30 16:35:40:3540 [Worker 18976] error: [REDISSUBSCRIBER] Worker 18976: Redis Subscriber Error Socket closed unexpectedly
2025-11-30 16:35:40:3540 [Worker 16448] error: [REDISCLIENT] Worker 16448: Redis Client Error Socket closed unexpectedly
2025-11-30 16:35:40:3540 [Worker 16448] error: [REDISCLIENT] Worker 16448: Redis Client Error Socket closed unexpectedly
2025-11-30 16:35:40:3540 [Worker 24756] error: [REDISCLIENT] Worker 24756: Redis Client Error Socket closed unexpectedly
2025-11-30 16:35:40:3540 [Worker 24756] error: [REDISCLIENT] Worker 24756: Redis Client Error Socket closed unexpectedly
2025-11-30 16:35:40:3540 [Worker 23504] error: [REDISCLIENT] Worker 23504: Redis Client Error Socket closed unexpectedly
2025-11-30 16:35:40:3540 [Worker 22152] error: [REDISCLIENT] Worker 22152: Redis Client Error Socket closed unexpectedly
2025-11-30 16:35:40:3540 [Worker 23504] error: [REDISCLIENT] Worker 23504: Redis Client Error Socket closed unexpectedly
2025-11-30 16:35:40:3540 [Worker 24756] error: [REDISSUBSCRIBER] Worker 24756: Redis Subscriber Error Socket closed unexpectedly
2025-11-30 16:35:40:3540 [Worker 24756] error: [REDISSUBSCRIBER] Worker 24756: Redis Subscriber Error Socket closed unexpectedly
2025-11-30 16:35:40:3540 [Worker 22152] error: [REDISCLIENT] Worker 22152: Redis Client Error Socket closed unexpectedly
2025-11-30 16:35:40:3540 [Worker 13192] error: [REDISCLIENT] Worker 13192: Redis Client Error Socket closed unexpectedly
2025-11-30 16:35:40:3540 [Worker 13192] error: [REDISCLIENT] Worker 13192: Redis Client Error Socket closed unexpectedly
2025-11-30 16:35:40:3540 [Worker 22152] error: [REDISSUBSCRIBER] Worker 22152: Redis Subscriber Error Socket closed unexpectedly
2025-11-30 16:35:40:3540 [Worker 22152] error: [REDISSUBSCRIBER] Worker 22152: Redis Subscriber Error Socket closed unexpectedly
2025-11-30 16:35:40:3540 [Worker 24096] error: [REDISCLIENT] Worker 24096: Redis Client Error Socket closed unexpectedly
2025-11-30 16:35:40:3540 [Worker 23504] error: [REDISSUBSCRIBER] Worker 23504: Redis Subscriber Error Socket closed unexpectedly
2025-11-30 16:35:40:3540 [Worker 24860] error: [REDISSUBSCRIBER] Worker 24860: Redis Subscriber Error Socket closed unexpectedly
2025-11-30 16:35:40:3540 [Worker 24096] error: [REDISCLIENT] Worker 24096: Redis Client Error Socket closed unexpectedly
2025-11-30 16:35:40:3540 [Worker 23504] error: [REDISSUBSCRIBER] Worker 23504: Redis Subscriber Error Socket closed unexpectedly
2025-11-30 16:35:40:3540 [Worker 24860] error: [REDISSUBSCRIBER] Worker 24860: Redis Subscriber Error Socket closed unexpectedly
2025-11-30 16:35:40:3540 [Worker 16448] error: [REDISSUBSCRIBER] Worker 16448: Redis Subscriber Error Socket closed unexpectedly
2025-11-30 16:35:40:3540 [Worker 19536] error: [REDISSUBSCRIBER] Worker 19536: Redis Subscriber Error Socket closed unexpectedly
2025-11-30 16:35:40:3540 [Worker 16448] error: [REDISSUBSCRIBER] Worker 16448: Redis Subscriber Error Socket closed unexpectedly
2025-11-30 16:35:40:3540 [Worker 19536] error: [REDISSUBSCRIBER] Worker 19536: Redis Subscriber Error Socket closed unexpectedly
2025-11-30 16:35:40:3540 [Worker 4568] error: [REDISSUBSCRIBER] Worker 4568: Redis Subscriber Error Socket closed unexpectedly
2025-11-30 16:35:40:3540 [Worker 4568] error: [REDISSUBSCRIBER] Worker 4568: Redis Subscriber Error Socket closed unexpectedly
2025-11-30 16:35:40:3540 [Worker 19536] error: [REDISCLIENT] Worker 19536: Redis Client Error Socket closed unexpectedly
2025-11-30 16:35:40:3540 [Worker 19536] error: [REDISCLIENT] Worker 19536: Redis Client Error Socket closed unexpectedly
2025-11-30 16:35:40:3540 [Worker 4568] error: [REDISCLIENT] Worker 4568: Redis Client Error Socket closed unexpectedly
2025-11-30 16:35:40:3540 [Worker 4568] error: [REDISCLIENT] Worker 4568: Redis Client Error Socket closed unexpectedly
2025-11-30 16:35:40:3540 [Worker 22152] error: [REDISSUBSCRIBER] Worker 22152: Redis Subscriber Error Socket closed unexpectedly
2025-11-30 16:35:40:3540 [Worker 22152] error: [REDISSUBSCRIBER] Worker 22152: Redis Subscriber Error Socket closed unexpectedly
2025-11-30 16:35:40:3540 [Worker 16448] error: [REDISSUBSCRIBER] Worker 16448: Redis Subscriber Error Socket closed unexpectedly
2025-11-30 16:35:40:3540 [Worker 13192] error: [REDISSUBSCRIBER] Worker 13192: Redis Subscriber Error Socket closed unexpectedly
2025-11-30 16:35:40:3540 [Worker 16448] error: [REDISSUBSCRIBER] Worker 16448: Redis Subscriber Error Socket closed unexpectedly
2025-11-30 16:35:40:3540 [Worker 13192] error: [REDISSUBSCRIBER] Worker 13192: Redis Subscriber Error Socket closed unexpectedly
2025-11-30 16:35:40:3540 [Worker 13192] error: [REDISCLIENT] Worker 13192: Redis Client Error Socket closed unexpectedly
2025-11-30 16:35:40:3540 [Worker 13192] error: [REDISCLIENT] Worker 13192: Redis Client Error Socket closed unexpectedly
2025-11-30 16:35:40:3540 [Worker 23504] error: [REDISCLIENT] Worker 23504: Redis Client Error Socket closed unexpectedly
2025-11-30 16:35:40:3540 [Worker 23504] error: [REDISCLIENT] Worker 23504: Redis Client Error Socket closed unexpectedly
2025-11-30 16:35:40:3540 [Worker 24096] error: [REDISSUBSCRIBER] Worker 24096: Redis Subscriber Error Socket closed unexpectedly
2025-11-30 16:35:40:3540 [Worker 18976] error: [REDISSUBSCRIBER] Worker 18976: Redis Subscriber Error Socket closed unexpectedly
2025-11-30 16:35:40:3540 [Worker 24096] error: [REDISSUBSCRIBER] Worker 24096: Redis Subscriber Error Socket closed unexpectedly
2025-11-30 16:35:40:3540 [Worker 23752] error: [REDISCLIENT] Worker 23752: Redis Client Error Socket closed unexpectedly
2025-11-30 16:35:40:3540 [Worker 18976] error: [REDISSUBSCRIBER] Worker 18976: Redis Subscriber Error Socket closed unexpectedly
2025-11-30 16:35:40:3540 [Worker 23752] error: [REDISCLIENT] Worker 23752: Redis Client Error Socket closed unexpectedly
2025-11-30 16:35:40:3540 [Worker 19536] error: [REDISSUBSCRIBER] Worker 19536: Redis Subscriber Error Socket closed unexpectedly
2025-11-30 16:35:40:3540 [Worker 12240] error: [REDISSUBSCRIBER] Worker 12240: Redis Subscriber Error Socket closed unexpectedly
2025-11-30 16:35:40:3540 [Worker 23504] error: [REDISSUBSCRIBER] Worker 23504: Redis Subscriber Error Socket closed unexpectedly
2025-11-30 16:35:40:3540 [Worker 18976] error: [REDISCLIENT] Worker 18976: Redis Client Error Socket closed unexpectedly
2025-11-30 16:35:40:3540 [Worker 12240] error: [REDISSUBSCRIBER] Worker 12240: Redis Subscriber Error Socket closed unexpectedly
2025-11-30 16:35:40:3540 [Worker 24096] error: [REDISCLIENT] Worker 24096: Redis Client Error Socket closed unexpectedly
2025-11-30 16:35:40:3540 [Worker 16448] error: [REDISCLIENT] Worker 16448: Redis Client Error Socket closed unexpectedly
2025-11-30 16:35:40:3540 [Worker 24860] error: [REDISSUBSCRIBER] Worker 24860: Redis Subscriber Error Socket closed unexpectedly
2025-11-30 16:35:40:3540 [Worker 24756] error: [REDISSUBSCRIBER] Worker 24756: Redis Subscriber Error Socket closed unexpectedly
2025-11-30 16:35:40:3540 [Worker 23752] error: [REDISSUBSCRIBER] Worker 23752: Redis Subscriber Error Socket closed unexpectedly
2025-11-30 16:35:40:3540 [Worker 22152] error: [REDISSUBSCRIBER] Worker 22152: Redis Subscriber Error Socket closed unexpectedly
2025-11-30 16:35:40:3540 [Worker 4568] error: [REDISSUBSCRIBER] Worker 4568: Redis Subscriber Error Socket closed unexpectedly
2025-11-30 16:35:40:3540 [Worker 24860] error: [REDISSUBSCRIBER] Worker 24860: Redis Subscriber Error Socket closed unexpectedly
2025-11-30 16:35:40:3540 [Worker 24756] error: [REDISSUBSCRIBER] Worker 24756: Redis Subscriber Error Socket closed unexpectedly
2025-11-30 16:35:40:3540 [Worker 19536] error: [REDISSUBSCRIBER] Worker 19536: Redis Subscriber Error Socket closed unexpectedly
2025-11-30 16:35:40:3540 [Worker 16448] error: [REDISCLIENT] Worker 16448: Redis Client Error Socket closed unexpectedly
2025-11-30 16:35:40:3540 [Worker 18976] error: [REDISCLIENT] Worker 18976: Redis Client Error Socket closed unexpectedly
2025-11-30 16:35:40:3540 [Worker 23752] error: [REDISSUBSCRIBER] Worker 23752: Redis Subscriber Error Socket closed unexpectedly
2025-11-30 16:35:40:3540 [Worker 12240] error: [REDISCLIENT] Worker 12240: Redis Client Error Socket closed unexpectedly
2025-11-30 16:35:40:3540 [Worker 12240] error: [REDISCLIENT] Worker 12240: Redis Client Error Socket closed unexpectedly
2025-11-30 16:35:40:3540 [Worker 24096] error: [REDISCLIENT] Worker 24096: Redis Client Error Socket closed unexpectedly
2025-11-30 16:35:40:3540 [Worker 22152] error: [REDISSUBSCRIBER] Worker 22152: Redis Subscriber Error Socket closed unexpectedly
2025-11-30 16:35:40:3540 [Worker 23504] error: [REDISSUBSCRIBER] Worker 23504: Redis Subscriber Error Socket closed unexpectedly
2025-11-30 16:35:40:3540 [Worker 24860] error: [REDISCLIENT] Worker 24860: Redis Client Error Socket closed unexpectedly
2025-11-30 16:35:40:3540 [Worker 24860] error: [REDISCLIENT] Worker 24860: Redis Client Error Socket closed unexpectedly
2025-11-30 16:35:40:3540 [Worker 19536] error: [REDISCLIENT] Worker 19536: Redis Client Error Socket closed unexpectedly
2025-11-30 16:35:40:3540 [Worker 19536] error: [REDISCLIENT] Worker 19536: Redis Client Error Socket closed unexpectedly
2025-11-30 16:35:40:3540 [Worker 23752] error: [REDISCLIENT] Worker 23752: Redis Client Error Socket closed unexpectedly
2025-11-30 16:35:40:3540 [Worker 23752] error: [REDISCLIENT] Worker 23752: Redis Client Error Socket closed unexpectedly
2025-11-30 16:35:40:3540 [Worker 23504] error: [REDISCLIENT] Worker 23504: Redis Client Error Socket closed unexpectedly
2025-11-30 16:35:40:3540 [Worker 23504] error: [REDISCLIENT] Worker 23504: Redis Client Error Socket closed unexpectedly
2025-11-30 16:35:40:3540 [Worker 22152] error: [REDISCLIENT] Worker 22152: Redis Client Error Socket closed unexpectedly
2025-11-30 16:35:40:3540 [Worker 22152] error: [REDISCLIENT] Worker 22152: Redis Client Error Socket closed unexpectedly
2025-11-30 16:35:40:3540 [Worker 4568] error: [REDISSUBSCRIBER] Worker 4568: Redis Subscriber Error Socket closed unexpectedly
2025-11-30 16:35:40:3540 [Worker 4568] error: [REDISCLIENT] Worker 4568: Redis Client Error Socket closed unexpectedly
2025-11-30 16:35:40:3540 [Worker 4568] error: [REDISCLIENT] Worker 4568: Redis Client Error Socket closed unexpectedly
2025-11-30 16:35:40:3540 [Worker 13192] error: [REDISSUBSCRIBER] Worker 13192: Redis Subscriber Error Socket closed unexpectedly
2025-11-30 16:35:40:3540 [Worker 13192] error: [REDISSUBSCRIBER] Worker 13192: Redis Subscriber Error Socket closed unexpectedly
2025-11-30 16:35:40:3540 [Worker 18976] error: [REDISSUBSCRIBER] Worker 18976: Redis Subscriber Error Socket closed unexpectedly
2025-11-30 16:35:40:3540 [Worker 18976] error: [REDISSUBSCRIBER] Worker 18976: Redis Subscriber Error Socket closed unexpectedly
2025-11-30 16:35:40:3540 [Worker 16448] error: [REDISSUBSCRIBER] Worker 16448: Redis Subscriber Error Socket closed unexpectedly
2025-11-30 16:35:40:3540 [Worker 16448] error: [REDISSUBSCRIBER] Worker 16448: Redis Subscriber Error Socket closed unexpectedly
2025-11-30 16:35:40:3540 [Worker 13192] error: [REDISCLIENT] Worker 13192: Redis Client Error Socket closed unexpectedly
2025-11-30 16:35:40:3540 [Worker 13192] error: [REDISCLIENT] Worker 13192: Redis Client Error Socket closed unexpectedly
2025-11-30 16:35:40:3540 [Worker 24096] error: [REDISSUBSCRIBER] Worker 24096: Redis Subscriber Error Socket closed unexpectedly
2025-11-30 16:35:40:3540 [Worker 24096] error: [REDISSUBSCRIBER] Worker 24096: Redis Subscriber Error Socket closed unexpectedly
2025-11-30 16:35:40:3540 [Worker 24756] error: [REDISSUBSCRIBER] Worker 24756: Redis Subscriber Error Socket closed unexpectedly
2025-11-30 16:35:40:3540 [Worker 24860] error: [REDISSUBSCRIBER] Worker 24860: Redis Subscriber Error Socket closed unexpectedly
2025-11-30 16:35:40:3540 [Worker 18976] error: [REDISCLIENT] Worker 18976: Redis Client Error Socket closed unexpectedly
2025-11-30 16:35:40:3540 [Worker 24756] error: [REDISSUBSCRIBER] Worker 24756: Redis Subscriber Error Socket closed unexpectedly
2025-11-30 16:35:40:3540 [Worker 18976] error: [REDISCLIENT] Worker 18976: Redis Client Error Socket closed unexpectedly
2025-11-30 16:35:40:3540 [Worker 24860] error: [REDISSUBSCRIBER] Worker 24860: Redis Subscriber Error Socket closed unexpectedly
2025-11-30 16:35:40:3540 [Worker 16448] error: [REDISCLIENT] Worker 16448: Redis Client Error Socket closed unexpectedly
2025-11-30 16:35:40:3540 [Worker 24096] error: [REDISCLIENT] Worker 24096: Redis Client Error Socket closed unexpectedly
2025-11-30 16:35:40:3540 [Worker 16448] error: [REDISCLIENT] Worker 16448: Redis Client Error Socket closed unexpectedly
2025-11-30 16:35:40:3540 [Worker 24096] error: [REDISCLIENT] Worker 24096: Redis Client Error Socket closed unexpectedly
2025-11-30 16:35:40:3540 [Worker 23504] error: [REDISSUBSCRIBER] Worker 23504: Redis Subscriber Error Socket closed unexpectedly
2025-11-30 16:35:40:3540 [Worker 4568] error: [REDISSUBSCRIBER] Worker 4568: Redis Subscriber Error Socket closed unexpectedly
2025-11-30 16:35:40:3540 [Worker 23504] error: [REDISSUBSCRIBER] Worker 23504: Redis Subscriber Error Socket closed unexpectedly
2025-11-30 16:35:40:3540 [Worker 4568] error: [REDISSUBSCRIBER] Worker 4568: Redis Subscriber Error Socket closed unexpectedly
2025-11-30 16:35:40:3540 [Worker 12240] error: [REDISSUBSCRIBER] Worker 12240: Redis Subscriber Error Socket closed unexpectedly
2025-11-30 16:35:40:3540 [Worker 12240] error: [REDISSUBSCRIBER] Worker 12240: Redis Subscriber Error Socket closed unexpectedly
2025-11-30 16:35:40:3540 [Worker 22152] error: [REDISSUBSCRIBER] Worker 22152: Redis Subscriber Error Socket closed unexpectedly
2025-11-30 16:35:40:3540 [Worker 22152] error: [REDISSUBSCRIBER] Worker 22152: Redis Subscriber Error Socket closed unexpectedly
2025-11-30 16:35:40:3540 [Worker 12240] error: [REDISCLIENT] Worker 12240: Redis Client Error Socket closed unexpectedly
2025-11-30 16:35:40:3540 [Worker 23752] error: [REDISSUBSCRIBER] Worker 23752: Redis Subscriber Error Socket closed unexpectedly
2025-11-30 16:35:40:3540 [Worker 12240] error: [REDISCLIENT] Worker 12240: Redis Client Error Socket closed unexpectedly
2025-11-30 16:35:40:3540 [Worker 23752] error: [REDISSUBSCRIBER] Worker 23752: Redis Subscriber Error Socket closed unexpectedly
2025-11-30 16:35:40:3540 [Worker 4568] error: [REDISCLIENT] Worker 4568: Redis Client Error Socket closed unexpectedly
2025-11-30 16:35:40:3540 [Worker 4568] error: [REDISCLIENT] Worker 4568: Redis Client Error Socket closed unexpectedly
2025-11-30 16:35:40:3540 [Worker 19536] error: [REDISSUBSCRIBER] Worker 19536: Redis Subscriber Error Socket closed unexpectedly
2025-11-30 16:35:40:3540 [Worker 24860] error: [REDISCLIENT] Worker 24860: Redis Client Error Socket closed unexpectedly
2025-11-30 16:35:40:3540 [Worker 19536] error: [REDISSUBSCRIBER] Worker 19536: Redis Subscriber Error Socket closed unexpectedly
2025-11-30 16:35:40:3540 [Worker 24860] error: [REDISCLIENT] Worker 24860: Redis Client Error Socket closed unexpectedly
2025-11-30 16:35:40:3540 [Worker 22152] error: [REDISCLIENT] Worker 22152: Redis Client Error Socket closed unexpectedly
2025-11-30 16:35:40:3540 [Worker 13192] error: [REDISSUBSCRIBER] Worker 13192: Redis Subscriber Error Socket closed unexpectedly
2025-11-30 16:35:40:3540 [Worker 16448] error: [REDISSUBSCRIBER] Worker 16448: Redis Subscriber Error Socket closed unexpectedly
2025-11-30 16:35:40:3540 [Worker 22152] error: [REDISCLIENT] Worker 22152: Redis Client Error Socket closed unexpectedly
2025-11-30 16:35:40:3540 [Worker 13192] error: [REDISSUBSCRIBER] Worker 13192: Redis Subscriber Error Socket closed unexpectedly
2025-11-30 16:35:40:3540 [Worker 16448] error: [REDISSUBSCRIBER] Worker 16448: Redis Subscriber Error Socket closed unexpectedly
2025-11-30 16:35:40:3540 [Worker 19536] error: [REDISCLIENT] Worker 19536: Redis Client Error Socket closed unexpectedly
2025-11-30 16:35:40:3540 [Worker 23504] error: [REDISCLIENT] Worker 23504: Redis Client Error Socket closed unexpectedly
2025-11-30 16:35:40:3540 [Worker 19536] error: [REDISCLIENT] Worker 19536: Redis Client Error Socket closed unexpectedly
2025-11-30 16:35:40:3540 [Worker 23504] error: [REDISCLIENT] Worker 23504: Redis Client Error Socket closed unexpectedly
2025-11-30 16:35:40:3540 [Worker 18976] error: [REDISSUBSCRIBER] Worker 18976: Redis Subscriber Error Socket closed unexpectedly
2025-11-30 16:35:40:3540 [Worker 18976] error: [REDISSUBSCRIBER] Worker 18976: Redis Subscriber Error Socket closed unexpectedly
2025-11-30 16:35:40:3540 [Worker 23752] error: [REDISCLIENT] Worker 23752: Redis Client Error Socket closed unexpectedly
2025-11-30 16:35:40:3540 [Worker 23752] error: [REDISCLIENT] Worker 23752: Redis Client Error Socket closed unexpectedly
2025-11-30 16:35:40:3540 [Worker 4568] error: [REDISSUBSCRIBER] Worker 4568: Redis Subscriber Error Socket closed unexpectedly
2025-11-30 16:35:40:3540 [Worker 23504] error: [REDISSUBSCRIBER] Worker 23504: Redis Subscriber Error Socket closed unexpectedly
2025-11-30 16:35:40:3540 [Worker 4568] error: [REDISSUBSCRIBER] Worker 4568: Redis Subscriber Error Socket closed unexpectedly
2025-11-30 16:35:40:3540 [Worker 23504] error: [REDISSUBSCRIBER] Worker 23504: Redis Subscriber Error Socket closed unexpectedly
2025-11-30 16:35:40:3540 [Worker 13192] error: [REDISCLIENT] Worker 13192: Redis Client Error Socket closed unexpectedly
2025-11-30 16:35:40:3540 [Worker 13192] error: [REDISCLIENT] Worker 13192: Redis Client Error Socket closed unexpectedly
2025-11-30 16:35:40:3540 [Worker 24096] error: [REDISSUBSCRIBER] Worker 24096: Redis Subscriber Error Socket closed unexpectedly
2025-11-30 16:35:40:3540 [Worker 24096] error: [REDISSUBSCRIBER] Worker 24096: Redis Subscriber Error Socket closed unexpectedly
2025-11-30 16:35:40:3540 [Worker 16448] error: [REDISCLIENT] Worker 16448: Redis Client Error Socket closed unexpectedly
2025-11-30 16:35:40:3540 [Worker 24756] error: [REDISSUBSCRIBER] Worker 24756: Redis Subscriber Error Socket closed unexpectedly
2025-11-30 16:35:40:3540 [Worker 16448] error: [REDISCLIENT] Worker 16448: Redis Client Error Socket closed unexpectedly
2025-11-30 16:35:40:3540 [Worker 24756] error: [REDISSUBSCRIBER] Worker 24756: Redis Subscriber Error Socket closed unexpectedly
2025-11-30 16:35:44:3544 [Worker 25280] warn: Master process received SIGINT. Instructing all workers to shut down gracefully.
2025-11-30 16:35:44:3544 [Worker 25280] warn: Worker 18976 exited during shutdown process.
2025-11-30 16:35:44:3544 [Worker 25280] warn: Worker 22152 exited during shutdown process.
2025-11-30 16:35:44:3544 [Worker 25280] warn: Worker 4568 exited during shutdown process.
2025-11-30 16:35:44:3544 [Worker 25280] warn: Worker 19536 exited during shutdown process.
2025-11-30 16:35:44:3544 [Worker 25280] warn: Worker 24860 exited during shutdown process.
2025-11-30 16:35:44:3544 [Worker 25280] warn: Worker 23504 exited during shutdown process.
2025-11-30 16:35:44:3544 [Worker 25280] warn: Worker 24756 exited during shutdown process.
2025-11-30 16:35:44:3544 [Worker 25280] warn: Worker 12240 exited during shutdown process.
2025-11-30 16:35:44:3544 [Worker 25280] warn: Worker 16448 exited during shutdown process.
2025-11-30 16:35:44:3544 [Worker 25280] warn: Worker 23752 exited during shutdown process.
2025-11-30 16:35:44:3544 [Worker 25280] warn: Worker 24096 exited during shutdown process.
2025-11-30 16:35:44:3544 [Worker 25280] warn: Worker 13192 exited during shutdown process.
