2025-12-04 09:25:59:2559 [Worker 22596] info: [ECS:EnergyRegenSystem] Initialized.
2025-12-04 09:25:59:2559 [Worker 22596] info: [ECS:ShieldRegenSystem] Initialized.
2025-12-04 09:25:59:2559 [Worker 22596] info: [LootIdManager] Initialized with 39 static items and pre-built dictionary.
2025-12-04 09:25:59:2559 [Worker 22596] info: [ECS:GeometryUpdateSystem] Initialized.
2025-12-04 09:25:59:2559 [Worker 22596] info: [ECS:CleanupSystem] Initialized. (Now simplified)
2025-12-04 09:25:59:2559 [Worker 22596] info: [ECS:PlayerWeaponSwitchSystem] Initialized.
2025-12-04 09:25:59:2559 [Worker 22596] info: [ECS:EnemySpawnRequestSystem] Initialized.
2025-12-04 09:25:59:2559 [Worker 22596] info: [ECS:BehaviorSystemV2] Initialized.
2025-12-04 09:25:59:2559 [Worker 22596] info: [ECS:CombatAISystem] Initialized.
2025-12-04 09:25:59:2559 [Worker 22596] info: [ECS:WeaponSwitchSystem] Initialized.
2025-12-04 09:25:59:2559 [Worker 22596] info: [ECS:StatusEffectSystem] Initialized.
2025-12-04 09:25:59:2559 [Worker 22596] info: [ECS:WeaponSystem] Initialized.
2025-12-04 09:25:59:2559 [Worker 22596] info: [ECS:MovementSystem] Initialized.
2025-12-04 09:25:59:2559 [Worker 22596] info: [ECS:EntitySimulationSystem] Initialized as the main simulation orchestrator.
2025-12-04 09:25:59:2559 [Worker 22596] info: [ECS:PlayerBoundarySystem] Initialized.
2025-12-04 09:25:59:2559 [Worker 22596] info: [ECS:BoundarySystem] Initialized.
2025-12-04 09:25:59:2559 [Worker 22596] info: [ECS:DestructionEventSystem] Initialized as the main destruction controller.
2025-12-04 09:25:59:2559 [Worker 22596] info: [ECS:CollisionDetectionSystem] Initialized. (Now unified)
2025-12-04 09:25:59:2559 [Worker 22596] info: [ECS:CollisionResolutionSystem] Initialized.
2025-12-04 09:25:59:2559 [Worker 22596] info: [ECS:HitValidationSystem] Initialized.
2025-12-04 09:25:59:2559 [Worker 22596] info: [ECS:HistorySystem] Initialized.
2025-12-04 09:25:59:2559 [Worker 22596] info: [ECS:BuffLifecycleSystem] Initialized.
2025-12-04 09:25:59:2559 [Worker 22596] info: [ECS:StatRecalculationSystem] Initialized.
2025-12-04 09:25:59:2559 [Worker 22596] info: [ECS:OnKillEffectSystem] Initialized.
2025-12-04 09:25:59:2559 [Worker 22596] info: [ECS:LootDropSystem] Initialized.
2025-12-04 09:25:59:2559 [Worker 22596] info: [ECS:SpawnSystem] Initialized.
2025-12-04 09:25:59:2559 [Worker 22596] info: [ECS:LifetimeSystem] Initialized.
2025-12-04 09:25:59:2559 [Worker 22596] info: [ECS:OffscreenCleanupSystem] Initialized.
2025-12-04 09:25:59:2559 [Worker 22596] info: Master process 22596 is running
2025-12-04 09:26:00:260 [Worker 23860] info: [ECS:EnergyRegenSystem] Initialized.
2025-12-04 09:26:00:260 [Worker 23860] info: [ECS:ShieldRegenSystem] Initialized.
2025-12-04 09:26:00:260 [Worker 23860] info: [LootIdManager] Initialized with 39 static items and pre-built dictionary.
2025-12-04 09:26:00:260 [Worker 23860] info: [ECS:GeometryUpdateSystem] Initialized.
2025-12-04 09:26:00:260 [Worker 23860] info: [ECS:CleanupSystem] Initialized. (Now simplified)
2025-12-04 09:26:00:260 [Worker 23860] info: [ECS:PlayerWeaponSwitchSystem] Initialized.
2025-12-04 09:26:00:260 [Worker 23860] info: [ECS:EnemySpawnRequestSystem] Initialized.
2025-12-04 09:26:00:260 [Worker 23860] info: [ECS:BehaviorSystemV2] Initialized.
2025-12-04 09:26:00:260 [Worker 23860] info: [ECS:CombatAISystem] Initialized.
2025-12-04 09:26:00:260 [Worker 23860] info: [ECS:WeaponSwitchSystem] Initialized.
2025-12-04 09:26:00:260 [Worker 23860] info: [ECS:StatusEffectSystem] Initialized.
2025-12-04 09:26:00:260 [Worker 23860] info: [ECS:WeaponSystem] Initialized.
2025-12-04 09:26:00:260 [Worker 23860] info: [ECS:MovementSystem] Initialized.
2025-12-04 09:26:00:260 [Worker 23860] info: [ECS:EntitySimulationSystem] Initialized as the main simulation orchestrator.
2025-12-04 09:26:00:260 [Worker 23860] info: [ECS:PlayerBoundarySystem] Initialized.
2025-12-04 09:26:00:260 [Worker 23860] info: [ECS:BoundarySystem] Initialized.
2025-12-04 09:26:00:260 [Worker 23860] info: [ECS:DestructionEventSystem] Initialized as the main destruction controller.
2025-12-04 09:26:00:260 [Worker 23860] info: [ECS:CollisionDetectionSystem] Initialized. (Now unified)
2025-12-04 09:26:00:260 [Worker 23860] info: [ECS:CollisionResolutionSystem] Initialized.
2025-12-04 09:26:00:260 [Worker 23860] info: [ECS:HitValidationSystem] Initialized.
2025-12-04 09:26:00:260 [Worker 23860] info: [ECS:HistorySystem] Initialized.
2025-12-04 09:26:00:260 [Worker 23860] info: [ECS:BuffLifecycleSystem] Initialized.
2025-12-04 09:26:00:260 [Worker 23860] info: [ECS:StatRecalculationSystem] Initialized.
2025-12-04 09:26:00:260 [Worker 23860] info: [ECS:OnKillEffectSystem] Initialized.
2025-12-04 09:26:00:260 [Worker 23860] info: [ECS:LootDropSystem] Initialized.
2025-12-04 09:26:00:260 [Worker 23860] info: [ECS:SpawnSystem] Initialized.
2025-12-04 09:26:00:260 [Worker 23860] info: [ECS:LifetimeSystem] Initialized.
2025-12-04 09:26:00:260 [Worker 23860] info: [ECS:OffscreenCleanupSystem] Initialized.
2025-12-04 09:26:01:261 [Worker 23860] info: [DBMANAGER] Worker 23860: Connected to dbServer
2025-12-04 09:26:01:261 [Worker 23860] info: [DBMANAGER] Worker 23860: Identifying with unique ID: gameserver-Hddkwe35fsvk_worker_23860
2025-12-04 09:26:01:261 [Worker 23860] info: [DBMANAGER] Worker 23860: Successfully identified with dbServer as gameserver-Hddkwe35fsvk_worker_23860
2025-12-04 09:26:01:261 [Worker 23860] info: [WeaponMechanicsStore] Weapon mechanics catalog received and cache has been built.
2025-12-04 09:26:01:261 [Worker 23860] info: [REDISCLIENT] Worker 23860: Successfully connected to Redis.
2025-12-04 09:26:01:261 [Worker 23860] info: [GracefulShutdown] Обработчики для воркера 23860 инициализированы и ожидают команды от мастера.
2025-12-04 09:26:01:261 [Worker 23860] info: Worker 23860 started. WebSocket server running on port 3002
2025-12-04 09:26:01:261 [Worker 23860] info: [REDISSUBSCRIBER] Worker 23860: Subscribed to 'session-events' and 'session_control_events' channels.
2025-12-04 09:26:02:262 [Worker 24332] info: [ECS:EnergyRegenSystem] Initialized.
2025-12-04 09:26:02:262 [Worker 24332] info: [ECS:ShieldRegenSystem] Initialized.
2025-12-04 09:26:02:262 [Worker 24332] info: [LootIdManager] Initialized with 39 static items and pre-built dictionary.
2025-12-04 09:26:02:262 [Worker 24332] info: [ECS:GeometryUpdateSystem] Initialized.
2025-12-04 09:26:02:262 [Worker 24332] info: [ECS:CleanupSystem] Initialized. (Now simplified)
2025-12-04 09:26:02:262 [Worker 24332] info: [ECS:PlayerWeaponSwitchSystem] Initialized.
2025-12-04 09:26:02:262 [Worker 24332] info: [ECS:EnemySpawnRequestSystem] Initialized.
2025-12-04 09:26:02:262 [Worker 24332] info: [ECS:BehaviorSystemV2] Initialized.
2025-12-04 09:26:02:262 [Worker 24332] info: [ECS:CombatAISystem] Initialized.
2025-12-04 09:26:02:262 [Worker 24332] info: [ECS:WeaponSwitchSystem] Initialized.
2025-12-04 09:26:02:262 [Worker 24332] info: [ECS:StatusEffectSystem] Initialized.
2025-12-04 09:26:02:262 [Worker 24332] info: [ECS:WeaponSystem] Initialized.
2025-12-04 09:26:02:262 [Worker 24332] info: [ECS:MovementSystem] Initialized.
2025-12-04 09:26:02:262 [Worker 24332] info: [ECS:EntitySimulationSystem] Initialized as the main simulation orchestrator.
2025-12-04 09:26:02:262 [Worker 24332] info: [ECS:PlayerBoundarySystem] Initialized.
2025-12-04 09:26:02:262 [Worker 24332] info: [ECS:BoundarySystem] Initialized.
2025-12-04 09:26:02:262 [Worker 24332] info: [ECS:DestructionEventSystem] Initialized as the main destruction controller.
2025-12-04 09:26:02:262 [Worker 24332] info: [ECS:CollisionDetectionSystem] Initialized. (Now unified)
2025-12-04 09:26:02:262 [Worker 24332] info: [ECS:CollisionResolutionSystem] Initialized.
2025-12-04 09:26:02:262 [Worker 24332] info: [ECS:HitValidationSystem] Initialized.
2025-12-04 09:26:02:262 [Worker 24332] info: [ECS:HistorySystem] Initialized.
2025-12-04 09:26:02:262 [Worker 24332] info: [ECS:BuffLifecycleSystem] Initialized.
2025-12-04 09:26:02:262 [Worker 24332] info: [ECS:StatRecalculationSystem] Initialized.
2025-12-04 09:26:02:262 [Worker 24332] info: [ECS:OnKillEffectSystem] Initialized.
2025-12-04 09:26:02:262 [Worker 24332] info: [ECS:LootDropSystem] Initialized.
2025-12-04 09:26:02:262 [Worker 24332] info: [ECS:SpawnSystem] Initialized.
2025-12-04 09:26:02:262 [Worker 24332] info: [ECS:LifetimeSystem] Initialized.
2025-12-04 09:26:02:262 [Worker 24332] info: [ECS:OffscreenCleanupSystem] Initialized.
2025-12-04 09:26:03:263 [Worker 24332] info: [DBMANAGER] Worker 24332: Connected to dbServer
2025-12-04 09:26:03:263 [Worker 24332] info: [DBMANAGER] Worker 24332: Identifying with unique ID: gameserver-Hddkwe35fsvk_worker_24332
2025-12-04 09:26:03:263 [Worker 24332] info: [DBMANAGER] Worker 24332: Successfully identified with dbServer as gameserver-Hddkwe35fsvk_worker_24332
2025-12-04 09:26:03:263 [Worker 24332] info: [WeaponMechanicsStore] Weapon mechanics catalog received and cache has been built.
2025-12-04 09:26:03:263 [Worker 24332] info: [REDISCLIENT] Worker 24332: Successfully connected to Redis.
2025-12-04 09:26:03:263 [Worker 24332] info: [GracefulShutdown] Обработчики для воркера 24332 инициализированы и ожидают команды от мастера.
2025-12-04 09:26:03:263 [Worker 24332] info: Worker 24332 started. WebSocket server running on port 3002
2025-12-04 09:26:03:263 [Worker 24332] info: [REDISSUBSCRIBER] Worker 24332: Subscribed to 'session-events' and 'session_control_events' channels.
2025-12-04 09:26:04:264 [Worker 24440] info: [ECS:EnergyRegenSystem] Initialized.
2025-12-04 09:26:04:264 [Worker 24440] info: [ECS:ShieldRegenSystem] Initialized.
2025-12-04 09:26:04:264 [Worker 24440] info: [LootIdManager] Initialized with 39 static items and pre-built dictionary.
2025-12-04 09:26:04:264 [Worker 24440] info: [ECS:GeometryUpdateSystem] Initialized.
2025-12-04 09:26:04:264 [Worker 24440] info: [ECS:CleanupSystem] Initialized. (Now simplified)
2025-12-04 09:26:04:264 [Worker 24440] info: [ECS:PlayerWeaponSwitchSystem] Initialized.
2025-12-04 09:26:04:264 [Worker 24440] info: [ECS:EnemySpawnRequestSystem] Initialized.
2025-12-04 09:26:04:264 [Worker 24440] info: [ECS:BehaviorSystemV2] Initialized.
2025-12-04 09:26:04:264 [Worker 24440] info: [ECS:CombatAISystem] Initialized.
2025-12-04 09:26:04:264 [Worker 24440] info: [ECS:WeaponSwitchSystem] Initialized.
2025-12-04 09:26:04:264 [Worker 24440] info: [ECS:StatusEffectSystem] Initialized.
2025-12-04 09:26:04:264 [Worker 24440] info: [ECS:WeaponSystem] Initialized.
2025-12-04 09:26:04:264 [Worker 24440] info: [ECS:MovementSystem] Initialized.
2025-12-04 09:26:04:264 [Worker 24440] info: [ECS:EntitySimulationSystem] Initialized as the main simulation orchestrator.
2025-12-04 09:26:04:264 [Worker 24440] info: [ECS:PlayerBoundarySystem] Initialized.
2025-12-04 09:26:04:264 [Worker 24440] info: [ECS:BoundarySystem] Initialized.
2025-12-04 09:26:04:264 [Worker 24440] info: [ECS:DestructionEventSystem] Initialized as the main destruction controller.
2025-12-04 09:26:04:264 [Worker 24440] info: [ECS:CollisionDetectionSystem] Initialized. (Now unified)
2025-12-04 09:26:04:264 [Worker 24440] info: [ECS:CollisionResolutionSystem] Initialized.
2025-12-04 09:26:04:264 [Worker 24440] info: [ECS:HitValidationSystem] Initialized.
2025-12-04 09:26:04:264 [Worker 24440] info: [ECS:HistorySystem] Initialized.
2025-12-04 09:26:04:264 [Worker 24440] info: [ECS:BuffLifecycleSystem] Initialized.
2025-12-04 09:26:04:264 [Worker 24440] info: [ECS:StatRecalculationSystem] Initialized.
2025-12-04 09:26:04:264 [Worker 24440] info: [ECS:OnKillEffectSystem] Initialized.
2025-12-04 09:26:04:264 [Worker 24440] info: [ECS:LootDropSystem] Initialized.
2025-12-04 09:26:04:264 [Worker 24440] info: [ECS:SpawnSystem] Initialized.
2025-12-04 09:26:04:264 [Worker 24440] info: [ECS:LifetimeSystem] Initialized.
2025-12-04 09:26:04:264 [Worker 24440] info: [ECS:OffscreenCleanupSystem] Initialized.
2025-12-04 09:26:05:265 [Worker 24440] info: [DBMANAGER] Worker 24440: Connected to dbServer
2025-12-04 09:26:05:265 [Worker 24440] info: [DBMANAGER] Worker 24440: Identifying with unique ID: gameserver-Hddkwe35fsvk_worker_24440
2025-12-04 09:26:05:265 [Worker 24440] info: [DBMANAGER] Worker 24440: Successfully identified with dbServer as gameserver-Hddkwe35fsvk_worker_24440
2025-12-04 09:26:05:265 [Worker 24440] info: [WeaponMechanicsStore] Weapon mechanics catalog received and cache has been built.
2025-12-04 09:26:05:265 [Worker 24440] info: [REDISCLIENT] Worker 24440: Successfully connected to Redis.
2025-12-04 09:26:05:265 [Worker 24440] info: [GracefulShutdown] Обработчики для воркера 24440 инициализированы и ожидают команды от мастера.
2025-12-04 09:26:05:265 [Worker 24440] info: Worker 24440 started. WebSocket server running on port 3002
2025-12-04 09:26:05:265 [Worker 24440] info: [REDISSUBSCRIBER] Worker 24440: Subscribed to 'session-events' and 'session_control_events' channels.
2025-12-04 09:26:06:266 [Worker 9712] info: [ECS:EnergyRegenSystem] Initialized.
2025-12-04 09:26:06:266 [Worker 9712] info: [ECS:ShieldRegenSystem] Initialized.
2025-12-04 09:26:06:266 [Worker 9712] info: [LootIdManager] Initialized with 39 static items and pre-built dictionary.
2025-12-04 09:26:06:266 [Worker 9712] info: [ECS:GeometryUpdateSystem] Initialized.
2025-12-04 09:26:06:266 [Worker 9712] info: [ECS:CleanupSystem] Initialized. (Now simplified)
2025-12-04 09:26:06:266 [Worker 9712] info: [ECS:PlayerWeaponSwitchSystem] Initialized.
2025-12-04 09:26:06:266 [Worker 9712] info: [ECS:EnemySpawnRequestSystem] Initialized.
2025-12-04 09:26:06:266 [Worker 9712] info: [ECS:BehaviorSystemV2] Initialized.
2025-12-04 09:26:06:266 [Worker 9712] info: [ECS:CombatAISystem] Initialized.
2025-12-04 09:26:06:266 [Worker 9712] info: [ECS:WeaponSwitchSystem] Initialized.
2025-12-04 09:26:06:266 [Worker 9712] info: [ECS:StatusEffectSystem] Initialized.
2025-12-04 09:26:06:266 [Worker 9712] info: [ECS:WeaponSystem] Initialized.
2025-12-04 09:26:06:266 [Worker 9712] info: [ECS:MovementSystem] Initialized.
2025-12-04 09:26:06:266 [Worker 9712] info: [ECS:EntitySimulationSystem] Initialized as the main simulation orchestrator.
2025-12-04 09:26:06:266 [Worker 9712] info: [ECS:PlayerBoundarySystem] Initialized.
2025-12-04 09:26:06:266 [Worker 9712] info: [ECS:BoundarySystem] Initialized.
2025-12-04 09:26:06:266 [Worker 9712] info: [ECS:DestructionEventSystem] Initialized as the main destruction controller.
2025-12-04 09:26:06:266 [Worker 9712] info: [ECS:CollisionDetectionSystem] Initialized. (Now unified)
2025-12-04 09:26:06:266 [Worker 9712] info: [ECS:CollisionResolutionSystem] Initialized.
2025-12-04 09:26:06:266 [Worker 9712] info: [ECS:HitValidationSystem] Initialized.
2025-12-04 09:26:06:266 [Worker 9712] info: [ECS:HistorySystem] Initialized.
2025-12-04 09:26:06:266 [Worker 9712] info: [ECS:BuffLifecycleSystem] Initialized.
2025-12-04 09:26:06:266 [Worker 9712] info: [ECS:StatRecalculationSystem] Initialized.
2025-12-04 09:26:06:266 [Worker 9712] info: [ECS:OnKillEffectSystem] Initialized.
2025-12-04 09:26:06:266 [Worker 9712] info: [ECS:LootDropSystem] Initialized.
2025-12-04 09:26:06:266 [Worker 9712] info: [ECS:SpawnSystem] Initialized.
2025-12-04 09:26:06:266 [Worker 9712] info: [ECS:LifetimeSystem] Initialized.
2025-12-04 09:26:06:266 [Worker 9712] info: [ECS:OffscreenCleanupSystem] Initialized.
2025-12-04 09:26:07:267 [Worker 9712] info: [DBMANAGER] Worker 9712: Connected to dbServer
2025-12-04 09:26:07:267 [Worker 9712] info: [DBMANAGER] Worker 9712: Identifying with unique ID: gameserver-Hddkwe35fsvk_worker_9712
2025-12-04 09:26:07:267 [Worker 9712] info: [REDISCLIENT] Worker 9712: Successfully connected to Redis.
2025-12-04 09:26:07:267 [Worker 9712] info: [GracefulShutdown] Обработчики для воркера 9712 инициализированы и ожидают команды от мастера.
2025-12-04 09:26:07:267 [Worker 9712] info: Worker 9712 started. WebSocket server running on port 3002
2025-12-04 09:26:07:267 [Worker 9712] info: [DBMANAGER] Worker 9712: Successfully identified with dbServer as gameserver-Hddkwe35fsvk_worker_9712
2025-12-04 09:26:07:267 [Worker 9712] info: [WeaponMechanicsStore] Weapon mechanics catalog received and cache has been built.
2025-12-04 09:26:07:267 [Worker 9712] info: [REDISSUBSCRIBER] Worker 9712: Subscribed to 'session-events' and 'session_control_events' channels.
2025-12-04 09:26:08:268 [Worker 24200] info: [ECS:EnergyRegenSystem] Initialized.
2025-12-04 09:26:08:268 [Worker 24200] info: [ECS:ShieldRegenSystem] Initialized.
2025-12-04 09:26:08:268 [Worker 24200] info: [LootIdManager] Initialized with 39 static items and pre-built dictionary.
2025-12-04 09:26:08:268 [Worker 24200] info: [ECS:GeometryUpdateSystem] Initialized.
2025-12-04 09:26:08:268 [Worker 24200] info: [ECS:CleanupSystem] Initialized. (Now simplified)
2025-12-04 09:26:08:268 [Worker 24200] info: [ECS:PlayerWeaponSwitchSystem] Initialized.
2025-12-04 09:26:08:268 [Worker 24200] info: [ECS:EnemySpawnRequestSystem] Initialized.
2025-12-04 09:26:08:268 [Worker 24200] info: [ECS:BehaviorSystemV2] Initialized.
2025-12-04 09:26:08:268 [Worker 24200] info: [ECS:CombatAISystem] Initialized.
2025-12-04 09:26:08:268 [Worker 24200] info: [ECS:WeaponSwitchSystem] Initialized.
2025-12-04 09:26:08:268 [Worker 24200] info: [ECS:StatusEffectSystem] Initialized.
2025-12-04 09:26:08:268 [Worker 24200] info: [ECS:WeaponSystem] Initialized.
2025-12-04 09:26:08:268 [Worker 24200] info: [ECS:MovementSystem] Initialized.
2025-12-04 09:26:08:268 [Worker 24200] info: [ECS:EntitySimulationSystem] Initialized as the main simulation orchestrator.
2025-12-04 09:26:08:268 [Worker 24200] info: [ECS:PlayerBoundarySystem] Initialized.
2025-12-04 09:26:08:268 [Worker 24200] info: [ECS:BoundarySystem] Initialized.
2025-12-04 09:26:08:268 [Worker 24200] info: [ECS:DestructionEventSystem] Initialized as the main destruction controller.
2025-12-04 09:26:08:268 [Worker 24200] info: [ECS:CollisionDetectionSystem] Initialized. (Now unified)
2025-12-04 09:26:08:268 [Worker 24200] info: [ECS:CollisionResolutionSystem] Initialized.
2025-12-04 09:26:08:268 [Worker 24200] info: [ECS:HitValidationSystem] Initialized.
2025-12-04 09:26:08:268 [Worker 24200] info: [ECS:HistorySystem] Initialized.
2025-12-04 09:26:08:268 [Worker 24200] info: [ECS:BuffLifecycleSystem] Initialized.
2025-12-04 09:26:08:268 [Worker 24200] info: [ECS:StatRecalculationSystem] Initialized.
2025-12-04 09:26:08:268 [Worker 24200] info: [ECS:OnKillEffectSystem] Initialized.
2025-12-04 09:26:08:268 [Worker 24200] info: [ECS:LootDropSystem] Initialized.
2025-12-04 09:26:08:268 [Worker 24200] info: [ECS:SpawnSystem] Initialized.
2025-12-04 09:26:08:268 [Worker 24200] info: [ECS:LifetimeSystem] Initialized.
2025-12-04 09:26:08:268 [Worker 24200] info: [ECS:OffscreenCleanupSystem] Initialized.
2025-12-04 09:26:09:269 [Worker 24200] info: [DBMANAGER] Worker 24200: Connected to dbServer
2025-12-04 09:26:09:269 [Worker 24200] info: [DBMANAGER] Worker 24200: Identifying with unique ID: gameserver-Hddkwe35fsvk_worker_24200
2025-12-04 09:26:09:269 [Worker 24200] info: [REDISCLIENT] Worker 24200: Successfully connected to Redis.
2025-12-04 09:26:09:269 [Worker 24200] info: [GracefulShutdown] Обработчики для воркера 24200 инициализированы и ожидают команды от мастера.
2025-12-04 09:26:09:269 [Worker 24200] info: Worker 24200 started. WebSocket server running on port 3002
2025-12-04 09:26:09:269 [Worker 24200] info: [DBMANAGER] Worker 24200: Successfully identified with dbServer as gameserver-Hddkwe35fsvk_worker_24200
2025-12-04 09:26:09:269 [Worker 24200] info: [WeaponMechanicsStore] Weapon mechanics catalog received and cache has been built.
2025-12-04 09:26:09:269 [Worker 24200] info: [REDISSUBSCRIBER] Worker 24200: Subscribed to 'session-events' and 'session_control_events' channels.
2025-12-04 09:26:10:2610 [Worker 18344] info: [ECS:EnergyRegenSystem] Initialized.
2025-12-04 09:26:10:2610 [Worker 18344] info: [ECS:ShieldRegenSystem] Initialized.
2025-12-04 09:26:10:2610 [Worker 18344] info: [LootIdManager] Initialized with 39 static items and pre-built dictionary.
2025-12-04 09:26:10:2610 [Worker 18344] info: [ECS:GeometryUpdateSystem] Initialized.
2025-12-04 09:26:10:2610 [Worker 18344] info: [ECS:CleanupSystem] Initialized. (Now simplified)
2025-12-04 09:26:10:2610 [Worker 18344] info: [ECS:PlayerWeaponSwitchSystem] Initialized.
2025-12-04 09:26:10:2610 [Worker 18344] info: [ECS:EnemySpawnRequestSystem] Initialized.
2025-12-04 09:26:10:2610 [Worker 18344] info: [ECS:BehaviorSystemV2] Initialized.
2025-12-04 09:26:10:2610 [Worker 18344] info: [ECS:CombatAISystem] Initialized.
2025-12-04 09:26:10:2610 [Worker 18344] info: [ECS:WeaponSwitchSystem] Initialized.
2025-12-04 09:26:10:2610 [Worker 18344] info: [ECS:StatusEffectSystem] Initialized.
2025-12-04 09:26:10:2610 [Worker 18344] info: [ECS:WeaponSystem] Initialized.
2025-12-04 09:26:10:2610 [Worker 18344] info: [ECS:MovementSystem] Initialized.
2025-12-04 09:26:10:2610 [Worker 18344] info: [ECS:EntitySimulationSystem] Initialized as the main simulation orchestrator.
2025-12-04 09:26:10:2610 [Worker 18344] info: [ECS:PlayerBoundarySystem] Initialized.
2025-12-04 09:26:10:2610 [Worker 18344] info: [ECS:BoundarySystem] Initialized.
2025-12-04 09:26:10:2610 [Worker 18344] info: [ECS:DestructionEventSystem] Initialized as the main destruction controller.
2025-12-04 09:26:10:2610 [Worker 18344] info: [ECS:CollisionDetectionSystem] Initialized. (Now unified)
2025-12-04 09:26:10:2610 [Worker 18344] info: [ECS:CollisionResolutionSystem] Initialized.
2025-12-04 09:26:10:2610 [Worker 18344] info: [ECS:HitValidationSystem] Initialized.
2025-12-04 09:26:10:2610 [Worker 18344] info: [ECS:HistorySystem] Initialized.
2025-12-04 09:26:10:2610 [Worker 18344] info: [ECS:BuffLifecycleSystem] Initialized.
2025-12-04 09:26:10:2610 [Worker 18344] info: [ECS:StatRecalculationSystem] Initialized.
2025-12-04 09:26:10:2610 [Worker 18344] info: [ECS:OnKillEffectSystem] Initialized.
2025-12-04 09:26:10:2610 [Worker 18344] info: [ECS:LootDropSystem] Initialized.
2025-12-04 09:26:10:2610 [Worker 18344] info: [ECS:SpawnSystem] Initialized.
2025-12-04 09:26:10:2610 [Worker 18344] info: [ECS:LifetimeSystem] Initialized.
2025-12-04 09:26:10:2610 [Worker 18344] info: [ECS:OffscreenCleanupSystem] Initialized.
2025-12-04 09:26:11:2611 [Worker 18344] info: [DBMANAGER] Worker 18344: Connected to dbServer
2025-12-04 09:26:11:2611 [Worker 18344] info: [DBMANAGER] Worker 18344: Identifying with unique ID: gameserver-Hddkwe35fsvk_worker_18344
2025-12-04 09:26:11:2611 [Worker 18344] info: [REDISCLIENT] Worker 18344: Successfully connected to Redis.
2025-12-04 09:26:11:2611 [Worker 18344] info: [GracefulShutdown] Обработчики для воркера 18344 инициализированы и ожидают команды от мастера.
2025-12-04 09:26:11:2611 [Worker 18344] info: Worker 18344 started. WebSocket server running on port 3002
2025-12-04 09:26:11:2611 [Worker 18344] info: [DBMANAGER] Worker 18344: Successfully identified with dbServer as gameserver-Hddkwe35fsvk_worker_18344
2025-12-04 09:26:11:2611 [Worker 18344] info: [WeaponMechanicsStore] Weapon mechanics catalog received and cache has been built.
2025-12-04 09:26:11:2611 [Worker 18344] info: [REDISSUBSCRIBER] Worker 18344: Subscribed to 'session-events' and 'session_control_events' channels.
2025-12-04 09:26:12:2612 [Worker 14696] info: [ECS:EnergyRegenSystem] Initialized.
2025-12-04 09:26:12:2612 [Worker 14696] info: [ECS:ShieldRegenSystem] Initialized.
2025-12-04 09:26:12:2612 [Worker 14696] info: [LootIdManager] Initialized with 39 static items and pre-built dictionary.
2025-12-04 09:26:12:2612 [Worker 14696] info: [ECS:GeometryUpdateSystem] Initialized.
2025-12-04 09:26:12:2612 [Worker 14696] info: [ECS:CleanupSystem] Initialized. (Now simplified)
2025-12-04 09:26:12:2612 [Worker 14696] info: [ECS:PlayerWeaponSwitchSystem] Initialized.
2025-12-04 09:26:12:2612 [Worker 14696] info: [ECS:EnemySpawnRequestSystem] Initialized.
2025-12-04 09:26:12:2612 [Worker 14696] info: [ECS:BehaviorSystemV2] Initialized.
2025-12-04 09:26:12:2612 [Worker 14696] info: [ECS:CombatAISystem] Initialized.
2025-12-04 09:26:12:2612 [Worker 14696] info: [ECS:WeaponSwitchSystem] Initialized.
2025-12-04 09:26:12:2612 [Worker 14696] info: [ECS:StatusEffectSystem] Initialized.
2025-12-04 09:26:12:2612 [Worker 14696] info: [ECS:WeaponSystem] Initialized.
2025-12-04 09:26:12:2612 [Worker 14696] info: [ECS:MovementSystem] Initialized.
2025-12-04 09:26:12:2612 [Worker 14696] info: [ECS:EntitySimulationSystem] Initialized as the main simulation orchestrator.
2025-12-04 09:26:12:2612 [Worker 14696] info: [ECS:PlayerBoundarySystem] Initialized.
2025-12-04 09:26:12:2612 [Worker 14696] info: [ECS:BoundarySystem] Initialized.
2025-12-04 09:26:12:2612 [Worker 14696] info: [ECS:DestructionEventSystem] Initialized as the main destruction controller.
2025-12-04 09:26:12:2612 [Worker 14696] info: [ECS:CollisionDetectionSystem] Initialized. (Now unified)
2025-12-04 09:26:12:2612 [Worker 14696] info: [ECS:CollisionResolutionSystem] Initialized.
2025-12-04 09:26:12:2612 [Worker 14696] info: [ECS:HitValidationSystem] Initialized.
2025-12-04 09:26:12:2612 [Worker 14696] info: [ECS:HistorySystem] Initialized.
2025-12-04 09:26:12:2612 [Worker 14696] info: [ECS:BuffLifecycleSystem] Initialized.
2025-12-04 09:26:12:2612 [Worker 14696] info: [ECS:StatRecalculationSystem] Initialized.
2025-12-04 09:26:12:2612 [Worker 14696] info: [ECS:OnKillEffectSystem] Initialized.
2025-12-04 09:26:12:2612 [Worker 14696] info: [ECS:LootDropSystem] Initialized.
2025-12-04 09:26:12:2612 [Worker 14696] info: [ECS:SpawnSystem] Initialized.
2025-12-04 09:26:12:2612 [Worker 14696] info: [ECS:LifetimeSystem] Initialized.
2025-12-04 09:26:12:2612 [Worker 14696] info: [ECS:OffscreenCleanupSystem] Initialized.
2025-12-04 09:26:13:2613 [Worker 14696] info: [DBMANAGER] Worker 14696: Connected to dbServer
2025-12-04 09:26:13:2613 [Worker 14696] info: [DBMANAGER] Worker 14696: Identifying with unique ID: gameserver-Hddkwe35fsvk_worker_14696
2025-12-04 09:26:13:2613 [Worker 14696] info: [REDISCLIENT] Worker 14696: Successfully connected to Redis.
2025-12-04 09:26:13:2613 [Worker 14696] info: [GracefulShutdown] Обработчики для воркера 14696 инициализированы и ожидают команды от мастера.
2025-12-04 09:26:13:2613 [Worker 14696] info: Worker 14696 started. WebSocket server running on port 3002
2025-12-04 09:26:13:2613 [Worker 14696] info: [DBMANAGER] Worker 14696: Successfully identified with dbServer as gameserver-Hddkwe35fsvk_worker_14696
2025-12-04 09:26:13:2613 [Worker 14696] info: [WeaponMechanicsStore] Weapon mechanics catalog received and cache has been built.
2025-12-04 09:26:13:2613 [Worker 14696] info: [REDISSUBSCRIBER] Worker 14696: Subscribed to 'session-events' and 'session_control_events' channels.
2025-12-04 09:26:14:2614 [Worker 18316] info: [ECS:EnergyRegenSystem] Initialized.
2025-12-04 09:26:14:2614 [Worker 18316] info: [ECS:ShieldRegenSystem] Initialized.
2025-12-04 09:26:14:2614 [Worker 18316] info: [LootIdManager] Initialized with 39 static items and pre-built dictionary.
2025-12-04 09:26:14:2614 [Worker 18316] info: [ECS:GeometryUpdateSystem] Initialized.
2025-12-04 09:26:14:2614 [Worker 18316] info: [ECS:CleanupSystem] Initialized. (Now simplified)
2025-12-04 09:26:14:2614 [Worker 18316] info: [ECS:PlayerWeaponSwitchSystem] Initialized.
2025-12-04 09:26:14:2614 [Worker 18316] info: [ECS:EnemySpawnRequestSystem] Initialized.
2025-12-04 09:26:14:2614 [Worker 18316] info: [ECS:BehaviorSystemV2] Initialized.
2025-12-04 09:26:14:2614 [Worker 18316] info: [ECS:CombatAISystem] Initialized.
2025-12-04 09:26:14:2614 [Worker 18316] info: [ECS:WeaponSwitchSystem] Initialized.
2025-12-04 09:26:14:2614 [Worker 18316] info: [ECS:StatusEffectSystem] Initialized.
2025-12-04 09:26:14:2614 [Worker 18316] info: [ECS:WeaponSystem] Initialized.
2025-12-04 09:26:14:2614 [Worker 18316] info: [ECS:MovementSystem] Initialized.
2025-12-04 09:26:14:2614 [Worker 18316] info: [ECS:EntitySimulationSystem] Initialized as the main simulation orchestrator.
2025-12-04 09:26:14:2614 [Worker 18316] info: [ECS:PlayerBoundarySystem] Initialized.
2025-12-04 09:26:14:2614 [Worker 18316] info: [ECS:BoundarySystem] Initialized.
2025-12-04 09:26:14:2614 [Worker 18316] info: [ECS:DestructionEventSystem] Initialized as the main destruction controller.
2025-12-04 09:26:14:2614 [Worker 18316] info: [ECS:CollisionDetectionSystem] Initialized. (Now unified)
2025-12-04 09:26:14:2614 [Worker 18316] info: [ECS:CollisionResolutionSystem] Initialized.
2025-12-04 09:26:14:2614 [Worker 18316] info: [ECS:HitValidationSystem] Initialized.
2025-12-04 09:26:14:2614 [Worker 18316] info: [ECS:HistorySystem] Initialized.
2025-12-04 09:26:14:2614 [Worker 18316] info: [ECS:BuffLifecycleSystem] Initialized.
2025-12-04 09:26:14:2614 [Worker 18316] info: [ECS:StatRecalculationSystem] Initialized.
2025-12-04 09:26:14:2614 [Worker 18316] info: [ECS:OnKillEffectSystem] Initialized.
2025-12-04 09:26:14:2614 [Worker 18316] info: [ECS:LootDropSystem] Initialized.
2025-12-04 09:26:14:2614 [Worker 18316] info: [ECS:SpawnSystem] Initialized.
2025-12-04 09:26:14:2614 [Worker 18316] info: [ECS:LifetimeSystem] Initialized.
2025-12-04 09:26:14:2614 [Worker 18316] info: [ECS:OffscreenCleanupSystem] Initialized.
2025-12-04 09:26:15:2615 [Worker 18316] info: [DBMANAGER] Worker 18316: Connected to dbServer
2025-12-04 09:26:15:2615 [Worker 18316] info: [DBMANAGER] Worker 18316: Identifying with unique ID: gameserver-Hddkwe35fsvk_worker_18316
2025-12-04 09:26:15:2615 [Worker 18316] info: [DBMANAGER] Worker 18316: Successfully identified with dbServer as gameserver-Hddkwe35fsvk_worker_18316
2025-12-04 09:26:15:2615 [Worker 18316] info: [WeaponMechanicsStore] Weapon mechanics catalog received and cache has been built.
2025-12-04 09:26:15:2615 [Worker 18316] info: [REDISCLIENT] Worker 18316: Successfully connected to Redis.
2025-12-04 09:26:15:2615 [Worker 18316] info: [GracefulShutdown] Обработчики для воркера 18316 инициализированы и ожидают команды от мастера.
2025-12-04 09:26:15:2615 [Worker 18316] info: Worker 18316 started. WebSocket server running on port 3002
2025-12-04 09:26:15:2615 [Worker 18316] info: [REDISSUBSCRIBER] Worker 18316: Subscribed to 'session-events' and 'session_control_events' channels.
2025-12-04 09:26:16:2616 [Worker 20220] info: [ECS:EnergyRegenSystem] Initialized.
2025-12-04 09:26:16:2616 [Worker 20220] info: [ECS:ShieldRegenSystem] Initialized.
2025-12-04 09:26:16:2616 [Worker 20220] info: [LootIdManager] Initialized with 39 static items and pre-built dictionary.
2025-12-04 09:26:16:2616 [Worker 20220] info: [ECS:GeometryUpdateSystem] Initialized.
2025-12-04 09:26:16:2616 [Worker 20220] info: [ECS:CleanupSystem] Initialized. (Now simplified)
2025-12-04 09:26:16:2616 [Worker 20220] info: [ECS:PlayerWeaponSwitchSystem] Initialized.
2025-12-04 09:26:16:2616 [Worker 20220] info: [ECS:EnemySpawnRequestSystem] Initialized.
2025-12-04 09:26:16:2616 [Worker 20220] info: [ECS:BehaviorSystemV2] Initialized.
2025-12-04 09:26:16:2616 [Worker 20220] info: [ECS:CombatAISystem] Initialized.
2025-12-04 09:26:16:2616 [Worker 20220] info: [ECS:WeaponSwitchSystem] Initialized.
2025-12-04 09:26:16:2616 [Worker 20220] info: [ECS:StatusEffectSystem] Initialized.
2025-12-04 09:26:16:2616 [Worker 20220] info: [ECS:WeaponSystem] Initialized.
2025-12-04 09:26:16:2616 [Worker 20220] info: [ECS:MovementSystem] Initialized.
2025-12-04 09:26:16:2616 [Worker 20220] info: [ECS:EntitySimulationSystem] Initialized as the main simulation orchestrator.
2025-12-04 09:26:16:2616 [Worker 20220] info: [ECS:PlayerBoundarySystem] Initialized.
2025-12-04 09:26:16:2616 [Worker 20220] info: [ECS:BoundarySystem] Initialized.
2025-12-04 09:26:16:2616 [Worker 20220] info: [ECS:DestructionEventSystem] Initialized as the main destruction controller.
2025-12-04 09:26:16:2616 [Worker 20220] info: [ECS:CollisionDetectionSystem] Initialized. (Now unified)
2025-12-04 09:26:16:2616 [Worker 20220] info: [ECS:CollisionResolutionSystem] Initialized.
2025-12-04 09:26:16:2616 [Worker 20220] info: [ECS:HitValidationSystem] Initialized.
2025-12-04 09:26:16:2616 [Worker 20220] info: [ECS:HistorySystem] Initialized.
2025-12-04 09:26:16:2616 [Worker 20220] info: [ECS:BuffLifecycleSystem] Initialized.
2025-12-04 09:26:16:2616 [Worker 20220] info: [ECS:StatRecalculationSystem] Initialized.
2025-12-04 09:26:16:2616 [Worker 20220] info: [ECS:OnKillEffectSystem] Initialized.
2025-12-04 09:26:16:2616 [Worker 20220] info: [ECS:LootDropSystem] Initialized.
2025-12-04 09:26:16:2616 [Worker 20220] info: [ECS:SpawnSystem] Initialized.
2025-12-04 09:26:16:2616 [Worker 20220] info: [ECS:LifetimeSystem] Initialized.
2025-12-04 09:26:16:2616 [Worker 20220] info: [ECS:OffscreenCleanupSystem] Initialized.
2025-12-04 09:26:17:2617 [Worker 20220] info: [DBMANAGER] Worker 20220: Connected to dbServer
2025-12-04 09:26:17:2617 [Worker 20220] info: [DBMANAGER] Worker 20220: Identifying with unique ID: gameserver-Hddkwe35fsvk_worker_20220
2025-12-04 09:26:17:2617 [Worker 20220] info: [DBMANAGER] Worker 20220: Successfully identified with dbServer as gameserver-Hddkwe35fsvk_worker_20220
2025-12-04 09:26:17:2617 [Worker 20220] info: [WeaponMechanicsStore] Weapon mechanics catalog received and cache has been built.
2025-12-04 09:26:17:2617 [Worker 20220] info: [REDISCLIENT] Worker 20220: Successfully connected to Redis.
2025-12-04 09:26:17:2617 [Worker 20220] info: [GracefulShutdown] Обработчики для воркера 20220 инициализированы и ожидают команды от мастера.
2025-12-04 09:26:17:2617 [Worker 20220] info: Worker 20220 started. WebSocket server running on port 3002
2025-12-04 09:26:17:2617 [Worker 20220] info: [REDISSUBSCRIBER] Worker 20220: Subscribed to 'session-events' and 'session_control_events' channels.
2025-12-04 09:26:18:2618 [Worker 17444] info: [ECS:EnergyRegenSystem] Initialized.
2025-12-04 09:26:18:2618 [Worker 17444] info: [ECS:ShieldRegenSystem] Initialized.
2025-12-04 09:26:18:2618 [Worker 17444] info: [LootIdManager] Initialized with 39 static items and pre-built dictionary.
2025-12-04 09:26:18:2618 [Worker 17444] info: [ECS:GeometryUpdateSystem] Initialized.
2025-12-04 09:26:18:2618 [Worker 17444] info: [ECS:CleanupSystem] Initialized. (Now simplified)
2025-12-04 09:26:18:2618 [Worker 17444] info: [ECS:PlayerWeaponSwitchSystem] Initialized.
2025-12-04 09:26:18:2618 [Worker 17444] info: [ECS:EnemySpawnRequestSystem] Initialized.
2025-12-04 09:26:18:2618 [Worker 17444] info: [ECS:BehaviorSystemV2] Initialized.
2025-12-04 09:26:18:2618 [Worker 17444] info: [ECS:CombatAISystem] Initialized.
2025-12-04 09:26:18:2618 [Worker 17444] info: [ECS:WeaponSwitchSystem] Initialized.
2025-12-04 09:26:18:2618 [Worker 17444] info: [ECS:StatusEffectSystem] Initialized.
2025-12-04 09:26:18:2618 [Worker 17444] info: [ECS:WeaponSystem] Initialized.
2025-12-04 09:26:18:2618 [Worker 17444] info: [ECS:MovementSystem] Initialized.
2025-12-04 09:26:18:2618 [Worker 17444] info: [ECS:EntitySimulationSystem] Initialized as the main simulation orchestrator.
2025-12-04 09:26:18:2618 [Worker 17444] info: [ECS:PlayerBoundarySystem] Initialized.
2025-12-04 09:26:18:2618 [Worker 17444] info: [ECS:BoundarySystem] Initialized.
2025-12-04 09:26:18:2618 [Worker 17444] info: [ECS:DestructionEventSystem] Initialized as the main destruction controller.
2025-12-04 09:26:18:2618 [Worker 17444] info: [ECS:CollisionDetectionSystem] Initialized. (Now unified)
2025-12-04 09:26:18:2618 [Worker 17444] info: [ECS:CollisionResolutionSystem] Initialized.
2025-12-04 09:26:18:2618 [Worker 17444] info: [ECS:HitValidationSystem] Initialized.
2025-12-04 09:26:18:2618 [Worker 17444] info: [ECS:HistorySystem] Initialized.
2025-12-04 09:26:18:2618 [Worker 17444] info: [ECS:BuffLifecycleSystem] Initialized.
2025-12-04 09:26:18:2618 [Worker 17444] info: [ECS:StatRecalculationSystem] Initialized.
2025-12-04 09:26:18:2618 [Worker 17444] info: [ECS:OnKillEffectSystem] Initialized.
2025-12-04 09:26:18:2618 [Worker 17444] info: [ECS:LootDropSystem] Initialized.
2025-12-04 09:26:18:2618 [Worker 17444] info: [ECS:SpawnSystem] Initialized.
2025-12-04 09:26:18:2618 [Worker 17444] info: [ECS:LifetimeSystem] Initialized.
2025-12-04 09:26:18:2618 [Worker 17444] info: [ECS:OffscreenCleanupSystem] Initialized.
2025-12-04 09:26:19:2619 [Worker 17444] info: [DBMANAGER] Worker 17444: Connected to dbServer
2025-12-04 09:26:19:2619 [Worker 17444] info: [DBMANAGER] Worker 17444: Identifying with unique ID: gameserver-Hddkwe35fsvk_worker_17444
2025-12-04 09:26:19:2619 [Worker 17444] info: [DBMANAGER] Worker 17444: Successfully identified with dbServer as gameserver-Hddkwe35fsvk_worker_17444
2025-12-04 09:26:19:2619 [Worker 17444] info: [WeaponMechanicsStore] Weapon mechanics catalog received and cache has been built.
2025-12-04 09:26:19:2619 [Worker 17444] info: [REDISSUBSCRIBER] Worker 17444: Subscribed to 'session-events' and 'session_control_events' channels.
2025-12-04 09:26:19:2619 [Worker 17444] info: [REDISCLIENT] Worker 17444: Successfully connected to Redis.
2025-12-04 09:26:19:2619 [Worker 17444] info: [GracefulShutdown] Обработчики для воркера 17444 инициализированы и ожидают команды от мастера.
2025-12-04 09:26:19:2619 [Worker 17444] info: Worker 17444 started. WebSocket server running on port 3002
2025-12-04 09:26:20:2620 [Worker 15972] info: [ECS:EnergyRegenSystem] Initialized.
2025-12-04 09:26:20:2620 [Worker 15972] info: [ECS:ShieldRegenSystem] Initialized.
2025-12-04 09:26:20:2620 [Worker 15972] info: [LootIdManager] Initialized with 39 static items and pre-built dictionary.
2025-12-04 09:26:20:2620 [Worker 15972] info: [ECS:GeometryUpdateSystem] Initialized.
2025-12-04 09:26:20:2620 [Worker 15972] info: [ECS:CleanupSystem] Initialized. (Now simplified)
2025-12-04 09:26:20:2620 [Worker 15972] info: [ECS:PlayerWeaponSwitchSystem] Initialized.
2025-12-04 09:26:20:2620 [Worker 15972] info: [ECS:EnemySpawnRequestSystem] Initialized.
2025-12-04 09:26:20:2620 [Worker 15972] info: [ECS:BehaviorSystemV2] Initialized.
2025-12-04 09:26:20:2620 [Worker 15972] info: [ECS:CombatAISystem] Initialized.
2025-12-04 09:26:20:2620 [Worker 15972] info: [ECS:WeaponSwitchSystem] Initialized.
2025-12-04 09:26:20:2620 [Worker 15972] info: [ECS:StatusEffectSystem] Initialized.
2025-12-04 09:26:20:2620 [Worker 15972] info: [ECS:WeaponSystem] Initialized.
2025-12-04 09:26:20:2620 [Worker 15972] info: [ECS:MovementSystem] Initialized.
2025-12-04 09:26:20:2620 [Worker 15972] info: [ECS:EntitySimulationSystem] Initialized as the main simulation orchestrator.
2025-12-04 09:26:20:2620 [Worker 15972] info: [ECS:PlayerBoundarySystem] Initialized.
2025-12-04 09:26:20:2620 [Worker 15972] info: [ECS:BoundarySystem] Initialized.
2025-12-04 09:26:20:2620 [Worker 15972] info: [ECS:DestructionEventSystem] Initialized as the main destruction controller.
2025-12-04 09:26:20:2620 [Worker 15972] info: [ECS:CollisionDetectionSystem] Initialized. (Now unified)
2025-12-04 09:26:20:2620 [Worker 15972] info: [ECS:CollisionResolutionSystem] Initialized.
2025-12-04 09:26:20:2620 [Worker 15972] info: [ECS:HitValidationSystem] Initialized.
2025-12-04 09:26:20:2620 [Worker 15972] info: [ECS:HistorySystem] Initialized.
2025-12-04 09:26:20:2620 [Worker 15972] info: [ECS:BuffLifecycleSystem] Initialized.
2025-12-04 09:26:20:2620 [Worker 15972] info: [ECS:StatRecalculationSystem] Initialized.
2025-12-04 09:26:20:2620 [Worker 15972] info: [ECS:OnKillEffectSystem] Initialized.
2025-12-04 09:26:20:2620 [Worker 15972] info: [ECS:LootDropSystem] Initialized.
2025-12-04 09:26:20:2620 [Worker 15972] info: [ECS:SpawnSystem] Initialized.
2025-12-04 09:26:20:2620 [Worker 15972] info: [ECS:LifetimeSystem] Initialized.
2025-12-04 09:26:20:2620 [Worker 15972] info: [ECS:OffscreenCleanupSystem] Initialized.
2025-12-04 09:26:21:2621 [Worker 15972] info: [DBMANAGER] Worker 15972: Connected to dbServer
2025-12-04 09:26:21:2621 [Worker 15972] info: [DBMANAGER] Worker 15972: Identifying with unique ID: gameserver-Hddkwe35fsvk_worker_15972
2025-12-04 09:26:21:2621 [Worker 15972] info: [DBMANAGER] Worker 15972: Successfully identified with dbServer as gameserver-Hddkwe35fsvk_worker_15972
2025-12-04 09:26:21:2621 [Worker 15972] info: [WeaponMechanicsStore] Weapon mechanics catalog received and cache has been built.
2025-12-04 09:26:21:2621 [Worker 15972] info: [REDISCLIENT] Worker 15972: Successfully connected to Redis.
2025-12-04 09:26:21:2621 [Worker 15972] info: [GracefulShutdown] Обработчики для воркера 15972 инициализированы и ожидают команды от мастера.
2025-12-04 09:26:21:2621 [Worker 15972] info: Worker 15972 started. WebSocket server running on port 3002
2025-12-04 09:26:21:2621 [Worker 15972] info: [REDISSUBSCRIBER] Worker 15972: Subscribed to 'session-events' and 'session_control_events' channels.
2025-12-04 09:26:22:2622 [Worker 16536] info: [ECS:EnergyRegenSystem] Initialized.
2025-12-04 09:26:22:2622 [Worker 16536] info: [ECS:ShieldRegenSystem] Initialized.
2025-12-04 09:26:22:2622 [Worker 16536] info: [LootIdManager] Initialized with 39 static items and pre-built dictionary.
2025-12-04 09:26:22:2622 [Worker 16536] info: [ECS:GeometryUpdateSystem] Initialized.
2025-12-04 09:26:22:2622 [Worker 16536] info: [ECS:CleanupSystem] Initialized. (Now simplified)
2025-12-04 09:26:22:2622 [Worker 16536] info: [ECS:PlayerWeaponSwitchSystem] Initialized.
2025-12-04 09:26:22:2622 [Worker 16536] info: [ECS:EnemySpawnRequestSystem] Initialized.
2025-12-04 09:26:22:2622 [Worker 16536] info: [ECS:BehaviorSystemV2] Initialized.
2025-12-04 09:26:22:2622 [Worker 16536] info: [ECS:CombatAISystem] Initialized.
2025-12-04 09:26:22:2622 [Worker 16536] info: [ECS:WeaponSwitchSystem] Initialized.
2025-12-04 09:26:22:2622 [Worker 16536] info: [ECS:StatusEffectSystem] Initialized.
2025-12-04 09:26:22:2622 [Worker 16536] info: [ECS:WeaponSystem] Initialized.
2025-12-04 09:26:22:2622 [Worker 16536] info: [ECS:MovementSystem] Initialized.
2025-12-04 09:26:22:2622 [Worker 16536] info: [ECS:EntitySimulationSystem] Initialized as the main simulation orchestrator.
2025-12-04 09:26:22:2622 [Worker 16536] info: [ECS:PlayerBoundarySystem] Initialized.
2025-12-04 09:26:22:2622 [Worker 16536] info: [ECS:BoundarySystem] Initialized.
2025-12-04 09:26:22:2622 [Worker 16536] info: [ECS:DestructionEventSystem] Initialized as the main destruction controller.
2025-12-04 09:26:22:2622 [Worker 16536] info: [ECS:CollisionDetectionSystem] Initialized. (Now unified)
2025-12-04 09:26:22:2622 [Worker 16536] info: [ECS:CollisionResolutionSystem] Initialized.
2025-12-04 09:26:22:2622 [Worker 16536] info: [ECS:HitValidationSystem] Initialized.
2025-12-04 09:26:22:2622 [Worker 16536] info: [ECS:HistorySystem] Initialized.
2025-12-04 09:26:22:2622 [Worker 16536] info: [ECS:BuffLifecycleSystem] Initialized.
2025-12-04 09:26:22:2622 [Worker 16536] info: [ECS:StatRecalculationSystem] Initialized.
2025-12-04 09:26:22:2622 [Worker 16536] info: [ECS:OnKillEffectSystem] Initialized.
2025-12-04 09:26:22:2622 [Worker 16536] info: [ECS:LootDropSystem] Initialized.
2025-12-04 09:26:22:2622 [Worker 16536] info: [ECS:SpawnSystem] Initialized.
2025-12-04 09:26:22:2622 [Worker 16536] info: [ECS:LifetimeSystem] Initialized.
2025-12-04 09:26:22:2622 [Worker 16536] info: [ECS:OffscreenCleanupSystem] Initialized.
2025-12-04 09:26:23:2623 [Worker 16536] info: [DBMANAGER] Worker 16536: Connected to dbServer
2025-12-04 09:26:23:2623 [Worker 16536] info: [DBMANAGER] Worker 16536: Identifying with unique ID: gameserver-Hddkwe35fsvk_worker_16536
2025-12-04 09:26:23:2623 [Worker 16536] info: [DBMANAGER] Worker 16536: Successfully identified with dbServer as gameserver-Hddkwe35fsvk_worker_16536
2025-12-04 09:26:23:2623 [Worker 16536] info: [WeaponMechanicsStore] Weapon mechanics catalog received and cache has been built.
2025-12-04 09:26:23:2623 [Worker 16536] info: [REDISCLIENT] Worker 16536: Successfully connected to Redis.
2025-12-04 09:26:23:2623 [Worker 16536] info: [GracefulShutdown] Обработчики для воркера 16536 инициализированы и ожидают команды от мастера.
2025-12-04 09:26:23:2623 [Worker 16536] info: Worker 16536 started. WebSocket server running on port 3002
2025-12-04 09:26:23:2623 [Worker 16536] info: [REDISSUBSCRIBER] Worker 16536: Subscribed to 'session-events' and 'session_control_events' channels.
2025-12-04 09:49:16:4916 [Worker 22596] warn: Master process received SIGINT. Instructing all workers to shut down gracefully.
2025-12-04 09:49:53:4953 [Worker 21608] info: [ECS:EnergyRegenSystem] Initialized.
2025-12-04 09:49:53:4953 [Worker 21608] info: [ECS:ShieldRegenSystem] Initialized.
2025-12-04 09:49:53:4953 [Worker 21608] info: [LootIdManager] Initialized with 39 static items and pre-built dictionary.
2025-12-04 09:49:53:4953 [Worker 21608] info: [ECS:GeometryUpdateSystem] Initialized.
2025-12-04 09:49:53:4953 [Worker 21608] info: [ECS:CleanupSystem] Initialized. (Now simplified)
2025-12-04 09:49:53:4953 [Worker 21608] info: [ECS:PlayerWeaponSwitchSystem] Initialized.
2025-12-04 09:49:53:4953 [Worker 21608] info: [ECS:EnemySpawnRequestSystem] Initialized.
2025-12-04 09:49:53:4953 [Worker 21608] info: [ECS:BehaviorSystemV2] Initialized.
2025-12-04 09:49:53:4953 [Worker 21608] info: [ECS:CombatAISystem] Initialized.
2025-12-04 09:49:53:4953 [Worker 21608] info: [ECS:WeaponSwitchSystem] Initialized.
2025-12-04 09:49:53:4953 [Worker 21608] info: [ECS:StatusEffectSystem] Initialized.
2025-12-04 09:49:53:4953 [Worker 21608] info: [ECS:WeaponSystem] Initialized.
2025-12-04 09:49:53:4953 [Worker 21608] info: [ECS:MovementSystem] Initialized.
2025-12-04 09:49:53:4953 [Worker 21608] info: [ECS:EntitySimulationSystem] Initialized as the main simulation orchestrator.
2025-12-04 09:49:53:4953 [Worker 21608] info: [ECS:PlayerBoundarySystem] Initialized.
2025-12-04 09:49:53:4953 [Worker 21608] info: [ECS:BoundarySystem] Initialized.
2025-12-04 09:49:53:4953 [Worker 21608] info: [ECS:DestructionEventSystem] Initialized as the main destruction controller.
2025-12-04 09:49:53:4953 [Worker 21608] info: [ECS:CollisionDetectionSystem] Initialized. (Now unified)
2025-12-04 09:49:53:4953 [Worker 21608] info: [ECS:CollisionResolutionSystem] Initialized.
2025-12-04 09:49:53:4953 [Worker 21608] info: [ECS:HitValidationSystem] Initialized.
2025-12-04 09:49:53:4953 [Worker 21608] info: [ECS:HistorySystem] Initialized.
2025-12-04 09:49:53:4953 [Worker 21608] info: [ECS:BuffLifecycleSystem] Initialized.
2025-12-04 09:49:53:4953 [Worker 21608] info: [ECS:StatRecalculationSystem] Initialized.
2025-12-04 09:49:53:4953 [Worker 21608] info: [ECS:OnKillEffectSystem] Initialized.
2025-12-04 09:49:53:4953 [Worker 21608] info: [ECS:LootDropSystem] Initialized.
2025-12-04 09:49:53:4953 [Worker 21608] info: [ECS:SpawnSystem] Initialized.
2025-12-04 09:49:53:4953 [Worker 21608] info: [ECS:LifetimeSystem] Initialized.
2025-12-04 09:49:53:4953 [Worker 21608] info: [ECS:OffscreenCleanupSystem] Initialized.
2025-12-04 09:49:54:4954 [Worker 21608] info: Master process 21608 is running
2025-12-04 09:49:54:4954 [Worker 23532] info: [ECS:EnergyRegenSystem] Initialized.
2025-12-04 09:49:54:4954 [Worker 23532] info: [ECS:ShieldRegenSystem] Initialized.
2025-12-04 09:49:54:4954 [Worker 23532] info: [LootIdManager] Initialized with 39 static items and pre-built dictionary.
2025-12-04 09:49:54:4954 [Worker 23532] info: [ECS:GeometryUpdateSystem] Initialized.
2025-12-04 09:49:54:4954 [Worker 23532] info: [ECS:CleanupSystem] Initialized. (Now simplified)
2025-12-04 09:49:54:4954 [Worker 23532] info: [ECS:PlayerWeaponSwitchSystem] Initialized.
2025-12-04 09:49:54:4954 [Worker 23532] info: [ECS:EnemySpawnRequestSystem] Initialized.
2025-12-04 09:49:54:4954 [Worker 23532] info: [ECS:BehaviorSystemV2] Initialized.
2025-12-04 09:49:54:4954 [Worker 23532] info: [ECS:CombatAISystem] Initialized.
2025-12-04 09:49:54:4954 [Worker 23532] info: [ECS:WeaponSwitchSystem] Initialized.
2025-12-04 09:49:54:4954 [Worker 23532] info: [ECS:StatusEffectSystem] Initialized.
2025-12-04 09:49:54:4954 [Worker 23532] info: [ECS:WeaponSystem] Initialized.
2025-12-04 09:49:54:4954 [Worker 23532] info: [ECS:MovementSystem] Initialized.
2025-12-04 09:49:54:4954 [Worker 23532] info: [ECS:EntitySimulationSystem] Initialized as the main simulation orchestrator.
2025-12-04 09:49:54:4954 [Worker 23532] info: [ECS:PlayerBoundarySystem] Initialized.
2025-12-04 09:49:54:4954 [Worker 23532] info: [ECS:BoundarySystem] Initialized.
2025-12-04 09:49:54:4954 [Worker 23532] info: [ECS:DestructionEventSystem] Initialized as the main destruction controller.
2025-12-04 09:49:54:4954 [Worker 23532] info: [ECS:CollisionDetectionSystem] Initialized. (Now unified)
2025-12-04 09:49:54:4954 [Worker 23532] info: [ECS:CollisionResolutionSystem] Initialized.
2025-12-04 09:49:54:4954 [Worker 23532] info: [ECS:HitValidationSystem] Initialized.
2025-12-04 09:49:54:4954 [Worker 23532] info: [ECS:HistorySystem] Initialized.
2025-12-04 09:49:54:4954 [Worker 23532] info: [ECS:BuffLifecycleSystem] Initialized.
2025-12-04 09:49:54:4954 [Worker 23532] info: [ECS:StatRecalculationSystem] Initialized.
2025-12-04 09:49:54:4954 [Worker 23532] info: [ECS:OnKillEffectSystem] Initialized.
2025-12-04 09:49:54:4954 [Worker 23532] info: [ECS:LootDropSystem] Initialized.
2025-12-04 09:49:54:4954 [Worker 23532] info: [ECS:SpawnSystem] Initialized.
2025-12-04 09:49:54:4954 [Worker 23532] info: [ECS:LifetimeSystem] Initialized.
2025-12-04 09:49:54:4954 [Worker 23532] info: [ECS:OffscreenCleanupSystem] Initialized.
2025-12-04 09:49:55:4955 [Worker 23532] info: [REDISCLIENT] Worker 23532: Successfully connected to Redis.
2025-12-04 09:49:55:4955 [Worker 23532] info: [GracefulShutdown] Обработчики для воркера 23532 инициализированы и ожидают команды от мастера.
2025-12-04 09:49:55:4955 [Worker 23532] info: Worker 23532 started. WebSocket server running on port 3002
2025-12-04 09:49:55:4955 [Worker 23532] info: [REDISSUBSCRIBER] Worker 23532: Subscribed to 'session-events' and 'session_control_events' channels.
2025-12-04 09:49:55:4955 [Worker 23532] info: [DBMANAGER] Worker 23532: Connected to dbServer
2025-12-04 09:49:55:4955 [Worker 23532] info: [DBMANAGER] Worker 23532: Identifying with unique ID: gameserver-Hddkwe35fsvk_worker_23532
2025-12-04 09:49:55:4955 [Worker 23532] info: [DBMANAGER] Worker 23532: Successfully identified with dbServer as gameserver-Hddkwe35fsvk_worker_23532
2025-12-04 09:49:55:4955 [Worker 23532] info: [WeaponMechanicsStore] Weapon mechanics catalog received and cache has been built.
2025-12-04 09:49:56:4956 [Worker 23800] info: [ECS:EnergyRegenSystem] Initialized.
2025-12-04 09:49:56:4956 [Worker 23800] info: [ECS:ShieldRegenSystem] Initialized.
2025-12-04 09:49:56:4956 [Worker 23800] info: [LootIdManager] Initialized with 39 static items and pre-built dictionary.
2025-12-04 09:49:56:4956 [Worker 23800] info: [ECS:GeometryUpdateSystem] Initialized.
2025-12-04 09:49:56:4956 [Worker 23800] info: [ECS:CleanupSystem] Initialized. (Now simplified)
2025-12-04 09:49:56:4956 [Worker 23800] info: [ECS:PlayerWeaponSwitchSystem] Initialized.
2025-12-04 09:49:56:4956 [Worker 23800] info: [ECS:EnemySpawnRequestSystem] Initialized.
2025-12-04 09:49:56:4956 [Worker 23800] info: [ECS:BehaviorSystemV2] Initialized.
2025-12-04 09:49:56:4956 [Worker 23800] info: [ECS:CombatAISystem] Initialized.
2025-12-04 09:49:56:4956 [Worker 23800] info: [ECS:WeaponSwitchSystem] Initialized.
2025-12-04 09:49:56:4956 [Worker 23800] info: [ECS:StatusEffectSystem] Initialized.
2025-12-04 09:49:56:4956 [Worker 23800] info: [ECS:WeaponSystem] Initialized.
2025-12-04 09:49:56:4956 [Worker 23800] info: [ECS:MovementSystem] Initialized.
2025-12-04 09:49:56:4956 [Worker 23800] info: [ECS:EntitySimulationSystem] Initialized as the main simulation orchestrator.
2025-12-04 09:49:56:4956 [Worker 23800] info: [ECS:PlayerBoundarySystem] Initialized.
2025-12-04 09:49:56:4956 [Worker 23800] info: [ECS:BoundarySystem] Initialized.
2025-12-04 09:49:56:4956 [Worker 23800] info: [ECS:DestructionEventSystem] Initialized as the main destruction controller.
2025-12-04 09:49:56:4956 [Worker 23800] info: [ECS:CollisionDetectionSystem] Initialized. (Now unified)
2025-12-04 09:49:56:4956 [Worker 23800] info: [ECS:CollisionResolutionSystem] Initialized.
2025-12-04 09:49:56:4956 [Worker 23800] info: [ECS:HitValidationSystem] Initialized.
2025-12-04 09:49:56:4956 [Worker 23800] info: [ECS:HistorySystem] Initialized.
2025-12-04 09:49:56:4956 [Worker 23800] info: [ECS:BuffLifecycleSystem] Initialized.
2025-12-04 09:49:56:4956 [Worker 23800] info: [ECS:StatRecalculationSystem] Initialized.
2025-12-04 09:49:56:4956 [Worker 23800] info: [ECS:OnKillEffectSystem] Initialized.
2025-12-04 09:49:56:4956 [Worker 23800] info: [ECS:LootDropSystem] Initialized.
2025-12-04 09:49:56:4956 [Worker 23800] info: [ECS:SpawnSystem] Initialized.
2025-12-04 09:49:56:4956 [Worker 23800] info: [ECS:LifetimeSystem] Initialized.
2025-12-04 09:49:56:4956 [Worker 23800] info: [ECS:OffscreenCleanupSystem] Initialized.
2025-12-04 09:49:57:4957 [Worker 23800] info: [DBMANAGER] Worker 23800: Connected to dbServer
2025-12-04 09:49:57:4957 [Worker 23800] info: [DBMANAGER] Worker 23800: Identifying with unique ID: gameserver-Hddkwe35fsvk_worker_23800
2025-12-04 09:49:57:4957 [Worker 23800] info: [REDISCLIENT] Worker 23800: Successfully connected to Redis.
2025-12-04 09:49:57:4957 [Worker 23800] info: [GracefulShutdown] Обработчики для воркера 23800 инициализированы и ожидают команды от мастера.
2025-12-04 09:49:57:4957 [Worker 23800] info: Worker 23800 started. WebSocket server running on port 3002
2025-12-04 09:49:57:4957 [Worker 23800] info: [DBMANAGER] Worker 23800: Successfully identified with dbServer as gameserver-Hddkwe35fsvk_worker_23800
2025-12-04 09:49:57:4957 [Worker 23800] info: [WeaponMechanicsStore] Weapon mechanics catalog received and cache has been built.
2025-12-04 09:49:57:4957 [Worker 23800] info: [REDISSUBSCRIBER] Worker 23800: Subscribed to 'session-events' and 'session_control_events' channels.
2025-12-04 09:49:58:4958 [Worker 24560] info: [ECS:EnergyRegenSystem] Initialized.
2025-12-04 09:49:58:4958 [Worker 24560] info: [ECS:ShieldRegenSystem] Initialized.
2025-12-04 09:49:58:4958 [Worker 24560] info: [LootIdManager] Initialized with 39 static items and pre-built dictionary.
2025-12-04 09:49:58:4958 [Worker 24560] info: [ECS:GeometryUpdateSystem] Initialized.
2025-12-04 09:49:58:4958 [Worker 24560] info: [ECS:CleanupSystem] Initialized. (Now simplified)
2025-12-04 09:49:58:4958 [Worker 24560] info: [ECS:PlayerWeaponSwitchSystem] Initialized.
2025-12-04 09:49:58:4958 [Worker 24560] info: [ECS:EnemySpawnRequestSystem] Initialized.
2025-12-04 09:49:58:4958 [Worker 24560] info: [ECS:BehaviorSystemV2] Initialized.
2025-12-04 09:49:58:4958 [Worker 24560] info: [ECS:CombatAISystem] Initialized.
2025-12-04 09:49:58:4958 [Worker 24560] info: [ECS:WeaponSwitchSystem] Initialized.
2025-12-04 09:49:58:4958 [Worker 24560] info: [ECS:StatusEffectSystem] Initialized.
2025-12-04 09:49:58:4958 [Worker 24560] info: [ECS:WeaponSystem] Initialized.
2025-12-04 09:49:58:4958 [Worker 24560] info: [ECS:MovementSystem] Initialized.
2025-12-04 09:49:58:4958 [Worker 24560] info: [ECS:EntitySimulationSystem] Initialized as the main simulation orchestrator.
2025-12-04 09:49:58:4958 [Worker 24560] info: [ECS:PlayerBoundarySystem] Initialized.
2025-12-04 09:49:58:4958 [Worker 24560] info: [ECS:BoundarySystem] Initialized.
2025-12-04 09:49:58:4958 [Worker 24560] info: [ECS:DestructionEventSystem] Initialized as the main destruction controller.
2025-12-04 09:49:58:4958 [Worker 24560] info: [ECS:CollisionDetectionSystem] Initialized. (Now unified)
2025-12-04 09:49:58:4958 [Worker 24560] info: [ECS:CollisionResolutionSystem] Initialized.
2025-12-04 09:49:58:4958 [Worker 24560] info: [ECS:HitValidationSystem] Initialized.
2025-12-04 09:49:58:4958 [Worker 24560] info: [ECS:HistorySystem] Initialized.
2025-12-04 09:49:58:4958 [Worker 24560] info: [ECS:BuffLifecycleSystem] Initialized.
2025-12-04 09:49:58:4958 [Worker 24560] info: [ECS:StatRecalculationSystem] Initialized.
2025-12-04 09:49:58:4958 [Worker 24560] info: [ECS:OnKillEffectSystem] Initialized.
2025-12-04 09:49:58:4958 [Worker 24560] info: [ECS:LootDropSystem] Initialized.
2025-12-04 09:49:58:4958 [Worker 24560] info: [ECS:SpawnSystem] Initialized.
2025-12-04 09:49:58:4958 [Worker 24560] info: [ECS:LifetimeSystem] Initialized.
2025-12-04 09:49:58:4958 [Worker 24560] info: [ECS:OffscreenCleanupSystem] Initialized.
2025-12-04 09:49:59:4959 [Worker 24560] info: [DBMANAGER] Worker 24560: Connected to dbServer
2025-12-04 09:49:59:4959 [Worker 24560] info: [DBMANAGER] Worker 24560: Identifying with unique ID: gameserver-Hddkwe35fsvk_worker_24560
2025-12-04 09:49:59:4959 [Worker 24560] info: [REDISCLIENT] Worker 24560: Successfully connected to Redis.
2025-12-04 09:49:59:4959 [Worker 24560] info: [GracefulShutdown] Обработчики для воркера 24560 инициализированы и ожидают команды от мастера.
2025-12-04 09:49:59:4959 [Worker 24560] info: Worker 24560 started. WebSocket server running on port 3002
2025-12-04 09:49:59:4959 [Worker 24560] info: [DBMANAGER] Worker 24560: Successfully identified with dbServer as gameserver-Hddkwe35fsvk_worker_24560
2025-12-04 09:49:59:4959 [Worker 24560] info: [WeaponMechanicsStore] Weapon mechanics catalog received and cache has been built.
2025-12-04 09:49:59:4959 [Worker 24560] info: [REDISSUBSCRIBER] Worker 24560: Subscribed to 'session-events' and 'session_control_events' channels.
2025-12-04 09:50:00:500 [Worker 23988] info: [ECS:EnergyRegenSystem] Initialized.
2025-12-04 09:50:00:500 [Worker 23988] info: [ECS:ShieldRegenSystem] Initialized.
2025-12-04 09:50:00:500 [Worker 23988] info: [LootIdManager] Initialized with 39 static items and pre-built dictionary.
2025-12-04 09:50:00:500 [Worker 23988] info: [ECS:GeometryUpdateSystem] Initialized.
2025-12-04 09:50:00:500 [Worker 23988] info: [ECS:CleanupSystem] Initialized. (Now simplified)
2025-12-04 09:50:00:500 [Worker 23988] info: [ECS:PlayerWeaponSwitchSystem] Initialized.
2025-12-04 09:50:00:500 [Worker 23988] info: [ECS:EnemySpawnRequestSystem] Initialized.
2025-12-04 09:50:00:500 [Worker 23988] info: [ECS:BehaviorSystemV2] Initialized.
2025-12-04 09:50:00:500 [Worker 23988] info: [ECS:CombatAISystem] Initialized.
2025-12-04 09:50:00:500 [Worker 23988] info: [ECS:WeaponSwitchSystem] Initialized.
2025-12-04 09:50:00:500 [Worker 23988] info: [ECS:StatusEffectSystem] Initialized.
2025-12-04 09:50:00:500 [Worker 23988] info: [ECS:WeaponSystem] Initialized.
2025-12-04 09:50:00:500 [Worker 23988] info: [ECS:MovementSystem] Initialized.
2025-12-04 09:50:00:500 [Worker 23988] info: [ECS:EntitySimulationSystem] Initialized as the main simulation orchestrator.
2025-12-04 09:50:00:500 [Worker 23988] info: [ECS:PlayerBoundarySystem] Initialized.
2025-12-04 09:50:00:500 [Worker 23988] info: [ECS:BoundarySystem] Initialized.
2025-12-04 09:50:00:500 [Worker 23988] info: [ECS:DestructionEventSystem] Initialized as the main destruction controller.
2025-12-04 09:50:00:500 [Worker 23988] info: [ECS:CollisionDetectionSystem] Initialized. (Now unified)
2025-12-04 09:50:00:500 [Worker 23988] info: [ECS:CollisionResolutionSystem] Initialized.
2025-12-04 09:50:00:500 [Worker 23988] info: [ECS:HitValidationSystem] Initialized.
2025-12-04 09:50:00:500 [Worker 23988] info: [ECS:HistorySystem] Initialized.
2025-12-04 09:50:00:500 [Worker 23988] info: [ECS:BuffLifecycleSystem] Initialized.
2025-12-04 09:50:00:500 [Worker 23988] info: [ECS:StatRecalculationSystem] Initialized.
2025-12-04 09:50:00:500 [Worker 23988] info: [ECS:OnKillEffectSystem] Initialized.
2025-12-04 09:50:00:500 [Worker 23988] info: [ECS:LootDropSystem] Initialized.
2025-12-04 09:50:00:500 [Worker 23988] info: [ECS:SpawnSystem] Initialized.
2025-12-04 09:50:00:500 [Worker 23988] info: [ECS:LifetimeSystem] Initialized.
2025-12-04 09:50:00:500 [Worker 23988] info: [ECS:OffscreenCleanupSystem] Initialized.
2025-12-04 09:50:01:501 [Worker 23988] info: [DBMANAGER] Worker 23988: Connected to dbServer
2025-12-04 09:50:01:501 [Worker 23988] info: [DBMANAGER] Worker 23988: Identifying with unique ID: gameserver-Hddkwe35fsvk_worker_23988
2025-12-04 09:50:01:501 [Worker 23988] info: [REDISCLIENT] Worker 23988: Successfully connected to Redis.
2025-12-04 09:50:01:501 [Worker 23988] info: [GracefulShutdown] Обработчики для воркера 23988 инициализированы и ожидают команды от мастера.
2025-12-04 09:50:01:501 [Worker 23988] info: Worker 23988 started. WebSocket server running on port 3002
2025-12-04 09:50:01:501 [Worker 23988] info: [DBMANAGER] Worker 23988: Successfully identified with dbServer as gameserver-Hddkwe35fsvk_worker_23988
2025-12-04 09:50:01:501 [Worker 23988] info: [WeaponMechanicsStore] Weapon mechanics catalog received and cache has been built.
2025-12-04 09:50:01:501 [Worker 23988] info: [REDISSUBSCRIBER] Worker 23988: Subscribed to 'session-events' and 'session_control_events' channels.
2025-12-04 09:50:02:502 [Worker 18324] info: [ECS:EnergyRegenSystem] Initialized.
2025-12-04 09:50:02:502 [Worker 18324] info: [ECS:ShieldRegenSystem] Initialized.
2025-12-04 09:50:02:502 [Worker 18324] info: [LootIdManager] Initialized with 39 static items and pre-built dictionary.
2025-12-04 09:50:02:502 [Worker 18324] info: [ECS:GeometryUpdateSystem] Initialized.
2025-12-04 09:50:02:502 [Worker 18324] info: [ECS:CleanupSystem] Initialized. (Now simplified)
2025-12-04 09:50:02:502 [Worker 18324] info: [ECS:PlayerWeaponSwitchSystem] Initialized.
2025-12-04 09:50:02:502 [Worker 18324] info: [ECS:EnemySpawnRequestSystem] Initialized.
2025-12-04 09:50:02:502 [Worker 18324] info: [ECS:BehaviorSystemV2] Initialized.
2025-12-04 09:50:02:502 [Worker 18324] info: [ECS:CombatAISystem] Initialized.
2025-12-04 09:50:02:502 [Worker 18324] info: [ECS:WeaponSwitchSystem] Initialized.
2025-12-04 09:50:02:502 [Worker 18324] info: [ECS:StatusEffectSystem] Initialized.
2025-12-04 09:50:02:502 [Worker 18324] info: [ECS:WeaponSystem] Initialized.
2025-12-04 09:50:02:502 [Worker 18324] info: [ECS:MovementSystem] Initialized.
2025-12-04 09:50:02:502 [Worker 18324] info: [ECS:EntitySimulationSystem] Initialized as the main simulation orchestrator.
2025-12-04 09:50:02:502 [Worker 18324] info: [ECS:PlayerBoundarySystem] Initialized.
2025-12-04 09:50:02:502 [Worker 18324] info: [ECS:BoundarySystem] Initialized.
2025-12-04 09:50:02:502 [Worker 18324] info: [ECS:DestructionEventSystem] Initialized as the main destruction controller.
2025-12-04 09:50:02:502 [Worker 18324] info: [ECS:CollisionDetectionSystem] Initialized. (Now unified)
2025-12-04 09:50:02:502 [Worker 18324] info: [ECS:CollisionResolutionSystem] Initialized.
2025-12-04 09:50:02:502 [Worker 18324] info: [ECS:HitValidationSystem] Initialized.
2025-12-04 09:50:02:502 [Worker 18324] info: [ECS:HistorySystem] Initialized.
2025-12-04 09:50:02:502 [Worker 18324] info: [ECS:BuffLifecycleSystem] Initialized.
2025-12-04 09:50:02:502 [Worker 18324] info: [ECS:StatRecalculationSystem] Initialized.
2025-12-04 09:50:02:502 [Worker 18324] info: [ECS:OnKillEffectSystem] Initialized.
2025-12-04 09:50:02:502 [Worker 18324] info: [ECS:LootDropSystem] Initialized.
2025-12-04 09:50:02:502 [Worker 18324] info: [ECS:SpawnSystem] Initialized.
2025-12-04 09:50:02:502 [Worker 18324] info: [ECS:LifetimeSystem] Initialized.
2025-12-04 09:50:02:502 [Worker 18324] info: [ECS:OffscreenCleanupSystem] Initialized.
2025-12-04 09:50:03:503 [Worker 18324] info: [DBMANAGER] Worker 18324: Connected to dbServer
2025-12-04 09:50:03:503 [Worker 18324] info: [DBMANAGER] Worker 18324: Identifying with unique ID: gameserver-Hddkwe35fsvk_worker_18324
2025-12-04 09:50:03:503 [Worker 18324] info: [REDISCLIENT] Worker 18324: Successfully connected to Redis.
2025-12-04 09:50:03:503 [Worker 18324] info: [GracefulShutdown] Обработчики для воркера 18324 инициализированы и ожидают команды от мастера.
2025-12-04 09:50:03:503 [Worker 18324] info: Worker 18324 started. WebSocket server running on port 3002
2025-12-04 09:50:03:503 [Worker 18324] info: [DBMANAGER] Worker 18324: Successfully identified with dbServer as gameserver-Hddkwe35fsvk_worker_18324
2025-12-04 09:50:03:503 [Worker 18324] info: [WeaponMechanicsStore] Weapon mechanics catalog received and cache has been built.
2025-12-04 09:50:03:503 [Worker 18324] info: [REDISSUBSCRIBER] Worker 18324: Subscribed to 'session-events' and 'session_control_events' channels.
2025-12-04 09:50:04:504 [Worker 5304] info: [ECS:EnergyRegenSystem] Initialized.
2025-12-04 09:50:04:504 [Worker 5304] info: [ECS:ShieldRegenSystem] Initialized.
2025-12-04 09:50:04:504 [Worker 5304] info: [LootIdManager] Initialized with 39 static items and pre-built dictionary.
2025-12-04 09:50:04:504 [Worker 5304] info: [ECS:GeometryUpdateSystem] Initialized.
2025-12-04 09:50:04:504 [Worker 5304] info: [ECS:CleanupSystem] Initialized. (Now simplified)
2025-12-04 09:50:04:504 [Worker 5304] info: [ECS:PlayerWeaponSwitchSystem] Initialized.
2025-12-04 09:50:04:504 [Worker 5304] info: [ECS:EnemySpawnRequestSystem] Initialized.
2025-12-04 09:50:04:504 [Worker 5304] info: [ECS:BehaviorSystemV2] Initialized.
2025-12-04 09:50:04:504 [Worker 5304] info: [ECS:CombatAISystem] Initialized.
2025-12-04 09:50:04:504 [Worker 5304] info: [ECS:WeaponSwitchSystem] Initialized.
2025-12-04 09:50:04:504 [Worker 5304] info: [ECS:StatusEffectSystem] Initialized.
2025-12-04 09:50:04:504 [Worker 5304] info: [ECS:WeaponSystem] Initialized.
2025-12-04 09:50:04:504 [Worker 5304] info: [ECS:MovementSystem] Initialized.
2025-12-04 09:50:04:504 [Worker 5304] info: [ECS:EntitySimulationSystem] Initialized as the main simulation orchestrator.
2025-12-04 09:50:04:504 [Worker 5304] info: [ECS:PlayerBoundarySystem] Initialized.
2025-12-04 09:50:04:504 [Worker 5304] info: [ECS:BoundarySystem] Initialized.
2025-12-04 09:50:04:504 [Worker 5304] info: [ECS:DestructionEventSystem] Initialized as the main destruction controller.
2025-12-04 09:50:04:504 [Worker 5304] info: [ECS:CollisionDetectionSystem] Initialized. (Now unified)
2025-12-04 09:50:04:504 [Worker 5304] info: [ECS:CollisionResolutionSystem] Initialized.
2025-12-04 09:50:04:504 [Worker 5304] info: [ECS:HitValidationSystem] Initialized.
2025-12-04 09:50:04:504 [Worker 5304] info: [ECS:HistorySystem] Initialized.
2025-12-04 09:50:04:504 [Worker 5304] info: [ECS:BuffLifecycleSystem] Initialized.
2025-12-04 09:50:04:504 [Worker 5304] info: [ECS:StatRecalculationSystem] Initialized.
2025-12-04 09:50:04:504 [Worker 5304] info: [ECS:OnKillEffectSystem] Initialized.
2025-12-04 09:50:04:504 [Worker 5304] info: [ECS:LootDropSystem] Initialized.
2025-12-04 09:50:04:504 [Worker 5304] info: [ECS:SpawnSystem] Initialized.
2025-12-04 09:50:04:504 [Worker 5304] info: [ECS:LifetimeSystem] Initialized.
2025-12-04 09:50:04:504 [Worker 5304] info: [ECS:OffscreenCleanupSystem] Initialized.
2025-12-04 09:50:05:505 [Worker 5304] info: [DBMANAGER] Worker 5304: Connected to dbServer
2025-12-04 09:50:05:505 [Worker 5304] info: [DBMANAGER] Worker 5304: Identifying with unique ID: gameserver-Hddkwe35fsvk_worker_5304
2025-12-04 09:50:05:505 [Worker 5304] info: [REDISCLIENT] Worker 5304: Successfully connected to Redis.
2025-12-04 09:50:05:505 [Worker 5304] info: [GracefulShutdown] Обработчики для воркера 5304 инициализированы и ожидают команды от мастера.
2025-12-04 09:50:05:505 [Worker 5304] info: Worker 5304 started. WebSocket server running on port 3002
2025-12-04 09:50:05:505 [Worker 5304] info: [DBMANAGER] Worker 5304: Successfully identified with dbServer as gameserver-Hddkwe35fsvk_worker_5304
2025-12-04 09:50:05:505 [Worker 5304] info: [WeaponMechanicsStore] Weapon mechanics catalog received and cache has been built.
2025-12-04 09:50:05:505 [Worker 5304] info: [REDISSUBSCRIBER] Worker 5304: Subscribed to 'session-events' and 'session_control_events' channels.
2025-12-04 09:50:06:506 [Worker 22480] info: [ECS:EnergyRegenSystem] Initialized.
2025-12-04 09:50:06:506 [Worker 22480] info: [ECS:ShieldRegenSystem] Initialized.
2025-12-04 09:50:06:506 [Worker 22480] info: [LootIdManager] Initialized with 39 static items and pre-built dictionary.
2025-12-04 09:50:06:506 [Worker 22480] info: [ECS:GeometryUpdateSystem] Initialized.
2025-12-04 09:50:06:506 [Worker 22480] info: [ECS:CleanupSystem] Initialized. (Now simplified)
2025-12-04 09:50:06:506 [Worker 22480] info: [ECS:PlayerWeaponSwitchSystem] Initialized.
2025-12-04 09:50:06:506 [Worker 22480] info: [ECS:EnemySpawnRequestSystem] Initialized.
2025-12-04 09:50:06:506 [Worker 22480] info: [ECS:BehaviorSystemV2] Initialized.
2025-12-04 09:50:06:506 [Worker 22480] info: [ECS:CombatAISystem] Initialized.
2025-12-04 09:50:06:506 [Worker 22480] info: [ECS:WeaponSwitchSystem] Initialized.
2025-12-04 09:50:06:506 [Worker 22480] info: [ECS:StatusEffectSystem] Initialized.
2025-12-04 09:50:06:506 [Worker 22480] info: [ECS:WeaponSystem] Initialized.
2025-12-04 09:50:06:506 [Worker 22480] info: [ECS:MovementSystem] Initialized.
2025-12-04 09:50:06:506 [Worker 22480] info: [ECS:EntitySimulationSystem] Initialized as the main simulation orchestrator.
2025-12-04 09:50:06:506 [Worker 22480] info: [ECS:PlayerBoundarySystem] Initialized.
2025-12-04 09:50:06:506 [Worker 22480] info: [ECS:BoundarySystem] Initialized.
2025-12-04 09:50:06:506 [Worker 22480] info: [ECS:DestructionEventSystem] Initialized as the main destruction controller.
2025-12-04 09:50:06:506 [Worker 22480] info: [ECS:CollisionDetectionSystem] Initialized. (Now unified)
2025-12-04 09:50:06:506 [Worker 22480] info: [ECS:CollisionResolutionSystem] Initialized.
2025-12-04 09:50:06:506 [Worker 22480] info: [ECS:HitValidationSystem] Initialized.
2025-12-04 09:50:06:506 [Worker 22480] info: [ECS:HistorySystem] Initialized.
2025-12-04 09:50:06:506 [Worker 22480] info: [ECS:BuffLifecycleSystem] Initialized.
2025-12-04 09:50:06:506 [Worker 22480] info: [ECS:StatRecalculationSystem] Initialized.
2025-12-04 09:50:06:506 [Worker 22480] info: [ECS:OnKillEffectSystem] Initialized.
2025-12-04 09:50:06:506 [Worker 22480] info: [ECS:LootDropSystem] Initialized.
2025-12-04 09:50:06:506 [Worker 22480] info: [ECS:SpawnSystem] Initialized.
2025-12-04 09:50:06:506 [Worker 22480] info: [ECS:LifetimeSystem] Initialized.
2025-12-04 09:50:06:506 [Worker 22480] info: [ECS:OffscreenCleanupSystem] Initialized.
2025-12-04 09:50:07:507 [Worker 22480] info: [DBMANAGER] Worker 22480: Connected to dbServer
2025-12-04 09:50:07:507 [Worker 22480] info: [DBMANAGER] Worker 22480: Identifying with unique ID: gameserver-Hddkwe35fsvk_worker_22480
2025-12-04 09:50:07:507 [Worker 22480] info: [REDISCLIENT] Worker 22480: Successfully connected to Redis.
2025-12-04 09:50:07:507 [Worker 22480] info: [GracefulShutdown] Обработчики для воркера 22480 инициализированы и ожидают команды от мастера.
2025-12-04 09:50:07:507 [Worker 22480] info: Worker 22480 started. WebSocket server running on port 3002
2025-12-04 09:50:07:507 [Worker 22480] info: [DBMANAGER] Worker 22480: Successfully identified with dbServer as gameserver-Hddkwe35fsvk_worker_22480
2025-12-04 09:50:07:507 [Worker 22480] info: [WeaponMechanicsStore] Weapon mechanics catalog received and cache has been built.
2025-12-04 09:50:07:507 [Worker 22480] info: [REDISSUBSCRIBER] Worker 22480: Subscribed to 'session-events' and 'session_control_events' channels.
2025-12-04 09:50:08:508 [Worker 24236] info: [ECS:EnergyRegenSystem] Initialized.
2025-12-04 09:50:08:508 [Worker 24236] info: [ECS:ShieldRegenSystem] Initialized.
2025-12-04 09:50:08:508 [Worker 24236] info: [LootIdManager] Initialized with 39 static items and pre-built dictionary.
2025-12-04 09:50:08:508 [Worker 24236] info: [ECS:GeometryUpdateSystem] Initialized.
2025-12-04 09:50:08:508 [Worker 24236] info: [ECS:CleanupSystem] Initialized. (Now simplified)
2025-12-04 09:50:08:508 [Worker 24236] info: [ECS:PlayerWeaponSwitchSystem] Initialized.
2025-12-04 09:50:08:508 [Worker 24236] info: [ECS:EnemySpawnRequestSystem] Initialized.
2025-12-04 09:50:08:508 [Worker 24236] info: [ECS:BehaviorSystemV2] Initialized.
2025-12-04 09:50:08:508 [Worker 24236] info: [ECS:CombatAISystem] Initialized.
2025-12-04 09:50:08:508 [Worker 24236] info: [ECS:WeaponSwitchSystem] Initialized.
2025-12-04 09:50:08:508 [Worker 24236] info: [ECS:StatusEffectSystem] Initialized.
2025-12-04 09:50:08:508 [Worker 24236] info: [ECS:WeaponSystem] Initialized.
2025-12-04 09:50:08:508 [Worker 24236] info: [ECS:MovementSystem] Initialized.
2025-12-04 09:50:08:508 [Worker 24236] info: [ECS:EntitySimulationSystem] Initialized as the main simulation orchestrator.
2025-12-04 09:50:08:508 [Worker 24236] info: [ECS:PlayerBoundarySystem] Initialized.
2025-12-04 09:50:08:508 [Worker 24236] info: [ECS:BoundarySystem] Initialized.
2025-12-04 09:50:08:508 [Worker 24236] info: [ECS:DestructionEventSystem] Initialized as the main destruction controller.
2025-12-04 09:50:08:508 [Worker 24236] info: [ECS:CollisionDetectionSystem] Initialized. (Now unified)
2025-12-04 09:50:08:508 [Worker 24236] info: [ECS:CollisionResolutionSystem] Initialized.
2025-12-04 09:50:08:508 [Worker 24236] info: [ECS:HitValidationSystem] Initialized.
2025-12-04 09:50:08:508 [Worker 24236] info: [ECS:HistorySystem] Initialized.
2025-12-04 09:50:08:508 [Worker 24236] info: [ECS:BuffLifecycleSystem] Initialized.
2025-12-04 09:50:08:508 [Worker 24236] info: [ECS:StatRecalculationSystem] Initialized.
2025-12-04 09:50:08:508 [Worker 24236] info: [ECS:OnKillEffectSystem] Initialized.
2025-12-04 09:50:08:508 [Worker 24236] info: [ECS:LootDropSystem] Initialized.
2025-12-04 09:50:08:508 [Worker 24236] info: [ECS:SpawnSystem] Initialized.
2025-12-04 09:50:08:508 [Worker 24236] info: [ECS:LifetimeSystem] Initialized.
2025-12-04 09:50:08:508 [Worker 24236] info: [ECS:OffscreenCleanupSystem] Initialized.
2025-12-04 09:50:09:509 [Worker 24236] info: [DBMANAGER] Worker 24236: Connected to dbServer
2025-12-04 09:50:09:509 [Worker 24236] info: [DBMANAGER] Worker 24236: Identifying with unique ID: gameserver-Hddkwe35fsvk_worker_24236
2025-12-04 09:50:09:509 [Worker 24236] info: [REDISCLIENT] Worker 24236: Successfully connected to Redis.
2025-12-04 09:50:09:509 [Worker 24236] info: [GracefulShutdown] Обработчики для воркера 24236 инициализированы и ожидают команды от мастера.
2025-12-04 09:50:09:509 [Worker 24236] info: Worker 24236 started. WebSocket server running on port 3002
2025-12-04 09:50:09:509 [Worker 24236] info: [DBMANAGER] Worker 24236: Successfully identified with dbServer as gameserver-Hddkwe35fsvk_worker_24236
2025-12-04 09:50:09:509 [Worker 24236] info: [WeaponMechanicsStore] Weapon mechanics catalog received and cache has been built.
2025-12-04 09:50:09:509 [Worker 24236] info: [REDISSUBSCRIBER] Worker 24236: Subscribed to 'session-events' and 'session_control_events' channels.
2025-12-04 09:50:10:5010 [Worker 14792] info: [ECS:EnergyRegenSystem] Initialized.
2025-12-04 09:50:10:5010 [Worker 14792] info: [ECS:ShieldRegenSystem] Initialized.
2025-12-04 09:50:10:5010 [Worker 14792] info: [LootIdManager] Initialized with 39 static items and pre-built dictionary.
2025-12-04 09:50:10:5010 [Worker 14792] info: [ECS:GeometryUpdateSystem] Initialized.
2025-12-04 09:50:10:5010 [Worker 14792] info: [ECS:CleanupSystem] Initialized. (Now simplified)
2025-12-04 09:50:10:5010 [Worker 14792] info: [ECS:PlayerWeaponSwitchSystem] Initialized.
2025-12-04 09:50:10:5010 [Worker 14792] info: [ECS:EnemySpawnRequestSystem] Initialized.
2025-12-04 09:50:10:5010 [Worker 14792] info: [ECS:BehaviorSystemV2] Initialized.
2025-12-04 09:50:10:5010 [Worker 14792] info: [ECS:CombatAISystem] Initialized.
2025-12-04 09:50:10:5010 [Worker 14792] info: [ECS:WeaponSwitchSystem] Initialized.
2025-12-04 09:50:10:5010 [Worker 14792] info: [ECS:StatusEffectSystem] Initialized.
2025-12-04 09:50:10:5010 [Worker 14792] info: [ECS:WeaponSystem] Initialized.
2025-12-04 09:50:10:5010 [Worker 14792] info: [ECS:MovementSystem] Initialized.
2025-12-04 09:50:10:5010 [Worker 14792] info: [ECS:EntitySimulationSystem] Initialized as the main simulation orchestrator.
2025-12-04 09:50:10:5010 [Worker 14792] info: [ECS:PlayerBoundarySystem] Initialized.
2025-12-04 09:50:10:5010 [Worker 14792] info: [ECS:BoundarySystem] Initialized.
2025-12-04 09:50:10:5010 [Worker 14792] info: [ECS:DestructionEventSystem] Initialized as the main destruction controller.
2025-12-04 09:50:10:5010 [Worker 14792] info: [ECS:CollisionDetectionSystem] Initialized. (Now unified)
2025-12-04 09:50:10:5010 [Worker 14792] info: [ECS:CollisionResolutionSystem] Initialized.
2025-12-04 09:50:10:5010 [Worker 14792] info: [ECS:HitValidationSystem] Initialized.
2025-12-04 09:50:10:5010 [Worker 14792] info: [ECS:HistorySystem] Initialized.
2025-12-04 09:50:10:5010 [Worker 14792] info: [ECS:BuffLifecycleSystem] Initialized.
2025-12-04 09:50:10:5010 [Worker 14792] info: [ECS:StatRecalculationSystem] Initialized.
2025-12-04 09:50:10:5010 [Worker 14792] info: [ECS:OnKillEffectSystem] Initialized.
2025-12-04 09:50:10:5010 [Worker 14792] info: [ECS:LootDropSystem] Initialized.
2025-12-04 09:50:10:5010 [Worker 14792] info: [ECS:SpawnSystem] Initialized.
2025-12-04 09:50:10:5010 [Worker 14792] info: [ECS:LifetimeSystem] Initialized.
2025-12-04 09:50:10:5010 [Worker 14792] info: [ECS:OffscreenCleanupSystem] Initialized.
2025-12-04 09:50:11:5011 [Worker 14792] info: [DBMANAGER] Worker 14792: Connected to dbServer
2025-12-04 09:50:11:5011 [Worker 14792] info: [DBMANAGER] Worker 14792: Identifying with unique ID: gameserver-Hddkwe35fsvk_worker_14792
2025-12-04 09:50:11:5011 [Worker 14792] info: [REDISCLIENT] Worker 14792: Successfully connected to Redis.
2025-12-04 09:50:11:5011 [Worker 14792] info: [GracefulShutdown] Обработчики для воркера 14792 инициализированы и ожидают команды от мастера.
2025-12-04 09:50:11:5011 [Worker 14792] info: Worker 14792 started. WebSocket server running on port 3002
2025-12-04 09:50:11:5011 [Worker 14792] info: [DBMANAGER] Worker 14792: Successfully identified with dbServer as gameserver-Hddkwe35fsvk_worker_14792
2025-12-04 09:50:11:5011 [Worker 14792] info: [WeaponMechanicsStore] Weapon mechanics catalog received and cache has been built.
2025-12-04 09:50:11:5011 [Worker 14792] info: [REDISSUBSCRIBER] Worker 14792: Subscribed to 'session-events' and 'session_control_events' channels.
2025-12-04 09:50:12:5012 [Worker 9108] info: [ECS:EnergyRegenSystem] Initialized.
2025-12-04 09:50:12:5012 [Worker 9108] info: [ECS:ShieldRegenSystem] Initialized.
2025-12-04 09:50:12:5012 [Worker 9108] info: [LootIdManager] Initialized with 39 static items and pre-built dictionary.
2025-12-04 09:50:12:5012 [Worker 9108] info: [ECS:GeometryUpdateSystem] Initialized.
2025-12-04 09:50:12:5012 [Worker 9108] info: [ECS:CleanupSystem] Initialized. (Now simplified)
2025-12-04 09:50:12:5012 [Worker 9108] info: [ECS:PlayerWeaponSwitchSystem] Initialized.
2025-12-04 09:50:12:5012 [Worker 9108] info: [ECS:EnemySpawnRequestSystem] Initialized.
2025-12-04 09:50:12:5012 [Worker 9108] info: [ECS:BehaviorSystemV2] Initialized.
2025-12-04 09:50:12:5012 [Worker 9108] info: [ECS:CombatAISystem] Initialized.
2025-12-04 09:50:12:5012 [Worker 9108] info: [ECS:WeaponSwitchSystem] Initialized.
2025-12-04 09:50:12:5012 [Worker 9108] info: [ECS:StatusEffectSystem] Initialized.
2025-12-04 09:50:12:5012 [Worker 9108] info: [ECS:WeaponSystem] Initialized.
2025-12-04 09:50:12:5012 [Worker 9108] info: [ECS:MovementSystem] Initialized.
2025-12-04 09:50:12:5012 [Worker 9108] info: [ECS:EntitySimulationSystem] Initialized as the main simulation orchestrator.
2025-12-04 09:50:12:5012 [Worker 9108] info: [ECS:PlayerBoundarySystem] Initialized.
2025-12-04 09:50:12:5012 [Worker 9108] info: [ECS:BoundarySystem] Initialized.
2025-12-04 09:50:12:5012 [Worker 9108] info: [ECS:DestructionEventSystem] Initialized as the main destruction controller.
2025-12-04 09:50:12:5012 [Worker 9108] info: [ECS:CollisionDetectionSystem] Initialized. (Now unified)
2025-12-04 09:50:12:5012 [Worker 9108] info: [ECS:CollisionResolutionSystem] Initialized.
2025-12-04 09:50:12:5012 [Worker 9108] info: [ECS:HitValidationSystem] Initialized.
2025-12-04 09:50:12:5012 [Worker 9108] info: [ECS:HistorySystem] Initialized.
2025-12-04 09:50:12:5012 [Worker 9108] info: [ECS:BuffLifecycleSystem] Initialized.
2025-12-04 09:50:12:5012 [Worker 9108] info: [ECS:StatRecalculationSystem] Initialized.
2025-12-04 09:50:12:5012 [Worker 9108] info: [ECS:OnKillEffectSystem] Initialized.
2025-12-04 09:50:12:5012 [Worker 9108] info: [ECS:LootDropSystem] Initialized.
2025-12-04 09:50:12:5012 [Worker 9108] info: [ECS:SpawnSystem] Initialized.
2025-12-04 09:50:12:5012 [Worker 9108] info: [ECS:LifetimeSystem] Initialized.
2025-12-04 09:50:12:5012 [Worker 9108] info: [ECS:OffscreenCleanupSystem] Initialized.
2025-12-04 09:50:13:5013 [Worker 9108] info: [DBMANAGER] Worker 9108: Connected to dbServer
2025-12-04 09:50:13:5013 [Worker 9108] info: [DBMANAGER] Worker 9108: Identifying with unique ID: gameserver-Hddkwe35fsvk_worker_9108
2025-12-04 09:50:13:5013 [Worker 9108] info: [REDISCLIENT] Worker 9108: Successfully connected to Redis.
2025-12-04 09:50:13:5013 [Worker 9108] info: [GracefulShutdown] Обработчики для воркера 9108 инициализированы и ожидают команды от мастера.
2025-12-04 09:50:13:5013 [Worker 9108] info: Worker 9108 started. WebSocket server running on port 3002
2025-12-04 09:50:13:5013 [Worker 9108] info: [DBMANAGER] Worker 9108: Successfully identified with dbServer as gameserver-Hddkwe35fsvk_worker_9108
2025-12-04 09:50:13:5013 [Worker 9108] info: [WeaponMechanicsStore] Weapon mechanics catalog received and cache has been built.
2025-12-04 09:50:13:5013 [Worker 9108] info: [REDISSUBSCRIBER] Worker 9108: Subscribed to 'session-events' and 'session_control_events' channels.
2025-12-04 09:50:14:5014 [Worker 23208] info: [ECS:EnergyRegenSystem] Initialized.
2025-12-04 09:50:14:5014 [Worker 23208] info: [ECS:ShieldRegenSystem] Initialized.
2025-12-04 09:50:14:5014 [Worker 23208] info: [LootIdManager] Initialized with 39 static items and pre-built dictionary.
2025-12-04 09:50:14:5014 [Worker 23208] info: [ECS:GeometryUpdateSystem] Initialized.
2025-12-04 09:50:14:5014 [Worker 23208] info: [ECS:CleanupSystem] Initialized. (Now simplified)
2025-12-04 09:50:14:5014 [Worker 23208] info: [ECS:PlayerWeaponSwitchSystem] Initialized.
2025-12-04 09:50:14:5014 [Worker 23208] info: [ECS:EnemySpawnRequestSystem] Initialized.
2025-12-04 09:50:14:5014 [Worker 23208] info: [ECS:BehaviorSystemV2] Initialized.
2025-12-04 09:50:14:5014 [Worker 23208] info: [ECS:CombatAISystem] Initialized.
2025-12-04 09:50:14:5014 [Worker 23208] info: [ECS:WeaponSwitchSystem] Initialized.
2025-12-04 09:50:14:5014 [Worker 23208] info: [ECS:StatusEffectSystem] Initialized.
2025-12-04 09:50:14:5014 [Worker 23208] info: [ECS:WeaponSystem] Initialized.
2025-12-04 09:50:14:5014 [Worker 23208] info: [ECS:MovementSystem] Initialized.
2025-12-04 09:50:14:5014 [Worker 23208] info: [ECS:EntitySimulationSystem] Initialized as the main simulation orchestrator.
2025-12-04 09:50:14:5014 [Worker 23208] info: [ECS:PlayerBoundarySystem] Initialized.
2025-12-04 09:50:14:5014 [Worker 23208] info: [ECS:BoundarySystem] Initialized.
2025-12-04 09:50:14:5014 [Worker 23208] info: [ECS:DestructionEventSystem] Initialized as the main destruction controller.
2025-12-04 09:50:14:5014 [Worker 23208] info: [ECS:CollisionDetectionSystem] Initialized. (Now unified)
2025-12-04 09:50:14:5014 [Worker 23208] info: [ECS:CollisionResolutionSystem] Initialized.
2025-12-04 09:50:14:5014 [Worker 23208] info: [ECS:HitValidationSystem] Initialized.
2025-12-04 09:50:14:5014 [Worker 23208] info: [ECS:HistorySystem] Initialized.
2025-12-04 09:50:14:5014 [Worker 23208] info: [ECS:BuffLifecycleSystem] Initialized.
2025-12-04 09:50:14:5014 [Worker 23208] info: [ECS:StatRecalculationSystem] Initialized.
2025-12-04 09:50:14:5014 [Worker 23208] info: [ECS:OnKillEffectSystem] Initialized.
2025-12-04 09:50:14:5014 [Worker 23208] info: [ECS:LootDropSystem] Initialized.
2025-12-04 09:50:14:5014 [Worker 23208] info: [ECS:SpawnSystem] Initialized.
2025-12-04 09:50:14:5014 [Worker 23208] info: [ECS:LifetimeSystem] Initialized.
2025-12-04 09:50:14:5014 [Worker 23208] info: [ECS:OffscreenCleanupSystem] Initialized.
2025-12-04 09:50:15:5015 [Worker 23208] info: [DBMANAGER] Worker 23208: Connected to dbServer
2025-12-04 09:50:15:5015 [Worker 23208] info: [DBMANAGER] Worker 23208: Identifying with unique ID: gameserver-Hddkwe35fsvk_worker_23208
2025-12-04 09:50:15:5015 [Worker 23208] info: [REDISCLIENT] Worker 23208: Successfully connected to Redis.
2025-12-04 09:50:15:5015 [Worker 23208] info: [GracefulShutdown] Обработчики для воркера 23208 инициализированы и ожидают команды от мастера.
2025-12-04 09:50:15:5015 [Worker 23208] info: Worker 23208 started. WebSocket server running on port 3002
2025-12-04 09:50:15:5015 [Worker 23208] info: [DBMANAGER] Worker 23208: Successfully identified with dbServer as gameserver-Hddkwe35fsvk_worker_23208
2025-12-04 09:50:15:5015 [Worker 23208] info: [WeaponMechanicsStore] Weapon mechanics catalog received and cache has been built.
2025-12-04 09:50:15:5015 [Worker 23208] info: [REDISSUBSCRIBER] Worker 23208: Subscribed to 'session-events' and 'session_control_events' channels.
2025-12-04 09:50:16:5016 [Worker 24140] info: [ECS:EnergyRegenSystem] Initialized.
2025-12-04 09:50:16:5016 [Worker 24140] info: [ECS:ShieldRegenSystem] Initialized.
2025-12-04 09:50:16:5016 [Worker 24140] info: [LootIdManager] Initialized with 39 static items and pre-built dictionary.
2025-12-04 09:50:16:5016 [Worker 24140] info: [ECS:GeometryUpdateSystem] Initialized.
2025-12-04 09:50:16:5016 [Worker 24140] info: [ECS:CleanupSystem] Initialized. (Now simplified)
2025-12-04 09:50:16:5016 [Worker 24140] info: [ECS:PlayerWeaponSwitchSystem] Initialized.
2025-12-04 09:50:16:5016 [Worker 24140] info: [ECS:EnemySpawnRequestSystem] Initialized.
2025-12-04 09:50:16:5016 [Worker 24140] info: [ECS:BehaviorSystemV2] Initialized.
2025-12-04 09:50:16:5016 [Worker 24140] info: [ECS:CombatAISystem] Initialized.
2025-12-04 09:50:16:5016 [Worker 24140] info: [ECS:WeaponSwitchSystem] Initialized.
2025-12-04 09:50:16:5016 [Worker 24140] info: [ECS:StatusEffectSystem] Initialized.
2025-12-04 09:50:16:5016 [Worker 24140] info: [ECS:WeaponSystem] Initialized.
2025-12-04 09:50:16:5016 [Worker 24140] info: [ECS:MovementSystem] Initialized.
2025-12-04 09:50:16:5016 [Worker 24140] info: [ECS:EntitySimulationSystem] Initialized as the main simulation orchestrator.
2025-12-04 09:50:16:5016 [Worker 24140] info: [ECS:PlayerBoundarySystem] Initialized.
2025-12-04 09:50:16:5016 [Worker 24140] info: [ECS:BoundarySystem] Initialized.
2025-12-04 09:50:16:5016 [Worker 24140] info: [ECS:DestructionEventSystem] Initialized as the main destruction controller.
2025-12-04 09:50:16:5016 [Worker 24140] info: [ECS:CollisionDetectionSystem] Initialized. (Now unified)
2025-12-04 09:50:16:5016 [Worker 24140] info: [ECS:CollisionResolutionSystem] Initialized.
2025-12-04 09:50:16:5016 [Worker 24140] info: [ECS:HitValidationSystem] Initialized.
2025-12-04 09:50:16:5016 [Worker 24140] info: [ECS:HistorySystem] Initialized.
2025-12-04 09:50:16:5016 [Worker 24140] info: [ECS:BuffLifecycleSystem] Initialized.
2025-12-04 09:50:16:5016 [Worker 24140] info: [ECS:StatRecalculationSystem] Initialized.
2025-12-04 09:50:16:5016 [Worker 24140] info: [ECS:OnKillEffectSystem] Initialized.
2025-12-04 09:50:16:5016 [Worker 24140] info: [ECS:LootDropSystem] Initialized.
2025-12-04 09:50:16:5016 [Worker 24140] info: [ECS:SpawnSystem] Initialized.
2025-12-04 09:50:16:5016 [Worker 24140] info: [ECS:LifetimeSystem] Initialized.
2025-12-04 09:50:16:5016 [Worker 24140] info: [ECS:OffscreenCleanupSystem] Initialized.
2025-12-04 09:50:17:5017 [Worker 24140] info: [DBMANAGER] Worker 24140: Connected to dbServer
2025-12-04 09:50:17:5017 [Worker 24140] info: [DBMANAGER] Worker 24140: Identifying with unique ID: gameserver-Hddkwe35fsvk_worker_24140
2025-12-04 09:50:17:5017 [Worker 24140] info: [REDISCLIENT] Worker 24140: Successfully connected to Redis.
2025-12-04 09:50:17:5017 [Worker 24140] info: [GracefulShutdown] Обработчики для воркера 24140 инициализированы и ожидают команды от мастера.
2025-12-04 09:50:17:5017 [Worker 24140] info: Worker 24140 started. WebSocket server running on port 3002
2025-12-04 09:50:17:5017 [Worker 24140] info: [DBMANAGER] Worker 24140: Successfully identified with dbServer as gameserver-Hddkwe35fsvk_worker_24140
2025-12-04 09:50:17:5017 [Worker 24140] info: [WeaponMechanicsStore] Weapon mechanics catalog received and cache has been built.
2025-12-04 09:50:17:5017 [Worker 24140] info: [REDISSUBSCRIBER] Worker 24140: Subscribed to 'session-events' and 'session_control_events' channels.
2025-12-04 09:50:18:5018 [Worker 21608] warn: Master process received SIGINT. Instructing all workers to shut down gracefully.
2025-12-04 09:50:18:5018 [Worker 21608] warn: Worker 23988 exited during shutdown process.
2025-12-04 09:50:18:5018 [Worker 21608] warn: Worker 23532 exited during shutdown process.
2025-12-04 09:50:18:5018 [Worker 21608] warn: Worker 23800 exited during shutdown process.
2025-12-04 09:50:18:5018 [Worker 21608] warn: Worker 24236 exited during shutdown process.
2025-12-04 09:50:18:5018 [Worker 21608] warn: Worker 18324 exited during shutdown process.
2025-12-04 09:50:18:5018 [Worker 21608] warn: Worker 22480 exited during shutdown process.
2025-12-04 09:50:18:5018 [Worker 21608] warn: Worker 5304 exited during shutdown process.
2025-12-04 09:50:18:5018 [Worker 21608] warn: Worker 9108 exited during shutdown process.
2025-12-04 09:50:18:5018 [Worker 21608] warn: Worker 24560 exited during shutdown process.
2025-12-04 09:50:18:5018 [Worker 21608] warn: Worker 14792 exited during shutdown process.
2025-12-04 09:50:18:5018 [Worker 21608] warn: Worker 24140 exited during shutdown process.
2025-12-04 09:50:18:5018 [Worker 21608] warn: Worker 23208 exited during shutdown process.
2025-12-04 09:50:33:5033 [Worker 172] info: [ECS:EnergyRegenSystem] Initialized.
2025-12-04 09:50:33:5033 [Worker 172] info: [ECS:ShieldRegenSystem] Initialized.
2025-12-04 09:50:33:5033 [Worker 172] info: [LootIdManager] Initialized with 39 static items and pre-built dictionary.
2025-12-04 09:50:33:5033 [Worker 172] info: [ECS:GeometryUpdateSystem] Initialized.
2025-12-04 09:50:33:5033 [Worker 172] info: [ECS:CleanupSystem] Initialized. (Now simplified)
2025-12-04 09:50:33:5033 [Worker 172] info: [ECS:PlayerWeaponSwitchSystem] Initialized.
2025-12-04 09:50:33:5033 [Worker 172] info: [ECS:EnemySpawnRequestSystem] Initialized.
2025-12-04 09:50:33:5033 [Worker 172] info: [ECS:BehaviorSystemV2] Initialized.
2025-12-04 09:50:33:5033 [Worker 172] info: [ECS:CombatAISystem] Initialized.
2025-12-04 09:50:33:5033 [Worker 172] info: [ECS:WeaponSwitchSystem] Initialized.
2025-12-04 09:50:33:5033 [Worker 172] info: [ECS:StatusEffectSystem] Initialized.
2025-12-04 09:50:33:5033 [Worker 172] info: [ECS:WeaponSystem] Initialized.
2025-12-04 09:50:33:5033 [Worker 172] info: [ECS:MovementSystem] Initialized.
2025-12-04 09:50:33:5033 [Worker 172] info: [ECS:EntitySimulationSystem] Initialized as the main simulation orchestrator.
2025-12-04 09:50:33:5033 [Worker 172] info: [ECS:PlayerBoundarySystem] Initialized.
2025-12-04 09:50:33:5033 [Worker 172] info: [ECS:BoundarySystem] Initialized.
2025-12-04 09:50:33:5033 [Worker 172] info: [ECS:DestructionEventSystem] Initialized as the main destruction controller.
2025-12-04 09:50:33:5033 [Worker 172] info: [ECS:CollisionDetectionSystem] Initialized. (Now unified)
2025-12-04 09:50:33:5033 [Worker 172] info: [ECS:CollisionResolutionSystem] Initialized.
2025-12-04 09:50:33:5033 [Worker 172] info: [ECS:HitValidationSystem] Initialized.
2025-12-04 09:50:33:5033 [Worker 172] info: [ECS:HistorySystem] Initialized.
2025-12-04 09:50:33:5033 [Worker 172] info: [ECS:BuffLifecycleSystem] Initialized.
2025-12-04 09:50:33:5033 [Worker 172] info: [ECS:StatRecalculationSystem] Initialized.
2025-12-04 09:50:33:5033 [Worker 172] info: [ECS:OnKillEffectSystem] Initialized.
2025-12-04 09:50:33:5033 [Worker 172] info: [ECS:LootDropSystem] Initialized.
2025-12-04 09:50:33:5033 [Worker 172] info: [ECS:SpawnSystem] Initialized.
2025-12-04 09:50:33:5033 [Worker 172] info: [ECS:LifetimeSystem] Initialized.
2025-12-04 09:50:33:5033 [Worker 172] info: [ECS:OffscreenCleanupSystem] Initialized.
2025-12-04 09:50:33:5033 [Worker 172] info: Master process 172 is running
2025-12-04 09:50:34:5034 [Worker 14524] info: [ECS:EnergyRegenSystem] Initialized.
2025-12-04 09:50:34:5034 [Worker 14524] info: [ECS:ShieldRegenSystem] Initialized.
2025-12-04 09:50:34:5034 [Worker 14524] info: [LootIdManager] Initialized with 39 static items and pre-built dictionary.
2025-12-04 09:50:34:5034 [Worker 14524] info: [ECS:GeometryUpdateSystem] Initialized.
2025-12-04 09:50:34:5034 [Worker 14524] info: [ECS:CleanupSystem] Initialized. (Now simplified)
2025-12-04 09:50:34:5034 [Worker 14524] info: [ECS:PlayerWeaponSwitchSystem] Initialized.
2025-12-04 09:50:34:5034 [Worker 14524] info: [ECS:EnemySpawnRequestSystem] Initialized.
2025-12-04 09:50:34:5034 [Worker 14524] info: [ECS:BehaviorSystemV2] Initialized.
2025-12-04 09:50:34:5034 [Worker 14524] info: [ECS:CombatAISystem] Initialized.
2025-12-04 09:50:34:5034 [Worker 14524] info: [ECS:WeaponSwitchSystem] Initialized.
2025-12-04 09:50:34:5034 [Worker 14524] info: [ECS:StatusEffectSystem] Initialized.
2025-12-04 09:50:34:5034 [Worker 14524] info: [ECS:WeaponSystem] Initialized.
2025-12-04 09:50:34:5034 [Worker 14524] info: [ECS:MovementSystem] Initialized.
2025-12-04 09:50:34:5034 [Worker 14524] info: [ECS:EntitySimulationSystem] Initialized as the main simulation orchestrator.
2025-12-04 09:50:34:5034 [Worker 14524] info: [ECS:PlayerBoundarySystem] Initialized.
2025-12-04 09:50:34:5034 [Worker 14524] info: [ECS:BoundarySystem] Initialized.
2025-12-04 09:50:34:5034 [Worker 14524] info: [ECS:DestructionEventSystem] Initialized as the main destruction controller.
2025-12-04 09:50:34:5034 [Worker 14524] info: [ECS:CollisionDetectionSystem] Initialized. (Now unified)
2025-12-04 09:50:34:5034 [Worker 14524] info: [ECS:CollisionResolutionSystem] Initialized.
2025-12-04 09:50:34:5034 [Worker 14524] info: [ECS:HitValidationSystem] Initialized.
2025-12-04 09:50:34:5034 [Worker 14524] info: [ECS:HistorySystem] Initialized.
2025-12-04 09:50:34:5034 [Worker 14524] info: [ECS:BuffLifecycleSystem] Initialized.
2025-12-04 09:50:34:5034 [Worker 14524] info: [ECS:StatRecalculationSystem] Initialized.
2025-12-04 09:50:34:5034 [Worker 14524] info: [ECS:OnKillEffectSystem] Initialized.
2025-12-04 09:50:34:5034 [Worker 14524] info: [ECS:LootDropSystem] Initialized.
2025-12-04 09:50:34:5034 [Worker 14524] info: [ECS:SpawnSystem] Initialized.
2025-12-04 09:50:34:5034 [Worker 14524] info: [ECS:LifetimeSystem] Initialized.
2025-12-04 09:50:34:5034 [Worker 14524] info: [ECS:OffscreenCleanupSystem] Initialized.
2025-12-04 09:50:35:5035 [Worker 14524] info: [DBMANAGER] Worker 14524: Connected to dbServer
2025-12-04 09:50:35:5035 [Worker 14524] info: [DBMANAGER] Worker 14524: Identifying with unique ID: gameserver-Hddkwe35fsvk_worker_14524
2025-12-04 09:50:35:5035 [Worker 14524] info: [REDISCLIENT] Worker 14524: Successfully connected to Redis.
2025-12-04 09:50:35:5035 [Worker 14524] info: [GracefulShutdown] Обработчики для воркера 14524 инициализированы и ожидают команды от мастера.
2025-12-04 09:50:35:5035 [Worker 14524] info: Worker 14524 started. WebSocket server running on port 3002
2025-12-04 09:50:35:5035 [Worker 14524] warn: [DBMANAGER] Worker 14524: Disconnected from dbServer
2025-12-04 09:50:35:5035 [Worker 14524] info: [REDISSUBSCRIBER] Worker 14524: Subscribed to 'session-events' and 'session_control_events' channels.
2025-12-04 09:50:36:5036 [Worker 7840] info: [ECS:EnergyRegenSystem] Initialized.
2025-12-04 09:50:36:5036 [Worker 7840] info: [ECS:ShieldRegenSystem] Initialized.
2025-12-04 09:50:36:5036 [Worker 7840] info: [LootIdManager] Initialized with 39 static items and pre-built dictionary.
2025-12-04 09:50:36:5036 [Worker 7840] info: [ECS:GeometryUpdateSystem] Initialized.
2025-12-04 09:50:36:5036 [Worker 7840] info: [ECS:CleanupSystem] Initialized. (Now simplified)
2025-12-04 09:50:36:5036 [Worker 7840] info: [ECS:PlayerWeaponSwitchSystem] Initialized.
2025-12-04 09:50:36:5036 [Worker 7840] info: [ECS:EnemySpawnRequestSystem] Initialized.
2025-12-04 09:50:36:5036 [Worker 7840] info: [ECS:BehaviorSystemV2] Initialized.
2025-12-04 09:50:36:5036 [Worker 7840] info: [ECS:CombatAISystem] Initialized.
2025-12-04 09:50:36:5036 [Worker 7840] info: [ECS:WeaponSwitchSystem] Initialized.
2025-12-04 09:50:36:5036 [Worker 7840] info: [ECS:StatusEffectSystem] Initialized.
2025-12-04 09:50:36:5036 [Worker 7840] info: [ECS:WeaponSystem] Initialized.
2025-12-04 09:50:36:5036 [Worker 7840] info: [ECS:MovementSystem] Initialized.
2025-12-04 09:50:36:5036 [Worker 7840] info: [ECS:EntitySimulationSystem] Initialized as the main simulation orchestrator.
2025-12-04 09:50:36:5036 [Worker 7840] info: [ECS:PlayerBoundarySystem] Initialized.
2025-12-04 09:50:36:5036 [Worker 7840] info: [ECS:BoundarySystem] Initialized.
2025-12-04 09:50:36:5036 [Worker 7840] info: [ECS:DestructionEventSystem] Initialized as the main destruction controller.
2025-12-04 09:50:36:5036 [Worker 7840] info: [ECS:CollisionDetectionSystem] Initialized. (Now unified)
2025-12-04 09:50:36:5036 [Worker 7840] info: [ECS:CollisionResolutionSystem] Initialized.
2025-12-04 09:50:36:5036 [Worker 7840] info: [ECS:HitValidationSystem] Initialized.
2025-12-04 09:50:36:5036 [Worker 7840] info: [ECS:HistorySystem] Initialized.
2025-12-04 09:50:36:5036 [Worker 7840] info: [ECS:BuffLifecycleSystem] Initialized.
2025-12-04 09:50:36:5036 [Worker 7840] info: [ECS:StatRecalculationSystem] Initialized.
2025-12-04 09:50:36:5036 [Worker 7840] info: [ECS:OnKillEffectSystem] Initialized.
2025-12-04 09:50:36:5036 [Worker 7840] info: [ECS:LootDropSystem] Initialized.
2025-12-04 09:50:36:5036 [Worker 7840] info: [ECS:SpawnSystem] Initialized.
2025-12-04 09:50:36:5036 [Worker 7840] info: [ECS:LifetimeSystem] Initialized.
2025-12-04 09:50:36:5036 [Worker 7840] info: [ECS:OffscreenCleanupSystem] Initialized.
2025-12-04 09:50:37:5037 [Worker 7840] info: [DBMANAGER] Worker 7840: Connected to dbServer
2025-12-04 09:50:37:5037 [Worker 7840] info: [DBMANAGER] Worker 7840: Identifying with unique ID: gameserver-Hddkwe35fsvk_worker_7840
2025-12-04 09:50:37:5037 [Worker 7840] info: [REDISCLIENT] Worker 7840: Successfully connected to Redis.
2025-12-04 09:50:37:5037 [Worker 7840] info: [GracefulShutdown] Обработчики для воркера 7840 инициализированы и ожидают команды от мастера.
2025-12-04 09:50:37:5037 [Worker 7840] info: Worker 7840 started. WebSocket server running on port 3002
2025-12-04 09:50:37:5037 [Worker 7840] info: [DBMANAGER] Worker 7840: Successfully identified with dbServer as gameserver-Hddkwe35fsvk_worker_7840
2025-12-04 09:50:37:5037 [Worker 7840] info: [WeaponMechanicsStore] Weapon mechanics catalog received and cache has been built.
2025-12-04 09:50:37:5037 [Worker 7840] info: [REDISSUBSCRIBER] Worker 7840: Subscribed to 'session-events' and 'session_control_events' channels.
2025-12-04 09:50:37:5037 [Worker 14524] info: [DBMANAGER] Worker 14524: Connected to dbServer
2025-12-04 09:50:37:5037 [Worker 14524] info: [DBMANAGER] Worker 14524: Identifying with unique ID: gameserver-Hddkwe35fsvk_worker_14524
2025-12-04 09:50:37:5037 [Worker 14524] info: [DBMANAGER] Worker 14524: Successfully identified with dbServer as gameserver-Hddkwe35fsvk_worker_14524
2025-12-04 09:50:37:5037 [Worker 14524] info: [WeaponMechanicsStore] Weapon mechanics catalog received and cache has been built.
2025-12-04 09:50:38:5038 [Worker 23076] info: [ECS:EnergyRegenSystem] Initialized.
2025-12-04 09:50:38:5038 [Worker 23076] info: [ECS:ShieldRegenSystem] Initialized.
2025-12-04 09:50:38:5038 [Worker 23076] info: [LootIdManager] Initialized with 39 static items and pre-built dictionary.
2025-12-04 09:50:38:5038 [Worker 23076] info: [ECS:GeometryUpdateSystem] Initialized.
2025-12-04 09:50:38:5038 [Worker 23076] info: [ECS:CleanupSystem] Initialized. (Now simplified)
2025-12-04 09:50:38:5038 [Worker 23076] info: [ECS:PlayerWeaponSwitchSystem] Initialized.
2025-12-04 09:50:38:5038 [Worker 23076] info: [ECS:EnemySpawnRequestSystem] Initialized.
2025-12-04 09:50:38:5038 [Worker 23076] info: [ECS:BehaviorSystemV2] Initialized.
2025-12-04 09:50:38:5038 [Worker 23076] info: [ECS:CombatAISystem] Initialized.
2025-12-04 09:50:38:5038 [Worker 23076] info: [ECS:WeaponSwitchSystem] Initialized.
2025-12-04 09:50:38:5038 [Worker 23076] info: [ECS:StatusEffectSystem] Initialized.
2025-12-04 09:50:38:5038 [Worker 23076] info: [ECS:WeaponSystem] Initialized.
2025-12-04 09:50:38:5038 [Worker 23076] info: [ECS:MovementSystem] Initialized.
2025-12-04 09:50:38:5038 [Worker 23076] info: [ECS:EntitySimulationSystem] Initialized as the main simulation orchestrator.
2025-12-04 09:50:38:5038 [Worker 23076] info: [ECS:PlayerBoundarySystem] Initialized.
2025-12-04 09:50:38:5038 [Worker 23076] info: [ECS:BoundarySystem] Initialized.
2025-12-04 09:50:38:5038 [Worker 23076] info: [ECS:DestructionEventSystem] Initialized as the main destruction controller.
2025-12-04 09:50:38:5038 [Worker 23076] info: [ECS:CollisionDetectionSystem] Initialized. (Now unified)
2025-12-04 09:50:38:5038 [Worker 23076] info: [ECS:CollisionResolutionSystem] Initialized.
2025-12-04 09:50:38:5038 [Worker 23076] info: [ECS:HitValidationSystem] Initialized.
2025-12-04 09:50:38:5038 [Worker 23076] info: [ECS:HistorySystem] Initialized.
2025-12-04 09:50:38:5038 [Worker 23076] info: [ECS:BuffLifecycleSystem] Initialized.
2025-12-04 09:50:38:5038 [Worker 23076] info: [ECS:StatRecalculationSystem] Initialized.
2025-12-04 09:50:38:5038 [Worker 23076] info: [ECS:OnKillEffectSystem] Initialized.
2025-12-04 09:50:38:5038 [Worker 23076] info: [ECS:LootDropSystem] Initialized.
2025-12-04 09:50:38:5038 [Worker 23076] info: [ECS:SpawnSystem] Initialized.
2025-12-04 09:50:38:5038 [Worker 23076] info: [ECS:LifetimeSystem] Initialized.
2025-12-04 09:50:38:5038 [Worker 23076] info: [ECS:OffscreenCleanupSystem] Initialized.
2025-12-04 09:50:39:5039 [Worker 23076] info: [DBMANAGER] Worker 23076: Connected to dbServer
2025-12-04 09:50:39:5039 [Worker 23076] info: [DBMANAGER] Worker 23076: Identifying with unique ID: gameserver-Hddkwe35fsvk_worker_23076
2025-12-04 09:50:39:5039 [Worker 23076] info: [REDISCLIENT] Worker 23076: Successfully connected to Redis.
2025-12-04 09:50:39:5039 [Worker 23076] info: [GracefulShutdown] Обработчики для воркера 23076 инициализированы и ожидают команды от мастера.
2025-12-04 09:50:39:5039 [Worker 23076] info: Worker 23076 started. WebSocket server running on port 3002
2025-12-04 09:50:39:5039 [Worker 23076] info: [DBMANAGER] Worker 23076: Successfully identified with dbServer as gameserver-Hddkwe35fsvk_worker_23076
2025-12-04 09:50:39:5039 [Worker 23076] info: [WeaponMechanicsStore] Weapon mechanics catalog received and cache has been built.
2025-12-04 09:50:39:5039 [Worker 23076] info: [REDISSUBSCRIBER] Worker 23076: Subscribed to 'session-events' and 'session_control_events' channels.
2025-12-04 09:50:40:5040 [Worker 23908] info: [ECS:EnergyRegenSystem] Initialized.
2025-12-04 09:50:40:5040 [Worker 23908] info: [ECS:ShieldRegenSystem] Initialized.
2025-12-04 09:50:40:5040 [Worker 23908] info: [LootIdManager] Initialized with 39 static items and pre-built dictionary.
2025-12-04 09:50:40:5040 [Worker 23908] info: [ECS:GeometryUpdateSystem] Initialized.
2025-12-04 09:50:40:5040 [Worker 23908] info: [ECS:CleanupSystem] Initialized. (Now simplified)
2025-12-04 09:50:40:5040 [Worker 23908] info: [ECS:PlayerWeaponSwitchSystem] Initialized.
2025-12-04 09:50:40:5040 [Worker 23908] info: [ECS:EnemySpawnRequestSystem] Initialized.
2025-12-04 09:50:40:5040 [Worker 23908] info: [ECS:BehaviorSystemV2] Initialized.
2025-12-04 09:50:40:5040 [Worker 23908] info: [ECS:CombatAISystem] Initialized.
2025-12-04 09:50:40:5040 [Worker 23908] info: [ECS:WeaponSwitchSystem] Initialized.
2025-12-04 09:50:40:5040 [Worker 23908] info: [ECS:StatusEffectSystem] Initialized.
2025-12-04 09:50:40:5040 [Worker 23908] info: [ECS:WeaponSystem] Initialized.
2025-12-04 09:50:40:5040 [Worker 23908] info: [ECS:MovementSystem] Initialized.
2025-12-04 09:50:40:5040 [Worker 23908] info: [ECS:EntitySimulationSystem] Initialized as the main simulation orchestrator.
2025-12-04 09:50:40:5040 [Worker 23908] info: [ECS:PlayerBoundarySystem] Initialized.
2025-12-04 09:50:40:5040 [Worker 23908] info: [ECS:BoundarySystem] Initialized.
2025-12-04 09:50:40:5040 [Worker 23908] info: [ECS:DestructionEventSystem] Initialized as the main destruction controller.
2025-12-04 09:50:40:5040 [Worker 23908] info: [ECS:CollisionDetectionSystem] Initialized. (Now unified)
2025-12-04 09:50:40:5040 [Worker 23908] info: [ECS:CollisionResolutionSystem] Initialized.
2025-12-04 09:50:40:5040 [Worker 23908] info: [ECS:HitValidationSystem] Initialized.
2025-12-04 09:50:40:5040 [Worker 23908] info: [ECS:HistorySystem] Initialized.
2025-12-04 09:50:40:5040 [Worker 23908] info: [ECS:BuffLifecycleSystem] Initialized.
2025-12-04 09:50:40:5040 [Worker 23908] info: [ECS:StatRecalculationSystem] Initialized.
2025-12-04 09:50:40:5040 [Worker 23908] info: [ECS:OnKillEffectSystem] Initialized.
2025-12-04 09:50:40:5040 [Worker 23908] info: [ECS:LootDropSystem] Initialized.
2025-12-04 09:50:40:5040 [Worker 23908] info: [ECS:SpawnSystem] Initialized.
2025-12-04 09:50:40:5040 [Worker 23908] info: [ECS:LifetimeSystem] Initialized.
2025-12-04 09:50:40:5040 [Worker 23908] info: [ECS:OffscreenCleanupSystem] Initialized.
2025-12-04 09:50:41:5041 [Worker 23908] info: [DBMANAGER] Worker 23908: Connected to dbServer
2025-12-04 09:50:41:5041 [Worker 23908] info: [DBMANAGER] Worker 23908: Identifying with unique ID: gameserver-Hddkwe35fsvk_worker_23908
2025-12-04 09:50:41:5041 [Worker 23908] info: [REDISCLIENT] Worker 23908: Successfully connected to Redis.
2025-12-04 09:50:41:5041 [Worker 23908] info: [GracefulShutdown] Обработчики для воркера 23908 инициализированы и ожидают команды от мастера.
2025-12-04 09:50:41:5041 [Worker 23908] info: Worker 23908 started. WebSocket server running on port 3002
2025-12-04 09:50:41:5041 [Worker 23908] info: [DBMANAGER] Worker 23908: Successfully identified with dbServer as gameserver-Hddkwe35fsvk_worker_23908
2025-12-04 09:50:41:5041 [Worker 23908] info: [WeaponMechanicsStore] Weapon mechanics catalog received and cache has been built.
2025-12-04 09:50:41:5041 [Worker 23908] info: [REDISSUBSCRIBER] Worker 23908: Subscribed to 'session-events' and 'session_control_events' channels.
2025-12-04 09:50:42:5042 [Worker 24496] info: [ECS:EnergyRegenSystem] Initialized.
2025-12-04 09:50:42:5042 [Worker 24496] info: [ECS:ShieldRegenSystem] Initialized.
2025-12-04 09:50:42:5042 [Worker 24496] info: [LootIdManager] Initialized with 39 static items and pre-built dictionary.
2025-12-04 09:50:42:5042 [Worker 24496] info: [ECS:GeometryUpdateSystem] Initialized.
2025-12-04 09:50:42:5042 [Worker 24496] info: [ECS:CleanupSystem] Initialized. (Now simplified)
2025-12-04 09:50:42:5042 [Worker 24496] info: [ECS:PlayerWeaponSwitchSystem] Initialized.
2025-12-04 09:50:42:5042 [Worker 24496] info: [ECS:EnemySpawnRequestSystem] Initialized.
2025-12-04 09:50:42:5042 [Worker 24496] info: [ECS:BehaviorSystemV2] Initialized.
2025-12-04 09:50:42:5042 [Worker 24496] info: [ECS:CombatAISystem] Initialized.
2025-12-04 09:50:42:5042 [Worker 24496] info: [ECS:WeaponSwitchSystem] Initialized.
2025-12-04 09:50:42:5042 [Worker 24496] info: [ECS:StatusEffectSystem] Initialized.
2025-12-04 09:50:42:5042 [Worker 24496] info: [ECS:WeaponSystem] Initialized.
2025-12-04 09:50:42:5042 [Worker 24496] info: [ECS:MovementSystem] Initialized.
2025-12-04 09:50:42:5042 [Worker 24496] info: [ECS:EntitySimulationSystem] Initialized as the main simulation orchestrator.
2025-12-04 09:50:42:5042 [Worker 24496] info: [ECS:PlayerBoundarySystem] Initialized.
2025-12-04 09:50:42:5042 [Worker 24496] info: [ECS:BoundarySystem] Initialized.
2025-12-04 09:50:42:5042 [Worker 24496] info: [ECS:DestructionEventSystem] Initialized as the main destruction controller.
2025-12-04 09:50:42:5042 [Worker 24496] info: [ECS:CollisionDetectionSystem] Initialized. (Now unified)
2025-12-04 09:50:42:5042 [Worker 24496] info: [ECS:CollisionResolutionSystem] Initialized.
2025-12-04 09:50:42:5042 [Worker 24496] info: [ECS:HitValidationSystem] Initialized.
2025-12-04 09:50:42:5042 [Worker 24496] info: [ECS:HistorySystem] Initialized.
2025-12-04 09:50:42:5042 [Worker 24496] info: [ECS:BuffLifecycleSystem] Initialized.
2025-12-04 09:50:42:5042 [Worker 24496] info: [ECS:StatRecalculationSystem] Initialized.
2025-12-04 09:50:42:5042 [Worker 24496] info: [ECS:OnKillEffectSystem] Initialized.
2025-12-04 09:50:42:5042 [Worker 24496] info: [ECS:LootDropSystem] Initialized.
2025-12-04 09:50:42:5042 [Worker 24496] info: [ECS:SpawnSystem] Initialized.
2025-12-04 09:50:42:5042 [Worker 24496] info: [ECS:LifetimeSystem] Initialized.
2025-12-04 09:50:42:5042 [Worker 24496] info: [ECS:OffscreenCleanupSystem] Initialized.
2025-12-04 09:50:43:5043 [Worker 24496] info: [DBMANAGER] Worker 24496: Connected to dbServer
2025-12-04 09:50:43:5043 [Worker 24496] info: [DBMANAGER] Worker 24496: Identifying with unique ID: gameserver-Hddkwe35fsvk_worker_24496
2025-12-04 09:50:43:5043 [Worker 24496] info: [REDISCLIENT] Worker 24496: Successfully connected to Redis.
2025-12-04 09:50:43:5043 [Worker 24496] info: [GracefulShutdown] Обработчики для воркера 24496 инициализированы и ожидают команды от мастера.
2025-12-04 09:50:43:5043 [Worker 24496] info: Worker 24496 started. WebSocket server running on port 3002
2025-12-04 09:50:43:5043 [Worker 24496] info: [DBMANAGER] Worker 24496: Successfully identified with dbServer as gameserver-Hddkwe35fsvk_worker_24496
2025-12-04 09:50:43:5043 [Worker 24496] info: [WeaponMechanicsStore] Weapon mechanics catalog received and cache has been built.
2025-12-04 09:50:43:5043 [Worker 24496] info: [REDISSUBSCRIBER] Worker 24496: Subscribed to 'session-events' and 'session_control_events' channels.
2025-12-04 09:50:44:5044 [Worker 21624] info: [ECS:EnergyRegenSystem] Initialized.
2025-12-04 09:50:44:5044 [Worker 21624] info: [ECS:ShieldRegenSystem] Initialized.
2025-12-04 09:50:44:5044 [Worker 21624] info: [LootIdManager] Initialized with 39 static items and pre-built dictionary.
2025-12-04 09:50:44:5044 [Worker 21624] info: [ECS:GeometryUpdateSystem] Initialized.
2025-12-04 09:50:44:5044 [Worker 21624] info: [ECS:CleanupSystem] Initialized. (Now simplified)
2025-12-04 09:50:44:5044 [Worker 21624] info: [ECS:PlayerWeaponSwitchSystem] Initialized.
2025-12-04 09:50:44:5044 [Worker 21624] info: [ECS:EnemySpawnRequestSystem] Initialized.
2025-12-04 09:50:44:5044 [Worker 21624] info: [ECS:BehaviorSystemV2] Initialized.
2025-12-04 09:50:44:5044 [Worker 21624] info: [ECS:CombatAISystem] Initialized.
2025-12-04 09:50:44:5044 [Worker 21624] info: [ECS:WeaponSwitchSystem] Initialized.
2025-12-04 09:50:44:5044 [Worker 21624] info: [ECS:StatusEffectSystem] Initialized.
2025-12-04 09:50:44:5044 [Worker 21624] info: [ECS:WeaponSystem] Initialized.
2025-12-04 09:50:44:5044 [Worker 21624] info: [ECS:MovementSystem] Initialized.
2025-12-04 09:50:44:5044 [Worker 21624] info: [ECS:EntitySimulationSystem] Initialized as the main simulation orchestrator.
2025-12-04 09:50:44:5044 [Worker 21624] info: [ECS:PlayerBoundarySystem] Initialized.
2025-12-04 09:50:44:5044 [Worker 21624] info: [ECS:BoundarySystem] Initialized.
2025-12-04 09:50:44:5044 [Worker 21624] info: [ECS:DestructionEventSystem] Initialized as the main destruction controller.
2025-12-04 09:50:44:5044 [Worker 21624] info: [ECS:CollisionDetectionSystem] Initialized. (Now unified)
2025-12-04 09:50:44:5044 [Worker 21624] info: [ECS:CollisionResolutionSystem] Initialized.
2025-12-04 09:50:44:5044 [Worker 21624] info: [ECS:HitValidationSystem] Initialized.
2025-12-04 09:50:44:5044 [Worker 21624] info: [ECS:HistorySystem] Initialized.
2025-12-04 09:50:44:5044 [Worker 21624] info: [ECS:BuffLifecycleSystem] Initialized.
2025-12-04 09:50:44:5044 [Worker 21624] info: [ECS:StatRecalculationSystem] Initialized.
2025-12-04 09:50:44:5044 [Worker 21624] info: [ECS:OnKillEffectSystem] Initialized.
2025-12-04 09:50:44:5044 [Worker 21624] info: [ECS:LootDropSystem] Initialized.
2025-12-04 09:50:44:5044 [Worker 21624] info: [ECS:SpawnSystem] Initialized.
2025-12-04 09:50:44:5044 [Worker 21624] info: [ECS:LifetimeSystem] Initialized.
2025-12-04 09:50:44:5044 [Worker 21624] info: [ECS:OffscreenCleanupSystem] Initialized.
2025-12-04 09:50:45:5045 [Worker 21624] info: [DBMANAGER] Worker 21624: Connected to dbServer
2025-12-04 09:50:45:5045 [Worker 21624] info: [DBMANAGER] Worker 21624: Identifying with unique ID: gameserver-Hddkwe35fsvk_worker_21624
2025-12-04 09:50:45:5045 [Worker 21624] info: [REDISCLIENT] Worker 21624: Successfully connected to Redis.
2025-12-04 09:50:45:5045 [Worker 21624] info: [GracefulShutdown] Обработчики для воркера 21624 инициализированы и ожидают команды от мастера.
2025-12-04 09:50:45:5045 [Worker 21624] info: Worker 21624 started. WebSocket server running on port 3002
2025-12-04 09:50:45:5045 [Worker 21624] info: [DBMANAGER] Worker 21624: Successfully identified with dbServer as gameserver-Hddkwe35fsvk_worker_21624
2025-12-04 09:50:45:5045 [Worker 21624] info: [WeaponMechanicsStore] Weapon mechanics catalog received and cache has been built.
2025-12-04 09:50:45:5045 [Worker 21624] info: [REDISSUBSCRIBER] Worker 21624: Subscribed to 'session-events' and 'session_control_events' channels.
2025-12-04 09:50:46:5046 [Worker 22520] info: [ECS:EnergyRegenSystem] Initialized.
2025-12-04 09:50:46:5046 [Worker 22520] info: [ECS:ShieldRegenSystem] Initialized.
2025-12-04 09:50:46:5046 [Worker 22520] info: [LootIdManager] Initialized with 39 static items and pre-built dictionary.
2025-12-04 09:50:46:5046 [Worker 22520] info: [ECS:GeometryUpdateSystem] Initialized.
2025-12-04 09:50:46:5046 [Worker 22520] info: [ECS:CleanupSystem] Initialized. (Now simplified)
2025-12-04 09:50:46:5046 [Worker 22520] info: [ECS:PlayerWeaponSwitchSystem] Initialized.
2025-12-04 09:50:46:5046 [Worker 22520] info: [ECS:EnemySpawnRequestSystem] Initialized.
2025-12-04 09:50:46:5046 [Worker 22520] info: [ECS:BehaviorSystemV2] Initialized.
2025-12-04 09:50:46:5046 [Worker 22520] info: [ECS:CombatAISystem] Initialized.
2025-12-04 09:50:46:5046 [Worker 22520] info: [ECS:WeaponSwitchSystem] Initialized.
2025-12-04 09:50:46:5046 [Worker 22520] info: [ECS:StatusEffectSystem] Initialized.
2025-12-04 09:50:46:5046 [Worker 22520] info: [ECS:WeaponSystem] Initialized.
2025-12-04 09:50:46:5046 [Worker 22520] info: [ECS:MovementSystem] Initialized.
2025-12-04 09:50:46:5046 [Worker 22520] info: [ECS:EntitySimulationSystem] Initialized as the main simulation orchestrator.
2025-12-04 09:50:46:5046 [Worker 22520] info: [ECS:PlayerBoundarySystem] Initialized.
2025-12-04 09:50:46:5046 [Worker 22520] info: [ECS:BoundarySystem] Initialized.
2025-12-04 09:50:46:5046 [Worker 22520] info: [ECS:DestructionEventSystem] Initialized as the main destruction controller.
2025-12-04 09:50:46:5046 [Worker 22520] info: [ECS:CollisionDetectionSystem] Initialized. (Now unified)
2025-12-04 09:50:46:5046 [Worker 22520] info: [ECS:CollisionResolutionSystem] Initialized.
2025-12-04 09:50:46:5046 [Worker 22520] info: [ECS:HitValidationSystem] Initialized.
2025-12-04 09:50:46:5046 [Worker 22520] info: [ECS:HistorySystem] Initialized.
2025-12-04 09:50:46:5046 [Worker 22520] info: [ECS:BuffLifecycleSystem] Initialized.
2025-12-04 09:50:46:5046 [Worker 22520] info: [ECS:StatRecalculationSystem] Initialized.
2025-12-04 09:50:46:5046 [Worker 22520] info: [ECS:OnKillEffectSystem] Initialized.
2025-12-04 09:50:46:5046 [Worker 22520] info: [ECS:LootDropSystem] Initialized.
2025-12-04 09:50:46:5046 [Worker 22520] info: [ECS:SpawnSystem] Initialized.
2025-12-04 09:50:46:5046 [Worker 22520] info: [ECS:LifetimeSystem] Initialized.
2025-12-04 09:50:46:5046 [Worker 22520] info: [ECS:OffscreenCleanupSystem] Initialized.
2025-12-04 09:50:47:5047 [Worker 22520] info: [DBMANAGER] Worker 22520: Connected to dbServer
2025-12-04 09:50:47:5047 [Worker 22520] info: [DBMANAGER] Worker 22520: Identifying with unique ID: gameserver-Hddkwe35fsvk_worker_22520
2025-12-04 09:50:47:5047 [Worker 22520] info: [REDISCLIENT] Worker 22520: Successfully connected to Redis.
2025-12-04 09:50:47:5047 [Worker 22520] info: [GracefulShutdown] Обработчики для воркера 22520 инициализированы и ожидают команды от мастера.
2025-12-04 09:50:47:5047 [Worker 22520] info: Worker 22520 started. WebSocket server running on port 3002
2025-12-04 09:50:47:5047 [Worker 22520] info: [DBMANAGER] Worker 22520: Successfully identified with dbServer as gameserver-Hddkwe35fsvk_worker_22520
2025-12-04 09:50:47:5047 [Worker 22520] info: [WeaponMechanicsStore] Weapon mechanics catalog received and cache has been built.
2025-12-04 09:50:47:5047 [Worker 22520] info: [REDISSUBSCRIBER] Worker 22520: Subscribed to 'session-events' and 'session_control_events' channels.
2025-12-04 09:50:48:5048 [Worker 13608] info: [ECS:EnergyRegenSystem] Initialized.
2025-12-04 09:50:48:5048 [Worker 13608] info: [ECS:ShieldRegenSystem] Initialized.
2025-12-04 09:50:48:5048 [Worker 13608] info: [LootIdManager] Initialized with 39 static items and pre-built dictionary.
2025-12-04 09:50:48:5048 [Worker 13608] info: [ECS:GeometryUpdateSystem] Initialized.
2025-12-04 09:50:48:5048 [Worker 13608] info: [ECS:CleanupSystem] Initialized. (Now simplified)
2025-12-04 09:50:48:5048 [Worker 13608] info: [ECS:PlayerWeaponSwitchSystem] Initialized.
2025-12-04 09:50:48:5048 [Worker 13608] info: [ECS:EnemySpawnRequestSystem] Initialized.
2025-12-04 09:50:48:5048 [Worker 13608] info: [ECS:BehaviorSystemV2] Initialized.
2025-12-04 09:50:48:5048 [Worker 13608] info: [ECS:CombatAISystem] Initialized.
2025-12-04 09:50:48:5048 [Worker 13608] info: [ECS:WeaponSwitchSystem] Initialized.
2025-12-04 09:50:48:5048 [Worker 13608] info: [ECS:StatusEffectSystem] Initialized.
2025-12-04 09:50:48:5048 [Worker 13608] info: [ECS:WeaponSystem] Initialized.
2025-12-04 09:50:48:5048 [Worker 13608] info: [ECS:MovementSystem] Initialized.
2025-12-04 09:50:48:5048 [Worker 13608] info: [ECS:EntitySimulationSystem] Initialized as the main simulation orchestrator.
2025-12-04 09:50:48:5048 [Worker 13608] info: [ECS:PlayerBoundarySystem] Initialized.
2025-12-04 09:50:48:5048 [Worker 13608] info: [ECS:BoundarySystem] Initialized.
2025-12-04 09:50:48:5048 [Worker 13608] info: [ECS:DestructionEventSystem] Initialized as the main destruction controller.
2025-12-04 09:50:48:5048 [Worker 13608] info: [ECS:CollisionDetectionSystem] Initialized. (Now unified)
2025-12-04 09:50:48:5048 [Worker 13608] info: [ECS:CollisionResolutionSystem] Initialized.
2025-12-04 09:50:48:5048 [Worker 13608] info: [ECS:HitValidationSystem] Initialized.
2025-12-04 09:50:48:5048 [Worker 13608] info: [ECS:HistorySystem] Initialized.
2025-12-04 09:50:48:5048 [Worker 13608] info: [ECS:BuffLifecycleSystem] Initialized.
2025-12-04 09:50:48:5048 [Worker 13608] info: [ECS:StatRecalculationSystem] Initialized.
2025-12-04 09:50:48:5048 [Worker 13608] info: [ECS:OnKillEffectSystem] Initialized.
2025-12-04 09:50:48:5048 [Worker 13608] info: [ECS:LootDropSystem] Initialized.
2025-12-04 09:50:48:5048 [Worker 13608] info: [ECS:SpawnSystem] Initialized.
2025-12-04 09:50:48:5048 [Worker 13608] info: [ECS:LifetimeSystem] Initialized.
2025-12-04 09:50:48:5048 [Worker 13608] info: [ECS:OffscreenCleanupSystem] Initialized.
2025-12-04 09:50:49:5049 [Worker 13608] info: [DBMANAGER] Worker 13608: Connected to dbServer
2025-12-04 09:50:49:5049 [Worker 13608] info: [DBMANAGER] Worker 13608: Identifying with unique ID: gameserver-Hddkwe35fsvk_worker_13608
2025-12-04 09:50:49:5049 [Worker 13608] info: [REDISCLIENT] Worker 13608: Successfully connected to Redis.
2025-12-04 09:50:49:5049 [Worker 13608] info: [GracefulShutdown] Обработчики для воркера 13608 инициализированы и ожидают команды от мастера.
2025-12-04 09:50:49:5049 [Worker 13608] info: Worker 13608 started. WebSocket server running on port 3002
2025-12-04 09:50:49:5049 [Worker 13608] info: [DBMANAGER] Worker 13608: Successfully identified with dbServer as gameserver-Hddkwe35fsvk_worker_13608
2025-12-04 09:50:49:5049 [Worker 13608] info: [WeaponMechanicsStore] Weapon mechanics catalog received and cache has been built.
2025-12-04 09:50:49:5049 [Worker 13608] info: [REDISSUBSCRIBER] Worker 13608: Subscribed to 'session-events' and 'session_control_events' channels.
2025-12-04 09:50:50:5050 [Worker 14844] info: [ECS:EnergyRegenSystem] Initialized.
2025-12-04 09:50:50:5050 [Worker 14844] info: [ECS:ShieldRegenSystem] Initialized.
2025-12-04 09:50:50:5050 [Worker 14844] info: [LootIdManager] Initialized with 39 static items and pre-built dictionary.
2025-12-04 09:50:50:5050 [Worker 14844] info: [ECS:GeometryUpdateSystem] Initialized.
2025-12-04 09:50:50:5050 [Worker 14844] info: [ECS:CleanupSystem] Initialized. (Now simplified)
2025-12-04 09:50:50:5050 [Worker 14844] info: [ECS:PlayerWeaponSwitchSystem] Initialized.
2025-12-04 09:50:50:5050 [Worker 14844] info: [ECS:EnemySpawnRequestSystem] Initialized.
2025-12-04 09:50:50:5050 [Worker 14844] info: [ECS:BehaviorSystemV2] Initialized.
2025-12-04 09:50:50:5050 [Worker 14844] info: [ECS:CombatAISystem] Initialized.
2025-12-04 09:50:50:5050 [Worker 14844] info: [ECS:WeaponSwitchSystem] Initialized.
2025-12-04 09:50:50:5050 [Worker 14844] info: [ECS:StatusEffectSystem] Initialized.
2025-12-04 09:50:50:5050 [Worker 14844] info: [ECS:WeaponSystem] Initialized.
2025-12-04 09:50:50:5050 [Worker 14844] info: [ECS:MovementSystem] Initialized.
2025-12-04 09:50:50:5050 [Worker 14844] info: [ECS:EntitySimulationSystem] Initialized as the main simulation orchestrator.
2025-12-04 09:50:50:5050 [Worker 14844] info: [ECS:PlayerBoundarySystem] Initialized.
2025-12-04 09:50:50:5050 [Worker 14844] info: [ECS:BoundarySystem] Initialized.
2025-12-04 09:50:50:5050 [Worker 14844] info: [ECS:DestructionEventSystem] Initialized as the main destruction controller.
2025-12-04 09:50:50:5050 [Worker 14844] info: [ECS:CollisionDetectionSystem] Initialized. (Now unified)
2025-12-04 09:50:50:5050 [Worker 14844] info: [ECS:CollisionResolutionSystem] Initialized.
2025-12-04 09:50:50:5050 [Worker 14844] info: [ECS:HitValidationSystem] Initialized.
2025-12-04 09:50:50:5050 [Worker 14844] info: [ECS:HistorySystem] Initialized.
2025-12-04 09:50:50:5050 [Worker 14844] info: [ECS:BuffLifecycleSystem] Initialized.
2025-12-04 09:50:50:5050 [Worker 14844] info: [ECS:StatRecalculationSystem] Initialized.
2025-12-04 09:50:50:5050 [Worker 14844] info: [ECS:OnKillEffectSystem] Initialized.
2025-12-04 09:50:50:5050 [Worker 14844] info: [ECS:LootDropSystem] Initialized.
2025-12-04 09:50:50:5050 [Worker 14844] info: [ECS:SpawnSystem] Initialized.
2025-12-04 09:50:50:5050 [Worker 14844] info: [ECS:LifetimeSystem] Initialized.
2025-12-04 09:50:50:5050 [Worker 14844] info: [ECS:OffscreenCleanupSystem] Initialized.
2025-12-04 09:50:51:5051 [Worker 14844] info: [DBMANAGER] Worker 14844: Connected to dbServer
2025-12-04 09:50:51:5051 [Worker 14844] info: [DBMANAGER] Worker 14844: Identifying with unique ID: gameserver-Hddkwe35fsvk_worker_14844
2025-12-04 09:50:51:5051 [Worker 14844] info: [REDISCLIENT] Worker 14844: Successfully connected to Redis.
2025-12-04 09:50:51:5051 [Worker 14844] info: [GracefulShutdown] Обработчики для воркера 14844 инициализированы и ожидают команды от мастера.
2025-12-04 09:50:51:5051 [Worker 14844] info: Worker 14844 started. WebSocket server running on port 3002
2025-12-04 09:50:51:5051 [Worker 14844] info: [DBMANAGER] Worker 14844: Successfully identified with dbServer as gameserver-Hddkwe35fsvk_worker_14844
2025-12-04 09:50:51:5051 [Worker 14844] info: [WeaponMechanicsStore] Weapon mechanics catalog received and cache has been built.
2025-12-04 09:50:51:5051 [Worker 14844] info: [REDISSUBSCRIBER] Worker 14844: Subscribed to 'session-events' and 'session_control_events' channels.
2025-12-04 09:50:52:5052 [Worker 23004] info: [ECS:EnergyRegenSystem] Initialized.
2025-12-04 09:50:52:5052 [Worker 23004] info: [ECS:ShieldRegenSystem] Initialized.
2025-12-04 09:50:52:5052 [Worker 23004] info: [LootIdManager] Initialized with 39 static items and pre-built dictionary.
2025-12-04 09:50:52:5052 [Worker 23004] info: [ECS:GeometryUpdateSystem] Initialized.
2025-12-04 09:50:52:5052 [Worker 23004] info: [ECS:CleanupSystem] Initialized. (Now simplified)
2025-12-04 09:50:52:5052 [Worker 23004] info: [ECS:PlayerWeaponSwitchSystem] Initialized.
2025-12-04 09:50:52:5052 [Worker 23004] info: [ECS:EnemySpawnRequestSystem] Initialized.
2025-12-04 09:50:52:5052 [Worker 23004] info: [ECS:BehaviorSystemV2] Initialized.
2025-12-04 09:50:52:5052 [Worker 23004] info: [ECS:CombatAISystem] Initialized.
2025-12-04 09:50:52:5052 [Worker 23004] info: [ECS:WeaponSwitchSystem] Initialized.
2025-12-04 09:50:52:5052 [Worker 23004] info: [ECS:StatusEffectSystem] Initialized.
2025-12-04 09:50:52:5052 [Worker 23004] info: [ECS:WeaponSystem] Initialized.
2025-12-04 09:50:52:5052 [Worker 23004] info: [ECS:MovementSystem] Initialized.
2025-12-04 09:50:52:5052 [Worker 23004] info: [ECS:EntitySimulationSystem] Initialized as the main simulation orchestrator.
2025-12-04 09:50:52:5052 [Worker 23004] info: [ECS:PlayerBoundarySystem] Initialized.
2025-12-04 09:50:52:5052 [Worker 23004] info: [ECS:BoundarySystem] Initialized.
2025-12-04 09:50:52:5052 [Worker 23004] info: [ECS:DestructionEventSystem] Initialized as the main destruction controller.
2025-12-04 09:50:52:5052 [Worker 23004] info: [ECS:CollisionDetectionSystem] Initialized. (Now unified)
2025-12-04 09:50:52:5052 [Worker 23004] info: [ECS:CollisionResolutionSystem] Initialized.
2025-12-04 09:50:52:5052 [Worker 23004] info: [ECS:HitValidationSystem] Initialized.
2025-12-04 09:50:52:5052 [Worker 23004] info: [ECS:HistorySystem] Initialized.
2025-12-04 09:50:52:5052 [Worker 23004] info: [ECS:BuffLifecycleSystem] Initialized.
2025-12-04 09:50:52:5052 [Worker 23004] info: [ECS:StatRecalculationSystem] Initialized.
2025-12-04 09:50:52:5052 [Worker 23004] info: [ECS:OnKillEffectSystem] Initialized.
2025-12-04 09:50:52:5052 [Worker 23004] info: [ECS:LootDropSystem] Initialized.
2025-12-04 09:50:52:5052 [Worker 23004] info: [ECS:SpawnSystem] Initialized.
2025-12-04 09:50:52:5052 [Worker 23004] info: [ECS:LifetimeSystem] Initialized.
2025-12-04 09:50:52:5052 [Worker 23004] info: [ECS:OffscreenCleanupSystem] Initialized.
2025-12-04 09:50:53:5053 [Worker 23004] info: [DBMANAGER] Worker 23004: Connected to dbServer
2025-12-04 09:50:53:5053 [Worker 23004] info: [DBMANAGER] Worker 23004: Identifying with unique ID: gameserver-Hddkwe35fsvk_worker_23004
2025-12-04 09:50:53:5053 [Worker 23004] info: [REDISCLIENT] Worker 23004: Successfully connected to Redis.
2025-12-04 09:50:53:5053 [Worker 23004] info: [GracefulShutdown] Обработчики для воркера 23004 инициализированы и ожидают команды от мастера.
2025-12-04 09:50:53:5053 [Worker 23004] info: Worker 23004 started. WebSocket server running on port 3002
2025-12-04 09:50:53:5053 [Worker 23004] info: [DBMANAGER] Worker 23004: Successfully identified with dbServer as gameserver-Hddkwe35fsvk_worker_23004
2025-12-04 09:50:53:5053 [Worker 23004] info: [WeaponMechanicsStore] Weapon mechanics catalog received and cache has been built.
2025-12-04 09:50:53:5053 [Worker 23004] info: [REDISSUBSCRIBER] Worker 23004: Subscribed to 'session-events' and 'session_control_events' channels.
2025-12-04 09:50:54:5054 [Worker 2572] info: [ECS:EnergyRegenSystem] Initialized.
2025-12-04 09:50:54:5054 [Worker 2572] info: [ECS:ShieldRegenSystem] Initialized.
2025-12-04 09:50:54:5054 [Worker 2572] info: [LootIdManager] Initialized with 39 static items and pre-built dictionary.
2025-12-04 09:50:54:5054 [Worker 2572] info: [ECS:GeometryUpdateSystem] Initialized.
2025-12-04 09:50:54:5054 [Worker 2572] info: [ECS:CleanupSystem] Initialized. (Now simplified)
2025-12-04 09:50:54:5054 [Worker 2572] info: [ECS:PlayerWeaponSwitchSystem] Initialized.
2025-12-04 09:50:54:5054 [Worker 2572] info: [ECS:EnemySpawnRequestSystem] Initialized.
2025-12-04 09:50:54:5054 [Worker 2572] info: [ECS:BehaviorSystemV2] Initialized.
2025-12-04 09:50:54:5054 [Worker 2572] info: [ECS:CombatAISystem] Initialized.
2025-12-04 09:50:54:5054 [Worker 2572] info: [ECS:WeaponSwitchSystem] Initialized.
2025-12-04 09:50:54:5054 [Worker 2572] info: [ECS:StatusEffectSystem] Initialized.
2025-12-04 09:50:54:5054 [Worker 2572] info: [ECS:WeaponSystem] Initialized.
2025-12-04 09:50:54:5054 [Worker 2572] info: [ECS:MovementSystem] Initialized.
2025-12-04 09:50:54:5054 [Worker 2572] info: [ECS:EntitySimulationSystem] Initialized as the main simulation orchestrator.
2025-12-04 09:50:54:5054 [Worker 2572] info: [ECS:PlayerBoundarySystem] Initialized.
2025-12-04 09:50:54:5054 [Worker 2572] info: [ECS:BoundarySystem] Initialized.
2025-12-04 09:50:54:5054 [Worker 2572] info: [ECS:DestructionEventSystem] Initialized as the main destruction controller.
2025-12-04 09:50:54:5054 [Worker 2572] info: [ECS:CollisionDetectionSystem] Initialized. (Now unified)
2025-12-04 09:50:54:5054 [Worker 2572] info: [ECS:CollisionResolutionSystem] Initialized.
2025-12-04 09:50:54:5054 [Worker 2572] info: [ECS:HitValidationSystem] Initialized.
2025-12-04 09:50:54:5054 [Worker 2572] info: [ECS:HistorySystem] Initialized.
2025-12-04 09:50:54:5054 [Worker 2572] info: [ECS:BuffLifecycleSystem] Initialized.
2025-12-04 09:50:54:5054 [Worker 2572] info: [ECS:StatRecalculationSystem] Initialized.
2025-12-04 09:50:54:5054 [Worker 2572] info: [ECS:OnKillEffectSystem] Initialized.
2025-12-04 09:50:54:5054 [Worker 2572] info: [ECS:LootDropSystem] Initialized.
2025-12-04 09:50:54:5054 [Worker 2572] info: [ECS:SpawnSystem] Initialized.
2025-12-04 09:50:54:5054 [Worker 2572] info: [ECS:LifetimeSystem] Initialized.
2025-12-04 09:50:54:5054 [Worker 2572] info: [ECS:OffscreenCleanupSystem] Initialized.
2025-12-04 09:50:55:5055 [Worker 2572] info: [DBMANAGER] Worker 2572: Connected to dbServer
2025-12-04 09:50:55:5055 [Worker 2572] info: [DBMANAGER] Worker 2572: Identifying with unique ID: gameserver-Hddkwe35fsvk_worker_2572
2025-12-04 09:50:55:5055 [Worker 2572] info: [REDISCLIENT] Worker 2572: Successfully connected to Redis.
2025-12-04 09:50:55:5055 [Worker 2572] info: [GracefulShutdown] Обработчики для воркера 2572 инициализированы и ожидают команды от мастера.
2025-12-04 09:50:55:5055 [Worker 2572] info: Worker 2572 started. WebSocket server running on port 3002
2025-12-04 09:50:55:5055 [Worker 2572] info: [DBMANAGER] Worker 2572: Successfully identified with dbServer as gameserver-Hddkwe35fsvk_worker_2572
2025-12-04 09:50:55:5055 [Worker 2572] info: [WeaponMechanicsStore] Weapon mechanics catalog received and cache has been built.
2025-12-04 09:50:55:5055 [Worker 2572] info: [REDISSUBSCRIBER] Worker 2572: Subscribed to 'session-events' and 'session_control_events' channels.
2025-12-04 09:50:56:5056 [Worker 4960] info: [ECS:EnergyRegenSystem] Initialized.
2025-12-04 09:50:56:5056 [Worker 4960] info: [ECS:ShieldRegenSystem] Initialized.
2025-12-04 09:50:56:5056 [Worker 4960] info: [LootIdManager] Initialized with 39 static items and pre-built dictionary.
2025-12-04 09:50:56:5056 [Worker 4960] info: [ECS:GeometryUpdateSystem] Initialized.
2025-12-04 09:50:56:5056 [Worker 4960] info: [ECS:CleanupSystem] Initialized. (Now simplified)
2025-12-04 09:50:56:5056 [Worker 4960] info: [ECS:PlayerWeaponSwitchSystem] Initialized.
2025-12-04 09:50:56:5056 [Worker 4960] info: [ECS:EnemySpawnRequestSystem] Initialized.
2025-12-04 09:50:56:5056 [Worker 4960] info: [ECS:BehaviorSystemV2] Initialized.
2025-12-04 09:50:56:5056 [Worker 4960] info: [ECS:CombatAISystem] Initialized.
2025-12-04 09:50:56:5056 [Worker 4960] info: [ECS:WeaponSwitchSystem] Initialized.
2025-12-04 09:50:56:5056 [Worker 4960] info: [ECS:StatusEffectSystem] Initialized.
2025-12-04 09:50:56:5056 [Worker 4960] info: [ECS:WeaponSystem] Initialized.
2025-12-04 09:50:56:5056 [Worker 4960] info: [ECS:MovementSystem] Initialized.
2025-12-04 09:50:56:5056 [Worker 4960] info: [ECS:EntitySimulationSystem] Initialized as the main simulation orchestrator.
2025-12-04 09:50:56:5056 [Worker 4960] info: [ECS:PlayerBoundarySystem] Initialized.
2025-12-04 09:50:56:5056 [Worker 4960] info: [ECS:BoundarySystem] Initialized.
2025-12-04 09:50:56:5056 [Worker 4960] info: [ECS:DestructionEventSystem] Initialized as the main destruction controller.
2025-12-04 09:50:56:5056 [Worker 4960] info: [ECS:CollisionDetectionSystem] Initialized. (Now unified)
2025-12-04 09:50:56:5056 [Worker 4960] info: [ECS:CollisionResolutionSystem] Initialized.
2025-12-04 09:50:56:5056 [Worker 4960] info: [ECS:HitValidationSystem] Initialized.
2025-12-04 09:50:56:5056 [Worker 4960] info: [ECS:HistorySystem] Initialized.
2025-12-04 09:50:56:5056 [Worker 4960] info: [ECS:BuffLifecycleSystem] Initialized.
2025-12-04 09:50:56:5056 [Worker 4960] info: [ECS:StatRecalculationSystem] Initialized.
2025-12-04 09:50:56:5056 [Worker 4960] info: [ECS:OnKillEffectSystem] Initialized.
2025-12-04 09:50:56:5056 [Worker 4960] info: [ECS:LootDropSystem] Initialized.
2025-12-04 09:50:56:5056 [Worker 4960] info: [ECS:SpawnSystem] Initialized.
2025-12-04 09:50:56:5056 [Worker 4960] info: [ECS:LifetimeSystem] Initialized.
2025-12-04 09:50:56:5056 [Worker 4960] info: [ECS:OffscreenCleanupSystem] Initialized.
2025-12-04 09:50:57:5057 [Worker 4960] info: [DBMANAGER] Worker 4960: Connected to dbServer
2025-12-04 09:50:57:5057 [Worker 4960] info: [DBMANAGER] Worker 4960: Identifying with unique ID: gameserver-Hddkwe35fsvk_worker_4960
2025-12-04 09:50:57:5057 [Worker 4960] info: [REDISCLIENT] Worker 4960: Successfully connected to Redis.
2025-12-04 09:50:57:5057 [Worker 4960] info: [GracefulShutdown] Обработчики для воркера 4960 инициализированы и ожидают команды от мастера.
2025-12-04 09:50:57:5057 [Worker 4960] info: Worker 4960 started. WebSocket server running on port 3002
2025-12-04 09:50:57:5057 [Worker 4960] info: [DBMANAGER] Worker 4960: Successfully identified with dbServer as gameserver-Hddkwe35fsvk_worker_4960
2025-12-04 09:50:57:5057 [Worker 4960] info: [WeaponMechanicsStore] Weapon mechanics catalog received and cache has been built.
2025-12-04 09:50:57:5057 [Worker 4960] info: [REDISSUBSCRIBER] Worker 4960: Subscribed to 'session-events' and 'session_control_events' channels.
2025-12-04 09:51:21:5121 [Worker 172] warn: Master process received SIGINT. Instructing all workers to shut down gracefully.
2025-12-04 09:51:21:5121 [Worker 172] warn: Worker 2572 exited during shutdown process.
2025-12-04 09:51:21:5121 [Worker 172] warn: Worker 22520 exited during shutdown process.
2025-12-04 09:51:21:5121 [Worker 172] warn: Worker 7840 exited during shutdown process.
2025-12-04 09:51:21:5121 [Worker 172] warn: Worker 13608 exited during shutdown process.
2025-12-04 09:51:21:5121 [Worker 172] warn: Worker 14524 exited during shutdown process.
2025-12-04 09:51:21:5121 [Worker 172] warn: Worker 21624 exited during shutdown process.
2025-12-04 09:51:21:5121 [Worker 172] warn: Worker 23004 exited during shutdown process.
2025-12-04 09:51:21:5121 [Worker 172] warn: Worker 4960 exited during shutdown process.
2025-12-04 09:51:21:5121 [Worker 172] warn: Worker 23076 exited during shutdown process.
2025-12-04 09:51:21:5121 [Worker 172] warn: Worker 24496 exited during shutdown process.
2025-12-04 09:51:21:5121 [Worker 172] warn: Worker 23908 exited during shutdown process.
2025-12-04 09:51:21:5121 [Worker 172] warn: Worker 14844 exited during shutdown process.
2025-12-04 09:52:00:520 [Worker 16764] info: [ECS:EnergyRegenSystem] Initialized.
2025-12-04 09:52:00:520 [Worker 16764] info: [ECS:ShieldRegenSystem] Initialized.
2025-12-04 09:52:00:520 [Worker 16764] info: [LootIdManager] Initialized with 39 static items and pre-built dictionary.
2025-12-04 09:52:00:520 [Worker 16764] info: [ECS:GeometryUpdateSystem] Initialized.
2025-12-04 09:52:00:520 [Worker 16764] info: [ECS:CleanupSystem] Initialized. (Now simplified)
2025-12-04 09:52:00:520 [Worker 16764] info: [ECS:PlayerWeaponSwitchSystem] Initialized.
2025-12-04 09:52:00:520 [Worker 16764] info: [ECS:EnemySpawnRequestSystem] Initialized.
2025-12-04 09:52:00:520 [Worker 16764] info: [ECS:BehaviorSystemV2] Initialized.
2025-12-04 09:52:00:520 [Worker 16764] info: [ECS:CombatAISystem] Initialized.
2025-12-04 09:52:00:520 [Worker 16764] info: [ECS:WeaponSwitchSystem] Initialized.
2025-12-04 09:52:00:520 [Worker 16764] info: [ECS:StatusEffectSystem] Initialized.
2025-12-04 09:52:00:520 [Worker 16764] info: [ECS:WeaponSystem] Initialized.
2025-12-04 09:52:00:520 [Worker 16764] info: [ECS:MovementSystem] Initialized.
2025-12-04 09:52:00:520 [Worker 16764] info: [ECS:EntitySimulationSystem] Initialized as the main simulation orchestrator.
2025-12-04 09:52:00:520 [Worker 16764] info: [ECS:PlayerBoundarySystem] Initialized.
2025-12-04 09:52:00:520 [Worker 16764] info: [ECS:BoundarySystem] Initialized.
2025-12-04 09:52:00:520 [Worker 16764] info: [ECS:DestructionEventSystem] Initialized as the main destruction controller.
2025-12-04 09:52:00:520 [Worker 16764] info: [ECS:CollisionDetectionSystem] Initialized. (Now unified)
2025-12-04 09:52:00:520 [Worker 16764] info: [ECS:CollisionResolutionSystem] Initialized.
2025-12-04 09:52:00:520 [Worker 16764] info: [ECS:HitValidationSystem] Initialized.
2025-12-04 09:52:00:520 [Worker 16764] info: [ECS:HistorySystem] Initialized.
2025-12-04 09:52:00:520 [Worker 16764] info: [ECS:BuffLifecycleSystem] Initialized.
2025-12-04 09:52:00:520 [Worker 16764] info: [ECS:StatRecalculationSystem] Initialized.
2025-12-04 09:52:00:520 [Worker 16764] info: [ECS:OnKillEffectSystem] Initialized.
2025-12-04 09:52:00:520 [Worker 16764] info: [ECS:LootDropSystem] Initialized.
2025-12-04 09:52:00:520 [Worker 16764] info: [ECS:SpawnSystem] Initialized.
2025-12-04 09:52:00:520 [Worker 16764] info: [ECS:LifetimeSystem] Initialized.
2025-12-04 09:52:00:520 [Worker 16764] info: [ECS:OffscreenCleanupSystem] Initialized.
2025-12-04 09:52:00:520 [Worker 16764] info: Master process 16764 is running
2025-12-04 09:52:01:521 [Worker 17068] info: [ECS:EnergyRegenSystem] Initialized.
2025-12-04 09:52:01:521 [Worker 17068] info: [ECS:ShieldRegenSystem] Initialized.
2025-12-04 09:52:01:521 [Worker 17068] info: [LootIdManager] Initialized with 39 static items and pre-built dictionary.
2025-12-04 09:52:01:521 [Worker 17068] info: [ECS:GeometryUpdateSystem] Initialized.
2025-12-04 09:52:01:521 [Worker 17068] info: [ECS:CleanupSystem] Initialized. (Now simplified)
2025-12-04 09:52:01:521 [Worker 17068] info: [ECS:PlayerWeaponSwitchSystem] Initialized.
2025-12-04 09:52:01:521 [Worker 17068] info: [ECS:EnemySpawnRequestSystem] Initialized.
2025-12-04 09:52:01:521 [Worker 17068] info: [ECS:BehaviorSystemV2] Initialized.
2025-12-04 09:52:01:521 [Worker 17068] info: [ECS:CombatAISystem] Initialized.
2025-12-04 09:52:01:521 [Worker 17068] info: [ECS:WeaponSwitchSystem] Initialized.
2025-12-04 09:52:01:521 [Worker 17068] info: [ECS:StatusEffectSystem] Initialized.
2025-12-04 09:52:01:521 [Worker 17068] info: [ECS:WeaponSystem] Initialized.
2025-12-04 09:52:01:521 [Worker 17068] info: [ECS:MovementSystem] Initialized.
2025-12-04 09:52:01:521 [Worker 17068] info: [ECS:EntitySimulationSystem] Initialized as the main simulation orchestrator.
2025-12-04 09:52:01:521 [Worker 17068] info: [ECS:PlayerBoundarySystem] Initialized.
2025-12-04 09:52:01:521 [Worker 17068] info: [ECS:BoundarySystem] Initialized.
2025-12-04 09:52:01:521 [Worker 17068] info: [ECS:DestructionEventSystem] Initialized as the main destruction controller.
2025-12-04 09:52:01:521 [Worker 17068] info: [ECS:CollisionDetectionSystem] Initialized. (Now unified)
2025-12-04 09:52:01:521 [Worker 17068] info: [ECS:CollisionResolutionSystem] Initialized.
2025-12-04 09:52:01:521 [Worker 17068] info: [ECS:HitValidationSystem] Initialized.
2025-12-04 09:52:01:521 [Worker 17068] info: [ECS:HistorySystem] Initialized.
2025-12-04 09:52:01:521 [Worker 17068] info: [ECS:BuffLifecycleSystem] Initialized.
2025-12-04 09:52:01:521 [Worker 17068] info: [ECS:StatRecalculationSystem] Initialized.
2025-12-04 09:52:01:521 [Worker 17068] info: [ECS:OnKillEffectSystem] Initialized.
2025-12-04 09:52:01:521 [Worker 17068] info: [ECS:LootDropSystem] Initialized.
2025-12-04 09:52:01:521 [Worker 17068] info: [ECS:SpawnSystem] Initialized.
2025-12-04 09:52:01:521 [Worker 17068] info: [ECS:LifetimeSystem] Initialized.
2025-12-04 09:52:01:521 [Worker 17068] info: [ECS:OffscreenCleanupSystem] Initialized.
2025-12-04 09:52:02:522 [Worker 17068] info: [DBMANAGER] Worker 17068: Connected to dbServer
2025-12-04 09:52:02:522 [Worker 17068] info: [DBMANAGER] Worker 17068: Identifying with unique ID: gameserver-Hddkwe35fsvk_worker_17068
2025-12-04 09:52:02:522 [Worker 17068] info: [REDISCLIENT] Worker 17068: Successfully connected to Redis.
2025-12-04 09:52:02:522 [Worker 17068] info: [GracefulShutdown] Обработчики для воркера 17068 инициализированы и ожидают команды от мастера.
2025-12-04 09:52:02:522 [Worker 17068] info: Worker 17068 started. WebSocket server running on port 3002
2025-12-04 09:52:02:522 [Worker 17068] info: [DBMANAGER] Worker 17068: Successfully identified with dbServer as gameserver-Hddkwe35fsvk_worker_17068
2025-12-04 09:52:02:522 [Worker 17068] info: [WeaponMechanicsStore] Weapon mechanics catalog received and cache has been built.
2025-12-04 09:52:02:522 [Worker 17068] info: [REDISSUBSCRIBER] Worker 17068: Subscribed to 'session-events' and 'session_control_events' channels.
2025-12-04 09:52:03:523 [Worker 17764] info: [ECS:EnergyRegenSystem] Initialized.
2025-12-04 09:52:03:523 [Worker 17764] info: [ECS:ShieldRegenSystem] Initialized.
2025-12-04 09:52:03:523 [Worker 17764] info: [LootIdManager] Initialized with 39 static items and pre-built dictionary.
2025-12-04 09:52:03:523 [Worker 17764] info: [ECS:GeometryUpdateSystem] Initialized.
2025-12-04 09:52:03:523 [Worker 17764] info: [ECS:CleanupSystem] Initialized. (Now simplified)
2025-12-04 09:52:03:523 [Worker 17764] info: [ECS:PlayerWeaponSwitchSystem] Initialized.
2025-12-04 09:52:03:523 [Worker 17764] info: [ECS:EnemySpawnRequestSystem] Initialized.
2025-12-04 09:52:03:523 [Worker 17764] info: [ECS:BehaviorSystemV2] Initialized.
2025-12-04 09:52:03:523 [Worker 17764] info: [ECS:CombatAISystem] Initialized.
2025-12-04 09:52:03:523 [Worker 17764] info: [ECS:WeaponSwitchSystem] Initialized.
2025-12-04 09:52:03:523 [Worker 17764] info: [ECS:StatusEffectSystem] Initialized.
2025-12-04 09:52:03:523 [Worker 17764] info: [ECS:WeaponSystem] Initialized.
2025-12-04 09:52:03:523 [Worker 17764] info: [ECS:MovementSystem] Initialized.
2025-12-04 09:52:03:523 [Worker 17764] info: [ECS:EntitySimulationSystem] Initialized as the main simulation orchestrator.
2025-12-04 09:52:03:523 [Worker 17764] info: [ECS:PlayerBoundarySystem] Initialized.
2025-12-04 09:52:03:523 [Worker 17764] info: [ECS:BoundarySystem] Initialized.
2025-12-04 09:52:03:523 [Worker 17764] info: [ECS:DestructionEventSystem] Initialized as the main destruction controller.
2025-12-04 09:52:03:523 [Worker 17764] info: [ECS:CollisionDetectionSystem] Initialized. (Now unified)
2025-12-04 09:52:03:523 [Worker 17764] info: [ECS:CollisionResolutionSystem] Initialized.
2025-12-04 09:52:03:523 [Worker 17764] info: [ECS:HitValidationSystem] Initialized.
2025-12-04 09:52:03:523 [Worker 17764] info: [ECS:HistorySystem] Initialized.
2025-12-04 09:52:03:523 [Worker 17764] info: [ECS:BuffLifecycleSystem] Initialized.
2025-12-04 09:52:03:523 [Worker 17764] info: [ECS:StatRecalculationSystem] Initialized.
2025-12-04 09:52:03:523 [Worker 17764] info: [ECS:OnKillEffectSystem] Initialized.
2025-12-04 09:52:03:523 [Worker 17764] info: [ECS:LootDropSystem] Initialized.
2025-12-04 09:52:03:523 [Worker 17764] info: [ECS:SpawnSystem] Initialized.
2025-12-04 09:52:03:523 [Worker 17764] info: [ECS:LifetimeSystem] Initialized.
2025-12-04 09:52:03:523 [Worker 17764] info: [ECS:OffscreenCleanupSystem] Initialized.
2025-12-04 09:52:04:524 [Worker 17764] info: [DBMANAGER] Worker 17764: Connected to dbServer
2025-12-04 09:52:04:524 [Worker 17764] info: [DBMANAGER] Worker 17764: Identifying with unique ID: gameserver-Hddkwe35fsvk_worker_17764
2025-12-04 09:52:04:524 [Worker 17764] info: [REDISCLIENT] Worker 17764: Successfully connected to Redis.
2025-12-04 09:52:04:524 [Worker 17764] info: [GracefulShutdown] Обработчики для воркера 17764 инициализированы и ожидают команды от мастера.
2025-12-04 09:52:04:524 [Worker 17764] info: Worker 17764 started. WebSocket server running on port 3002
2025-12-04 09:52:04:524 [Worker 17764] info: [DBMANAGER] Worker 17764: Successfully identified with dbServer as gameserver-Hddkwe35fsvk_worker_17764
2025-12-04 09:52:04:524 [Worker 17764] info: [WeaponMechanicsStore] Weapon mechanics catalog received and cache has been built.
2025-12-04 09:52:04:524 [Worker 17764] info: [REDISSUBSCRIBER] Worker 17764: Subscribed to 'session-events' and 'session_control_events' channels.
2025-12-04 09:52:05:525 [Worker 16260] info: [ECS:EnergyRegenSystem] Initialized.
2025-12-04 09:52:05:525 [Worker 16260] info: [ECS:ShieldRegenSystem] Initialized.
2025-12-04 09:52:05:525 [Worker 16260] info: [LootIdManager] Initialized with 39 static items and pre-built dictionary.
2025-12-04 09:52:05:525 [Worker 16260] info: [ECS:GeometryUpdateSystem] Initialized.
2025-12-04 09:52:05:525 [Worker 16260] info: [ECS:CleanupSystem] Initialized. (Now simplified)
2025-12-04 09:52:05:525 [Worker 16260] info: [ECS:PlayerWeaponSwitchSystem] Initialized.
2025-12-04 09:52:05:525 [Worker 16260] info: [ECS:EnemySpawnRequestSystem] Initialized.
2025-12-04 09:52:05:525 [Worker 16260] info: [ECS:BehaviorSystemV2] Initialized.
2025-12-04 09:52:05:525 [Worker 16260] info: [ECS:CombatAISystem] Initialized.
2025-12-04 09:52:05:525 [Worker 16260] info: [ECS:WeaponSwitchSystem] Initialized.
2025-12-04 09:52:05:525 [Worker 16260] info: [ECS:StatusEffectSystem] Initialized.
2025-12-04 09:52:05:525 [Worker 16260] info: [ECS:WeaponSystem] Initialized.
2025-12-04 09:52:05:525 [Worker 16260] info: [ECS:MovementSystem] Initialized.
2025-12-04 09:52:05:525 [Worker 16260] info: [ECS:EntitySimulationSystem] Initialized as the main simulation orchestrator.
2025-12-04 09:52:05:525 [Worker 16260] info: [ECS:PlayerBoundarySystem] Initialized.
2025-12-04 09:52:05:525 [Worker 16260] info: [ECS:BoundarySystem] Initialized.
2025-12-04 09:52:05:525 [Worker 16260] info: [ECS:DestructionEventSystem] Initialized as the main destruction controller.
2025-12-04 09:52:05:525 [Worker 16260] info: [ECS:CollisionDetectionSystem] Initialized. (Now unified)
2025-12-04 09:52:05:525 [Worker 16260] info: [ECS:CollisionResolutionSystem] Initialized.
2025-12-04 09:52:05:525 [Worker 16260] info: [ECS:HitValidationSystem] Initialized.
2025-12-04 09:52:05:525 [Worker 16260] info: [ECS:HistorySystem] Initialized.
2025-12-04 09:52:05:525 [Worker 16260] info: [ECS:BuffLifecycleSystem] Initialized.
2025-12-04 09:52:05:525 [Worker 16260] info: [ECS:StatRecalculationSystem] Initialized.
2025-12-04 09:52:05:525 [Worker 16260] info: [ECS:OnKillEffectSystem] Initialized.
2025-12-04 09:52:05:525 [Worker 16260] info: [ECS:LootDropSystem] Initialized.
2025-12-04 09:52:05:525 [Worker 16260] info: [ECS:SpawnSystem] Initialized.
2025-12-04 09:52:05:525 [Worker 16260] info: [ECS:LifetimeSystem] Initialized.
2025-12-04 09:52:05:525 [Worker 16260] info: [ECS:OffscreenCleanupSystem] Initialized.
2025-12-04 09:52:06:526 [Worker 16260] info: [DBMANAGER] Worker 16260: Connected to dbServer
2025-12-04 09:52:06:526 [Worker 16260] info: [DBMANAGER] Worker 16260: Identifying with unique ID: gameserver-Hddkwe35fsvk_worker_16260
2025-12-04 09:52:06:526 [Worker 16260] info: [REDISCLIENT] Worker 16260: Successfully connected to Redis.
2025-12-04 09:52:06:526 [Worker 16260] info: [GracefulShutdown] Обработчики для воркера 16260 инициализированы и ожидают команды от мастера.
2025-12-04 09:52:06:526 [Worker 16260] info: Worker 16260 started. WebSocket server running on port 3002
2025-12-04 09:52:06:526 [Worker 16260] info: [DBMANAGER] Worker 16260: Successfully identified with dbServer as gameserver-Hddkwe35fsvk_worker_16260
2025-12-04 09:52:06:526 [Worker 16260] info: [WeaponMechanicsStore] Weapon mechanics catalog received and cache has been built.
2025-12-04 09:52:06:526 [Worker 16260] info: [REDISSUBSCRIBER] Worker 16260: Subscribed to 'session-events' and 'session_control_events' channels.
2025-12-04 09:52:07:527 [Worker 18856] info: [ECS:EnergyRegenSystem] Initialized.
2025-12-04 09:52:07:527 [Worker 18856] info: [ECS:ShieldRegenSystem] Initialized.
2025-12-04 09:52:07:527 [Worker 18856] info: [LootIdManager] Initialized with 39 static items and pre-built dictionary.
2025-12-04 09:52:07:527 [Worker 18856] info: [ECS:GeometryUpdateSystem] Initialized.
2025-12-04 09:52:07:527 [Worker 18856] info: [ECS:CleanupSystem] Initialized. (Now simplified)
2025-12-04 09:52:07:527 [Worker 18856] info: [ECS:PlayerWeaponSwitchSystem] Initialized.
2025-12-04 09:52:07:527 [Worker 18856] info: [ECS:EnemySpawnRequestSystem] Initialized.
2025-12-04 09:52:07:527 [Worker 18856] info: [ECS:BehaviorSystemV2] Initialized.
2025-12-04 09:52:07:527 [Worker 18856] info: [ECS:CombatAISystem] Initialized.
2025-12-04 09:52:07:527 [Worker 18856] info: [ECS:WeaponSwitchSystem] Initialized.
2025-12-04 09:52:07:527 [Worker 18856] info: [ECS:StatusEffectSystem] Initialized.
2025-12-04 09:52:07:527 [Worker 18856] info: [ECS:WeaponSystem] Initialized.
2025-12-04 09:52:07:527 [Worker 18856] info: [ECS:MovementSystem] Initialized.
2025-12-04 09:52:07:527 [Worker 18856] info: [ECS:EntitySimulationSystem] Initialized as the main simulation orchestrator.
2025-12-04 09:52:07:527 [Worker 18856] info: [ECS:PlayerBoundarySystem] Initialized.
2025-12-04 09:52:07:527 [Worker 18856] info: [ECS:BoundarySystem] Initialized.
2025-12-04 09:52:07:527 [Worker 18856] info: [ECS:DestructionEventSystem] Initialized as the main destruction controller.
2025-12-04 09:52:07:527 [Worker 18856] info: [ECS:CollisionDetectionSystem] Initialized. (Now unified)
2025-12-04 09:52:07:527 [Worker 18856] info: [ECS:CollisionResolutionSystem] Initialized.
2025-12-04 09:52:07:527 [Worker 18856] info: [ECS:HitValidationSystem] Initialized.
2025-12-04 09:52:07:527 [Worker 18856] info: [ECS:HistorySystem] Initialized.
2025-12-04 09:52:07:527 [Worker 18856] info: [ECS:BuffLifecycleSystem] Initialized.
2025-12-04 09:52:07:527 [Worker 18856] info: [ECS:StatRecalculationSystem] Initialized.
2025-12-04 09:52:07:527 [Worker 18856] info: [ECS:OnKillEffectSystem] Initialized.
2025-12-04 09:52:07:527 [Worker 18856] info: [ECS:LootDropSystem] Initialized.
2025-12-04 09:52:07:527 [Worker 18856] info: [ECS:SpawnSystem] Initialized.
2025-12-04 09:52:07:527 [Worker 18856] info: [ECS:LifetimeSystem] Initialized.
2025-12-04 09:52:07:527 [Worker 18856] info: [ECS:OffscreenCleanupSystem] Initialized.
2025-12-04 09:52:08:528 [Worker 18856] info: [DBMANAGER] Worker 18856: Connected to dbServer
2025-12-04 09:52:08:528 [Worker 18856] info: [DBMANAGER] Worker 18856: Identifying with unique ID: gameserver-Hddkwe35fsvk_worker_18856
2025-12-04 09:52:08:528 [Worker 18856] info: [REDISCLIENT] Worker 18856: Successfully connected to Redis.
2025-12-04 09:52:08:528 [Worker 18856] info: [GracefulShutdown] Обработчики для воркера 18856 инициализированы и ожидают команды от мастера.
2025-12-04 09:52:08:528 [Worker 18856] info: Worker 18856 started. WebSocket server running on port 3002
2025-12-04 09:52:08:528 [Worker 18856] info: [DBMANAGER] Worker 18856: Successfully identified with dbServer as gameserver-Hddkwe35fsvk_worker_18856
2025-12-04 09:52:08:528 [Worker 18856] info: [WeaponMechanicsStore] Weapon mechanics catalog received and cache has been built.
2025-12-04 09:52:08:528 [Worker 18856] info: [REDISSUBSCRIBER] Worker 18856: Subscribed to 'session-events' and 'session_control_events' channels.
2025-12-04 09:52:09:529 [Worker 19864] info: [ECS:EnergyRegenSystem] Initialized.
2025-12-04 09:52:09:529 [Worker 19864] info: [ECS:ShieldRegenSystem] Initialized.
2025-12-04 09:52:09:529 [Worker 19864] info: [LootIdManager] Initialized with 39 static items and pre-built dictionary.
2025-12-04 09:52:09:529 [Worker 19864] info: [ECS:GeometryUpdateSystem] Initialized.
2025-12-04 09:52:09:529 [Worker 19864] info: [ECS:CleanupSystem] Initialized. (Now simplified)
2025-12-04 09:52:09:529 [Worker 19864] info: [ECS:PlayerWeaponSwitchSystem] Initialized.
2025-12-04 09:52:09:529 [Worker 19864] info: [ECS:EnemySpawnRequestSystem] Initialized.
2025-12-04 09:52:09:529 [Worker 19864] info: [ECS:BehaviorSystemV2] Initialized.
2025-12-04 09:52:09:529 [Worker 19864] info: [ECS:CombatAISystem] Initialized.
2025-12-04 09:52:09:529 [Worker 19864] info: [ECS:WeaponSwitchSystem] Initialized.
2025-12-04 09:52:09:529 [Worker 19864] info: [ECS:StatusEffectSystem] Initialized.
2025-12-04 09:52:09:529 [Worker 19864] info: [ECS:WeaponSystem] Initialized.
2025-12-04 09:52:09:529 [Worker 19864] info: [ECS:MovementSystem] Initialized.
2025-12-04 09:52:09:529 [Worker 19864] info: [ECS:EntitySimulationSystem] Initialized as the main simulation orchestrator.
2025-12-04 09:52:09:529 [Worker 19864] info: [ECS:PlayerBoundarySystem] Initialized.
2025-12-04 09:52:09:529 [Worker 19864] info: [ECS:BoundarySystem] Initialized.
2025-12-04 09:52:09:529 [Worker 19864] info: [ECS:DestructionEventSystem] Initialized as the main destruction controller.
2025-12-04 09:52:09:529 [Worker 19864] info: [ECS:CollisionDetectionSystem] Initialized. (Now unified)
2025-12-04 09:52:09:529 [Worker 19864] info: [ECS:CollisionResolutionSystem] Initialized.
2025-12-04 09:52:09:529 [Worker 19864] info: [ECS:HitValidationSystem] Initialized.
2025-12-04 09:52:09:529 [Worker 19864] info: [ECS:HistorySystem] Initialized.
2025-12-04 09:52:09:529 [Worker 19864] info: [ECS:BuffLifecycleSystem] Initialized.
2025-12-04 09:52:09:529 [Worker 19864] info: [ECS:StatRecalculationSystem] Initialized.
2025-12-04 09:52:09:529 [Worker 19864] info: [ECS:OnKillEffectSystem] Initialized.
2025-12-04 09:52:09:529 [Worker 19864] info: [ECS:LootDropSystem] Initialized.
2025-12-04 09:52:09:529 [Worker 19864] info: [ECS:SpawnSystem] Initialized.
2025-12-04 09:52:09:529 [Worker 19864] info: [ECS:LifetimeSystem] Initialized.
2025-12-04 09:52:09:529 [Worker 19864] info: [ECS:OffscreenCleanupSystem] Initialized.
2025-12-04 09:52:10:5210 [Worker 19864] info: [DBMANAGER] Worker 19864: Connected to dbServer
2025-12-04 09:52:10:5210 [Worker 19864] info: [DBMANAGER] Worker 19864: Identifying with unique ID: gameserver-Hddkwe35fsvk_worker_19864
2025-12-04 09:52:10:5210 [Worker 19864] info: [REDISCLIENT] Worker 19864: Successfully connected to Redis.
2025-12-04 09:52:10:5210 [Worker 19864] info: [GracefulShutdown] Обработчики для воркера 19864 инициализированы и ожидают команды от мастера.
2025-12-04 09:52:10:5210 [Worker 19864] info: Worker 19864 started. WebSocket server running on port 3002
2025-12-04 09:52:10:5210 [Worker 19864] info: [DBMANAGER] Worker 19864: Successfully identified with dbServer as gameserver-Hddkwe35fsvk_worker_19864
2025-12-04 09:52:10:5210 [Worker 19864] info: [WeaponMechanicsStore] Weapon mechanics catalog received and cache has been built.
2025-12-04 09:52:10:5210 [Worker 19864] info: [REDISSUBSCRIBER] Worker 19864: Subscribed to 'session-events' and 'session_control_events' channels.
2025-12-04 09:52:11:5211 [Worker 3340] info: [ECS:EnergyRegenSystem] Initialized.
2025-12-04 09:52:11:5211 [Worker 3340] info: [ECS:ShieldRegenSystem] Initialized.
2025-12-04 09:52:11:5211 [Worker 3340] info: [LootIdManager] Initialized with 39 static items and pre-built dictionary.
2025-12-04 09:52:11:5211 [Worker 3340] info: [ECS:GeometryUpdateSystem] Initialized.
2025-12-04 09:52:11:5211 [Worker 3340] info: [ECS:CleanupSystem] Initialized. (Now simplified)
2025-12-04 09:52:11:5211 [Worker 3340] info: [ECS:PlayerWeaponSwitchSystem] Initialized.
2025-12-04 09:52:11:5211 [Worker 3340] info: [ECS:EnemySpawnRequestSystem] Initialized.
2025-12-04 09:52:11:5211 [Worker 3340] info: [ECS:BehaviorSystemV2] Initialized.
2025-12-04 09:52:11:5211 [Worker 3340] info: [ECS:CombatAISystem] Initialized.
2025-12-04 09:52:11:5211 [Worker 3340] info: [ECS:WeaponSwitchSystem] Initialized.
2025-12-04 09:52:11:5211 [Worker 3340] info: [ECS:StatusEffectSystem] Initialized.
2025-12-04 09:52:11:5211 [Worker 3340] info: [ECS:WeaponSystem] Initialized.
2025-12-04 09:52:11:5211 [Worker 3340] info: [ECS:MovementSystem] Initialized.
2025-12-04 09:52:11:5211 [Worker 3340] info: [ECS:EntitySimulationSystem] Initialized as the main simulation orchestrator.
2025-12-04 09:52:11:5211 [Worker 3340] info: [ECS:PlayerBoundarySystem] Initialized.
2025-12-04 09:52:11:5211 [Worker 3340] info: [ECS:BoundarySystem] Initialized.
2025-12-04 09:52:11:5211 [Worker 3340] info: [ECS:DestructionEventSystem] Initialized as the main destruction controller.
2025-12-04 09:52:11:5211 [Worker 3340] info: [ECS:CollisionDetectionSystem] Initialized. (Now unified)
2025-12-04 09:52:11:5211 [Worker 3340] info: [ECS:CollisionResolutionSystem] Initialized.
2025-12-04 09:52:11:5211 [Worker 3340] info: [ECS:HitValidationSystem] Initialized.
2025-12-04 09:52:11:5211 [Worker 3340] info: [ECS:HistorySystem] Initialized.
2025-12-04 09:52:11:5211 [Worker 3340] info: [ECS:BuffLifecycleSystem] Initialized.
2025-12-04 09:52:11:5211 [Worker 3340] info: [ECS:StatRecalculationSystem] Initialized.
2025-12-04 09:52:11:5211 [Worker 3340] info: [ECS:OnKillEffectSystem] Initialized.
2025-12-04 09:52:11:5211 [Worker 3340] info: [ECS:LootDropSystem] Initialized.
2025-12-04 09:52:11:5211 [Worker 3340] info: [ECS:SpawnSystem] Initialized.
2025-12-04 09:52:11:5211 [Worker 3340] info: [ECS:LifetimeSystem] Initialized.
2025-12-04 09:52:11:5211 [Worker 3340] info: [ECS:OffscreenCleanupSystem] Initialized.
2025-12-04 09:52:12:5212 [Worker 3340] info: [DBMANAGER] Worker 3340: Connected to dbServer
2025-12-04 09:52:12:5212 [Worker 3340] info: [DBMANAGER] Worker 3340: Identifying with unique ID: gameserver-Hddkwe35fsvk_worker_3340
2025-12-04 09:52:12:5212 [Worker 3340] info: [REDISCLIENT] Worker 3340: Successfully connected to Redis.
2025-12-04 09:52:12:5212 [Worker 3340] info: [GracefulShutdown] Обработчики для воркера 3340 инициализированы и ожидают команды от мастера.
2025-12-04 09:52:12:5212 [Worker 3340] info: Worker 3340 started. WebSocket server running on port 3002
2025-12-04 09:52:12:5212 [Worker 3340] info: [DBMANAGER] Worker 3340: Successfully identified with dbServer as gameserver-Hddkwe35fsvk_worker_3340
2025-12-04 09:52:12:5212 [Worker 3340] info: [WeaponMechanicsStore] Weapon mechanics catalog received and cache has been built.
2025-12-04 09:52:12:5212 [Worker 3340] info: [REDISSUBSCRIBER] Worker 3340: Subscribed to 'session-events' and 'session_control_events' channels.
2025-12-04 09:52:13:5213 [Worker 16856] info: [ECS:EnergyRegenSystem] Initialized.
2025-12-04 09:52:13:5213 [Worker 16856] info: [ECS:ShieldRegenSystem] Initialized.
2025-12-04 09:52:13:5213 [Worker 16856] info: [LootIdManager] Initialized with 39 static items and pre-built dictionary.
2025-12-04 09:52:13:5213 [Worker 16856] info: [ECS:GeometryUpdateSystem] Initialized.
2025-12-04 09:52:13:5213 [Worker 16856] info: [ECS:CleanupSystem] Initialized. (Now simplified)
2025-12-04 09:52:13:5213 [Worker 16856] info: [ECS:PlayerWeaponSwitchSystem] Initialized.
2025-12-04 09:52:13:5213 [Worker 16856] info: [ECS:EnemySpawnRequestSystem] Initialized.
2025-12-04 09:52:13:5213 [Worker 16856] info: [ECS:BehaviorSystemV2] Initialized.
2025-12-04 09:52:13:5213 [Worker 16856] info: [ECS:CombatAISystem] Initialized.
2025-12-04 09:52:13:5213 [Worker 16856] info: [ECS:WeaponSwitchSystem] Initialized.
2025-12-04 09:52:13:5213 [Worker 16856] info: [ECS:StatusEffectSystem] Initialized.
2025-12-04 09:52:13:5213 [Worker 16856] info: [ECS:WeaponSystem] Initialized.
2025-12-04 09:52:13:5213 [Worker 16856] info: [ECS:MovementSystem] Initialized.
2025-12-04 09:52:13:5213 [Worker 16856] info: [ECS:EntitySimulationSystem] Initialized as the main simulation orchestrator.
2025-12-04 09:52:13:5213 [Worker 16856] info: [ECS:PlayerBoundarySystem] Initialized.
2025-12-04 09:52:13:5213 [Worker 16856] info: [ECS:BoundarySystem] Initialized.
2025-12-04 09:52:13:5213 [Worker 16856] info: [ECS:DestructionEventSystem] Initialized as the main destruction controller.
2025-12-04 09:52:13:5213 [Worker 16856] info: [ECS:CollisionDetectionSystem] Initialized. (Now unified)
2025-12-04 09:52:13:5213 [Worker 16856] info: [ECS:CollisionResolutionSystem] Initialized.
2025-12-04 09:52:13:5213 [Worker 16856] info: [ECS:HitValidationSystem] Initialized.
2025-12-04 09:52:13:5213 [Worker 16856] info: [ECS:HistorySystem] Initialized.
2025-12-04 09:52:13:5213 [Worker 16856] info: [ECS:BuffLifecycleSystem] Initialized.
2025-12-04 09:52:13:5213 [Worker 16856] info: [ECS:StatRecalculationSystem] Initialized.
2025-12-04 09:52:13:5213 [Worker 16856] info: [ECS:OnKillEffectSystem] Initialized.
2025-12-04 09:52:13:5213 [Worker 16856] info: [ECS:LootDropSystem] Initialized.
2025-12-04 09:52:13:5213 [Worker 16856] info: [ECS:SpawnSystem] Initialized.
2025-12-04 09:52:13:5213 [Worker 16856] info: [ECS:LifetimeSystem] Initialized.
2025-12-04 09:52:13:5213 [Worker 16856] info: [ECS:OffscreenCleanupSystem] Initialized.
2025-12-04 09:52:14:5214 [Worker 16856] info: [DBMANAGER] Worker 16856: Connected to dbServer
2025-12-04 09:52:14:5214 [Worker 16856] info: [DBMANAGER] Worker 16856: Identifying with unique ID: gameserver-Hddkwe35fsvk_worker_16856
2025-12-04 09:52:14:5214 [Worker 16856] info: [REDISCLIENT] Worker 16856: Successfully connected to Redis.
2025-12-04 09:52:14:5214 [Worker 16856] info: [GracefulShutdown] Обработчики для воркера 16856 инициализированы и ожидают команды от мастера.
2025-12-04 09:52:14:5214 [Worker 16856] info: Worker 16856 started. WebSocket server running on port 3002
2025-12-04 09:52:14:5214 [Worker 16856] info: [DBMANAGER] Worker 16856: Successfully identified with dbServer as gameserver-Hddkwe35fsvk_worker_16856
2025-12-04 09:52:14:5214 [Worker 16856] info: [WeaponMechanicsStore] Weapon mechanics catalog received and cache has been built.
2025-12-04 09:52:14:5214 [Worker 16856] info: [REDISSUBSCRIBER] Worker 16856: Subscribed to 'session-events' and 'session_control_events' channels.
2025-12-04 09:52:15:5215 [Worker 23012] info: [ECS:EnergyRegenSystem] Initialized.
2025-12-04 09:52:15:5215 [Worker 23012] info: [ECS:ShieldRegenSystem] Initialized.
2025-12-04 09:52:15:5215 [Worker 23012] info: [LootIdManager] Initialized with 39 static items and pre-built dictionary.
2025-12-04 09:52:15:5215 [Worker 23012] info: [ECS:GeometryUpdateSystem] Initialized.
2025-12-04 09:52:15:5215 [Worker 23012] info: [ECS:CleanupSystem] Initialized. (Now simplified)
2025-12-04 09:52:15:5215 [Worker 23012] info: [ECS:PlayerWeaponSwitchSystem] Initialized.
2025-12-04 09:52:15:5215 [Worker 23012] info: [ECS:EnemySpawnRequestSystem] Initialized.
2025-12-04 09:52:15:5215 [Worker 23012] info: [ECS:BehaviorSystemV2] Initialized.
2025-12-04 09:52:15:5215 [Worker 23012] info: [ECS:CombatAISystem] Initialized.
2025-12-04 09:52:15:5215 [Worker 23012] info: [ECS:WeaponSwitchSystem] Initialized.
2025-12-04 09:52:15:5215 [Worker 23012] info: [ECS:StatusEffectSystem] Initialized.
2025-12-04 09:52:15:5215 [Worker 23012] info: [ECS:WeaponSystem] Initialized.
2025-12-04 09:52:15:5215 [Worker 23012] info: [ECS:MovementSystem] Initialized.
2025-12-04 09:52:15:5215 [Worker 23012] info: [ECS:EntitySimulationSystem] Initialized as the main simulation orchestrator.
2025-12-04 09:52:15:5215 [Worker 23012] info: [ECS:PlayerBoundarySystem] Initialized.
2025-12-04 09:52:15:5215 [Worker 23012] info: [ECS:BoundarySystem] Initialized.
2025-12-04 09:52:15:5215 [Worker 23012] info: [ECS:DestructionEventSystem] Initialized as the main destruction controller.
2025-12-04 09:52:15:5215 [Worker 23012] info: [ECS:CollisionDetectionSystem] Initialized. (Now unified)
2025-12-04 09:52:15:5215 [Worker 23012] info: [ECS:CollisionResolutionSystem] Initialized.
2025-12-04 09:52:15:5215 [Worker 23012] info: [ECS:HitValidationSystem] Initialized.
2025-12-04 09:52:15:5215 [Worker 23012] info: [ECS:HistorySystem] Initialized.
2025-12-04 09:52:15:5215 [Worker 23012] info: [ECS:BuffLifecycleSystem] Initialized.
2025-12-04 09:52:15:5215 [Worker 23012] info: [ECS:StatRecalculationSystem] Initialized.
2025-12-04 09:52:15:5215 [Worker 23012] info: [ECS:OnKillEffectSystem] Initialized.
2025-12-04 09:52:15:5215 [Worker 23012] info: [ECS:LootDropSystem] Initialized.
2025-12-04 09:52:15:5215 [Worker 23012] info: [ECS:SpawnSystem] Initialized.
2025-12-04 09:52:15:5215 [Worker 23012] info: [ECS:LifetimeSystem] Initialized.
2025-12-04 09:52:15:5215 [Worker 23012] info: [ECS:OffscreenCleanupSystem] Initialized.
2025-12-04 09:52:16:5216 [Worker 23012] info: [DBMANAGER] Worker 23012: Connected to dbServer
2025-12-04 09:52:16:5216 [Worker 23012] info: [DBMANAGER] Worker 23012: Identifying with unique ID: gameserver-Hddkwe35fsvk_worker_23012
2025-12-04 09:52:16:5216 [Worker 23012] info: [REDISCLIENT] Worker 23012: Successfully connected to Redis.
2025-12-04 09:52:16:5216 [Worker 23012] info: [GracefulShutdown] Обработчики для воркера 23012 инициализированы и ожидают команды от мастера.
2025-12-04 09:52:16:5216 [Worker 23012] info: Worker 23012 started. WebSocket server running on port 3002
2025-12-04 09:52:16:5216 [Worker 23012] info: [DBMANAGER] Worker 23012: Successfully identified with dbServer as gameserver-Hddkwe35fsvk_worker_23012
2025-12-04 09:52:16:5216 [Worker 23012] info: [WeaponMechanicsStore] Weapon mechanics catalog received and cache has been built.
2025-12-04 09:52:16:5216 [Worker 23012] info: [REDISSUBSCRIBER] Worker 23012: Subscribed to 'session-events' and 'session_control_events' channels.
2025-12-04 09:52:17:5217 [Worker 22220] info: [ECS:EnergyRegenSystem] Initialized.
2025-12-04 09:52:17:5217 [Worker 22220] info: [ECS:ShieldRegenSystem] Initialized.
2025-12-04 09:52:17:5217 [Worker 22220] info: [LootIdManager] Initialized with 39 static items and pre-built dictionary.
2025-12-04 09:52:17:5217 [Worker 22220] info: [ECS:GeometryUpdateSystem] Initialized.
2025-12-04 09:52:17:5217 [Worker 22220] info: [ECS:CleanupSystem] Initialized. (Now simplified)
2025-12-04 09:52:17:5217 [Worker 22220] info: [ECS:PlayerWeaponSwitchSystem] Initialized.
2025-12-04 09:52:17:5217 [Worker 22220] info: [ECS:EnemySpawnRequestSystem] Initialized.
2025-12-04 09:52:17:5217 [Worker 22220] info: [ECS:BehaviorSystemV2] Initialized.
2025-12-04 09:52:17:5217 [Worker 22220] info: [ECS:CombatAISystem] Initialized.
2025-12-04 09:52:17:5217 [Worker 22220] info: [ECS:WeaponSwitchSystem] Initialized.
2025-12-04 09:52:17:5217 [Worker 22220] info: [ECS:StatusEffectSystem] Initialized.
2025-12-04 09:52:17:5217 [Worker 22220] info: [ECS:WeaponSystem] Initialized.
2025-12-04 09:52:17:5217 [Worker 22220] info: [ECS:MovementSystem] Initialized.
2025-12-04 09:52:17:5217 [Worker 22220] info: [ECS:EntitySimulationSystem] Initialized as the main simulation orchestrator.
2025-12-04 09:52:17:5217 [Worker 22220] info: [ECS:PlayerBoundarySystem] Initialized.
2025-12-04 09:52:17:5217 [Worker 22220] info: [ECS:BoundarySystem] Initialized.
2025-12-04 09:52:17:5217 [Worker 22220] info: [ECS:DestructionEventSystem] Initialized as the main destruction controller.
2025-12-04 09:52:17:5217 [Worker 22220] info: [ECS:CollisionDetectionSystem] Initialized. (Now unified)
2025-12-04 09:52:17:5217 [Worker 22220] info: [ECS:CollisionResolutionSystem] Initialized.
2025-12-04 09:52:17:5217 [Worker 22220] info: [ECS:HitValidationSystem] Initialized.
2025-12-04 09:52:17:5217 [Worker 22220] info: [ECS:HistorySystem] Initialized.
2025-12-04 09:52:17:5217 [Worker 22220] info: [ECS:BuffLifecycleSystem] Initialized.
2025-12-04 09:52:17:5217 [Worker 22220] info: [ECS:StatRecalculationSystem] Initialized.
2025-12-04 09:52:17:5217 [Worker 22220] info: [ECS:OnKillEffectSystem] Initialized.
2025-12-04 09:52:17:5217 [Worker 22220] info: [ECS:LootDropSystem] Initialized.
2025-12-04 09:52:17:5217 [Worker 22220] info: [ECS:SpawnSystem] Initialized.
2025-12-04 09:52:17:5217 [Worker 22220] info: [ECS:LifetimeSystem] Initialized.
2025-12-04 09:52:17:5217 [Worker 22220] info: [ECS:OffscreenCleanupSystem] Initialized.
2025-12-04 09:52:18:5218 [Worker 22220] info: [DBMANAGER] Worker 22220: Connected to dbServer
2025-12-04 09:52:18:5218 [Worker 22220] info: [DBMANAGER] Worker 22220: Identifying with unique ID: gameserver-Hddkwe35fsvk_worker_22220
2025-12-04 09:52:18:5218 [Worker 22220] info: [REDISCLIENT] Worker 22220: Successfully connected to Redis.
2025-12-04 09:52:18:5218 [Worker 22220] info: [GracefulShutdown] Обработчики для воркера 22220 инициализированы и ожидают команды от мастера.
2025-12-04 09:52:18:5218 [Worker 22220] info: Worker 22220 started. WebSocket server running on port 3002
2025-12-04 09:52:18:5218 [Worker 22220] info: [DBMANAGER] Worker 22220: Successfully identified with dbServer as gameserver-Hddkwe35fsvk_worker_22220
2025-12-04 09:52:18:5218 [Worker 22220] info: [WeaponMechanicsStore] Weapon mechanics catalog received and cache has been built.
2025-12-04 09:52:18:5218 [Worker 22220] info: [REDISSUBSCRIBER] Worker 22220: Subscribed to 'session-events' and 'session_control_events' channels.
2025-12-04 09:52:19:5219 [Worker 11696] info: [ECS:EnergyRegenSystem] Initialized.
2025-12-04 09:52:19:5219 [Worker 11696] info: [ECS:ShieldRegenSystem] Initialized.
2025-12-04 09:52:19:5219 [Worker 11696] info: [LootIdManager] Initialized with 39 static items and pre-built dictionary.
2025-12-04 09:52:19:5219 [Worker 11696] info: [ECS:GeometryUpdateSystem] Initialized.
2025-12-04 09:52:19:5219 [Worker 11696] info: [ECS:CleanupSystem] Initialized. (Now simplified)
2025-12-04 09:52:19:5219 [Worker 11696] info: [ECS:PlayerWeaponSwitchSystem] Initialized.
2025-12-04 09:52:19:5219 [Worker 11696] info: [ECS:EnemySpawnRequestSystem] Initialized.
2025-12-04 09:52:19:5219 [Worker 11696] info: [ECS:BehaviorSystemV2] Initialized.
2025-12-04 09:52:19:5219 [Worker 11696] info: [ECS:CombatAISystem] Initialized.
2025-12-04 09:52:19:5219 [Worker 11696] info: [ECS:WeaponSwitchSystem] Initialized.
2025-12-04 09:52:19:5219 [Worker 11696] info: [ECS:StatusEffectSystem] Initialized.
2025-12-04 09:52:19:5219 [Worker 11696] info: [ECS:WeaponSystem] Initialized.
2025-12-04 09:52:19:5219 [Worker 11696] info: [ECS:MovementSystem] Initialized.
2025-12-04 09:52:19:5219 [Worker 11696] info: [ECS:EntitySimulationSystem] Initialized as the main simulation orchestrator.
2025-12-04 09:52:19:5219 [Worker 11696] info: [ECS:PlayerBoundarySystem] Initialized.
2025-12-04 09:52:19:5219 [Worker 11696] info: [ECS:BoundarySystem] Initialized.
2025-12-04 09:52:19:5219 [Worker 11696] info: [ECS:DestructionEventSystem] Initialized as the main destruction controller.
2025-12-04 09:52:19:5219 [Worker 11696] info: [ECS:CollisionDetectionSystem] Initialized. (Now unified)
2025-12-04 09:52:19:5219 [Worker 11696] info: [ECS:CollisionResolutionSystem] Initialized.
2025-12-04 09:52:19:5219 [Worker 11696] info: [ECS:HitValidationSystem] Initialized.
2025-12-04 09:52:19:5219 [Worker 11696] info: [ECS:HistorySystem] Initialized.
2025-12-04 09:52:19:5219 [Worker 11696] info: [ECS:BuffLifecycleSystem] Initialized.
2025-12-04 09:52:19:5219 [Worker 11696] info: [ECS:StatRecalculationSystem] Initialized.
2025-12-04 09:52:19:5219 [Worker 11696] info: [ECS:OnKillEffectSystem] Initialized.
2025-12-04 09:52:19:5219 [Worker 11696] info: [ECS:LootDropSystem] Initialized.
2025-12-04 09:52:19:5219 [Worker 11696] info: [ECS:SpawnSystem] Initialized.
2025-12-04 09:52:19:5219 [Worker 11696] info: [ECS:LifetimeSystem] Initialized.
2025-12-04 09:52:19:5219 [Worker 11696] info: [ECS:OffscreenCleanupSystem] Initialized.
2025-12-04 09:52:20:5220 [Worker 11696] info: [DBMANAGER] Worker 11696: Connected to dbServer
2025-12-04 09:52:20:5220 [Worker 11696] info: [DBMANAGER] Worker 11696: Identifying with unique ID: gameserver-Hddkwe35fsvk_worker_11696
2025-12-04 09:52:20:5220 [Worker 11696] info: [REDISCLIENT] Worker 11696: Successfully connected to Redis.
2025-12-04 09:52:20:5220 [Worker 11696] info: [GracefulShutdown] Обработчики для воркера 11696 инициализированы и ожидают команды от мастера.
2025-12-04 09:52:20:5220 [Worker 11696] info: Worker 11696 started. WebSocket server running on port 3002
2025-12-04 09:52:20:5220 [Worker 11696] info: [DBMANAGER] Worker 11696: Successfully identified with dbServer as gameserver-Hddkwe35fsvk_worker_11696
2025-12-04 09:52:20:5220 [Worker 11696] info: [WeaponMechanicsStore] Weapon mechanics catalog received and cache has been built.
2025-12-04 09:52:20:5220 [Worker 11696] info: [REDISSUBSCRIBER] Worker 11696: Subscribed to 'session-events' and 'session_control_events' channels.
2025-12-04 09:52:21:5221 [Worker 9112] info: [ECS:EnergyRegenSystem] Initialized.
2025-12-04 09:52:21:5221 [Worker 9112] info: [ECS:ShieldRegenSystem] Initialized.
2025-12-04 09:52:21:5221 [Worker 9112] info: [LootIdManager] Initialized with 39 static items and pre-built dictionary.
2025-12-04 09:52:21:5221 [Worker 9112] info: [ECS:GeometryUpdateSystem] Initialized.
2025-12-04 09:52:21:5221 [Worker 9112] info: [ECS:CleanupSystem] Initialized. (Now simplified)
2025-12-04 09:52:21:5221 [Worker 9112] info: [ECS:PlayerWeaponSwitchSystem] Initialized.
2025-12-04 09:52:21:5221 [Worker 9112] info: [ECS:EnemySpawnRequestSystem] Initialized.
2025-12-04 09:52:21:5221 [Worker 9112] info: [ECS:BehaviorSystemV2] Initialized.
2025-12-04 09:52:21:5221 [Worker 9112] info: [ECS:CombatAISystem] Initialized.
2025-12-04 09:52:21:5221 [Worker 9112] info: [ECS:WeaponSwitchSystem] Initialized.
2025-12-04 09:52:21:5221 [Worker 9112] info: [ECS:StatusEffectSystem] Initialized.
2025-12-04 09:52:21:5221 [Worker 9112] info: [ECS:WeaponSystem] Initialized.
2025-12-04 09:52:21:5221 [Worker 9112] info: [ECS:MovementSystem] Initialized.
2025-12-04 09:52:21:5221 [Worker 9112] info: [ECS:EntitySimulationSystem] Initialized as the main simulation orchestrator.
2025-12-04 09:52:21:5221 [Worker 9112] info: [ECS:PlayerBoundarySystem] Initialized.
2025-12-04 09:52:21:5221 [Worker 9112] info: [ECS:BoundarySystem] Initialized.
2025-12-04 09:52:21:5221 [Worker 9112] info: [ECS:DestructionEventSystem] Initialized as the main destruction controller.
2025-12-04 09:52:21:5221 [Worker 9112] info: [ECS:CollisionDetectionSystem] Initialized. (Now unified)
2025-12-04 09:52:21:5221 [Worker 9112] info: [ECS:CollisionResolutionSystem] Initialized.
2025-12-04 09:52:21:5221 [Worker 9112] info: [ECS:HitValidationSystem] Initialized.
2025-12-04 09:52:21:5221 [Worker 9112] info: [ECS:HistorySystem] Initialized.
2025-12-04 09:52:21:5221 [Worker 9112] info: [ECS:BuffLifecycleSystem] Initialized.
2025-12-04 09:52:21:5221 [Worker 9112] info: [ECS:StatRecalculationSystem] Initialized.
2025-12-04 09:52:21:5221 [Worker 9112] info: [ECS:OnKillEffectSystem] Initialized.
2025-12-04 09:52:21:5221 [Worker 9112] info: [ECS:LootDropSystem] Initialized.
2025-12-04 09:52:21:5221 [Worker 9112] info: [ECS:SpawnSystem] Initialized.
2025-12-04 09:52:21:5221 [Worker 9112] info: [ECS:LifetimeSystem] Initialized.
2025-12-04 09:52:21:5221 [Worker 9112] info: [ECS:OffscreenCleanupSystem] Initialized.
2025-12-04 09:52:22:5222 [Worker 9112] info: [DBMANAGER] Worker 9112: Connected to dbServer
2025-12-04 09:52:22:5222 [Worker 9112] info: [DBMANAGER] Worker 9112: Identifying with unique ID: gameserver-Hddkwe35fsvk_worker_9112
2025-12-04 09:52:22:5222 [Worker 9112] info: [REDISCLIENT] Worker 9112: Successfully connected to Redis.
2025-12-04 09:52:22:5222 [Worker 9112] info: [GracefulShutdown] Обработчики для воркера 9112 инициализированы и ожидают команды от мастера.
2025-12-04 09:52:22:5222 [Worker 9112] info: Worker 9112 started. WebSocket server running on port 3002
2025-12-04 09:52:22:5222 [Worker 9112] info: [DBMANAGER] Worker 9112: Successfully identified with dbServer as gameserver-Hddkwe35fsvk_worker_9112
2025-12-04 09:52:22:5222 [Worker 9112] info: [WeaponMechanicsStore] Weapon mechanics catalog received and cache has been built.
2025-12-04 09:52:22:5222 [Worker 9112] info: [REDISSUBSCRIBER] Worker 9112: Subscribed to 'session-events' and 'session_control_events' channels.
2025-12-04 09:52:23:5223 [Worker 23652] info: [ECS:EnergyRegenSystem] Initialized.
2025-12-04 09:52:23:5223 [Worker 23652] info: [ECS:ShieldRegenSystem] Initialized.
2025-12-04 09:52:23:5223 [Worker 23652] info: [LootIdManager] Initialized with 39 static items and pre-built dictionary.
2025-12-04 09:52:23:5223 [Worker 23652] info: [ECS:GeometryUpdateSystem] Initialized.
2025-12-04 09:52:23:5223 [Worker 23652] info: [ECS:CleanupSystem] Initialized. (Now simplified)
2025-12-04 09:52:23:5223 [Worker 23652] info: [ECS:PlayerWeaponSwitchSystem] Initialized.
2025-12-04 09:52:23:5223 [Worker 23652] info: [ECS:EnemySpawnRequestSystem] Initialized.
2025-12-04 09:52:23:5223 [Worker 23652] info: [ECS:BehaviorSystemV2] Initialized.
2025-12-04 09:52:23:5223 [Worker 23652] info: [ECS:CombatAISystem] Initialized.
2025-12-04 09:52:23:5223 [Worker 23652] info: [ECS:WeaponSwitchSystem] Initialized.
2025-12-04 09:52:23:5223 [Worker 23652] info: [ECS:StatusEffectSystem] Initialized.
2025-12-04 09:52:23:5223 [Worker 23652] info: [ECS:WeaponSystem] Initialized.
2025-12-04 09:52:23:5223 [Worker 23652] info: [ECS:MovementSystem] Initialized.
2025-12-04 09:52:23:5223 [Worker 23652] info: [ECS:EntitySimulationSystem] Initialized as the main simulation orchestrator.
2025-12-04 09:52:23:5223 [Worker 23652] info: [ECS:PlayerBoundarySystem] Initialized.
2025-12-04 09:52:23:5223 [Worker 23652] info: [ECS:BoundarySystem] Initialized.
2025-12-04 09:52:23:5223 [Worker 23652] info: [ECS:DestructionEventSystem] Initialized as the main destruction controller.
2025-12-04 09:52:23:5223 [Worker 23652] info: [ECS:CollisionDetectionSystem] Initialized. (Now unified)
2025-12-04 09:52:23:5223 [Worker 23652] info: [ECS:CollisionResolutionSystem] Initialized.
2025-12-04 09:52:23:5223 [Worker 23652] info: [ECS:HitValidationSystem] Initialized.
2025-12-04 09:52:23:5223 [Worker 23652] info: [ECS:HistorySystem] Initialized.
2025-12-04 09:52:23:5223 [Worker 23652] info: [ECS:BuffLifecycleSystem] Initialized.
2025-12-04 09:52:23:5223 [Worker 23652] info: [ECS:StatRecalculationSystem] Initialized.
2025-12-04 09:52:23:5223 [Worker 23652] info: [ECS:OnKillEffectSystem] Initialized.
2025-12-04 09:52:23:5223 [Worker 23652] info: [ECS:LootDropSystem] Initialized.
2025-12-04 09:52:23:5223 [Worker 23652] info: [ECS:SpawnSystem] Initialized.
2025-12-04 09:52:23:5223 [Worker 23652] info: [ECS:LifetimeSystem] Initialized.
2025-12-04 09:52:23:5223 [Worker 23652] info: [ECS:OffscreenCleanupSystem] Initialized.
2025-12-04 09:52:24:5224 [Worker 23652] info: [DBMANAGER] Worker 23652: Connected to dbServer
2025-12-04 09:52:24:5224 [Worker 23652] info: [DBMANAGER] Worker 23652: Identifying with unique ID: gameserver-Hddkwe35fsvk_worker_23652
2025-12-04 09:52:24:5224 [Worker 23652] info: [REDISCLIENT] Worker 23652: Successfully connected to Redis.
2025-12-04 09:52:24:5224 [Worker 23652] info: [GracefulShutdown] Обработчики для воркера 23652 инициализированы и ожидают команды от мастера.
2025-12-04 09:52:24:5224 [Worker 23652] info: Worker 23652 started. WebSocket server running on port 3002
2025-12-04 09:52:24:5224 [Worker 23652] info: [DBMANAGER] Worker 23652: Successfully identified with dbServer as gameserver-Hddkwe35fsvk_worker_23652
2025-12-04 09:52:24:5224 [Worker 23652] info: [WeaponMechanicsStore] Weapon mechanics catalog received and cache has been built.
2025-12-04 09:52:24:5224 [Worker 23652] info: [REDISSUBSCRIBER] Worker 23652: Subscribed to 'session-events' and 'session_control_events' channels.
2025-12-04 10:37:27:3727 [Worker 16764] warn: Master process received SIGINT. Instructing all workers to shut down gracefully.
2025-12-04 20:02:50:250 [Worker 5448] info: [ECS:EnergyRegenSystem] Initialized.
2025-12-04 20:02:50:250 [Worker 5448] info: [ECS:ShieldRegenSystem] Initialized.
2025-12-04 20:02:50:250 [Worker 5448] info: [LootIdManager] Initialized with 39 static items and pre-built dictionary.
2025-12-04 20:02:50:250 [Worker 5448] info: [ECS:GeometryUpdateSystem] Initialized.
2025-12-04 20:02:50:250 [Worker 5448] info: [ECS:CleanupSystem] Initialized. (Now simplified)
2025-12-04 20:02:50:250 [Worker 5448] info: [ECS:PlayerWeaponSwitchSystem] Initialized.
2025-12-04 20:02:50:250 [Worker 5448] info: [ECS:EnemySpawnRequestSystem] Initialized.
2025-12-04 20:02:50:250 [Worker 5448] info: [ECS:BehaviorSystemV2] Initialized.
2025-12-04 20:02:50:250 [Worker 5448] info: [ECS:CombatAISystem] Initialized.
2025-12-04 20:02:50:250 [Worker 5448] info: [ECS:WeaponSwitchSystem] Initialized.
2025-12-04 20:02:50:250 [Worker 5448] info: [ECS:StatusEffectSystem] Initialized.
2025-12-04 20:02:50:250 [Worker 5448] info: [ECS:WeaponSystem] Initialized.
2025-12-04 20:02:50:250 [Worker 5448] info: [ECS:MovementSystem] Initialized.
2025-12-04 20:02:50:250 [Worker 5448] info: [ECS:EntitySimulationSystem] Initialized as the main simulation orchestrator.
2025-12-04 20:02:50:250 [Worker 5448] info: [ECS:PlayerBoundarySystem] Initialized.
2025-12-04 20:02:50:250 [Worker 5448] info: [ECS:BoundarySystem] Initialized.
2025-12-04 20:02:50:250 [Worker 5448] info: [ECS:DestructionEventSystem] Initialized as the main destruction controller.
2025-12-04 20:02:50:250 [Worker 5448] info: [ECS:CollisionDetectionSystem] Initialized. (Now unified)
2025-12-04 20:02:50:250 [Worker 5448] info: [ECS:CollisionResolutionSystem] Initialized.
2025-12-04 20:02:50:250 [Worker 5448] info: [ECS:HitValidationSystem] Initialized.
2025-12-04 20:02:50:250 [Worker 5448] info: [ECS:HistorySystem] Initialized.
2025-12-04 20:02:50:250 [Worker 5448] info: [ECS:BuffLifecycleSystem] Initialized.
2025-12-04 20:02:50:250 [Worker 5448] info: [ECS:StatRecalculationSystem] Initialized.
2025-12-04 20:02:50:250 [Worker 5448] info: [ECS:OnKillEffectSystem] Initialized.
2025-12-04 20:02:50:250 [Worker 5448] info: [ECS:LootDropSystem] Initialized.
2025-12-04 20:02:50:250 [Worker 5448] info: [ECS:SpawnSystem] Initialized.
2025-12-04 20:02:50:250 [Worker 5448] info: [ECS:LifetimeSystem] Initialized.
2025-12-04 20:02:50:250 [Worker 5448] info: [ECS:OffscreenCleanupSystem] Initialized.
2025-12-04 20:02:50:250 [Worker 5448] info: Master process 5448 is running
2025-12-04 20:02:51:251 [Worker 24844] info: [ECS:EnergyRegenSystem] Initialized.
2025-12-04 20:02:51:251 [Worker 24844] info: [ECS:ShieldRegenSystem] Initialized.
2025-12-04 20:02:51:251 [Worker 24844] info: [LootIdManager] Initialized with 39 static items and pre-built dictionary.
2025-12-04 20:02:51:251 [Worker 24844] info: [ECS:GeometryUpdateSystem] Initialized.
2025-12-04 20:02:51:251 [Worker 24844] info: [ECS:CleanupSystem] Initialized. (Now simplified)
2025-12-04 20:02:51:251 [Worker 24844] info: [ECS:PlayerWeaponSwitchSystem] Initialized.
2025-12-04 20:02:51:251 [Worker 24844] info: [ECS:EnemySpawnRequestSystem] Initialized.
2025-12-04 20:02:51:251 [Worker 24844] info: [ECS:BehaviorSystemV2] Initialized.
2025-12-04 20:02:51:251 [Worker 24844] info: [ECS:CombatAISystem] Initialized.
2025-12-04 20:02:51:251 [Worker 24844] info: [ECS:WeaponSwitchSystem] Initialized.
2025-12-04 20:02:51:251 [Worker 24844] info: [ECS:StatusEffectSystem] Initialized.
2025-12-04 20:02:51:251 [Worker 24844] info: [ECS:WeaponSystem] Initialized.
2025-12-04 20:02:51:251 [Worker 24844] info: [ECS:MovementSystem] Initialized.
2025-12-04 20:02:51:251 [Worker 24844] info: [ECS:EntitySimulationSystem] Initialized as the main simulation orchestrator.
2025-12-04 20:02:51:251 [Worker 24844] info: [ECS:PlayerBoundarySystem] Initialized.
2025-12-04 20:02:51:251 [Worker 24844] info: [ECS:BoundarySystem] Initialized.
2025-12-04 20:02:51:251 [Worker 24844] info: [ECS:DestructionEventSystem] Initialized as the main destruction controller.
2025-12-04 20:02:51:251 [Worker 24844] info: [ECS:CollisionDetectionSystem] Initialized. (Now unified)
2025-12-04 20:02:51:251 [Worker 24844] info: [ECS:CollisionResolutionSystem] Initialized.
2025-12-04 20:02:51:251 [Worker 24844] info: [ECS:HitValidationSystem] Initialized.
2025-12-04 20:02:51:251 [Worker 24844] info: [ECS:HistorySystem] Initialized.
2025-12-04 20:02:51:251 [Worker 24844] info: [ECS:BuffLifecycleSystem] Initialized.
2025-12-04 20:02:51:251 [Worker 24844] info: [ECS:StatRecalculationSystem] Initialized.
2025-12-04 20:02:51:251 [Worker 24844] info: [ECS:OnKillEffectSystem] Initialized.
2025-12-04 20:02:51:251 [Worker 24844] info: [ECS:LootDropSystem] Initialized.
2025-12-04 20:02:51:251 [Worker 24844] info: [ECS:SpawnSystem] Initialized.
2025-12-04 20:02:51:251 [Worker 24844] info: [ECS:LifetimeSystem] Initialized.
2025-12-04 20:02:51:251 [Worker 24844] info: [ECS:OffscreenCleanupSystem] Initialized.
2025-12-04 20:02:52:252 [Worker 24700] info: [ECS:EnergyRegenSystem] Initialized.
2025-12-04 20:02:52:252 [Worker 24700] info: [ECS:ShieldRegenSystem] Initialized.
2025-12-04 20:02:52:252 [Worker 24700] info: [LootIdManager] Initialized with 39 static items and pre-built dictionary.
2025-12-04 20:02:52:252 [Worker 24700] info: [ECS:GeometryUpdateSystem] Initialized.
2025-12-04 20:02:52:252 [Worker 24700] info: [ECS:CleanupSystem] Initialized. (Now simplified)
2025-12-04 20:02:52:252 [Worker 24700] info: [ECS:PlayerWeaponSwitchSystem] Initialized.
2025-12-04 20:02:52:252 [Worker 24700] info: [ECS:EnemySpawnRequestSystem] Initialized.
2025-12-04 20:02:52:252 [Worker 24700] info: [ECS:BehaviorSystemV2] Initialized.
2025-12-04 20:02:52:252 [Worker 24700] info: [ECS:CombatAISystem] Initialized.
2025-12-04 20:02:52:252 [Worker 24700] info: [ECS:WeaponSwitchSystem] Initialized.
2025-12-04 20:02:52:252 [Worker 24700] info: [ECS:StatusEffectSystem] Initialized.
2025-12-04 20:02:52:252 [Worker 24700] info: [ECS:WeaponSystem] Initialized.
2025-12-04 20:02:52:252 [Worker 24700] info: [ECS:MovementSystem] Initialized.
2025-12-04 20:02:52:252 [Worker 24700] info: [ECS:EntitySimulationSystem] Initialized as the main simulation orchestrator.
2025-12-04 20:02:52:252 [Worker 24700] info: [ECS:PlayerBoundarySystem] Initialized.
2025-12-04 20:02:52:252 [Worker 24700] info: [ECS:BoundarySystem] Initialized.
2025-12-04 20:02:52:252 [Worker 24700] info: [ECS:DestructionEventSystem] Initialized as the main destruction controller.
2025-12-04 20:02:52:252 [Worker 24700] info: [ECS:CollisionDetectionSystem] Initialized. (Now unified)
2025-12-04 20:02:52:252 [Worker 24700] info: [ECS:CollisionResolutionSystem] Initialized.
2025-12-04 20:02:52:252 [Worker 24700] info: [ECS:HitValidationSystem] Initialized.
2025-12-04 20:02:52:252 [Worker 24700] info: [ECS:HistorySystem] Initialized.
2025-12-04 20:02:52:252 [Worker 24700] info: [ECS:BuffLifecycleSystem] Initialized.
2025-12-04 20:02:52:252 [Worker 24700] info: [ECS:StatRecalculationSystem] Initialized.
2025-12-04 20:02:52:252 [Worker 24700] info: [ECS:OnKillEffectSystem] Initialized.
2025-12-04 20:02:52:252 [Worker 24700] info: [ECS:LootDropSystem] Initialized.
2025-12-04 20:02:52:252 [Worker 24700] info: [ECS:SpawnSystem] Initialized.
2025-12-04 20:02:52:252 [Worker 24700] info: [ECS:LifetimeSystem] Initialized.
2025-12-04 20:02:52:252 [Worker 24700] info: [ECS:OffscreenCleanupSystem] Initialized.
2025-12-04 20:02:54:254 [Worker 14324] info: [ECS:EnergyRegenSystem] Initialized.
2025-12-04 20:02:54:254 [Worker 14324] info: [ECS:ShieldRegenSystem] Initialized.
2025-12-04 20:02:54:254 [Worker 14324] info: [LootIdManager] Initialized with 39 static items and pre-built dictionary.
2025-12-04 20:02:54:254 [Worker 14324] info: [ECS:GeometryUpdateSystem] Initialized.
2025-12-04 20:02:54:254 [Worker 14324] info: [ECS:CleanupSystem] Initialized. (Now simplified)
2025-12-04 20:02:54:254 [Worker 14324] info: [ECS:PlayerWeaponSwitchSystem] Initialized.
2025-12-04 20:02:54:254 [Worker 14324] info: [ECS:EnemySpawnRequestSystem] Initialized.
2025-12-04 20:02:54:254 [Worker 14324] info: [ECS:BehaviorSystemV2] Initialized.
2025-12-04 20:02:54:254 [Worker 14324] info: [ECS:CombatAISystem] Initialized.
2025-12-04 20:02:54:254 [Worker 14324] info: [ECS:WeaponSwitchSystem] Initialized.
2025-12-04 20:02:54:254 [Worker 14324] info: [ECS:StatusEffectSystem] Initialized.
2025-12-04 20:02:54:254 [Worker 14324] info: [ECS:WeaponSystem] Initialized.
2025-12-04 20:02:54:254 [Worker 14324] info: [ECS:MovementSystem] Initialized.
2025-12-04 20:02:54:254 [Worker 14324] info: [ECS:EntitySimulationSystem] Initialized as the main simulation orchestrator.
2025-12-04 20:02:54:254 [Worker 14324] info: [ECS:PlayerBoundarySystem] Initialized.
2025-12-04 20:02:54:254 [Worker 14324] info: [ECS:BoundarySystem] Initialized.
2025-12-04 20:02:54:254 [Worker 14324] info: [ECS:DestructionEventSystem] Initialized as the main destruction controller.
2025-12-04 20:02:54:254 [Worker 14324] info: [ECS:CollisionDetectionSystem] Initialized. (Now unified)
2025-12-04 20:02:54:254 [Worker 14324] info: [ECS:CollisionResolutionSystem] Initialized.
2025-12-04 20:02:54:254 [Worker 14324] info: [ECS:HitValidationSystem] Initialized.
2025-12-04 20:02:54:254 [Worker 14324] info: [ECS:HistorySystem] Initialized.
2025-12-04 20:02:54:254 [Worker 14324] info: [ECS:BuffLifecycleSystem] Initialized.
2025-12-04 20:02:54:254 [Worker 14324] info: [ECS:StatRecalculationSystem] Initialized.
2025-12-04 20:02:54:254 [Worker 14324] info: [ECS:OnKillEffectSystem] Initialized.
2025-12-04 20:02:54:254 [Worker 14324] info: [ECS:LootDropSystem] Initialized.
2025-12-04 20:02:54:254 [Worker 14324] info: [ECS:SpawnSystem] Initialized.
2025-12-04 20:02:54:254 [Worker 14324] info: [ECS:LifetimeSystem] Initialized.
2025-12-04 20:02:54:254 [Worker 14324] info: [ECS:OffscreenCleanupSystem] Initialized.
2025-12-04 20:02:56:256 [Worker 12576] info: [ECS:EnergyRegenSystem] Initialized.
2025-12-04 20:02:56:256 [Worker 12576] info: [ECS:ShieldRegenSystem] Initialized.
2025-12-04 20:02:56:256 [Worker 12576] info: [LootIdManager] Initialized with 39 static items and pre-built dictionary.
2025-12-04 20:02:56:256 [Worker 12576] info: [ECS:GeometryUpdateSystem] Initialized.
2025-12-04 20:02:56:256 [Worker 12576] info: [ECS:CleanupSystem] Initialized. (Now simplified)
2025-12-04 20:02:56:256 [Worker 12576] info: [ECS:PlayerWeaponSwitchSystem] Initialized.
2025-12-04 20:02:56:256 [Worker 12576] info: [ECS:EnemySpawnRequestSystem] Initialized.
2025-12-04 20:02:56:256 [Worker 12576] info: [ECS:BehaviorSystemV2] Initialized.
2025-12-04 20:02:56:256 [Worker 12576] info: [ECS:CombatAISystem] Initialized.
2025-12-04 20:02:56:256 [Worker 12576] info: [ECS:WeaponSwitchSystem] Initialized.
2025-12-04 20:02:56:256 [Worker 12576] info: [ECS:StatusEffectSystem] Initialized.
2025-12-04 20:02:56:256 [Worker 12576] info: [ECS:WeaponSystem] Initialized.
2025-12-04 20:02:56:256 [Worker 12576] info: [ECS:MovementSystem] Initialized.
2025-12-04 20:02:56:256 [Worker 12576] info: [ECS:EntitySimulationSystem] Initialized as the main simulation orchestrator.
2025-12-04 20:02:56:256 [Worker 12576] info: [ECS:PlayerBoundarySystem] Initialized.
2025-12-04 20:02:56:256 [Worker 12576] info: [ECS:BoundarySystem] Initialized.
2025-12-04 20:02:56:256 [Worker 12576] info: [ECS:DestructionEventSystem] Initialized as the main destruction controller.
2025-12-04 20:02:56:256 [Worker 12576] info: [ECS:CollisionDetectionSystem] Initialized. (Now unified)
2025-12-04 20:02:56:256 [Worker 12576] info: [ECS:CollisionResolutionSystem] Initialized.
2025-12-04 20:02:56:256 [Worker 12576] info: [ECS:HitValidationSystem] Initialized.
2025-12-04 20:02:56:256 [Worker 12576] info: [ECS:HistorySystem] Initialized.
2025-12-04 20:02:56:256 [Worker 12576] info: [ECS:BuffLifecycleSystem] Initialized.
2025-12-04 20:02:56:256 [Worker 12576] info: [ECS:StatRecalculationSystem] Initialized.
2025-12-04 20:02:56:256 [Worker 12576] info: [ECS:OnKillEffectSystem] Initialized.
2025-12-04 20:02:56:256 [Worker 12576] info: [ECS:LootDropSystem] Initialized.
2025-12-04 20:02:56:256 [Worker 12576] info: [ECS:SpawnSystem] Initialized.
2025-12-04 20:02:56:256 [Worker 12576] info: [ECS:LifetimeSystem] Initialized.
2025-12-04 20:02:56:256 [Worker 12576] info: [ECS:OffscreenCleanupSystem] Initialized.
2025-12-04 20:02:58:258 [Worker 19424] info: [ECS:EnergyRegenSystem] Initialized.
2025-12-04 20:02:58:258 [Worker 19424] info: [ECS:ShieldRegenSystem] Initialized.
2025-12-04 20:02:58:258 [Worker 19424] info: [LootIdManager] Initialized with 39 static items and pre-built dictionary.
2025-12-04 20:02:58:258 [Worker 19424] info: [ECS:GeometryUpdateSystem] Initialized.
2025-12-04 20:02:58:258 [Worker 19424] info: [ECS:CleanupSystem] Initialized. (Now simplified)
2025-12-04 20:02:58:258 [Worker 19424] info: [ECS:PlayerWeaponSwitchSystem] Initialized.
2025-12-04 20:02:59:259 [Worker 19424] info: [ECS:EnemySpawnRequestSystem] Initialized.
2025-12-04 20:02:59:259 [Worker 19424] info: [ECS:BehaviorSystemV2] Initialized.
2025-12-04 20:02:59:259 [Worker 19424] info: [ECS:CombatAISystem] Initialized.
2025-12-04 20:02:59:259 [Worker 19424] info: [ECS:WeaponSwitchSystem] Initialized.
2025-12-04 20:02:59:259 [Worker 19424] info: [ECS:StatusEffectSystem] Initialized.
2025-12-04 20:02:59:259 [Worker 19424] info: [ECS:WeaponSystem] Initialized.
2025-12-04 20:02:59:259 [Worker 19424] info: [ECS:MovementSystem] Initialized.
2025-12-04 20:02:59:259 [Worker 19424] info: [ECS:EntitySimulationSystem] Initialized as the main simulation orchestrator.
2025-12-04 20:02:59:259 [Worker 19424] info: [ECS:PlayerBoundarySystem] Initialized.
2025-12-04 20:02:59:259 [Worker 19424] info: [ECS:BoundarySystem] Initialized.
2025-12-04 20:02:59:259 [Worker 19424] info: [ECS:DestructionEventSystem] Initialized as the main destruction controller.
2025-12-04 20:02:59:259 [Worker 19424] info: [ECS:CollisionDetectionSystem] Initialized. (Now unified)
2025-12-04 20:02:59:259 [Worker 19424] info: [ECS:CollisionResolutionSystem] Initialized.
2025-12-04 20:02:59:259 [Worker 19424] info: [ECS:HitValidationSystem] Initialized.
2025-12-04 20:02:59:259 [Worker 19424] info: [ECS:HistorySystem] Initialized.
2025-12-04 20:02:59:259 [Worker 19424] info: [ECS:BuffLifecycleSystem] Initialized.
2025-12-04 20:02:59:259 [Worker 19424] info: [ECS:StatRecalculationSystem] Initialized.
2025-12-04 20:02:59:259 [Worker 19424] info: [ECS:OnKillEffectSystem] Initialized.
2025-12-04 20:02:59:259 [Worker 19424] info: [ECS:LootDropSystem] Initialized.
2025-12-04 20:02:59:259 [Worker 19424] info: [ECS:SpawnSystem] Initialized.
2025-12-04 20:02:59:259 [Worker 19424] info: [ECS:LifetimeSystem] Initialized.
2025-12-04 20:02:59:259 [Worker 19424] info: [ECS:OffscreenCleanupSystem] Initialized.
2025-12-04 20:03:00:30 [Worker 14660] info: [ECS:EnergyRegenSystem] Initialized.
2025-12-04 20:03:00:30 [Worker 14660] info: [ECS:ShieldRegenSystem] Initialized.
2025-12-04 20:03:00:30 [Worker 14660] info: [LootIdManager] Initialized with 39 static items and pre-built dictionary.
2025-12-04 20:03:00:30 [Worker 14660] info: [ECS:GeometryUpdateSystem] Initialized.
2025-12-04 20:03:00:30 [Worker 14660] info: [ECS:CleanupSystem] Initialized. (Now simplified)
2025-12-04 20:03:00:30 [Worker 14660] info: [ECS:PlayerWeaponSwitchSystem] Initialized.
2025-12-04 20:03:00:30 [Worker 14660] info: [ECS:EnemySpawnRequestSystem] Initialized.
2025-12-04 20:03:00:30 [Worker 14660] info: [ECS:BehaviorSystemV2] Initialized.
2025-12-04 20:03:00:30 [Worker 14660] info: [ECS:CombatAISystem] Initialized.
2025-12-04 20:03:00:30 [Worker 14660] info: [ECS:WeaponSwitchSystem] Initialized.
2025-12-04 20:03:00:30 [Worker 14660] info: [ECS:StatusEffectSystem] Initialized.
2025-12-04 20:03:00:30 [Worker 14660] info: [ECS:WeaponSystem] Initialized.
2025-12-04 20:03:00:30 [Worker 14660] info: [ECS:MovementSystem] Initialized.
2025-12-04 20:03:00:30 [Worker 14660] info: [ECS:EntitySimulationSystem] Initialized as the main simulation orchestrator.
2025-12-04 20:03:00:30 [Worker 14660] info: [ECS:PlayerBoundarySystem] Initialized.
2025-12-04 20:03:00:30 [Worker 14660] info: [ECS:BoundarySystem] Initialized.
2025-12-04 20:03:00:30 [Worker 14660] info: [ECS:DestructionEventSystem] Initialized as the main destruction controller.
2025-12-04 20:03:00:30 [Worker 14660] info: [ECS:CollisionDetectionSystem] Initialized. (Now unified)
2025-12-04 20:03:00:30 [Worker 14660] info: [ECS:CollisionResolutionSystem] Initialized.
2025-12-04 20:03:00:30 [Worker 14660] info: [ECS:HitValidationSystem] Initialized.
2025-12-04 20:03:00:30 [Worker 14660] info: [ECS:HistorySystem] Initialized.
2025-12-04 20:03:00:30 [Worker 14660] info: [ECS:BuffLifecycleSystem] Initialized.
2025-12-04 20:03:00:30 [Worker 14660] info: [ECS:StatRecalculationSystem] Initialized.
2025-12-04 20:03:00:30 [Worker 14660] info: [ECS:OnKillEffectSystem] Initialized.
2025-12-04 20:03:00:30 [Worker 14660] info: [ECS:LootDropSystem] Initialized.
2025-12-04 20:03:00:30 [Worker 14660] info: [ECS:SpawnSystem] Initialized.
2025-12-04 20:03:00:30 [Worker 14660] info: [ECS:LifetimeSystem] Initialized.
2025-12-04 20:03:00:30 [Worker 14660] info: [ECS:OffscreenCleanupSystem] Initialized.
2025-12-04 20:03:03:33 [Worker 12908] info: [ECS:EnergyRegenSystem] Initialized.
2025-12-04 20:03:03:33 [Worker 12908] info: [ECS:ShieldRegenSystem] Initialized.
2025-12-04 20:03:03:33 [Worker 12908] info: [LootIdManager] Initialized with 39 static items and pre-built dictionary.
2025-12-04 20:03:03:33 [Worker 12908] info: [ECS:GeometryUpdateSystem] Initialized.
2025-12-04 20:03:03:33 [Worker 12908] info: [ECS:CleanupSystem] Initialized. (Now simplified)
2025-12-04 20:03:03:33 [Worker 12908] info: [ECS:PlayerWeaponSwitchSystem] Initialized.
2025-12-04 20:03:03:33 [Worker 12908] info: [ECS:EnemySpawnRequestSystem] Initialized.
2025-12-04 20:03:03:33 [Worker 12908] info: [ECS:BehaviorSystemV2] Initialized.
2025-12-04 20:03:03:33 [Worker 12908] info: [ECS:CombatAISystem] Initialized.
2025-12-04 20:03:03:33 [Worker 12908] info: [ECS:WeaponSwitchSystem] Initialized.
2025-12-04 20:03:03:33 [Worker 12908] info: [ECS:StatusEffectSystem] Initialized.
2025-12-04 20:03:03:33 [Worker 12908] info: [ECS:WeaponSystem] Initialized.
2025-12-04 20:03:03:33 [Worker 12908] info: [ECS:MovementSystem] Initialized.
2025-12-04 20:03:03:33 [Worker 12908] info: [ECS:EntitySimulationSystem] Initialized as the main simulation orchestrator.
2025-12-04 20:03:03:33 [Worker 12908] info: [ECS:PlayerBoundarySystem] Initialized.
2025-12-04 20:03:03:33 [Worker 12908] info: [ECS:BoundarySystem] Initialized.
2025-12-04 20:03:03:33 [Worker 12908] info: [ECS:DestructionEventSystem] Initialized as the main destruction controller.
2025-12-04 20:03:03:33 [Worker 12908] info: [ECS:CollisionDetectionSystem] Initialized. (Now unified)
2025-12-04 20:03:03:33 [Worker 12908] info: [ECS:CollisionResolutionSystem] Initialized.
2025-12-04 20:03:03:33 [Worker 12908] info: [ECS:HitValidationSystem] Initialized.
2025-12-04 20:03:03:33 [Worker 12908] info: [ECS:HistorySystem] Initialized.
2025-12-04 20:03:03:33 [Worker 12908] info: [ECS:BuffLifecycleSystem] Initialized.
2025-12-04 20:03:03:33 [Worker 12908] info: [ECS:StatRecalculationSystem] Initialized.
2025-12-04 20:03:03:33 [Worker 12908] info: [ECS:OnKillEffectSystem] Initialized.
2025-12-04 20:03:03:33 [Worker 12908] info: [ECS:LootDropSystem] Initialized.
2025-12-04 20:03:03:33 [Worker 12908] info: [ECS:SpawnSystem] Initialized.
2025-12-04 20:03:03:33 [Worker 12908] info: [ECS:LifetimeSystem] Initialized.
2025-12-04 20:03:03:33 [Worker 12908] info: [ECS:OffscreenCleanupSystem] Initialized.
2025-12-04 20:03:04:34 [Worker 22692] info: [ECS:EnergyRegenSystem] Initialized.
2025-12-04 20:03:04:34 [Worker 22692] info: [ECS:ShieldRegenSystem] Initialized.
2025-12-04 20:03:04:34 [Worker 22692] info: [LootIdManager] Initialized with 39 static items and pre-built dictionary.
2025-12-04 20:03:04:34 [Worker 22692] info: [ECS:GeometryUpdateSystem] Initialized.
2025-12-04 20:03:04:34 [Worker 22692] info: [ECS:CleanupSystem] Initialized. (Now simplified)
2025-12-04 20:03:04:34 [Worker 22692] info: [ECS:PlayerWeaponSwitchSystem] Initialized.
2025-12-04 20:03:04:34 [Worker 22692] info: [ECS:EnemySpawnRequestSystem] Initialized.
2025-12-04 20:03:04:34 [Worker 22692] info: [ECS:BehaviorSystemV2] Initialized.
2025-12-04 20:03:04:34 [Worker 22692] info: [ECS:CombatAISystem] Initialized.
2025-12-04 20:03:04:34 [Worker 22692] info: [ECS:WeaponSwitchSystem] Initialized.
2025-12-04 20:03:04:34 [Worker 22692] info: [ECS:StatusEffectSystem] Initialized.
2025-12-04 20:03:04:34 [Worker 22692] info: [ECS:WeaponSystem] Initialized.
2025-12-04 20:03:04:34 [Worker 22692] info: [ECS:MovementSystem] Initialized.
2025-12-04 20:03:04:34 [Worker 22692] info: [ECS:EntitySimulationSystem] Initialized as the main simulation orchestrator.
2025-12-04 20:03:04:34 [Worker 22692] info: [ECS:PlayerBoundarySystem] Initialized.
2025-12-04 20:03:04:34 [Worker 22692] info: [ECS:BoundarySystem] Initialized.
2025-12-04 20:03:04:34 [Worker 22692] info: [ECS:DestructionEventSystem] Initialized as the main destruction controller.
2025-12-04 20:03:04:34 [Worker 22692] info: [ECS:CollisionDetectionSystem] Initialized. (Now unified)
2025-12-04 20:03:04:34 [Worker 22692] info: [ECS:CollisionResolutionSystem] Initialized.
2025-12-04 20:03:04:34 [Worker 22692] info: [ECS:HitValidationSystem] Initialized.
2025-12-04 20:03:04:34 [Worker 22692] info: [ECS:HistorySystem] Initialized.
2025-12-04 20:03:04:34 [Worker 22692] info: [ECS:BuffLifecycleSystem] Initialized.
2025-12-04 20:03:04:34 [Worker 22692] info: [ECS:StatRecalculationSystem] Initialized.
2025-12-04 20:03:04:34 [Worker 22692] info: [ECS:OnKillEffectSystem] Initialized.
2025-12-04 20:03:04:34 [Worker 22692] info: [ECS:LootDropSystem] Initialized.
2025-12-04 20:03:04:34 [Worker 22692] info: [ECS:SpawnSystem] Initialized.
2025-12-04 20:03:04:34 [Worker 22692] info: [ECS:LifetimeSystem] Initialized.
2025-12-04 20:03:04:34 [Worker 22692] info: [ECS:OffscreenCleanupSystem] Initialized.
2025-12-04 20:03:06:36 [Worker 14836] info: [ECS:EnergyRegenSystem] Initialized.
2025-12-04 20:03:06:36 [Worker 14836] info: [ECS:ShieldRegenSystem] Initialized.
2025-12-04 20:03:06:36 [Worker 14836] info: [LootIdManager] Initialized with 39 static items and pre-built dictionary.
2025-12-04 20:03:06:36 [Worker 14836] info: [ECS:GeometryUpdateSystem] Initialized.
2025-12-04 20:03:06:36 [Worker 14836] info: [ECS:CleanupSystem] Initialized. (Now simplified)
2025-12-04 20:03:06:36 [Worker 14836] info: [ECS:PlayerWeaponSwitchSystem] Initialized.
2025-12-04 20:03:06:36 [Worker 14836] info: [ECS:EnemySpawnRequestSystem] Initialized.
2025-12-04 20:03:06:36 [Worker 14836] info: [ECS:BehaviorSystemV2] Initialized.
2025-12-04 20:03:06:36 [Worker 14836] info: [ECS:CombatAISystem] Initialized.
2025-12-04 20:03:06:36 [Worker 14836] info: [ECS:WeaponSwitchSystem] Initialized.
2025-12-04 20:03:06:36 [Worker 14836] info: [ECS:StatusEffectSystem] Initialized.
2025-12-04 20:03:06:36 [Worker 14836] info: [ECS:WeaponSystem] Initialized.
2025-12-04 20:03:06:36 [Worker 14836] info: [ECS:MovementSystem] Initialized.
2025-12-04 20:03:06:36 [Worker 14836] info: [ECS:EntitySimulationSystem] Initialized as the main simulation orchestrator.
2025-12-04 20:03:06:36 [Worker 14836] info: [ECS:PlayerBoundarySystem] Initialized.
2025-12-04 20:03:06:36 [Worker 14836] info: [ECS:BoundarySystem] Initialized.
2025-12-04 20:03:06:36 [Worker 14836] info: [ECS:DestructionEventSystem] Initialized as the main destruction controller.
2025-12-04 20:03:06:36 [Worker 14836] info: [ECS:CollisionDetectionSystem] Initialized. (Now unified)
2025-12-04 20:03:06:36 [Worker 14836] info: [ECS:CollisionResolutionSystem] Initialized.
2025-12-04 20:03:06:36 [Worker 14836] info: [ECS:HitValidationSystem] Initialized.
2025-12-04 20:03:06:36 [Worker 14836] info: [ECS:HistorySystem] Initialized.
2025-12-04 20:03:06:36 [Worker 14836] info: [ECS:BuffLifecycleSystem] Initialized.
2025-12-04 20:03:06:36 [Worker 14836] info: [ECS:StatRecalculationSystem] Initialized.
2025-12-04 20:03:06:36 [Worker 14836] info: [ECS:OnKillEffectSystem] Initialized.
2025-12-04 20:03:06:36 [Worker 14836] info: [ECS:LootDropSystem] Initialized.
2025-12-04 20:03:06:36 [Worker 14836] info: [ECS:SpawnSystem] Initialized.
2025-12-04 20:03:06:36 [Worker 14836] info: [ECS:LifetimeSystem] Initialized.
2025-12-04 20:03:06:36 [Worker 14836] info: [ECS:OffscreenCleanupSystem] Initialized.
2025-12-04 20:03:08:38 [Worker 14836] info: [DBMANAGER] Worker 14836: Connected to dbServer
2025-12-04 20:03:08:38 [Worker 14836] info: [DBMANAGER] Worker 14836: Identifying with unique ID: gameserver-Hddkwe35fsvk_worker_14836
2025-12-04 20:03:08:38 [Worker 14836] warn: [DBMANAGER] Worker 14836: Disconnected from dbServer
2025-12-04 20:03:08:38 [Worker 14836] info: [REDISCLIENT] Worker 14836: Successfully connected to Redis.
2025-12-04 20:03:08:38 [Worker 14836] info: [GracefulShutdown] Обработчики для воркера 14836 инициализированы и ожидают команды от мастера.
2025-12-04 20:03:08:38 [Worker 14836] info: Worker 14836 started. WebSocket server running on port 3002
2025-12-04 20:03:08:38 [Worker 14836] info: [REDISSUBSCRIBER] Worker 14836: Subscribed to 'session-events' and 'session_control_events' channels.
2025-12-04 20:03:08:38 [Worker 26292] info: [ECS:EnergyRegenSystem] Initialized.
2025-12-04 20:03:08:38 [Worker 26292] info: [ECS:ShieldRegenSystem] Initialized.
2025-12-04 20:03:08:38 [Worker 26292] info: [LootIdManager] Initialized with 39 static items and pre-built dictionary.
2025-12-04 20:03:08:38 [Worker 26292] info: [ECS:GeometryUpdateSystem] Initialized.
2025-12-04 20:03:08:38 [Worker 26292] info: [ECS:CleanupSystem] Initialized. (Now simplified)
2025-12-04 20:03:08:38 [Worker 26292] info: [ECS:PlayerWeaponSwitchSystem] Initialized.
2025-12-04 20:03:08:38 [Worker 26292] info: [ECS:EnemySpawnRequestSystem] Initialized.
2025-12-04 20:03:08:38 [Worker 26292] info: [ECS:BehaviorSystemV2] Initialized.
2025-12-04 20:03:08:38 [Worker 26292] info: [ECS:CombatAISystem] Initialized.
2025-12-04 20:03:08:38 [Worker 26292] info: [ECS:WeaponSwitchSystem] Initialized.
2025-12-04 20:03:08:38 [Worker 26292] info: [ECS:StatusEffectSystem] Initialized.
2025-12-04 20:03:08:38 [Worker 26292] info: [ECS:WeaponSystem] Initialized.
2025-12-04 20:03:08:38 [Worker 26292] info: [ECS:MovementSystem] Initialized.
2025-12-04 20:03:08:38 [Worker 26292] info: [ECS:EntitySimulationSystem] Initialized as the main simulation orchestrator.
2025-12-04 20:03:08:38 [Worker 26292] info: [ECS:PlayerBoundarySystem] Initialized.
2025-12-04 20:03:08:38 [Worker 26292] info: [ECS:BoundarySystem] Initialized.
2025-12-04 20:03:08:38 [Worker 26292] info: [ECS:DestructionEventSystem] Initialized as the main destruction controller.
2025-12-04 20:03:08:38 [Worker 26292] info: [ECS:CollisionDetectionSystem] Initialized. (Now unified)
2025-12-04 20:03:08:38 [Worker 26292] info: [ECS:CollisionResolutionSystem] Initialized.
2025-12-04 20:03:08:38 [Worker 26292] info: [ECS:HitValidationSystem] Initialized.
2025-12-04 20:03:08:38 [Worker 26292] info: [ECS:HistorySystem] Initialized.
2025-12-04 20:03:08:38 [Worker 26292] info: [ECS:BuffLifecycleSystem] Initialized.
2025-12-04 20:03:08:38 [Worker 26292] info: [ECS:StatRecalculationSystem] Initialized.
2025-12-04 20:03:08:38 [Worker 26292] info: [ECS:OnKillEffectSystem] Initialized.
2025-12-04 20:03:08:38 [Worker 26292] info: [ECS:LootDropSystem] Initialized.
2025-12-04 20:03:08:38 [Worker 26292] info: [ECS:SpawnSystem] Initialized.
2025-12-04 20:03:08:38 [Worker 26292] info: [ECS:LifetimeSystem] Initialized.
2025-12-04 20:03:08:38 [Worker 26292] info: [ECS:OffscreenCleanupSystem] Initialized.
2025-12-04 20:03:09:39 [Worker 12576] info: [DBMANAGER] Worker 12576: Connected to dbServer
2025-12-04 20:03:09:39 [Worker 12576] info: [DBMANAGER] Worker 12576: Identifying with unique ID: gameserver-Hddkwe35fsvk_worker_12576
2025-12-04 20:03:09:39 [Worker 12576] info: [REDISCLIENT] Worker 12576: Successfully connected to Redis.
2025-12-04 20:03:09:39 [Worker 12576] info: [GracefulShutdown] Обработчики для воркера 12576 инициализированы и ожидают команды от мастера.
2025-12-04 20:03:09:39 [Worker 12576] info: Worker 12576 started. WebSocket server running on port 3002
2025-12-04 20:03:09:39 [Worker 12576] warn: [DBMANAGER] Worker 12576: Disconnected from dbServer
2025-12-04 20:03:09:39 [Worker 12576] info: [REDISSUBSCRIBER] Worker 12576: Subscribed to 'session-events' and 'session_control_events' channels.
2025-12-04 20:03:10:310 [Worker 14836] info: [DBMANAGER] Worker 14836: Connected to dbServer
2025-12-04 20:03:10:310 [Worker 11716] info: [ECS:EnergyRegenSystem] Initialized.
2025-12-04 20:03:10:310 [Worker 11716] info: [ECS:ShieldRegenSystem] Initialized.
2025-12-04 20:03:10:310 [Worker 11716] info: [LootIdManager] Initialized with 39 static items and pre-built dictionary.
2025-12-04 20:03:10:310 [Worker 11716] info: [ECS:GeometryUpdateSystem] Initialized.
2025-12-04 20:03:10:310 [Worker 11716] info: [ECS:CleanupSystem] Initialized. (Now simplified)
2025-12-04 20:03:10:310 [Worker 11716] info: [ECS:PlayerWeaponSwitchSystem] Initialized.
2025-12-04 20:03:10:310 [Worker 11716] info: [ECS:EnemySpawnRequestSystem] Initialized.
2025-12-04 20:03:10:310 [Worker 11716] info: [ECS:BehaviorSystemV2] Initialized.
2025-12-04 20:03:10:310 [Worker 11716] info: [ECS:CombatAISystem] Initialized.
2025-12-04 20:03:10:310 [Worker 11716] info: [ECS:WeaponSwitchSystem] Initialized.
2025-12-04 20:03:10:310 [Worker 11716] info: [ECS:StatusEffectSystem] Initialized.
2025-12-04 20:03:10:310 [Worker 11716] info: [ECS:WeaponSystem] Initialized.
2025-12-04 20:03:10:310 [Worker 11716] info: [ECS:MovementSystem] Initialized.
2025-12-04 20:03:10:310 [Worker 11716] info: [ECS:EntitySimulationSystem] Initialized as the main simulation orchestrator.
2025-12-04 20:03:10:310 [Worker 11716] info: [ECS:PlayerBoundarySystem] Initialized.
2025-12-04 20:03:10:310 [Worker 11716] info: [ECS:BoundarySystem] Initialized.
2025-12-04 20:03:10:310 [Worker 11716] info: [ECS:DestructionEventSystem] Initialized as the main destruction controller.
2025-12-04 20:03:10:310 [Worker 11716] info: [ECS:CollisionDetectionSystem] Initialized. (Now unified)
2025-12-04 20:03:10:310 [Worker 11716] info: [ECS:CollisionResolutionSystem] Initialized.
2025-12-04 20:03:10:310 [Worker 11716] info: [ECS:HitValidationSystem] Initialized.
2025-12-04 20:03:10:310 [Worker 11716] info: [ECS:HistorySystem] Initialized.
2025-12-04 20:03:10:310 [Worker 11716] info: [ECS:BuffLifecycleSystem] Initialized.
2025-12-04 20:03:10:310 [Worker 11716] info: [ECS:StatRecalculationSystem] Initialized.
2025-12-04 20:03:10:310 [Worker 11716] info: [ECS:OnKillEffectSystem] Initialized.
2025-12-04 20:03:10:310 [Worker 11716] info: [ECS:LootDropSystem] Initialized.
2025-12-04 20:03:10:310 [Worker 11716] info: [ECS:SpawnSystem] Initialized.
2025-12-04 20:03:10:310 [Worker 11716] info: [ECS:LifetimeSystem] Initialized.
2025-12-04 20:03:10:310 [Worker 11716] info: [ECS:OffscreenCleanupSystem] Initialized.
2025-12-04 20:03:10:310 [Worker 14836] info: [DBMANAGER] Worker 14836: Identifying with unique ID: gameserver-Hddkwe35fsvk_worker_14836
2025-12-04 20:03:10:310 [Worker 14836] warn: [DBMANAGER] Worker 14836: Disconnected from dbServer
2025-12-04 20:03:11:311 [Worker 26292] info: [DBMANAGER] Worker 26292: Connected to dbServer
2025-12-04 20:03:11:311 [Worker 26292] info: [DBMANAGER] Worker 26292: Identifying with unique ID: gameserver-Hddkwe35fsvk_worker_26292
2025-12-04 20:03:11:311 [Worker 26292] warn: [DBMANAGER] Worker 26292: Disconnected from dbServer
2025-12-04 20:03:11:311 [Worker 26292] info: [REDISCLIENT] Worker 26292: Successfully connected to Redis.
2025-12-04 20:03:11:311 [Worker 26292] info: [GracefulShutdown] Обработчики для воркера 26292 инициализированы и ожидают команды от мастера.
2025-12-04 20:03:11:311 [Worker 26292] info: Worker 26292 started. WebSocket server running on port 3002
2025-12-04 20:03:11:311 [Worker 26292] info: [REDISSUBSCRIBER] Worker 26292: Subscribed to 'session-events' and 'session_control_events' channels.
2025-12-04 20:03:12:312 [Worker 12576] info: [DBMANAGER] Worker 12576: Connected to dbServer
2025-12-04 20:03:12:312 [Worker 12576] info: [DBMANAGER] Worker 12576: Identifying with unique ID: gameserver-Hddkwe35fsvk_worker_12576
2025-12-04 20:03:12:312 [Worker 12576] warn: [DBMANAGER] Worker 12576: Disconnected from dbServer
2025-12-04 20:03:12:312 [Worker 19424] info: [DBMANAGER] Worker 19424: Connected to dbServer
2025-12-04 20:03:12:312 [Worker 19424] info: [DBMANAGER] Worker 19424: Identifying with unique ID: gameserver-Hddkwe35fsvk_worker_19424
2025-12-04 20:03:12:312 [Worker 19424] warn: [DBMANAGER] Worker 19424: Disconnected from dbServer
2025-12-04 20:03:12:312 [Worker 19424] info: [REDISCLIENT] Worker 19424: Successfully connected to Redis.
2025-12-04 20:03:12:312 [Worker 19424] info: [GracefulShutdown] Обработчики для воркера 19424 инициализированы и ожидают команды от мастера.
2025-12-04 20:03:12:312 [Worker 19424] info: Worker 19424 started. WebSocket server running on port 3002
2025-12-04 20:03:12:312 [Worker 19424] info: [REDISSUBSCRIBER] Worker 19424: Subscribed to 'session-events' and 'session_control_events' channels.
2025-12-04 20:03:12:312 [Worker 25908] info: [ECS:EnergyRegenSystem] Initialized.
2025-12-04 20:03:12:312 [Worker 25908] info: [ECS:ShieldRegenSystem] Initialized.
2025-12-04 20:03:12:312 [Worker 25908] info: [LootIdManager] Initialized with 39 static items and pre-built dictionary.
2025-12-04 20:03:12:312 [Worker 25908] info: [ECS:GeometryUpdateSystem] Initialized.
2025-12-04 20:03:12:312 [Worker 25908] info: [ECS:CleanupSystem] Initialized. (Now simplified)
2025-12-04 20:03:12:312 [Worker 25908] info: [ECS:PlayerWeaponSwitchSystem] Initialized.
2025-12-04 20:03:12:312 [Worker 25908] info: [ECS:EnemySpawnRequestSystem] Initialized.
2025-12-04 20:03:12:312 [Worker 25908] info: [ECS:BehaviorSystemV2] Initialized.
2025-12-04 20:03:12:312 [Worker 25908] info: [ECS:CombatAISystem] Initialized.
2025-12-04 20:03:12:312 [Worker 25908] info: [ECS:WeaponSwitchSystem] Initialized.
2025-12-04 20:03:12:312 [Worker 25908] info: [ECS:StatusEffectSystem] Initialized.
2025-12-04 20:03:12:312 [Worker 25908] info: [ECS:WeaponSystem] Initialized.
2025-12-04 20:03:12:312 [Worker 25908] info: [ECS:MovementSystem] Initialized.
2025-12-04 20:03:12:312 [Worker 25908] info: [ECS:EntitySimulationSystem] Initialized as the main simulation orchestrator.
2025-12-04 20:03:12:312 [Worker 25908] info: [ECS:PlayerBoundarySystem] Initialized.
2025-12-04 20:03:12:312 [Worker 25908] info: [ECS:BoundarySystem] Initialized.
2025-12-04 20:03:12:312 [Worker 25908] info: [ECS:DestructionEventSystem] Initialized as the main destruction controller.
2025-12-04 20:03:12:312 [Worker 25908] info: [ECS:CollisionDetectionSystem] Initialized. (Now unified)
2025-12-04 20:03:12:312 [Worker 25908] info: [ECS:CollisionResolutionSystem] Initialized.
2025-12-04 20:03:12:312 [Worker 25908] info: [ECS:HitValidationSystem] Initialized.
2025-12-04 20:03:12:312 [Worker 25908] info: [ECS:HistorySystem] Initialized.
2025-12-04 20:03:12:312 [Worker 25908] info: [ECS:BuffLifecycleSystem] Initialized.
2025-12-04 20:03:12:312 [Worker 25908] info: [ECS:StatRecalculationSystem] Initialized.
2025-12-04 20:03:12:312 [Worker 25908] info: [ECS:OnKillEffectSystem] Initialized.
2025-12-04 20:03:12:312 [Worker 25908] info: [ECS:LootDropSystem] Initialized.
2025-12-04 20:03:12:312 [Worker 25908] info: [ECS:SpawnSystem] Initialized.
2025-12-04 20:03:12:312 [Worker 25908] info: [ECS:LifetimeSystem] Initialized.
2025-12-04 20:03:12:312 [Worker 25908] info: [ECS:OffscreenCleanupSystem] Initialized.
2025-12-04 20:03:13:313 [Worker 14836] info: [DBMANAGER] Worker 14836: Connected to dbServer
2025-12-04 20:03:13:313 [Worker 14836] info: [DBMANAGER] Worker 14836: Identifying with unique ID: gameserver-Hddkwe35fsvk_worker_14836
2025-12-04 20:03:13:313 [Worker 14836] warn: [DBMANAGER] Worker 14836: Disconnected from dbServer
2025-12-04 20:03:13:313 [Worker 26292] info: [DBMANAGER] Worker 26292: Connected to dbServer
2025-12-04 20:03:13:313 [Worker 26292] info: [DBMANAGER] Worker 26292: Identifying with unique ID: gameserver-Hddkwe35fsvk_worker_26292
2025-12-04 20:03:13:313 [Worker 26292] warn: [DBMANAGER] Worker 26292: Disconnected from dbServer
2025-12-04 20:03:13:313 [Worker 14660] info: [DBMANAGER] Worker 14660: Connected to dbServer
2025-12-04 20:03:13:313 [Worker 14660] info: [DBMANAGER] Worker 14660: Identifying with unique ID: gameserver-Hddkwe35fsvk_worker_14660
2025-12-04 20:03:13:313 [Worker 14660] info: [REDISCLIENT] Worker 14660: Successfully connected to Redis.
2025-12-04 20:03:13:313 [Worker 14660] info: [GracefulShutdown] Обработчики для воркера 14660 инициализированы и ожидают команды от мастера.
2025-12-04 20:03:13:313 [Worker 14660] info: Worker 14660 started. WebSocket server running on port 3002
2025-12-04 20:03:13:313 [Worker 14660] warn: [DBMANAGER] Worker 14660: Disconnected from dbServer
2025-12-04 20:03:13:313 [Worker 14660] info: [REDISSUBSCRIBER] Worker 14660: Subscribed to 'session-events' and 'session_control_events' channels.
2025-12-04 20:03:14:314 [Worker 12576] info: [DBMANAGER] Worker 12576: Connected to dbServer
2025-12-04 20:03:14:314 [Worker 12576] info: [DBMANAGER] Worker 12576: Identifying with unique ID: gameserver-Hddkwe35fsvk_worker_12576
2025-12-04 20:03:14:314 [Worker 12576] warn: [DBMANAGER] Worker 12576: Disconnected from dbServer
2025-12-04 20:03:14:314 [Worker 19424] info: [DBMANAGER] Worker 19424: Connected to dbServer
2025-12-04 20:03:14:314 [Worker 19424] info: [DBMANAGER] Worker 19424: Identifying with unique ID: gameserver-Hddkwe35fsvk_worker_19424
2025-12-04 20:03:14:314 [Worker 19424] warn: [DBMANAGER] Worker 19424: Disconnected from dbServer
2025-12-04 20:03:15:315 [Worker 14836] info: [DBMANAGER] Worker 14836: Connected to dbServer
2025-12-04 20:03:15:315 [Worker 14836] info: [DBMANAGER] Worker 14836: Identifying with unique ID: gameserver-Hddkwe35fsvk_worker_14836
2025-12-04 20:03:15:315 [Worker 14836] warn: [DBMANAGER] Worker 14836: Disconnected from dbServer
2025-12-04 20:03:15:315 [Worker 26292] info: [DBMANAGER] Worker 26292: Connected to dbServer
2025-12-04 20:03:15:315 [Worker 26292] info: [DBMANAGER] Worker 26292: Identifying with unique ID: gameserver-Hddkwe35fsvk_worker_26292
2025-12-04 20:03:15:315 [Worker 26292] warn: [DBMANAGER] Worker 26292: Disconnected from dbServer
2025-12-04 20:03:15:315 [Worker 14660] info: [DBMANAGER] Worker 14660: Connected to dbServer
2025-12-04 20:03:15:315 [Worker 14660] info: [DBMANAGER] Worker 14660: Identifying with unique ID: gameserver-Hddkwe35fsvk_worker_14660
2025-12-04 20:03:15:315 [Worker 14660] warn: [DBMANAGER] Worker 14660: Disconnected from dbServer
2025-12-04 20:03:16:316 [Worker 12576] info: [DBMANAGER] Worker 12576: Connected to dbServer
2025-12-04 20:03:16:316 [Worker 12576] info: [DBMANAGER] Worker 12576: Identifying with unique ID: gameserver-Hddkwe35fsvk_worker_12576
2025-12-04 20:03:16:316 [Worker 12576] warn: [DBMANAGER] Worker 12576: Disconnected from dbServer
2025-12-04 20:03:16:316 [Worker 19424] info: [DBMANAGER] Worker 19424: Connected to dbServer
2025-12-04 20:03:16:316 [Worker 19424] info: [DBMANAGER] Worker 19424: Identifying with unique ID: gameserver-Hddkwe35fsvk_worker_19424
2025-12-04 20:03:16:316 [Worker 19424] warn: [DBMANAGER] Worker 19424: Disconnected from dbServer
2025-12-04 20:03:17:317 [Worker 14836] info: [DBMANAGER] Worker 14836: Connected to dbServer
2025-12-04 20:03:17:317 [Worker 14836] info: [DBMANAGER] Worker 14836: Identifying with unique ID: gameserver-Hddkwe35fsvk_worker_14836
2025-12-04 20:03:17:317 [Worker 14836] warn: [DBMANAGER] Worker 14836: Disconnected from dbServer
2025-12-04 20:03:17:317 [Worker 5448] warn: Master process received SIGINT. Instructing all workers to shut down gracefully.
2025-12-04 20:03:17:317 [Worker 5448] warn: Worker 24844 exited during shutdown process.
2025-12-04 20:03:17:317 [Worker 5448] warn: Worker 12908 exited during shutdown process.
2025-12-04 20:03:17:317 [Worker 5448] warn: Worker 25908 exited during shutdown process.
2025-12-04 20:03:17:317 [Worker 5448] warn: Worker 11716 exited during shutdown process.
2025-12-04 20:03:17:317 [Worker 5448] warn: Worker 24700 exited during shutdown process.
2025-12-04 20:03:17:317 [Worker 5448] warn: Worker 26292 exited during shutdown process.
2025-12-04 20:03:17:317 [Worker 5448] warn: Worker 12576 exited during shutdown process.
2025-12-04 20:03:17:317 [Worker 5448] warn: Worker 14324 exited during shutdown process.
2025-12-04 20:03:17:317 [Worker 5448] warn: Worker 14836 exited during shutdown process.
2025-12-04 20:03:17:317 [Worker 5448] warn: Worker 19424 exited during shutdown process.
2025-12-04 20:03:17:317 [Worker 5448] warn: Worker 14660 exited during shutdown process.
2025-12-04 20:03:17:317 [Worker 5448] warn: Worker 22692 exited during shutdown process.
2025-12-04 20:03:22:322 [Worker 22268] info: [ECS:EnergyRegenSystem] Initialized.
2025-12-04 20:03:22:322 [Worker 22268] info: [ECS:ShieldRegenSystem] Initialized.
2025-12-04 20:03:22:322 [Worker 22268] info: [LootIdManager] Initialized with 39 static items and pre-built dictionary.
2025-12-04 20:03:22:322 [Worker 22268] info: [ECS:GeometryUpdateSystem] Initialized.
2025-12-04 20:03:22:322 [Worker 22268] info: [ECS:CleanupSystem] Initialized. (Now simplified)
2025-12-04 20:03:22:322 [Worker 22268] info: [ECS:PlayerWeaponSwitchSystem] Initialized.
2025-12-04 20:03:22:322 [Worker 22268] info: [ECS:EnemySpawnRequestSystem] Initialized.
2025-12-04 20:03:22:322 [Worker 22268] info: [ECS:BehaviorSystemV2] Initialized.
2025-12-04 20:03:22:322 [Worker 22268] info: [ECS:CombatAISystem] Initialized.
2025-12-04 20:03:22:322 [Worker 22268] info: [ECS:WeaponSwitchSystem] Initialized.
2025-12-04 20:03:22:322 [Worker 22268] info: [ECS:StatusEffectSystem] Initialized.
2025-12-04 20:03:22:322 [Worker 22268] info: [ECS:WeaponSystem] Initialized.
2025-12-04 20:03:22:322 [Worker 22268] info: [ECS:MovementSystem] Initialized.
2025-12-04 20:03:22:322 [Worker 22268] info: [ECS:EntitySimulationSystem] Initialized as the main simulation orchestrator.
2025-12-04 20:03:22:322 [Worker 22268] info: [ECS:PlayerBoundarySystem] Initialized.
2025-12-04 20:03:22:322 [Worker 22268] info: [ECS:BoundarySystem] Initialized.
2025-12-04 20:03:22:322 [Worker 22268] info: [ECS:DestructionEventSystem] Initialized as the main destruction controller.
2025-12-04 20:03:22:322 [Worker 22268] info: [ECS:CollisionDetectionSystem] Initialized. (Now unified)
2025-12-04 20:03:22:322 [Worker 22268] info: [ECS:CollisionResolutionSystem] Initialized.
2025-12-04 20:03:22:322 [Worker 22268] info: [ECS:HitValidationSystem] Initialized.
2025-12-04 20:03:22:322 [Worker 22268] info: [ECS:HistorySystem] Initialized.
2025-12-04 20:03:22:322 [Worker 22268] info: [ECS:BuffLifecycleSystem] Initialized.
2025-12-04 20:03:22:322 [Worker 22268] info: [ECS:StatRecalculationSystem] Initialized.
2025-12-04 20:03:22:322 [Worker 22268] info: [ECS:OnKillEffectSystem] Initialized.
2025-12-04 20:03:22:322 [Worker 22268] info: [ECS:LootDropSystem] Initialized.
2025-12-04 20:03:22:322 [Worker 22268] info: [ECS:SpawnSystem] Initialized.
2025-12-04 20:03:22:322 [Worker 22268] info: [ECS:LifetimeSystem] Initialized.
2025-12-04 20:03:22:322 [Worker 22268] info: [ECS:OffscreenCleanupSystem] Initialized.
2025-12-04 20:03:22:322 [Worker 22268] info: Master process 22268 is running
2025-12-04 20:03:23:323 [Worker 14148] info: [ECS:EnergyRegenSystem] Initialized.
2025-12-04 20:03:23:323 [Worker 14148] info: [ECS:ShieldRegenSystem] Initialized.
2025-12-04 20:03:23:323 [Worker 14148] info: [LootIdManager] Initialized with 39 static items and pre-built dictionary.
2025-12-04 20:03:23:323 [Worker 14148] info: [ECS:GeometryUpdateSystem] Initialized.
2025-12-04 20:03:23:323 [Worker 14148] info: [ECS:CleanupSystem] Initialized. (Now simplified)
2025-12-04 20:03:23:323 [Worker 14148] info: [ECS:PlayerWeaponSwitchSystem] Initialized.
2025-12-04 20:03:23:323 [Worker 14148] info: [ECS:EnemySpawnRequestSystem] Initialized.
2025-12-04 20:03:23:323 [Worker 14148] info: [ECS:BehaviorSystemV2] Initialized.
2025-12-04 20:03:23:323 [Worker 14148] info: [ECS:CombatAISystem] Initialized.
2025-12-04 20:03:23:323 [Worker 14148] info: [ECS:WeaponSwitchSystem] Initialized.
2025-12-04 20:03:23:323 [Worker 14148] info: [ECS:StatusEffectSystem] Initialized.
2025-12-04 20:03:23:323 [Worker 14148] info: [ECS:WeaponSystem] Initialized.
2025-12-04 20:03:23:323 [Worker 14148] info: [ECS:MovementSystem] Initialized.
2025-12-04 20:03:23:323 [Worker 14148] info: [ECS:EntitySimulationSystem] Initialized as the main simulation orchestrator.
2025-12-04 20:03:23:323 [Worker 14148] info: [ECS:PlayerBoundarySystem] Initialized.
2025-12-04 20:03:23:323 [Worker 14148] info: [ECS:BoundarySystem] Initialized.
2025-12-04 20:03:23:323 [Worker 14148] info: [ECS:DestructionEventSystem] Initialized as the main destruction controller.
2025-12-04 20:03:23:323 [Worker 14148] info: [ECS:CollisionDetectionSystem] Initialized. (Now unified)
2025-12-04 20:03:23:323 [Worker 14148] info: [ECS:CollisionResolutionSystem] Initialized.
2025-12-04 20:03:23:323 [Worker 14148] info: [ECS:HitValidationSystem] Initialized.
2025-12-04 20:03:23:323 [Worker 14148] info: [ECS:HistorySystem] Initialized.
2025-12-04 20:03:23:323 [Worker 14148] info: [ECS:BuffLifecycleSystem] Initialized.
2025-12-04 20:03:23:323 [Worker 14148] info: [ECS:StatRecalculationSystem] Initialized.
2025-12-04 20:03:23:323 [Worker 14148] info: [ECS:OnKillEffectSystem] Initialized.
2025-12-04 20:03:23:323 [Worker 14148] info: [ECS:LootDropSystem] Initialized.
2025-12-04 20:03:23:323 [Worker 14148] info: [ECS:SpawnSystem] Initialized.
2025-12-04 20:03:23:323 [Worker 14148] info: [ECS:LifetimeSystem] Initialized.
2025-12-04 20:03:23:323 [Worker 14148] info: [ECS:OffscreenCleanupSystem] Initialized.
2025-12-04 20:03:24:324 [Worker 14628] info: [ECS:EnergyRegenSystem] Initialized.
2025-12-04 20:03:24:324 [Worker 14628] info: [ECS:ShieldRegenSystem] Initialized.
2025-12-04 20:03:24:324 [Worker 14628] info: [LootIdManager] Initialized with 39 static items and pre-built dictionary.
2025-12-04 20:03:24:324 [Worker 14628] info: [ECS:GeometryUpdateSystem] Initialized.
2025-12-04 20:03:24:324 [Worker 14628] info: [ECS:CleanupSystem] Initialized. (Now simplified)
2025-12-04 20:03:24:324 [Worker 14628] info: [ECS:PlayerWeaponSwitchSystem] Initialized.
2025-12-04 20:03:24:324 [Worker 14628] info: [ECS:EnemySpawnRequestSystem] Initialized.
2025-12-04 20:03:24:324 [Worker 14628] info: [ECS:BehaviorSystemV2] Initialized.
2025-12-04 20:03:24:324 [Worker 14628] info: [ECS:CombatAISystem] Initialized.
2025-12-04 20:03:24:324 [Worker 14628] info: [ECS:WeaponSwitchSystem] Initialized.
2025-12-04 20:03:24:324 [Worker 14628] info: [ECS:StatusEffectSystem] Initialized.
2025-12-04 20:03:24:324 [Worker 14628] info: [ECS:WeaponSystem] Initialized.
2025-12-04 20:03:24:324 [Worker 14628] info: [ECS:MovementSystem] Initialized.
2025-12-04 20:03:24:324 [Worker 14628] info: [ECS:EntitySimulationSystem] Initialized as the main simulation orchestrator.
2025-12-04 20:03:24:324 [Worker 14628] info: [ECS:PlayerBoundarySystem] Initialized.
2025-12-04 20:03:24:324 [Worker 14628] info: [ECS:BoundarySystem] Initialized.
2025-12-04 20:03:24:324 [Worker 14628] info: [ECS:DestructionEventSystem] Initialized as the main destruction controller.
2025-12-04 20:03:24:324 [Worker 14628] info: [ECS:CollisionDetectionSystem] Initialized. (Now unified)
2025-12-04 20:03:24:324 [Worker 14628] info: [ECS:CollisionResolutionSystem] Initialized.
2025-12-04 20:03:24:324 [Worker 14628] info: [ECS:HitValidationSystem] Initialized.
2025-12-04 20:03:24:324 [Worker 14628] info: [ECS:HistorySystem] Initialized.
2025-12-04 20:03:24:324 [Worker 14628] info: [ECS:BuffLifecycleSystem] Initialized.
2025-12-04 20:03:24:324 [Worker 14628] info: [ECS:StatRecalculationSystem] Initialized.
2025-12-04 20:03:24:324 [Worker 14628] info: [ECS:OnKillEffectSystem] Initialized.
2025-12-04 20:03:24:324 [Worker 14628] info: [ECS:LootDropSystem] Initialized.
2025-12-04 20:03:24:324 [Worker 14628] info: [ECS:SpawnSystem] Initialized.
2025-12-04 20:03:24:324 [Worker 14628] info: [ECS:LifetimeSystem] Initialized.
2025-12-04 20:03:24:324 [Worker 14628] info: [ECS:OffscreenCleanupSystem] Initialized.
2025-12-04 20:03:25:325 [Worker 14148] info: [DBMANAGER] Worker 14148: Connected to dbServer
2025-12-04 20:03:25:325 [Worker 14148] info: [DBMANAGER] Worker 14148: Identifying with unique ID: gameserver-Hddkwe35fsvk_worker_14148
2025-12-04 20:03:25:325 [Worker 14148] info: [REDISCLIENT] Worker 14148: Successfully connected to Redis.
2025-12-04 20:03:25:325 [Worker 14148] info: [GracefulShutdown] Обработчики для воркера 14148 инициализированы и ожидают команды от мастера.
2025-12-04 20:03:25:325 [Worker 14148] info: Worker 14148 started. WebSocket server running on port 3002
2025-12-04 20:03:25:325 [Worker 14148] info: [REDISSUBSCRIBER] Worker 14148: Subscribed to 'session-events' and 'session_control_events' channels.
2025-12-04 20:03:25:325 [Worker 14148] warn: [DBMANAGER] Worker 14148: Disconnected from dbServer
2025-12-04 20:03:25:325 [Worker 14628] info: [DBMANAGER] Worker 14628: Connected to dbServer
2025-12-04 20:03:25:325 [Worker 14628] info: [DBMANAGER] Worker 14628: Identifying with unique ID: gameserver-Hddkwe35fsvk_worker_14628
2025-12-04 20:03:25:325 [Worker 14628] info: [REDISCLIENT] Worker 14628: Successfully connected to Redis.
2025-12-04 20:03:25:325 [Worker 14628] info: [GracefulShutdown] Обработчики для воркера 14628 инициализированы и ожидают команды от мастера.
2025-12-04 20:03:25:325 [Worker 14628] info: Worker 14628 started. WebSocket server running on port 3002
2025-12-04 20:03:25:325 [Worker 14628] warn: [DBMANAGER] Worker 14628: Disconnected from dbServer
2025-12-04 20:03:25:325 [Worker 14628] info: [REDISSUBSCRIBER] Worker 14628: Subscribed to 'session-events' and 'session_control_events' channels.
2025-12-04 20:03:26:326 [Worker 4752] info: [ECS:EnergyRegenSystem] Initialized.
2025-12-04 20:03:26:326 [Worker 4752] info: [ECS:ShieldRegenSystem] Initialized.
2025-12-04 20:03:26:326 [Worker 4752] info: [LootIdManager] Initialized with 39 static items and pre-built dictionary.
2025-12-04 20:03:26:326 [Worker 4752] info: [ECS:GeometryUpdateSystem] Initialized.
2025-12-04 20:03:26:326 [Worker 4752] info: [ECS:CleanupSystem] Initialized. (Now simplified)
2025-12-04 20:03:26:326 [Worker 4752] info: [ECS:PlayerWeaponSwitchSystem] Initialized.
2025-12-04 20:03:26:326 [Worker 4752] info: [ECS:EnemySpawnRequestSystem] Initialized.
2025-12-04 20:03:26:326 [Worker 4752] info: [ECS:BehaviorSystemV2] Initialized.
2025-12-04 20:03:26:326 [Worker 4752] info: [ECS:CombatAISystem] Initialized.
2025-12-04 20:03:26:326 [Worker 4752] info: [ECS:WeaponSwitchSystem] Initialized.
2025-12-04 20:03:26:326 [Worker 4752] info: [ECS:StatusEffectSystem] Initialized.
2025-12-04 20:03:26:326 [Worker 4752] info: [ECS:WeaponSystem] Initialized.
2025-12-04 20:03:26:326 [Worker 4752] info: [ECS:MovementSystem] Initialized.
2025-12-04 20:03:26:326 [Worker 4752] info: [ECS:EntitySimulationSystem] Initialized as the main simulation orchestrator.
2025-12-04 20:03:26:326 [Worker 4752] info: [ECS:PlayerBoundarySystem] Initialized.
2025-12-04 20:03:26:326 [Worker 4752] info: [ECS:BoundarySystem] Initialized.
2025-12-04 20:03:26:326 [Worker 4752] info: [ECS:DestructionEventSystem] Initialized as the main destruction controller.
2025-12-04 20:03:26:326 [Worker 4752] info: [ECS:CollisionDetectionSystem] Initialized. (Now unified)
2025-12-04 20:03:26:326 [Worker 4752] info: [ECS:CollisionResolutionSystem] Initialized.
2025-12-04 20:03:26:326 [Worker 4752] info: [ECS:HitValidationSystem] Initialized.
2025-12-04 20:03:26:326 [Worker 4752] info: [ECS:HistorySystem] Initialized.
2025-12-04 20:03:26:326 [Worker 4752] info: [ECS:BuffLifecycleSystem] Initialized.
2025-12-04 20:03:26:326 [Worker 4752] info: [ECS:StatRecalculationSystem] Initialized.
2025-12-04 20:03:26:326 [Worker 4752] info: [ECS:OnKillEffectSystem] Initialized.
2025-12-04 20:03:26:326 [Worker 4752] info: [ECS:LootDropSystem] Initialized.
2025-12-04 20:03:26:326 [Worker 4752] info: [ECS:SpawnSystem] Initialized.
2025-12-04 20:03:26:326 [Worker 4752] info: [ECS:LifetimeSystem] Initialized.
2025-12-04 20:03:26:326 [Worker 4752] info: [ECS:OffscreenCleanupSystem] Initialized.
2025-12-04 20:03:27:327 [Worker 14148] info: [DBMANAGER] Worker 14148: Connected to dbServer
2025-12-04 20:03:27:327 [Worker 14148] info: [DBMANAGER] Worker 14148: Identifying with unique ID: gameserver-Hddkwe35fsvk_worker_14148
2025-12-04 20:03:27:327 [Worker 14148] warn: [DBMANAGER] Worker 14148: Disconnected from dbServer
2025-12-04 20:03:27:327 [Worker 14628] info: [DBMANAGER] Worker 14628: Connected to dbServer
2025-12-04 20:03:27:327 [Worker 14628] info: [DBMANAGER] Worker 14628: Identifying with unique ID: gameserver-Hddkwe35fsvk_worker_14628
2025-12-04 20:03:27:327 [Worker 14628] warn: [DBMANAGER] Worker 14628: Disconnected from dbServer
2025-12-04 20:03:28:328 [Worker 4752] info: [DBMANAGER] Worker 4752: Connected to dbServer
2025-12-04 20:03:28:328 [Worker 4752] info: [DBMANAGER] Worker 4752: Identifying with unique ID: gameserver-Hddkwe35fsvk_worker_4752
2025-12-04 20:03:28:328 [Worker 4752] warn: [DBMANAGER] Worker 4752: Disconnected from dbServer
2025-12-04 20:03:28:328 [Worker 4752] info: [REDISCLIENT] Worker 4752: Successfully connected to Redis.
2025-12-04 20:03:28:328 [Worker 4752] info: [GracefulShutdown] Обработчики для воркера 4752 инициализированы и ожидают команды от мастера.
2025-12-04 20:03:28:328 [Worker 4752] info: Worker 4752 started. WebSocket server running on port 3002
2025-12-04 20:03:28:328 [Worker 4752] info: [REDISSUBSCRIBER] Worker 4752: Subscribed to 'session-events' and 'session_control_events' channels.
2025-12-04 20:03:28:328 [Worker 10624] info: [ECS:EnergyRegenSystem] Initialized.
2025-12-04 20:03:28:328 [Worker 10624] info: [ECS:ShieldRegenSystem] Initialized.
2025-12-04 20:03:28:328 [Worker 10624] info: [LootIdManager] Initialized with 39 static items and pre-built dictionary.
2025-12-04 20:03:28:328 [Worker 10624] info: [ECS:GeometryUpdateSystem] Initialized.
2025-12-04 20:03:28:328 [Worker 10624] info: [ECS:CleanupSystem] Initialized. (Now simplified)
2025-12-04 20:03:28:328 [Worker 10624] info: [ECS:PlayerWeaponSwitchSystem] Initialized.
2025-12-04 20:03:28:328 [Worker 10624] info: [ECS:EnemySpawnRequestSystem] Initialized.
2025-12-04 20:03:28:328 [Worker 10624] info: [ECS:BehaviorSystemV2] Initialized.
2025-12-04 20:03:28:328 [Worker 10624] info: [ECS:CombatAISystem] Initialized.
2025-12-04 20:03:28:328 [Worker 10624] info: [ECS:WeaponSwitchSystem] Initialized.
2025-12-04 20:03:28:328 [Worker 10624] info: [ECS:StatusEffectSystem] Initialized.
2025-12-04 20:03:28:328 [Worker 10624] info: [ECS:WeaponSystem] Initialized.
2025-12-04 20:03:28:328 [Worker 10624] info: [ECS:MovementSystem] Initialized.
2025-12-04 20:03:28:328 [Worker 10624] info: [ECS:EntitySimulationSystem] Initialized as the main simulation orchestrator.
2025-12-04 20:03:28:328 [Worker 10624] info: [ECS:PlayerBoundarySystem] Initialized.
2025-12-04 20:03:28:328 [Worker 10624] info: [ECS:BoundarySystem] Initialized.
2025-12-04 20:03:28:328 [Worker 10624] info: [ECS:DestructionEventSystem] Initialized as the main destruction controller.
2025-12-04 20:03:28:328 [Worker 10624] info: [ECS:CollisionDetectionSystem] Initialized. (Now unified)
2025-12-04 20:03:28:328 [Worker 10624] info: [ECS:CollisionResolutionSystem] Initialized.
2025-12-04 20:03:28:328 [Worker 10624] info: [ECS:HitValidationSystem] Initialized.
2025-12-04 20:03:28:328 [Worker 10624] info: [ECS:HistorySystem] Initialized.
2025-12-04 20:03:28:328 [Worker 10624] info: [ECS:BuffLifecycleSystem] Initialized.
2025-12-04 20:03:28:328 [Worker 10624] info: [ECS:StatRecalculationSystem] Initialized.
2025-12-04 20:03:28:328 [Worker 10624] info: [ECS:OnKillEffectSystem] Initialized.
2025-12-04 20:03:28:328 [Worker 10624] info: [ECS:LootDropSystem] Initialized.
2025-12-04 20:03:28:328 [Worker 10624] info: [ECS:SpawnSystem] Initialized.
2025-12-04 20:03:28:328 [Worker 10624] info: [ECS:LifetimeSystem] Initialized.
2025-12-04 20:03:28:328 [Worker 10624] info: [ECS:OffscreenCleanupSystem] Initialized.
2025-12-04 20:03:29:329 [Worker 14148] info: [DBMANAGER] Worker 14148: Connected to dbServer
2025-12-04 20:03:29:329 [Worker 14148] info: [DBMANAGER] Worker 14148: Identifying with unique ID: gameserver-Hddkwe35fsvk_worker_14148
2025-12-04 20:03:29:329 [Worker 14148] warn: [DBMANAGER] Worker 14148: Disconnected from dbServer
2025-12-04 20:03:29:329 [Worker 14628] info: [DBMANAGER] Worker 14628: Connected to dbServer
2025-12-04 20:03:29:329 [Worker 14628] info: [DBMANAGER] Worker 14628: Identifying with unique ID: gameserver-Hddkwe35fsvk_worker_14628
2025-12-04 20:03:29:329 [Worker 14628] warn: [DBMANAGER] Worker 14628: Disconnected from dbServer
2025-12-04 20:03:30:330 [Worker 4752] info: [DBMANAGER] Worker 4752: Connected to dbServer
2025-12-04 20:03:30:330 [Worker 4752] info: [DBMANAGER] Worker 4752: Identifying with unique ID: gameserver-Hddkwe35fsvk_worker_4752
2025-12-04 20:03:30:330 [Worker 4752] warn: [DBMANAGER] Worker 4752: Disconnected from dbServer
2025-12-04 20:03:30:330 [Worker 20544] info: [ECS:EnergyRegenSystem] Initialized.
2025-12-04 20:03:30:330 [Worker 20544] info: [ECS:ShieldRegenSystem] Initialized.
2025-12-04 20:03:30:330 [Worker 20544] info: [LootIdManager] Initialized with 39 static items and pre-built dictionary.
2025-12-04 20:03:30:330 [Worker 20544] info: [ECS:GeometryUpdateSystem] Initialized.
2025-12-04 20:03:30:330 [Worker 20544] info: [ECS:CleanupSystem] Initialized. (Now simplified)
2025-12-04 20:03:30:330 [Worker 20544] info: [ECS:PlayerWeaponSwitchSystem] Initialized.
2025-12-04 20:03:30:330 [Worker 20544] info: [ECS:EnemySpawnRequestSystem] Initialized.
2025-12-04 20:03:30:330 [Worker 20544] info: [ECS:BehaviorSystemV2] Initialized.
2025-12-04 20:03:30:330 [Worker 20544] info: [ECS:CombatAISystem] Initialized.
2025-12-04 20:03:30:330 [Worker 20544] info: [ECS:WeaponSwitchSystem] Initialized.
2025-12-04 20:03:30:330 [Worker 20544] info: [ECS:StatusEffectSystem] Initialized.
2025-12-04 20:03:30:330 [Worker 20544] info: [ECS:WeaponSystem] Initialized.
2025-12-04 20:03:30:330 [Worker 20544] info: [ECS:MovementSystem] Initialized.
2025-12-04 20:03:30:330 [Worker 20544] info: [ECS:EntitySimulationSystem] Initialized as the main simulation orchestrator.
2025-12-04 20:03:30:330 [Worker 20544] info: [ECS:PlayerBoundarySystem] Initialized.
2025-12-04 20:03:30:330 [Worker 20544] info: [ECS:BoundarySystem] Initialized.
2025-12-04 20:03:30:330 [Worker 20544] info: [ECS:DestructionEventSystem] Initialized as the main destruction controller.
2025-12-04 20:03:30:330 [Worker 20544] info: [ECS:CollisionDetectionSystem] Initialized. (Now unified)
2025-12-04 20:03:30:330 [Worker 20544] info: [ECS:CollisionResolutionSystem] Initialized.
2025-12-04 20:03:30:330 [Worker 20544] info: [ECS:HitValidationSystem] Initialized.
2025-12-04 20:03:30:330 [Worker 20544] info: [ECS:HistorySystem] Initialized.
2025-12-04 20:03:30:330 [Worker 20544] info: [ECS:BuffLifecycleSystem] Initialized.
2025-12-04 20:03:30:330 [Worker 20544] info: [ECS:StatRecalculationSystem] Initialized.
2025-12-04 20:03:30:330 [Worker 20544] info: [ECS:OnKillEffectSystem] Initialized.
2025-12-04 20:03:30:330 [Worker 20544] info: [ECS:LootDropSystem] Initialized.
2025-12-04 20:03:30:330 [Worker 20544] info: [ECS:SpawnSystem] Initialized.
2025-12-04 20:03:30:330 [Worker 20544] info: [ECS:LifetimeSystem] Initialized.
2025-12-04 20:03:30:330 [Worker 20544] info: [ECS:OffscreenCleanupSystem] Initialized.
2025-12-04 20:03:31:331 [Worker 14148] info: [DBMANAGER] Worker 14148: Connected to dbServer
2025-12-04 20:03:31:331 [Worker 14148] info: [DBMANAGER] Worker 14148: Identifying with unique ID: gameserver-Hddkwe35fsvk_worker_14148
2025-12-04 20:03:31:331 [Worker 14148] warn: [DBMANAGER] Worker 14148: Disconnected from dbServer
2025-12-04 20:03:31:331 [Worker 14628] info: [DBMANAGER] Worker 14628: Connected to dbServer
2025-12-04 20:03:31:331 [Worker 14628] info: [DBMANAGER] Worker 14628: Identifying with unique ID: gameserver-Hddkwe35fsvk_worker_14628
2025-12-04 20:03:31:331 [Worker 14628] warn: [DBMANAGER] Worker 14628: Disconnected from dbServer
2025-12-04 20:03:32:332 [Worker 4752] info: [DBMANAGER] Worker 4752: Connected to dbServer
2025-12-04 20:03:32:332 [Worker 4752] info: [DBMANAGER] Worker 4752: Identifying with unique ID: gameserver-Hddkwe35fsvk_worker_4752
2025-12-04 20:03:32:332 [Worker 4752] warn: [DBMANAGER] Worker 4752: Disconnected from dbServer
2025-12-04 20:03:32:332 [Worker 18116] info: [ECS:EnergyRegenSystem] Initialized.
2025-12-04 20:03:32:332 [Worker 18116] info: [ECS:ShieldRegenSystem] Initialized.
2025-12-04 20:03:32:332 [Worker 18116] info: [LootIdManager] Initialized with 39 static items and pre-built dictionary.
2025-12-04 20:03:32:332 [Worker 18116] info: [ECS:GeometryUpdateSystem] Initialized.
2025-12-04 20:03:32:332 [Worker 18116] info: [ECS:CleanupSystem] Initialized. (Now simplified)
2025-12-04 20:03:32:332 [Worker 18116] info: [ECS:PlayerWeaponSwitchSystem] Initialized.
2025-12-04 20:03:32:332 [Worker 18116] info: [ECS:EnemySpawnRequestSystem] Initialized.
2025-12-04 20:03:32:332 [Worker 18116] info: [ECS:BehaviorSystemV2] Initialized.
2025-12-04 20:03:32:332 [Worker 18116] info: [ECS:CombatAISystem] Initialized.
2025-12-04 20:03:32:332 [Worker 18116] info: [ECS:WeaponSwitchSystem] Initialized.
2025-12-04 20:03:32:332 [Worker 18116] info: [ECS:StatusEffectSystem] Initialized.
2025-12-04 20:03:32:332 [Worker 18116] info: [ECS:WeaponSystem] Initialized.
2025-12-04 20:03:32:332 [Worker 18116] info: [ECS:MovementSystem] Initialized.
2025-12-04 20:03:32:332 [Worker 18116] info: [ECS:EntitySimulationSystem] Initialized as the main simulation orchestrator.
2025-12-04 20:03:32:332 [Worker 18116] info: [ECS:PlayerBoundarySystem] Initialized.
2025-12-04 20:03:32:332 [Worker 18116] info: [ECS:BoundarySystem] Initialized.
2025-12-04 20:03:32:332 [Worker 18116] info: [ECS:DestructionEventSystem] Initialized as the main destruction controller.
2025-12-04 20:03:32:332 [Worker 18116] info: [ECS:CollisionDetectionSystem] Initialized. (Now unified)
2025-12-04 20:03:32:332 [Worker 18116] info: [ECS:CollisionResolutionSystem] Initialized.
2025-12-04 20:03:32:332 [Worker 18116] info: [ECS:HitValidationSystem] Initialized.
2025-12-04 20:03:32:332 [Worker 18116] info: [ECS:HistorySystem] Initialized.
2025-12-04 20:03:32:332 [Worker 18116] info: [ECS:BuffLifecycleSystem] Initialized.
2025-12-04 20:03:32:332 [Worker 18116] info: [ECS:StatRecalculationSystem] Initialized.
2025-12-04 20:03:32:332 [Worker 18116] info: [ECS:OnKillEffectSystem] Initialized.
2025-12-04 20:03:32:332 [Worker 18116] info: [ECS:LootDropSystem] Initialized.
2025-12-04 20:03:32:332 [Worker 18116] info: [ECS:SpawnSystem] Initialized.
2025-12-04 20:03:32:332 [Worker 18116] info: [ECS:LifetimeSystem] Initialized.
2025-12-04 20:03:32:332 [Worker 18116] info: [ECS:OffscreenCleanupSystem] Initialized.
2025-12-04 20:03:33:333 [Worker 20544] info: [DBMANAGER] Worker 20544: Connected to dbServer
2025-12-04 20:03:33:333 [Worker 20544] info: [DBMANAGER] Worker 20544: Identifying with unique ID: gameserver-Hddkwe35fsvk_worker_20544
2025-12-04 20:03:33:333 [Worker 20544] info: [REDISCLIENT] Worker 20544: Successfully connected to Redis.
2025-12-04 20:03:33:333 [Worker 20544] info: [GracefulShutdown] Обработчики для воркера 20544 инициализированы и ожидают команды от мастера.
2025-12-04 20:03:33:333 [Worker 20544] info: Worker 20544 started. WebSocket server running on port 3002
2025-12-04 20:03:33:333 [Worker 20544] warn: [DBMANAGER] Worker 20544: Disconnected from dbServer
2025-12-04 20:03:33:333 [Worker 20544] info: [REDISSUBSCRIBER] Worker 20544: Subscribed to 'session-events' and 'session_control_events' channels.
2025-12-04 20:03:33:333 [Worker 14148] info: [DBMANAGER] Worker 14148: Connected to dbServer
2025-12-04 20:03:33:333 [Worker 14148] info: [DBMANAGER] Worker 14148: Identifying with unique ID: gameserver-Hddkwe35fsvk_worker_14148
2025-12-04 20:03:33:333 [Worker 14148] warn: [DBMANAGER] Worker 14148: Disconnected from dbServer
2025-12-04 20:03:33:333 [Worker 14628] info: [DBMANAGER] Worker 14628: Connected to dbServer
2025-12-04 20:03:33:333 [Worker 14628] info: [DBMANAGER] Worker 14628: Identifying with unique ID: gameserver-Hddkwe35fsvk_worker_14628
2025-12-04 20:03:33:333 [Worker 14628] warn: [DBMANAGER] Worker 14628: Disconnected from dbServer
2025-12-04 20:03:34:334 [Worker 18116] info: [DBMANAGER] Worker 18116: Connected to dbServer
2025-12-04 20:03:34:334 [Worker 18116] info: [DBMANAGER] Worker 18116: Identifying with unique ID: gameserver-Hddkwe35fsvk_worker_18116
2025-12-04 20:03:34:334 [Worker 18116] warn: [DBMANAGER] Worker 18116: Disconnected from dbServer
2025-12-04 20:03:34:334 [Worker 18116] info: [REDISCLIENT] Worker 18116: Successfully connected to Redis.
2025-12-04 20:03:34:334 [Worker 18116] info: [GracefulShutdown] Обработчики для воркера 18116 инициализированы и ожидают команды от мастера.
2025-12-04 20:03:34:334 [Worker 18116] info: Worker 18116 started. WebSocket server running on port 3002
2025-12-04 20:03:34:334 [Worker 18116] info: [REDISSUBSCRIBER] Worker 18116: Subscribed to 'session-events' and 'session_control_events' channels.
2025-12-04 20:03:34:334 [Worker 4752] info: [DBMANAGER] Worker 4752: Connected to dbServer
2025-12-04 20:03:34:334 [Worker 4752] info: [DBMANAGER] Worker 4752: Identifying with unique ID: gameserver-Hddkwe35fsvk_worker_4752
2025-12-04 20:03:34:334 [Worker 4752] warn: [DBMANAGER] Worker 4752: Disconnected from dbServer
2025-12-04 20:03:34:334 [Worker 22304] info: [ECS:EnergyRegenSystem] Initialized.
2025-12-04 20:03:34:334 [Worker 22304] info: [ECS:ShieldRegenSystem] Initialized.
2025-12-04 20:03:34:334 [Worker 22304] info: [LootIdManager] Initialized with 39 static items and pre-built dictionary.
2025-12-04 20:03:34:334 [Worker 22304] info: [ECS:GeometryUpdateSystem] Initialized.
2025-12-04 20:03:34:334 [Worker 22304] info: [ECS:CleanupSystem] Initialized. (Now simplified)
2025-12-04 20:03:34:334 [Worker 22304] info: [ECS:PlayerWeaponSwitchSystem] Initialized.
2025-12-04 20:03:34:334 [Worker 22304] info: [ECS:EnemySpawnRequestSystem] Initialized.
2025-12-04 20:03:34:334 [Worker 22304] info: [ECS:BehaviorSystemV2] Initialized.
2025-12-04 20:03:34:334 [Worker 22304] info: [ECS:CombatAISystem] Initialized.
2025-12-04 20:03:34:334 [Worker 22304] info: [ECS:WeaponSwitchSystem] Initialized.
2025-12-04 20:03:34:334 [Worker 22304] info: [ECS:StatusEffectSystem] Initialized.
2025-12-04 20:03:34:334 [Worker 22304] info: [ECS:WeaponSystem] Initialized.
2025-12-04 20:03:34:334 [Worker 22304] info: [ECS:MovementSystem] Initialized.
2025-12-04 20:03:34:334 [Worker 22304] info: [ECS:EntitySimulationSystem] Initialized as the main simulation orchestrator.
2025-12-04 20:03:34:334 [Worker 22304] info: [ECS:PlayerBoundarySystem] Initialized.
2025-12-04 20:03:34:334 [Worker 22304] info: [ECS:BoundarySystem] Initialized.
2025-12-04 20:03:34:334 [Worker 22304] info: [ECS:DestructionEventSystem] Initialized as the main destruction controller.
2025-12-04 20:03:34:334 [Worker 22304] info: [ECS:CollisionDetectionSystem] Initialized. (Now unified)
2025-12-04 20:03:34:334 [Worker 22304] info: [ECS:CollisionResolutionSystem] Initialized.
2025-12-04 20:03:34:334 [Worker 22304] info: [ECS:HitValidationSystem] Initialized.
2025-12-04 20:03:34:334 [Worker 22304] info: [ECS:HistorySystem] Initialized.
2025-12-04 20:03:34:334 [Worker 22304] info: [ECS:BuffLifecycleSystem] Initialized.
2025-12-04 20:03:34:334 [Worker 22304] info: [ECS:StatRecalculationSystem] Initialized.
2025-12-04 20:03:34:334 [Worker 22304] info: [ECS:OnKillEffectSystem] Initialized.
2025-12-04 20:03:34:334 [Worker 22304] info: [ECS:LootDropSystem] Initialized.
2025-12-04 20:03:34:334 [Worker 22304] info: [ECS:SpawnSystem] Initialized.
2025-12-04 20:03:34:334 [Worker 22304] info: [ECS:LifetimeSystem] Initialized.
2025-12-04 20:03:34:334 [Worker 22304] info: [ECS:OffscreenCleanupSystem] Initialized.
2025-12-04 20:03:35:335 [Worker 20544] info: [DBMANAGER] Worker 20544: Connected to dbServer
2025-12-04 20:03:35:335 [Worker 20544] info: [DBMANAGER] Worker 20544: Identifying with unique ID: gameserver-Hddkwe35fsvk_worker_20544
2025-12-04 20:03:35:335 [Worker 20544] warn: [DBMANAGER] Worker 20544: Disconnected from dbServer
2025-12-04 20:03:35:335 [Worker 14148] info: [DBMANAGER] Worker 14148: Connected to dbServer
2025-12-04 20:03:35:335 [Worker 14148] info: [DBMANAGER] Worker 14148: Identifying with unique ID: gameserver-Hddkwe35fsvk_worker_14148
2025-12-04 20:03:35:335 [Worker 14148] warn: [DBMANAGER] Worker 14148: Disconnected from dbServer
2025-12-04 20:03:35:335 [Worker 14628] info: [DBMANAGER] Worker 14628: Connected to dbServer
2025-12-04 20:03:35:335 [Worker 14628] info: [DBMANAGER] Worker 14628: Identifying with unique ID: gameserver-Hddkwe35fsvk_worker_14628
2025-12-04 20:03:35:335 [Worker 14628] warn: [DBMANAGER] Worker 14628: Disconnected from dbServer
2025-12-04 20:03:36:336 [Worker 18116] info: [DBMANAGER] Worker 18116: Connected to dbServer
2025-12-04 20:03:36:336 [Worker 18116] info: [DBMANAGER] Worker 18116: Identifying with unique ID: gameserver-Hddkwe35fsvk_worker_18116
2025-12-04 20:03:36:336 [Worker 18116] warn: [DBMANAGER] Worker 18116: Disconnected from dbServer
2025-12-04 20:03:36:336 [Worker 4752] info: [DBMANAGER] Worker 4752: Connected to dbServer
2025-12-04 20:03:36:336 [Worker 4752] info: [DBMANAGER] Worker 4752: Identifying with unique ID: gameserver-Hddkwe35fsvk_worker_4752
2025-12-04 20:03:36:336 [Worker 4752] warn: [DBMANAGER] Worker 4752: Disconnected from dbServer
2025-12-04 20:03:36:336 [Worker 22304] info: [DBMANAGER] Worker 22304: Connected to dbServer
2025-12-04 20:03:36:336 [Worker 22304] info: [DBMANAGER] Worker 22304: Identifying with unique ID: gameserver-Hddkwe35fsvk_worker_22304
2025-12-04 20:03:36:336 [Worker 22304] warn: [DBMANAGER] Worker 22304: Disconnected from dbServer
2025-12-04 20:03:36:336 [Worker 22304] info: [REDISCLIENT] Worker 22304: Successfully connected to Redis.
2025-12-04 20:03:36:336 [Worker 22304] info: [GracefulShutdown] Обработчики для воркера 22304 инициализированы и ожидают команды от мастера.
2025-12-04 20:03:36:336 [Worker 22304] info: Worker 22304 started. WebSocket server running on port 3002
2025-12-04 20:03:36:336 [Worker 22304] info: [REDISSUBSCRIBER] Worker 22304: Subscribed to 'session-events' and 'session_control_events' channels.
2025-12-04 20:03:36:336 [Worker 24072] info: [ECS:EnergyRegenSystem] Initialized.
2025-12-04 20:03:36:336 [Worker 24072] info: [ECS:ShieldRegenSystem] Initialized.
2025-12-04 20:03:36:336 [Worker 24072] info: [LootIdManager] Initialized with 39 static items and pre-built dictionary.
2025-12-04 20:03:36:336 [Worker 24072] info: [ECS:GeometryUpdateSystem] Initialized.
2025-12-04 20:03:36:336 [Worker 24072] info: [ECS:CleanupSystem] Initialized. (Now simplified)
2025-12-04 20:03:36:336 [Worker 24072] info: [ECS:PlayerWeaponSwitchSystem] Initialized.
2025-12-04 20:03:36:336 [Worker 24072] info: [ECS:EnemySpawnRequestSystem] Initialized.
2025-12-04 20:03:36:336 [Worker 24072] info: [ECS:BehaviorSystemV2] Initialized.
2025-12-04 20:03:36:336 [Worker 24072] info: [ECS:CombatAISystem] Initialized.
2025-12-04 20:03:36:336 [Worker 24072] info: [ECS:WeaponSwitchSystem] Initialized.
2025-12-04 20:03:36:336 [Worker 24072] info: [ECS:StatusEffectSystem] Initialized.
2025-12-04 20:03:36:336 [Worker 24072] info: [ECS:WeaponSystem] Initialized.
2025-12-04 20:03:36:336 [Worker 24072] info: [ECS:MovementSystem] Initialized.
2025-12-04 20:03:36:336 [Worker 24072] info: [ECS:EntitySimulationSystem] Initialized as the main simulation orchestrator.
2025-12-04 20:03:36:336 [Worker 24072] info: [ECS:PlayerBoundarySystem] Initialized.
2025-12-04 20:03:36:336 [Worker 24072] info: [ECS:BoundarySystem] Initialized.
2025-12-04 20:03:36:336 [Worker 24072] info: [ECS:DestructionEventSystem] Initialized as the main destruction controller.
2025-12-04 20:03:36:336 [Worker 24072] info: [ECS:CollisionDetectionSystem] Initialized. (Now unified)
2025-12-04 20:03:36:336 [Worker 24072] info: [ECS:CollisionResolutionSystem] Initialized.
2025-12-04 20:03:36:336 [Worker 24072] info: [ECS:HitValidationSystem] Initialized.
2025-12-04 20:03:36:336 [Worker 24072] info: [ECS:HistorySystem] Initialized.
2025-12-04 20:03:36:336 [Worker 24072] info: [ECS:BuffLifecycleSystem] Initialized.
2025-12-04 20:03:36:336 [Worker 24072] info: [ECS:StatRecalculationSystem] Initialized.
2025-12-04 20:03:36:336 [Worker 24072] info: [ECS:OnKillEffectSystem] Initialized.
2025-12-04 20:03:36:336 [Worker 24072] info: [ECS:LootDropSystem] Initialized.
2025-12-04 20:03:36:336 [Worker 24072] info: [ECS:SpawnSystem] Initialized.
2025-12-04 20:03:36:336 [Worker 24072] info: [ECS:LifetimeSystem] Initialized.
2025-12-04 20:03:36:336 [Worker 24072] info: [ECS:OffscreenCleanupSystem] Initialized.
2025-12-04 20:03:37:337 [Worker 20544] info: [DBMANAGER] Worker 20544: Connected to dbServer
2025-12-04 20:03:37:337 [Worker 20544] info: [DBMANAGER] Worker 20544: Identifying with unique ID: gameserver-Hddkwe35fsvk_worker_20544
2025-12-04 20:03:37:337 [Worker 20544] warn: [DBMANAGER] Worker 20544: Disconnected from dbServer
2025-12-04 20:03:37:337 [Worker 14148] info: [DBMANAGER] Worker 14148: Connected to dbServer
2025-12-04 20:03:37:337 [Worker 14148] info: [DBMANAGER] Worker 14148: Identifying with unique ID: gameserver-Hddkwe35fsvk_worker_14148
2025-12-04 20:03:37:337 [Worker 14148] warn: [DBMANAGER] Worker 14148: Disconnected from dbServer
2025-12-04 20:03:37:337 [Worker 14628] info: [DBMANAGER] Worker 14628: Connected to dbServer
2025-12-04 20:03:37:337 [Worker 14628] info: [DBMANAGER] Worker 14628: Identifying with unique ID: gameserver-Hddkwe35fsvk_worker_14628
2025-12-04 20:03:37:337 [Worker 14628] warn: [DBMANAGER] Worker 14628: Disconnected from dbServer
2025-12-04 20:03:38:338 [Worker 18116] info: [DBMANAGER] Worker 18116: Connected to dbServer
2025-12-04 20:03:38:338 [Worker 18116] info: [DBMANAGER] Worker 18116: Identifying with unique ID: gameserver-Hddkwe35fsvk_worker_18116
2025-12-04 20:03:38:338 [Worker 18116] warn: [DBMANAGER] Worker 18116: Disconnected from dbServer
2025-12-04 20:03:38:338 [Worker 4752] info: [DBMANAGER] Worker 4752: Connected to dbServer
2025-12-04 20:03:38:338 [Worker 4752] info: [DBMANAGER] Worker 4752: Identifying with unique ID: gameserver-Hddkwe35fsvk_worker_4752
2025-12-04 20:03:38:338 [Worker 4752] warn: [DBMANAGER] Worker 4752: Disconnected from dbServer
2025-12-04 20:03:38:338 [Worker 22304] info: [DBMANAGER] Worker 22304: Connected to dbServer
2025-12-04 20:03:38:338 [Worker 22304] info: [DBMANAGER] Worker 22304: Identifying with unique ID: gameserver-Hddkwe35fsvk_worker_22304
2025-12-04 20:03:38:338 [Worker 22304] warn: [DBMANAGER] Worker 22304: Disconnected from dbServer
2025-12-04 20:03:38:338 [Worker 24072] info: [DBMANAGER] Worker 24072: Connected to dbServer
2025-12-04 20:03:38:338 [Worker 24072] info: [DBMANAGER] Worker 24072: Identifying with unique ID: gameserver-Hddkwe35fsvk_worker_24072
2025-12-04 20:03:38:338 [Worker 24072] info: [REDISCLIENT] Worker 24072: Successfully connected to Redis.
2025-12-04 20:03:38:338 [Worker 24072] info: [GracefulShutdown] Обработчики для воркера 24072 инициализированы и ожидают команды от мастера.
2025-12-04 20:03:38:338 [Worker 24072] info: Worker 24072 started. WebSocket server running on port 3002
2025-12-04 20:03:38:338 [Worker 24072] warn: [DBMANAGER] Worker 24072: Disconnected from dbServer
2025-12-04 20:03:38:338 [Worker 24072] info: [REDISSUBSCRIBER] Worker 24072: Subscribed to 'session-events' and 'session_control_events' channels.
2025-12-04 20:03:38:338 [Worker 23108] info: [ECS:EnergyRegenSystem] Initialized.
2025-12-04 20:03:38:338 [Worker 23108] info: [ECS:ShieldRegenSystem] Initialized.
2025-12-04 20:03:38:338 [Worker 23108] info: [LootIdManager] Initialized with 39 static items and pre-built dictionary.
2025-12-04 20:03:38:338 [Worker 23108] info: [ECS:GeometryUpdateSystem] Initialized.
2025-12-04 20:03:38:338 [Worker 23108] info: [ECS:CleanupSystem] Initialized. (Now simplified)
2025-12-04 20:03:38:338 [Worker 23108] info: [ECS:PlayerWeaponSwitchSystem] Initialized.
2025-12-04 20:03:38:338 [Worker 23108] info: [ECS:EnemySpawnRequestSystem] Initialized.
2025-12-04 20:03:38:338 [Worker 23108] info: [ECS:BehaviorSystemV2] Initialized.
2025-12-04 20:03:38:338 [Worker 23108] info: [ECS:CombatAISystem] Initialized.
2025-12-04 20:03:38:338 [Worker 23108] info: [ECS:WeaponSwitchSystem] Initialized.
2025-12-04 20:03:38:338 [Worker 23108] info: [ECS:StatusEffectSystem] Initialized.
2025-12-04 20:03:38:338 [Worker 23108] info: [ECS:WeaponSystem] Initialized.
2025-12-04 20:03:38:338 [Worker 23108] info: [ECS:MovementSystem] Initialized.
2025-12-04 20:03:38:338 [Worker 23108] info: [ECS:EntitySimulationSystem] Initialized as the main simulation orchestrator.
2025-12-04 20:03:38:338 [Worker 23108] info: [ECS:PlayerBoundarySystem] Initialized.
2025-12-04 20:03:38:338 [Worker 23108] info: [ECS:BoundarySystem] Initialized.
2025-12-04 20:03:38:338 [Worker 23108] info: [ECS:DestructionEventSystem] Initialized as the main destruction controller.
2025-12-04 20:03:38:338 [Worker 23108] info: [ECS:CollisionDetectionSystem] Initialized. (Now unified)
2025-12-04 20:03:38:338 [Worker 23108] info: [ECS:CollisionResolutionSystem] Initialized.
2025-12-04 20:03:38:338 [Worker 23108] info: [ECS:HitValidationSystem] Initialized.
2025-12-04 20:03:38:338 [Worker 23108] info: [ECS:HistorySystem] Initialized.
2025-12-04 20:03:38:338 [Worker 23108] info: [ECS:BuffLifecycleSystem] Initialized.
2025-12-04 20:03:38:338 [Worker 23108] info: [ECS:StatRecalculationSystem] Initialized.
2025-12-04 20:03:38:338 [Worker 23108] info: [ECS:OnKillEffectSystem] Initialized.
2025-12-04 20:03:38:338 [Worker 23108] info: [ECS:LootDropSystem] Initialized.
2025-12-04 20:03:38:338 [Worker 23108] info: [ECS:SpawnSystem] Initialized.
2025-12-04 20:03:38:338 [Worker 23108] info: [ECS:LifetimeSystem] Initialized.
2025-12-04 20:03:38:338 [Worker 23108] info: [ECS:OffscreenCleanupSystem] Initialized.
2025-12-04 20:03:39:339 [Worker 20544] info: [DBMANAGER] Worker 20544: Connected to dbServer
2025-12-04 20:03:39:339 [Worker 20544] info: [DBMANAGER] Worker 20544: Identifying with unique ID: gameserver-Hddkwe35fsvk_worker_20544
2025-12-04 20:03:39:339 [Worker 20544] warn: [DBMANAGER] Worker 20544: Disconnected from dbServer
2025-12-04 20:03:39:339 [Worker 14148] info: [DBMANAGER] Worker 14148: Connected to dbServer
2025-12-04 20:03:39:339 [Worker 14148] info: [DBMANAGER] Worker 14148: Identifying with unique ID: gameserver-Hddkwe35fsvk_worker_14148
2025-12-04 20:03:39:339 [Worker 14148] warn: [DBMANAGER] Worker 14148: Disconnected from dbServer
2025-12-04 20:03:39:339 [Worker 14628] info: [DBMANAGER] Worker 14628: Connected to dbServer
2025-12-04 20:03:39:339 [Worker 14628] info: [DBMANAGER] Worker 14628: Identifying with unique ID: gameserver-Hddkwe35fsvk_worker_14628
2025-12-04 20:03:39:339 [Worker 14628] warn: [DBMANAGER] Worker 14628: Disconnected from dbServer
2025-12-04 20:03:40:340 [Worker 23108] info: [DBMANAGER] Worker 23108: Connected to dbServer
2025-12-04 20:03:40:340 [Worker 23108] info: [DBMANAGER] Worker 23108: Identifying with unique ID: gameserver-Hddkwe35fsvk_worker_23108
2025-12-04 20:03:40:340 [Worker 23108] warn: [DBMANAGER] Worker 23108: Disconnected from dbServer
2025-12-04 20:03:40:340 [Worker 23108] info: [REDISCLIENT] Worker 23108: Successfully connected to Redis.
2025-12-04 20:03:40:340 [Worker 23108] info: [GracefulShutdown] Обработчики для воркера 23108 инициализированы и ожидают команды от мастера.
2025-12-04 20:03:40:340 [Worker 23108] info: Worker 23108 started. WebSocket server running on port 3002
2025-12-04 20:03:40:340 [Worker 23108] info: [REDISSUBSCRIBER] Worker 23108: Subscribed to 'session-events' and 'session_control_events' channels.
2025-12-04 20:03:40:340 [Worker 18116] info: [DBMANAGER] Worker 18116: Connected to dbServer
2025-12-04 20:03:40:340 [Worker 18116] info: [DBMANAGER] Worker 18116: Identifying with unique ID: gameserver-Hddkwe35fsvk_worker_18116
2025-12-04 20:03:40:340 [Worker 18116] warn: [DBMANAGER] Worker 18116: Disconnected from dbServer
2025-12-04 20:03:40:340 [Worker 4752] info: [DBMANAGER] Worker 4752: Connected to dbServer
2025-12-04 20:03:40:340 [Worker 4752] info: [DBMANAGER] Worker 4752: Identifying with unique ID: gameserver-Hddkwe35fsvk_worker_4752
2025-12-04 20:03:40:340 [Worker 4752] warn: [DBMANAGER] Worker 4752: Disconnected from dbServer
2025-12-04 20:03:40:340 [Worker 22304] info: [DBMANAGER] Worker 22304: Connected to dbServer
2025-12-04 20:03:40:340 [Worker 22304] info: [DBMANAGER] Worker 22304: Identifying with unique ID: gameserver-Hddkwe35fsvk_worker_22304
2025-12-04 20:03:40:340 [Worker 22304] warn: [DBMANAGER] Worker 22304: Disconnected from dbServer
2025-12-04 20:03:40:340 [Worker 24072] info: [DBMANAGER] Worker 24072: Connected to dbServer
2025-12-04 20:03:40:340 [Worker 24072] info: [DBMANAGER] Worker 24072: Identifying with unique ID: gameserver-Hddkwe35fsvk_worker_24072
2025-12-04 20:03:40:340 [Worker 24072] warn: [DBMANAGER] Worker 24072: Disconnected from dbServer
2025-12-04 20:03:40:340 [Worker 23100] info: [ECS:EnergyRegenSystem] Initialized.
2025-12-04 20:03:40:340 [Worker 23100] info: [ECS:ShieldRegenSystem] Initialized.
2025-12-04 20:03:40:340 [Worker 23100] info: [LootIdManager] Initialized with 39 static items and pre-built dictionary.
2025-12-04 20:03:40:340 [Worker 23100] info: [ECS:GeometryUpdateSystem] Initialized.
2025-12-04 20:03:40:340 [Worker 23100] info: [ECS:CleanupSystem] Initialized. (Now simplified)
2025-12-04 20:03:40:340 [Worker 23100] info: [ECS:PlayerWeaponSwitchSystem] Initialized.
2025-12-04 20:03:40:340 [Worker 23100] info: [ECS:EnemySpawnRequestSystem] Initialized.
2025-12-04 20:03:40:340 [Worker 23100] info: [ECS:BehaviorSystemV2] Initialized.
2025-12-04 20:03:40:340 [Worker 23100] info: [ECS:CombatAISystem] Initialized.
2025-12-04 20:03:40:340 [Worker 23100] info: [ECS:WeaponSwitchSystem] Initialized.
2025-12-04 20:03:40:340 [Worker 23100] info: [ECS:StatusEffectSystem] Initialized.
2025-12-04 20:03:40:340 [Worker 23100] info: [ECS:WeaponSystem] Initialized.
2025-12-04 20:03:40:340 [Worker 23100] info: [ECS:MovementSystem] Initialized.
2025-12-04 20:03:40:340 [Worker 23100] info: [ECS:EntitySimulationSystem] Initialized as the main simulation orchestrator.
2025-12-04 20:03:40:340 [Worker 23100] info: [ECS:PlayerBoundarySystem] Initialized.
2025-12-04 20:03:40:340 [Worker 23100] info: [ECS:BoundarySystem] Initialized.
2025-12-04 20:03:40:340 [Worker 23100] info: [ECS:DestructionEventSystem] Initialized as the main destruction controller.
2025-12-04 20:03:40:340 [Worker 23100] info: [ECS:CollisionDetectionSystem] Initialized. (Now unified)
2025-12-04 20:03:40:340 [Worker 23100] info: [ECS:CollisionResolutionSystem] Initialized.
2025-12-04 20:03:40:340 [Worker 23100] info: [ECS:HitValidationSystem] Initialized.
2025-12-04 20:03:40:340 [Worker 23100] info: [ECS:HistorySystem] Initialized.
2025-12-04 20:03:40:340 [Worker 23100] info: [ECS:BuffLifecycleSystem] Initialized.
2025-12-04 20:03:40:340 [Worker 23100] info: [ECS:StatRecalculationSystem] Initialized.
2025-12-04 20:03:40:340 [Worker 23100] info: [ECS:OnKillEffectSystem] Initialized.
2025-12-04 20:03:40:340 [Worker 23100] info: [ECS:LootDropSystem] Initialized.
2025-12-04 20:03:40:340 [Worker 23100] info: [ECS:SpawnSystem] Initialized.
2025-12-04 20:03:40:340 [Worker 23100] info: [ECS:LifetimeSystem] Initialized.
2025-12-04 20:03:40:340 [Worker 23100] info: [ECS:OffscreenCleanupSystem] Initialized.
2025-12-04 20:03:41:341 [Worker 20544] info: [DBMANAGER] Worker 20544: Connected to dbServer
2025-12-04 20:03:41:341 [Worker 20544] info: [DBMANAGER] Worker 20544: Identifying with unique ID: gameserver-Hddkwe35fsvk_worker_20544
2025-12-04 20:03:41:341 [Worker 20544] warn: [DBMANAGER] Worker 20544: Disconnected from dbServer
2025-12-04 20:03:41:341 [Worker 10624] info: [DBMANAGER] Worker 10624: Connected to dbServer
2025-12-04 20:03:41:341 [Worker 10624] info: [DBMANAGER] Worker 10624: Identifying with unique ID: gameserver-Hddkwe35fsvk_worker_10624
2025-12-04 20:03:41:341 [Worker 10624] info: [REDISCLIENT] Worker 10624: Successfully connected to Redis.
2025-12-04 20:03:41:341 [Worker 10624] info: [GracefulShutdown] Обработчики для воркера 10624 инициализированы и ожидают команды от мастера.
2025-12-04 20:03:41:341 [Worker 10624] info: Worker 10624 started. WebSocket server running on port 3002
2025-12-04 20:03:41:341 [Worker 10624] warn: [DBMANAGER] Worker 10624: Disconnected from dbServer
2025-12-04 20:03:41:341 [Worker 10624] info: [REDISSUBSCRIBER] Worker 10624: Subscribed to 'session-events' and 'session_control_events' channels.
2025-12-04 20:03:41:341 [Worker 14148] info: [DBMANAGER] Worker 14148: Connected to dbServer
2025-12-04 20:03:41:341 [Worker 14148] info: [DBMANAGER] Worker 14148: Identifying with unique ID: gameserver-Hddkwe35fsvk_worker_14148
2025-12-04 20:03:41:341 [Worker 14148] warn: [DBMANAGER] Worker 14148: Disconnected from dbServer
2025-12-04 20:03:41:341 [Worker 14628] info: [DBMANAGER] Worker 14628: Connected to dbServer
2025-12-04 20:03:41:341 [Worker 14628] info: [DBMANAGER] Worker 14628: Identifying with unique ID: gameserver-Hddkwe35fsvk_worker_14628
2025-12-04 20:03:41:341 [Worker 14628] warn: [DBMANAGER] Worker 14628: Disconnected from dbServer
2025-12-04 20:03:42:342 [Worker 23108] info: [DBMANAGER] Worker 23108: Connected to dbServer
2025-12-04 20:03:42:342 [Worker 23108] info: [DBMANAGER] Worker 23108: Identifying with unique ID: gameserver-Hddkwe35fsvk_worker_23108
2025-12-04 20:03:42:342 [Worker 23108] warn: [DBMANAGER] Worker 23108: Disconnected from dbServer
2025-12-04 20:03:42:342 [Worker 18116] info: [DBMANAGER] Worker 18116: Connected to dbServer
2025-12-04 20:03:42:342 [Worker 18116] info: [DBMANAGER] Worker 18116: Identifying with unique ID: gameserver-Hddkwe35fsvk_worker_18116
2025-12-04 20:03:42:342 [Worker 18116] warn: [DBMANAGER] Worker 18116: Disconnected from dbServer
2025-12-04 20:03:42:342 [Worker 4752] info: [DBMANAGER] Worker 4752: Connected to dbServer
2025-12-04 20:03:42:342 [Worker 4752] info: [DBMANAGER] Worker 4752: Identifying with unique ID: gameserver-Hddkwe35fsvk_worker_4752
2025-12-04 20:03:42:342 [Worker 4752] warn: [DBMANAGER] Worker 4752: Disconnected from dbServer
2025-12-04 20:03:42:342 [Worker 22304] info: [DBMANAGER] Worker 22304: Connected to dbServer
2025-12-04 20:03:42:342 [Worker 22304] info: [DBMANAGER] Worker 22304: Identifying with unique ID: gameserver-Hddkwe35fsvk_worker_22304
2025-12-04 20:03:42:342 [Worker 22304] warn: [DBMANAGER] Worker 22304: Disconnected from dbServer
2025-12-04 20:03:42:342 [Worker 24072] info: [DBMANAGER] Worker 24072: Connected to dbServer
2025-12-04 20:03:42:342 [Worker 24072] info: [DBMANAGER] Worker 24072: Identifying with unique ID: gameserver-Hddkwe35fsvk_worker_24072
2025-12-04 20:03:42:342 [Worker 24072] warn: [DBMANAGER] Worker 24072: Disconnected from dbServer
2025-12-04 20:03:42:342 [Worker 17992] info: [ECS:EnergyRegenSystem] Initialized.
2025-12-04 20:03:42:342 [Worker 17992] info: [ECS:ShieldRegenSystem] Initialized.
2025-12-04 20:03:42:342 [Worker 17992] info: [LootIdManager] Initialized with 39 static items and pre-built dictionary.
2025-12-04 20:03:42:342 [Worker 17992] info: [ECS:GeometryUpdateSystem] Initialized.
2025-12-04 20:03:42:342 [Worker 17992] info: [ECS:CleanupSystem] Initialized. (Now simplified)
2025-12-04 20:03:42:342 [Worker 17992] info: [ECS:PlayerWeaponSwitchSystem] Initialized.
2025-12-04 20:03:42:342 [Worker 17992] info: [ECS:EnemySpawnRequestSystem] Initialized.
2025-12-04 20:03:42:342 [Worker 17992] info: [ECS:BehaviorSystemV2] Initialized.
2025-12-04 20:03:42:342 [Worker 17992] info: [ECS:CombatAISystem] Initialized.
2025-12-04 20:03:42:342 [Worker 17992] info: [ECS:WeaponSwitchSystem] Initialized.
2025-12-04 20:03:42:342 [Worker 17992] info: [ECS:StatusEffectSystem] Initialized.
2025-12-04 20:03:42:342 [Worker 17992] info: [ECS:WeaponSystem] Initialized.
2025-12-04 20:03:42:342 [Worker 17992] info: [ECS:MovementSystem] Initialized.
2025-12-04 20:03:42:342 [Worker 17992] info: [ECS:EntitySimulationSystem] Initialized as the main simulation orchestrator.
2025-12-04 20:03:42:342 [Worker 17992] info: [ECS:PlayerBoundarySystem] Initialized.
2025-12-04 20:03:42:342 [Worker 17992] info: [ECS:BoundarySystem] Initialized.
2025-12-04 20:03:42:342 [Worker 17992] info: [ECS:DestructionEventSystem] Initialized as the main destruction controller.
2025-12-04 20:03:42:342 [Worker 17992] info: [ECS:CollisionDetectionSystem] Initialized. (Now unified)
2025-12-04 20:03:42:342 [Worker 17992] info: [ECS:CollisionResolutionSystem] Initialized.
2025-12-04 20:03:42:342 [Worker 17992] info: [ECS:HitValidationSystem] Initialized.
2025-12-04 20:03:42:342 [Worker 17992] info: [ECS:HistorySystem] Initialized.
2025-12-04 20:03:42:342 [Worker 17992] info: [ECS:BuffLifecycleSystem] Initialized.
2025-12-04 20:03:42:342 [Worker 17992] info: [ECS:StatRecalculationSystem] Initialized.
2025-12-04 20:03:42:342 [Worker 17992] info: [ECS:OnKillEffectSystem] Initialized.
2025-12-04 20:03:42:342 [Worker 17992] info: [ECS:LootDropSystem] Initialized.
2025-12-04 20:03:42:342 [Worker 17992] info: [ECS:SpawnSystem] Initialized.
2025-12-04 20:03:42:342 [Worker 17992] info: [ECS:LifetimeSystem] Initialized.
2025-12-04 20:03:42:342 [Worker 17992] info: [ECS:OffscreenCleanupSystem] Initialized.
2025-12-04 20:03:43:343 [Worker 20544] info: [DBMANAGER] Worker 20544: Connected to dbServer
2025-12-04 20:03:43:343 [Worker 20544] info: [DBMANAGER] Worker 20544: Identifying with unique ID: gameserver-Hddkwe35fsvk_worker_20544
2025-12-04 20:03:43:343 [Worker 20544] warn: [DBMANAGER] Worker 20544: Disconnected from dbServer
2025-12-04 20:03:43:343 [Worker 10624] info: [DBMANAGER] Worker 10624: Connected to dbServer
2025-12-04 20:03:43:343 [Worker 10624] info: [DBMANAGER] Worker 10624: Identifying with unique ID: gameserver-Hddkwe35fsvk_worker_10624
2025-12-04 20:03:43:343 [Worker 10624] warn: [DBMANAGER] Worker 10624: Disconnected from dbServer
2025-12-04 20:03:43:343 [Worker 14148] info: [DBMANAGER] Worker 14148: Connected to dbServer
2025-12-04 20:03:43:343 [Worker 14148] info: [DBMANAGER] Worker 14148: Identifying with unique ID: gameserver-Hddkwe35fsvk_worker_14148
2025-12-04 20:03:43:343 [Worker 14148] warn: [DBMANAGER] Worker 14148: Disconnected from dbServer
2025-12-04 20:03:43:343 [Worker 14628] info: [DBMANAGER] Worker 14628: Connected to dbServer
2025-12-04 20:03:43:343 [Worker 14628] info: [DBMANAGER] Worker 14628: Identifying with unique ID: gameserver-Hddkwe35fsvk_worker_14628
2025-12-04 20:03:43:343 [Worker 14628] warn: [DBMANAGER] Worker 14628: Disconnected from dbServer
2025-12-04 20:03:44:344 [Worker 23100] info: [DBMANAGER] Worker 23100: Connected to dbServer
2025-12-04 20:03:44:344 [Worker 23100] info: [DBMANAGER] Worker 23100: Identifying with unique ID: gameserver-Hddkwe35fsvk_worker_23100
2025-12-04 20:03:44:344 [Worker 22268] warn: Master process received SIGINT. Instructing all workers to shut down gracefully.
2025-12-04 20:03:44:344 [Worker 22268] warn: Worker 22304 exited during shutdown process.
2025-12-04 20:03:44:344 [Worker 22268] warn: Worker 17992 exited during shutdown process.
2025-12-04 20:03:44:344 [Worker 22268] warn: Worker 23108 exited during shutdown process.
2025-12-04 20:03:44:344 [Worker 22268] warn: Worker 24072 exited during shutdown process.
2025-12-04 20:03:44:344 [Worker 22268] warn: Worker 23100 exited during shutdown process.
2025-12-04 20:03:44:344 [Worker 22268] warn: Worker 20544 exited during shutdown process.
2025-12-04 20:03:44:344 [Worker 22268] warn: Worker 18116 exited during shutdown process.
2025-12-04 20:03:44:344 [Worker 22268] warn: Worker 14628 exited during shutdown process.
2025-12-04 20:03:44:344 [Worker 22268] warn: Worker 10624 exited during shutdown process.
2025-12-04 20:03:44:344 [Worker 22268] warn: Worker 4752 exited during shutdown process.
2025-12-04 20:03:44:344 [Worker 22268] warn: Worker 14148 exited during shutdown process.
2025-12-04 20:03:56:356 [Worker 9016] info: [ECS:EnergyRegenSystem] Initialized.
2025-12-04 20:03:56:356 [Worker 9016] info: [ECS:ShieldRegenSystem] Initialized.
2025-12-04 20:03:56:356 [Worker 9016] info: [LootIdManager] Initialized with 39 static items and pre-built dictionary.
2025-12-04 20:03:56:356 [Worker 9016] info: [ECS:GeometryUpdateSystem] Initialized.
2025-12-04 20:03:56:356 [Worker 9016] info: [ECS:CleanupSystem] Initialized. (Now simplified)
2025-12-04 20:03:56:356 [Worker 9016] info: [ECS:PlayerWeaponSwitchSystem] Initialized.
2025-12-04 20:03:56:356 [Worker 9016] info: [ECS:EnemySpawnRequestSystem] Initialized.
2025-12-04 20:03:56:356 [Worker 9016] info: [ECS:BehaviorSystemV2] Initialized.
2025-12-04 20:03:56:356 [Worker 9016] info: [ECS:CombatAISystem] Initialized.
2025-12-04 20:03:56:356 [Worker 9016] info: [ECS:WeaponSwitchSystem] Initialized.
2025-12-04 20:03:56:356 [Worker 9016] info: [ECS:StatusEffectSystem] Initialized.
2025-12-04 20:03:56:356 [Worker 9016] info: [ECS:WeaponSystem] Initialized.
2025-12-04 20:03:56:356 [Worker 9016] info: [ECS:MovementSystem] Initialized.
2025-12-04 20:03:56:356 [Worker 9016] info: [ECS:EntitySimulationSystem] Initialized as the main simulation orchestrator.
2025-12-04 20:03:56:356 [Worker 9016] info: [ECS:PlayerBoundarySystem] Initialized.
2025-12-04 20:03:56:356 [Worker 9016] info: [ECS:BoundarySystem] Initialized.
2025-12-04 20:03:56:356 [Worker 9016] info: [ECS:DestructionEventSystem] Initialized as the main destruction controller.
2025-12-04 20:03:56:356 [Worker 9016] info: [ECS:CollisionDetectionSystem] Initialized. (Now unified)
2025-12-04 20:03:56:356 [Worker 9016] info: [ECS:CollisionResolutionSystem] Initialized.
2025-12-04 20:03:56:356 [Worker 9016] info: [ECS:HitValidationSystem] Initialized.
2025-12-04 20:03:56:356 [Worker 9016] info: [ECS:HistorySystem] Initialized.
2025-12-04 20:03:56:356 [Worker 9016] info: [ECS:BuffLifecycleSystem] Initialized.
2025-12-04 20:03:56:356 [Worker 9016] info: [ECS:StatRecalculationSystem] Initialized.
2025-12-04 20:03:56:356 [Worker 9016] info: [ECS:OnKillEffectSystem] Initialized.
2025-12-04 20:03:56:356 [Worker 9016] info: [ECS:LootDropSystem] Initialized.
2025-12-04 20:03:56:356 [Worker 9016] info: [ECS:SpawnSystem] Initialized.
2025-12-04 20:03:56:356 [Worker 9016] info: [ECS:LifetimeSystem] Initialized.
2025-12-04 20:03:56:356 [Worker 9016] info: [ECS:OffscreenCleanupSystem] Initialized.
2025-12-04 20:03:56:356 [Worker 9016] info: Master process 9016 is running
2025-12-04 20:03:57:357 [Worker 17320] info: [ECS:EnergyRegenSystem] Initialized.
2025-12-04 20:03:57:357 [Worker 17320] info: [ECS:ShieldRegenSystem] Initialized.
2025-12-04 20:03:57:357 [Worker 17320] info: [LootIdManager] Initialized with 39 static items and pre-built dictionary.
2025-12-04 20:03:57:357 [Worker 17320] info: [ECS:GeometryUpdateSystem] Initialized.
2025-12-04 20:03:57:357 [Worker 17320] info: [ECS:CleanupSystem] Initialized. (Now simplified)
2025-12-04 20:03:57:357 [Worker 17320] info: [ECS:PlayerWeaponSwitchSystem] Initialized.
2025-12-04 20:03:57:357 [Worker 17320] info: [ECS:EnemySpawnRequestSystem] Initialized.
2025-12-04 20:03:57:357 [Worker 17320] info: [ECS:BehaviorSystemV2] Initialized.
2025-12-04 20:03:57:357 [Worker 17320] info: [ECS:CombatAISystem] Initialized.
2025-12-04 20:03:57:357 [Worker 17320] info: [ECS:WeaponSwitchSystem] Initialized.
2025-12-04 20:03:57:357 [Worker 17320] info: [ECS:StatusEffectSystem] Initialized.
2025-12-04 20:03:57:357 [Worker 17320] info: [ECS:WeaponSystem] Initialized.
2025-12-04 20:03:57:357 [Worker 17320] info: [ECS:MovementSystem] Initialized.
2025-12-04 20:03:57:357 [Worker 17320] info: [ECS:EntitySimulationSystem] Initialized as the main simulation orchestrator.
2025-12-04 20:03:57:357 [Worker 17320] info: [ECS:PlayerBoundarySystem] Initialized.
2025-12-04 20:03:57:357 [Worker 17320] info: [ECS:BoundarySystem] Initialized.
2025-12-04 20:03:57:357 [Worker 17320] info: [ECS:DestructionEventSystem] Initialized as the main destruction controller.
2025-12-04 20:03:57:357 [Worker 17320] info: [ECS:CollisionDetectionSystem] Initialized. (Now unified)
2025-12-04 20:03:57:357 [Worker 17320] info: [ECS:CollisionResolutionSystem] Initialized.
2025-12-04 20:03:57:357 [Worker 17320] info: [ECS:HitValidationSystem] Initialized.
2025-12-04 20:03:57:357 [Worker 17320] info: [ECS:HistorySystem] Initialized.
2025-12-04 20:03:57:357 [Worker 17320] info: [ECS:BuffLifecycleSystem] Initialized.
2025-12-04 20:03:57:357 [Worker 17320] info: [ECS:StatRecalculationSystem] Initialized.
2025-12-04 20:03:57:357 [Worker 17320] info: [ECS:OnKillEffectSystem] Initialized.
2025-12-04 20:03:57:357 [Worker 17320] info: [ECS:LootDropSystem] Initialized.
2025-12-04 20:03:57:357 [Worker 17320] info: [ECS:SpawnSystem] Initialized.
2025-12-04 20:03:57:357 [Worker 17320] info: [ECS:LifetimeSystem] Initialized.
2025-12-04 20:03:57:357 [Worker 17320] info: [ECS:OffscreenCleanupSystem] Initialized.
2025-12-04 20:03:58:358 [Worker 11172] info: [ECS:EnergyRegenSystem] Initialized.
2025-12-04 20:03:58:358 [Worker 11172] info: [ECS:ShieldRegenSystem] Initialized.
2025-12-04 20:03:58:358 [Worker 11172] info: [LootIdManager] Initialized with 39 static items and pre-built dictionary.
2025-12-04 20:03:58:358 [Worker 11172] info: [ECS:GeometryUpdateSystem] Initialized.
2025-12-04 20:03:58:358 [Worker 11172] info: [ECS:CleanupSystem] Initialized. (Now simplified)
2025-12-04 20:03:58:358 [Worker 11172] info: [ECS:PlayerWeaponSwitchSystem] Initialized.
2025-12-04 20:03:58:358 [Worker 11172] info: [ECS:EnemySpawnRequestSystem] Initialized.
2025-12-04 20:03:58:358 [Worker 11172] info: [ECS:BehaviorSystemV2] Initialized.
2025-12-04 20:03:58:358 [Worker 11172] info: [ECS:CombatAISystem] Initialized.
2025-12-04 20:03:58:358 [Worker 11172] info: [ECS:WeaponSwitchSystem] Initialized.
2025-12-04 20:03:58:358 [Worker 11172] info: [ECS:StatusEffectSystem] Initialized.
2025-12-04 20:03:58:358 [Worker 11172] info: [ECS:WeaponSystem] Initialized.
2025-12-04 20:03:58:358 [Worker 11172] info: [ECS:MovementSystem] Initialized.
2025-12-04 20:03:58:358 [Worker 11172] info: [ECS:EntitySimulationSystem] Initialized as the main simulation orchestrator.
2025-12-04 20:03:58:358 [Worker 11172] info: [ECS:PlayerBoundarySystem] Initialized.
2025-12-04 20:03:58:358 [Worker 11172] info: [ECS:BoundarySystem] Initialized.
2025-12-04 20:03:58:358 [Worker 11172] info: [ECS:DestructionEventSystem] Initialized as the main destruction controller.
2025-12-04 20:03:58:358 [Worker 11172] info: [ECS:CollisionDetectionSystem] Initialized. (Now unified)
2025-12-04 20:03:58:358 [Worker 11172] info: [ECS:CollisionResolutionSystem] Initialized.
2025-12-04 20:03:58:358 [Worker 11172] info: [ECS:HitValidationSystem] Initialized.
2025-12-04 20:03:58:358 [Worker 11172] info: [ECS:HistorySystem] Initialized.
2025-12-04 20:03:58:358 [Worker 11172] info: [ECS:BuffLifecycleSystem] Initialized.
2025-12-04 20:03:58:358 [Worker 11172] info: [ECS:StatRecalculationSystem] Initialized.
2025-12-04 20:03:58:358 [Worker 11172] info: [ECS:OnKillEffectSystem] Initialized.
2025-12-04 20:03:58:358 [Worker 11172] info: [ECS:LootDropSystem] Initialized.
2025-12-04 20:03:58:358 [Worker 11172] info: [ECS:SpawnSystem] Initialized.
2025-12-04 20:03:58:358 [Worker 11172] info: [ECS:LifetimeSystem] Initialized.
2025-12-04 20:03:58:358 [Worker 11172] info: [ECS:OffscreenCleanupSystem] Initialized.
2025-12-04 20:04:00:40 [Worker 22428] info: [ECS:EnergyRegenSystem] Initialized.
2025-12-04 20:04:00:40 [Worker 22428] info: [ECS:ShieldRegenSystem] Initialized.
2025-12-04 20:04:00:40 [Worker 22428] info: [LootIdManager] Initialized with 39 static items and pre-built dictionary.
2025-12-04 20:04:00:40 [Worker 22428] info: [ECS:GeometryUpdateSystem] Initialized.
2025-12-04 20:04:00:40 [Worker 22428] info: [ECS:CleanupSystem] Initialized. (Now simplified)
2025-12-04 20:04:00:40 [Worker 22428] info: [ECS:PlayerWeaponSwitchSystem] Initialized.
2025-12-04 20:04:00:40 [Worker 22428] info: [ECS:EnemySpawnRequestSystem] Initialized.
2025-12-04 20:04:00:40 [Worker 22428] info: [ECS:BehaviorSystemV2] Initialized.
2025-12-04 20:04:00:40 [Worker 22428] info: [ECS:CombatAISystem] Initialized.
2025-12-04 20:04:00:40 [Worker 22428] info: [ECS:WeaponSwitchSystem] Initialized.
2025-12-04 20:04:00:40 [Worker 22428] info: [ECS:StatusEffectSystem] Initialized.
2025-12-04 20:04:00:40 [Worker 22428] info: [ECS:WeaponSystem] Initialized.
2025-12-04 20:04:00:40 [Worker 22428] info: [ECS:MovementSystem] Initialized.
2025-12-04 20:04:00:40 [Worker 22428] info: [ECS:EntitySimulationSystem] Initialized as the main simulation orchestrator.
2025-12-04 20:04:00:40 [Worker 22428] info: [ECS:PlayerBoundarySystem] Initialized.
2025-12-04 20:04:00:40 [Worker 22428] info: [ECS:BoundarySystem] Initialized.
2025-12-04 20:04:00:40 [Worker 22428] info: [ECS:DestructionEventSystem] Initialized as the main destruction controller.
2025-12-04 20:04:00:40 [Worker 22428] info: [ECS:CollisionDetectionSystem] Initialized. (Now unified)
2025-12-04 20:04:00:40 [Worker 22428] info: [ECS:CollisionResolutionSystem] Initialized.
2025-12-04 20:04:00:40 [Worker 22428] info: [ECS:HitValidationSystem] Initialized.
2025-12-04 20:04:00:40 [Worker 22428] info: [ECS:HistorySystem] Initialized.
2025-12-04 20:04:00:40 [Worker 22428] info: [ECS:BuffLifecycleSystem] Initialized.
2025-12-04 20:04:00:40 [Worker 22428] info: [ECS:StatRecalculationSystem] Initialized.
2025-12-04 20:04:00:40 [Worker 22428] info: [ECS:OnKillEffectSystem] Initialized.
2025-12-04 20:04:00:40 [Worker 22428] info: [ECS:LootDropSystem] Initialized.
2025-12-04 20:04:00:40 [Worker 22428] info: [ECS:SpawnSystem] Initialized.
2025-12-04 20:04:00:40 [Worker 22428] info: [ECS:LifetimeSystem] Initialized.
2025-12-04 20:04:00:40 [Worker 22428] info: [ECS:OffscreenCleanupSystem] Initialized.
2025-12-04 20:04:02:42 [Worker 11172] info: [DBMANAGER] Worker 11172: Connected to dbServer
2025-12-04 20:04:02:42 [Worker 11172] info: [DBMANAGER] Worker 11172: Identifying with unique ID: gameserver-Hddkwe35fsvk_worker_11172
2025-12-04 20:04:02:42 [Worker 11172] info: [REDISCLIENT] Worker 11172: Successfully connected to Redis.
2025-12-04 20:04:02:42 [Worker 11172] info: [GracefulShutdown] Обработчики для воркера 11172 инициализированы и ожидают команды от мастера.
2025-12-04 20:04:02:42 [Worker 11172] info: Worker 11172 started. WebSocket server running on port 3002
2025-12-04 20:04:02:42 [Worker 11172] info: [DBMANAGER] Worker 11172: Successfully identified with dbServer as gameserver-Hddkwe35fsvk_worker_11172
2025-12-04 20:04:02:42 [Worker 11172] info: [WeaponMechanicsStore] Weapon mechanics catalog received and cache has been built.
2025-12-04 20:04:02:42 [Worker 11172] info: [REDISSUBSCRIBER] Worker 11172: Subscribed to 'session-events' and 'session_control_events' channels.
2025-12-04 20:04:02:42 [Worker 11572] info: [ECS:EnergyRegenSystem] Initialized.
2025-12-04 20:04:02:42 [Worker 11572] info: [ECS:ShieldRegenSystem] Initialized.
2025-12-04 20:04:02:42 [Worker 11572] info: [LootIdManager] Initialized with 39 static items and pre-built dictionary.
2025-12-04 20:04:02:42 [Worker 11572] info: [ECS:GeometryUpdateSystem] Initialized.
2025-12-04 20:04:02:42 [Worker 11572] info: [ECS:CleanupSystem] Initialized. (Now simplified)
2025-12-04 20:04:02:42 [Worker 11572] info: [ECS:PlayerWeaponSwitchSystem] Initialized.
2025-12-04 20:04:02:42 [Worker 11572] info: [ECS:EnemySpawnRequestSystem] Initialized.
2025-12-04 20:04:02:42 [Worker 11572] info: [ECS:BehaviorSystemV2] Initialized.
2025-12-04 20:04:02:42 [Worker 11572] info: [ECS:CombatAISystem] Initialized.
2025-12-04 20:04:02:42 [Worker 11572] info: [ECS:WeaponSwitchSystem] Initialized.
2025-12-04 20:04:02:42 [Worker 11572] info: [ECS:StatusEffectSystem] Initialized.
2025-12-04 20:04:02:42 [Worker 11572] info: [ECS:WeaponSystem] Initialized.
2025-12-04 20:04:02:42 [Worker 11572] info: [ECS:MovementSystem] Initialized.
2025-12-04 20:04:02:42 [Worker 11572] info: [ECS:EntitySimulationSystem] Initialized as the main simulation orchestrator.
2025-12-04 20:04:02:42 [Worker 11572] info: [ECS:PlayerBoundarySystem] Initialized.
2025-12-04 20:04:02:42 [Worker 11572] info: [ECS:BoundarySystem] Initialized.
2025-12-04 20:04:02:42 [Worker 11572] info: [ECS:DestructionEventSystem] Initialized as the main destruction controller.
2025-12-04 20:04:02:42 [Worker 11572] info: [ECS:CollisionDetectionSystem] Initialized. (Now unified)
2025-12-04 20:04:02:42 [Worker 11572] info: [ECS:CollisionResolutionSystem] Initialized.
2025-12-04 20:04:02:42 [Worker 11572] info: [ECS:HitValidationSystem] Initialized.
2025-12-04 20:04:02:42 [Worker 11572] info: [ECS:HistorySystem] Initialized.
2025-12-04 20:04:02:42 [Worker 11572] info: [ECS:BuffLifecycleSystem] Initialized.
2025-12-04 20:04:02:42 [Worker 11572] info: [ECS:StatRecalculationSystem] Initialized.
2025-12-04 20:04:02:42 [Worker 11572] info: [ECS:OnKillEffectSystem] Initialized.
2025-12-04 20:04:02:42 [Worker 11572] info: [ECS:LootDropSystem] Initialized.
2025-12-04 20:04:02:42 [Worker 11572] info: [ECS:SpawnSystem] Initialized.
2025-12-04 20:04:02:42 [Worker 11572] info: [ECS:LifetimeSystem] Initialized.
2025-12-04 20:04:02:42 [Worker 11572] info: [ECS:OffscreenCleanupSystem] Initialized.
2025-12-04 20:04:03:43 [Worker 22428] info: [DBMANAGER] Worker 22428: Connected to dbServer
2025-12-04 20:04:03:43 [Worker 22428] info: [DBMANAGER] Worker 22428: Identifying with unique ID: gameserver-Hddkwe35fsvk_worker_22428
2025-12-04 20:04:03:43 [Worker 22428] info: [REDISCLIENT] Worker 22428: Successfully connected to Redis.
2025-12-04 20:04:03:43 [Worker 22428] info: [GracefulShutdown] Обработчики для воркера 22428 инициализированы и ожидают команды от мастера.
2025-12-04 20:04:03:43 [Worker 22428] info: Worker 22428 started. WebSocket server running on port 3002
2025-12-04 20:04:03:43 [Worker 22428] info: [DBMANAGER] Worker 22428: Successfully identified with dbServer as gameserver-Hddkwe35fsvk_worker_22428
2025-12-04 20:04:03:43 [Worker 22428] info: [WeaponMechanicsStore] Weapon mechanics catalog received and cache has been built.
2025-12-04 20:04:03:43 [Worker 22428] info: [REDISSUBSCRIBER] Worker 22428: Subscribed to 'session-events' and 'session_control_events' channels.
2025-12-04 20:04:04:44 [Worker 26544] info: [ECS:EnergyRegenSystem] Initialized.
2025-12-04 20:04:04:44 [Worker 26544] info: [ECS:ShieldRegenSystem] Initialized.
2025-12-04 20:04:04:44 [Worker 26544] info: [LootIdManager] Initialized with 39 static items and pre-built dictionary.
2025-12-04 20:04:04:44 [Worker 26544] info: [ECS:GeometryUpdateSystem] Initialized.
2025-12-04 20:04:04:44 [Worker 26544] info: [ECS:CleanupSystem] Initialized. (Now simplified)
2025-12-04 20:04:04:44 [Worker 26544] info: [ECS:PlayerWeaponSwitchSystem] Initialized.
2025-12-04 20:04:04:44 [Worker 26544] info: [ECS:EnemySpawnRequestSystem] Initialized.
2025-12-04 20:04:04:44 [Worker 26544] info: [ECS:BehaviorSystemV2] Initialized.
2025-12-04 20:04:04:44 [Worker 26544] info: [ECS:CombatAISystem] Initialized.
2025-12-04 20:04:04:44 [Worker 26544] info: [ECS:WeaponSwitchSystem] Initialized.
2025-12-04 20:04:04:44 [Worker 26544] info: [ECS:StatusEffectSystem] Initialized.
2025-12-04 20:04:04:44 [Worker 26544] info: [ECS:WeaponSystem] Initialized.
2025-12-04 20:04:04:44 [Worker 26544] info: [ECS:MovementSystem] Initialized.
2025-12-04 20:04:04:44 [Worker 26544] info: [ECS:EntitySimulationSystem] Initialized as the main simulation orchestrator.
2025-12-04 20:04:04:44 [Worker 26544] info: [ECS:PlayerBoundarySystem] Initialized.
2025-12-04 20:04:04:44 [Worker 26544] info: [ECS:BoundarySystem] Initialized.
2025-12-04 20:04:04:44 [Worker 26544] info: [ECS:DestructionEventSystem] Initialized as the main destruction controller.
2025-12-04 20:04:04:44 [Worker 26544] info: [ECS:CollisionDetectionSystem] Initialized. (Now unified)
2025-12-04 20:04:04:44 [Worker 26544] info: [ECS:CollisionResolutionSystem] Initialized.
2025-12-04 20:04:04:44 [Worker 26544] info: [ECS:HitValidationSystem] Initialized.
2025-12-04 20:04:04:44 [Worker 26544] info: [ECS:HistorySystem] Initialized.
2025-12-04 20:04:04:44 [Worker 26544] info: [ECS:BuffLifecycleSystem] Initialized.
2025-12-04 20:04:04:44 [Worker 26544] info: [ECS:StatRecalculationSystem] Initialized.
2025-12-04 20:04:04:44 [Worker 26544] info: [ECS:OnKillEffectSystem] Initialized.
2025-12-04 20:04:04:44 [Worker 26544] info: [ECS:LootDropSystem] Initialized.
2025-12-04 20:04:04:44 [Worker 26544] info: [ECS:SpawnSystem] Initialized.
2025-12-04 20:04:04:44 [Worker 26544] info: [ECS:LifetimeSystem] Initialized.
2025-12-04 20:04:04:44 [Worker 26544] info: [ECS:OffscreenCleanupSystem] Initialized.
2025-12-04 20:04:06:46 [Worker 16260] info: [ECS:EnergyRegenSystem] Initialized.
2025-12-04 20:04:06:46 [Worker 16260] info: [ECS:ShieldRegenSystem] Initialized.
2025-12-04 20:04:06:46 [Worker 16260] info: [LootIdManager] Initialized with 39 static items and pre-built dictionary.
2025-12-04 20:04:06:46 [Worker 16260] info: [ECS:GeometryUpdateSystem] Initialized.
2025-12-04 20:04:06:46 [Worker 16260] info: [ECS:CleanupSystem] Initialized. (Now simplified)
2025-12-04 20:04:06:46 [Worker 16260] info: [ECS:PlayerWeaponSwitchSystem] Initialized.
2025-12-04 20:04:07:47 [Worker 16260] info: [ECS:EnemySpawnRequestSystem] Initialized.
2025-12-04 20:04:07:47 [Worker 16260] info: [ECS:BehaviorSystemV2] Initialized.
2025-12-04 20:04:07:47 [Worker 16260] info: [ECS:CombatAISystem] Initialized.
2025-12-04 20:04:07:47 [Worker 16260] info: [ECS:WeaponSwitchSystem] Initialized.
2025-12-04 20:04:07:47 [Worker 16260] info: [ECS:StatusEffectSystem] Initialized.
2025-12-04 20:04:07:47 [Worker 16260] info: [ECS:WeaponSystem] Initialized.
2025-12-04 20:04:07:47 [Worker 16260] info: [ECS:MovementSystem] Initialized.
2025-12-04 20:04:07:47 [Worker 16260] info: [ECS:EntitySimulationSystem] Initialized as the main simulation orchestrator.
2025-12-04 20:04:07:47 [Worker 16260] info: [ECS:PlayerBoundarySystem] Initialized.
2025-12-04 20:04:07:47 [Worker 16260] info: [ECS:BoundarySystem] Initialized.
2025-12-04 20:04:07:47 [Worker 16260] info: [ECS:DestructionEventSystem] Initialized as the main destruction controller.
2025-12-04 20:04:07:47 [Worker 16260] info: [ECS:CollisionDetectionSystem] Initialized. (Now unified)
2025-12-04 20:04:07:47 [Worker 16260] info: [ECS:CollisionResolutionSystem] Initialized.
2025-12-04 20:04:07:47 [Worker 16260] info: [ECS:HitValidationSystem] Initialized.
2025-12-04 20:04:07:47 [Worker 16260] info: [ECS:HistorySystem] Initialized.
2025-12-04 20:04:07:47 [Worker 16260] info: [ECS:BuffLifecycleSystem] Initialized.
2025-12-04 20:04:07:47 [Worker 16260] info: [ECS:StatRecalculationSystem] Initialized.
2025-12-04 20:04:07:47 [Worker 16260] info: [ECS:OnKillEffectSystem] Initialized.
2025-12-04 20:04:07:47 [Worker 16260] info: [ECS:LootDropSystem] Initialized.
2025-12-04 20:04:07:47 [Worker 16260] info: [ECS:SpawnSystem] Initialized.
2025-12-04 20:04:07:47 [Worker 16260] info: [ECS:LifetimeSystem] Initialized.
2025-12-04 20:04:07:47 [Worker 16260] info: [ECS:OffscreenCleanupSystem] Initialized.
2025-12-04 20:04:08:48 [Worker 16260] info: [DBMANAGER] Worker 16260: Connected to dbServer
2025-12-04 20:04:08:48 [Worker 16260] info: [DBMANAGER] Worker 16260: Identifying with unique ID: gameserver-Hddkwe35fsvk_worker_16260
2025-12-04 20:04:08:48 [Worker 16260] info: [REDISCLIENT] Worker 16260: Successfully connected to Redis.
2025-12-04 20:04:08:48 [Worker 16260] info: [GracefulShutdown] Обработчики для воркера 16260 инициализированы и ожидают команды от мастера.
2025-12-04 20:04:08:48 [Worker 16260] info: Worker 16260 started. WebSocket server running on port 3002
2025-12-04 20:04:08:48 [Worker 16260] info: [DBMANAGER] Worker 16260: Successfully identified with dbServer as gameserver-Hddkwe35fsvk_worker_16260
2025-12-04 20:04:08:48 [Worker 16260] info: [WeaponMechanicsStore] Weapon mechanics catalog received and cache has been built.
2025-12-04 20:04:08:48 [Worker 16260] info: [REDISSUBSCRIBER] Worker 16260: Subscribed to 'session-events' and 'session_control_events' channels.
2025-12-04 20:04:09:49 [Worker 13040] info: [ECS:EnergyRegenSystem] Initialized.
2025-12-04 20:04:09:49 [Worker 13040] info: [ECS:ShieldRegenSystem] Initialized.
2025-12-04 20:04:09:49 [Worker 13040] info: [LootIdManager] Initialized with 39 static items and pre-built dictionary.
2025-12-04 20:04:09:49 [Worker 13040] info: [ECS:GeometryUpdateSystem] Initialized.
2025-12-04 20:04:09:49 [Worker 13040] info: [ECS:CleanupSystem] Initialized. (Now simplified)
2025-12-04 20:04:09:49 [Worker 13040] info: [ECS:PlayerWeaponSwitchSystem] Initialized.
2025-12-04 20:04:09:49 [Worker 13040] info: [ECS:EnemySpawnRequestSystem] Initialized.
2025-12-04 20:04:09:49 [Worker 13040] info: [ECS:BehaviorSystemV2] Initialized.
2025-12-04 20:04:09:49 [Worker 13040] info: [ECS:CombatAISystem] Initialized.
2025-12-04 20:04:09:49 [Worker 13040] info: [ECS:WeaponSwitchSystem] Initialized.
2025-12-04 20:04:09:49 [Worker 13040] info: [ECS:StatusEffectSystem] Initialized.
2025-12-04 20:04:09:49 [Worker 13040] info: [ECS:WeaponSystem] Initialized.
2025-12-04 20:04:09:49 [Worker 13040] info: [ECS:MovementSystem] Initialized.
2025-12-04 20:04:09:49 [Worker 13040] info: [ECS:EntitySimulationSystem] Initialized as the main simulation orchestrator.
2025-12-04 20:04:09:49 [Worker 13040] info: [ECS:PlayerBoundarySystem] Initialized.
2025-12-04 20:04:09:49 [Worker 13040] info: [ECS:BoundarySystem] Initialized.
2025-12-04 20:04:09:49 [Worker 13040] info: [ECS:DestructionEventSystem] Initialized as the main destruction controller.
2025-12-04 20:04:09:49 [Worker 13040] info: [ECS:CollisionDetectionSystem] Initialized. (Now unified)
2025-12-04 20:04:09:49 [Worker 13040] info: [ECS:CollisionResolutionSystem] Initialized.
2025-12-04 20:04:09:49 [Worker 13040] info: [ECS:HitValidationSystem] Initialized.
2025-12-04 20:04:09:49 [Worker 13040] info: [ECS:HistorySystem] Initialized.
2025-12-04 20:04:09:49 [Worker 13040] info: [ECS:BuffLifecycleSystem] Initialized.
2025-12-04 20:04:09:49 [Worker 13040] info: [ECS:StatRecalculationSystem] Initialized.
2025-12-04 20:04:09:49 [Worker 13040] info: [ECS:OnKillEffectSystem] Initialized.
2025-12-04 20:04:09:49 [Worker 13040] info: [ECS:LootDropSystem] Initialized.
2025-12-04 20:04:09:49 [Worker 13040] info: [ECS:SpawnSystem] Initialized.
2025-12-04 20:04:09:49 [Worker 13040] info: [ECS:LifetimeSystem] Initialized.
2025-12-04 20:04:09:49 [Worker 13040] info: [ECS:OffscreenCleanupSystem] Initialized.
2025-12-04 20:04:10:410 [Worker 13040] info: [DBMANAGER] Worker 13040: Connected to dbServer
2025-12-04 20:04:10:410 [Worker 13040] info: [DBMANAGER] Worker 13040: Identifying with unique ID: gameserver-Hddkwe35fsvk_worker_13040
2025-12-04 20:04:10:410 [Worker 13040] info: [REDISCLIENT] Worker 13040: Successfully connected to Redis.
2025-12-04 20:04:10:410 [Worker 13040] info: [GracefulShutdown] Обработчики для воркера 13040 инициализированы и ожидают команды от мастера.
2025-12-04 20:04:10:410 [Worker 13040] info: Worker 13040 started. WebSocket server running on port 3002
2025-12-04 20:04:10:410 [Worker 13040] info: [DBMANAGER] Worker 13040: Successfully identified with dbServer as gameserver-Hddkwe35fsvk_worker_13040
2025-12-04 20:04:10:410 [Worker 13040] info: [WeaponMechanicsStore] Weapon mechanics catalog received and cache has been built.
2025-12-04 20:04:10:410 [Worker 13040] info: [REDISSUBSCRIBER] Worker 13040: Subscribed to 'session-events' and 'session_control_events' channels.
2025-12-04 20:04:10:410 [Worker 19248] info: [ECS:EnergyRegenSystem] Initialized.
2025-12-04 20:04:10:410 [Worker 19248] info: [ECS:ShieldRegenSystem] Initialized.
2025-12-04 20:04:10:410 [Worker 19248] info: [LootIdManager] Initialized with 39 static items and pre-built dictionary.
2025-12-04 20:04:10:410 [Worker 19248] info: [ECS:GeometryUpdateSystem] Initialized.
2025-12-04 20:04:10:410 [Worker 19248] info: [ECS:CleanupSystem] Initialized. (Now simplified)
2025-12-04 20:04:10:410 [Worker 19248] info: [ECS:PlayerWeaponSwitchSystem] Initialized.
2025-12-04 20:04:10:410 [Worker 19248] info: [ECS:EnemySpawnRequestSystem] Initialized.
2025-12-04 20:04:10:410 [Worker 19248] info: [ECS:BehaviorSystemV2] Initialized.
2025-12-04 20:04:10:410 [Worker 19248] info: [ECS:CombatAISystem] Initialized.
2025-12-04 20:04:10:410 [Worker 19248] info: [ECS:WeaponSwitchSystem] Initialized.
2025-12-04 20:04:10:410 [Worker 19248] info: [ECS:StatusEffectSystem] Initialized.
2025-12-04 20:04:10:410 [Worker 19248] info: [ECS:WeaponSystem] Initialized.
2025-12-04 20:04:10:410 [Worker 19248] info: [ECS:MovementSystem] Initialized.
2025-12-04 20:04:10:410 [Worker 19248] info: [ECS:EntitySimulationSystem] Initialized as the main simulation orchestrator.
2025-12-04 20:04:10:410 [Worker 19248] info: [ECS:PlayerBoundarySystem] Initialized.
2025-12-04 20:04:10:410 [Worker 19248] info: [ECS:BoundarySystem] Initialized.
2025-12-04 20:04:10:410 [Worker 19248] info: [ECS:DestructionEventSystem] Initialized as the main destruction controller.
2025-12-04 20:04:10:410 [Worker 19248] info: [ECS:CollisionDetectionSystem] Initialized. (Now unified)
2025-12-04 20:04:10:410 [Worker 19248] info: [ECS:CollisionResolutionSystem] Initialized.
2025-12-04 20:04:10:410 [Worker 19248] info: [ECS:HitValidationSystem] Initialized.
2025-12-04 20:04:10:410 [Worker 19248] info: [ECS:HistorySystem] Initialized.
2025-12-04 20:04:10:410 [Worker 19248] info: [ECS:BuffLifecycleSystem] Initialized.
2025-12-04 20:04:10:410 [Worker 19248] info: [ECS:StatRecalculationSystem] Initialized.
2025-12-04 20:04:10:410 [Worker 19248] info: [ECS:OnKillEffectSystem] Initialized.
2025-12-04 20:04:10:410 [Worker 19248] info: [ECS:LootDropSystem] Initialized.
2025-12-04 20:04:10:410 [Worker 19248] info: [ECS:SpawnSystem] Initialized.
2025-12-04 20:04:10:410 [Worker 19248] info: [ECS:LifetimeSystem] Initialized.
2025-12-04 20:04:10:410 [Worker 19248] info: [ECS:OffscreenCleanupSystem] Initialized.
2025-12-04 20:04:12:412 [Worker 23612] info: [ECS:EnergyRegenSystem] Initialized.
2025-12-04 20:04:12:412 [Worker 23612] info: [ECS:ShieldRegenSystem] Initialized.
2025-12-04 20:04:12:412 [Worker 23612] info: [LootIdManager] Initialized with 39 static items and pre-built dictionary.
2025-12-04 20:04:12:412 [Worker 23612] info: [ECS:GeometryUpdateSystem] Initialized.
2025-12-04 20:04:12:412 [Worker 23612] info: [ECS:CleanupSystem] Initialized. (Now simplified)
2025-12-04 20:04:12:412 [Worker 23612] info: [ECS:PlayerWeaponSwitchSystem] Initialized.
2025-12-04 20:04:12:412 [Worker 23612] info: [ECS:EnemySpawnRequestSystem] Initialized.
2025-12-04 20:04:12:412 [Worker 23612] info: [ECS:BehaviorSystemV2] Initialized.
2025-12-04 20:04:12:412 [Worker 23612] info: [ECS:CombatAISystem] Initialized.
2025-12-04 20:04:12:412 [Worker 23612] info: [ECS:WeaponSwitchSystem] Initialized.
2025-12-04 20:04:12:412 [Worker 23612] info: [ECS:StatusEffectSystem] Initialized.
2025-12-04 20:04:12:412 [Worker 23612] info: [ECS:WeaponSystem] Initialized.
2025-12-04 20:04:12:412 [Worker 23612] info: [ECS:MovementSystem] Initialized.
2025-12-04 20:04:12:412 [Worker 23612] info: [ECS:EntitySimulationSystem] Initialized as the main simulation orchestrator.
2025-12-04 20:04:12:412 [Worker 23612] info: [ECS:PlayerBoundarySystem] Initialized.
2025-12-04 20:04:12:412 [Worker 23612] info: [ECS:BoundarySystem] Initialized.
2025-12-04 20:04:12:412 [Worker 23612] info: [ECS:DestructionEventSystem] Initialized as the main destruction controller.
2025-12-04 20:04:12:412 [Worker 23612] info: [ECS:CollisionDetectionSystem] Initialized. (Now unified)
2025-12-04 20:04:12:412 [Worker 23612] info: [ECS:CollisionResolutionSystem] Initialized.
2025-12-04 20:04:12:412 [Worker 23612] info: [ECS:HitValidationSystem] Initialized.
2025-12-04 20:04:12:412 [Worker 23612] info: [ECS:HistorySystem] Initialized.
2025-12-04 20:04:12:412 [Worker 23612] info: [ECS:BuffLifecycleSystem] Initialized.
2025-12-04 20:04:12:412 [Worker 23612] info: [ECS:StatRecalculationSystem] Initialized.
2025-12-04 20:04:12:412 [Worker 23612] info: [ECS:OnKillEffectSystem] Initialized.
2025-12-04 20:04:12:412 [Worker 23612] info: [ECS:LootDropSystem] Initialized.
2025-12-04 20:04:12:412 [Worker 23612] info: [ECS:SpawnSystem] Initialized.
2025-12-04 20:04:12:412 [Worker 23612] info: [ECS:LifetimeSystem] Initialized.
2025-12-04 20:04:12:412 [Worker 23612] info: [ECS:OffscreenCleanupSystem] Initialized.
2025-12-04 20:04:14:414 [Worker 18420] info: [ECS:EnergyRegenSystem] Initialized.
2025-12-04 20:04:14:414 [Worker 18420] info: [ECS:ShieldRegenSystem] Initialized.
2025-12-04 20:04:14:414 [Worker 18420] info: [LootIdManager] Initialized with 39 static items and pre-built dictionary.
2025-12-04 20:04:14:414 [Worker 18420] info: [ECS:GeometryUpdateSystem] Initialized.
2025-12-04 20:04:14:414 [Worker 18420] info: [ECS:CleanupSystem] Initialized. (Now simplified)
2025-12-04 20:04:14:414 [Worker 18420] info: [ECS:PlayerWeaponSwitchSystem] Initialized.
2025-12-04 20:04:14:414 [Worker 18420] info: [ECS:EnemySpawnRequestSystem] Initialized.
2025-12-04 20:04:14:414 [Worker 18420] info: [ECS:BehaviorSystemV2] Initialized.
2025-12-04 20:04:14:414 [Worker 18420] info: [ECS:CombatAISystem] Initialized.
2025-12-04 20:04:14:414 [Worker 18420] info: [ECS:WeaponSwitchSystem] Initialized.
2025-12-04 20:04:14:414 [Worker 18420] info: [ECS:StatusEffectSystem] Initialized.
2025-12-04 20:04:14:414 [Worker 18420] info: [ECS:WeaponSystem] Initialized.
2025-12-04 20:04:14:414 [Worker 18420] info: [ECS:MovementSystem] Initialized.
2025-12-04 20:04:14:414 [Worker 18420] info: [ECS:EntitySimulationSystem] Initialized as the main simulation orchestrator.
2025-12-04 20:04:14:414 [Worker 18420] info: [ECS:PlayerBoundarySystem] Initialized.
2025-12-04 20:04:14:414 [Worker 18420] info: [ECS:BoundarySystem] Initialized.
2025-12-04 20:04:14:414 [Worker 18420] info: [ECS:DestructionEventSystem] Initialized as the main destruction controller.
2025-12-04 20:04:14:414 [Worker 18420] info: [ECS:CollisionDetectionSystem] Initialized. (Now unified)
2025-12-04 20:04:14:414 [Worker 18420] info: [ECS:CollisionResolutionSystem] Initialized.
2025-12-04 20:04:14:414 [Worker 18420] info: [ECS:HitValidationSystem] Initialized.
2025-12-04 20:04:14:414 [Worker 18420] info: [ECS:HistorySystem] Initialized.
2025-12-04 20:04:14:414 [Worker 18420] info: [ECS:BuffLifecycleSystem] Initialized.
2025-12-04 20:04:14:414 [Worker 18420] info: [ECS:StatRecalculationSystem] Initialized.
2025-12-04 20:04:14:414 [Worker 18420] info: [ECS:OnKillEffectSystem] Initialized.
2025-12-04 20:04:14:414 [Worker 18420] info: [ECS:LootDropSystem] Initialized.
2025-12-04 20:04:14:414 [Worker 18420] info: [ECS:SpawnSystem] Initialized.
2025-12-04 20:04:14:414 [Worker 18420] info: [ECS:LifetimeSystem] Initialized.
2025-12-04 20:04:14:414 [Worker 18420] info: [ECS:OffscreenCleanupSystem] Initialized.
2025-12-04 20:04:16:416 [Worker 10448] info: [ECS:EnergyRegenSystem] Initialized.
2025-12-04 20:04:16:416 [Worker 10448] info: [ECS:ShieldRegenSystem] Initialized.
2025-12-04 20:04:16:416 [Worker 10448] info: [LootIdManager] Initialized with 39 static items and pre-built dictionary.
2025-12-04 20:04:16:416 [Worker 10448] info: [ECS:GeometryUpdateSystem] Initialized.
2025-12-04 20:04:16:416 [Worker 10448] info: [ECS:CleanupSystem] Initialized. (Now simplified)
2025-12-04 20:04:16:416 [Worker 10448] info: [ECS:PlayerWeaponSwitchSystem] Initialized.
2025-12-04 20:04:16:416 [Worker 10448] info: [ECS:EnemySpawnRequestSystem] Initialized.
2025-12-04 20:04:16:416 [Worker 10448] info: [ECS:BehaviorSystemV2] Initialized.
2025-12-04 20:04:16:416 [Worker 10448] info: [ECS:CombatAISystem] Initialized.
2025-12-04 20:04:16:416 [Worker 10448] info: [ECS:WeaponSwitchSystem] Initialized.
2025-12-04 20:04:16:416 [Worker 10448] info: [ECS:StatusEffectSystem] Initialized.
2025-12-04 20:04:16:416 [Worker 10448] info: [ECS:WeaponSystem] Initialized.
2025-12-04 20:04:16:416 [Worker 10448] info: [ECS:MovementSystem] Initialized.
2025-12-04 20:04:16:416 [Worker 10448] info: [ECS:EntitySimulationSystem] Initialized as the main simulation orchestrator.
2025-12-04 20:04:16:416 [Worker 10448] info: [ECS:PlayerBoundarySystem] Initialized.
2025-12-04 20:04:16:416 [Worker 10448] info: [ECS:BoundarySystem] Initialized.
2025-12-04 20:04:16:416 [Worker 10448] info: [ECS:DestructionEventSystem] Initialized as the main destruction controller.
2025-12-04 20:04:16:416 [Worker 10448] info: [ECS:CollisionDetectionSystem] Initialized. (Now unified)
2025-12-04 20:04:16:416 [Worker 10448] info: [ECS:CollisionResolutionSystem] Initialized.
2025-12-04 20:04:16:416 [Worker 10448] info: [ECS:HitValidationSystem] Initialized.
2025-12-04 20:04:16:416 [Worker 10448] info: [ECS:HistorySystem] Initialized.
2025-12-04 20:04:16:416 [Worker 10448] info: [ECS:BuffLifecycleSystem] Initialized.
2025-12-04 20:04:16:416 [Worker 10448] info: [ECS:StatRecalculationSystem] Initialized.
2025-12-04 20:04:16:416 [Worker 10448] info: [ECS:OnKillEffectSystem] Initialized.
2025-12-04 20:04:16:416 [Worker 10448] info: [ECS:LootDropSystem] Initialized.
2025-12-04 20:04:16:416 [Worker 10448] info: [ECS:SpawnSystem] Initialized.
2025-12-04 20:04:16:416 [Worker 10448] info: [ECS:LifetimeSystem] Initialized.
2025-12-04 20:04:16:416 [Worker 10448] info: [ECS:OffscreenCleanupSystem] Initialized.
2025-12-04 20:04:18:418 [Worker 3292] info: [ECS:EnergyRegenSystem] Initialized.
2025-12-04 20:04:18:418 [Worker 3292] info: [ECS:ShieldRegenSystem] Initialized.
2025-12-04 20:04:18:418 [Worker 3292] info: [LootIdManager] Initialized with 39 static items and pre-built dictionary.
2025-12-04 20:04:18:418 [Worker 3292] info: [ECS:GeometryUpdateSystem] Initialized.
2025-12-04 20:04:18:418 [Worker 3292] info: [ECS:CleanupSystem] Initialized. (Now simplified)
2025-12-04 20:04:18:418 [Worker 3292] info: [ECS:PlayerWeaponSwitchSystem] Initialized.
2025-12-04 20:04:18:418 [Worker 3292] info: [ECS:EnemySpawnRequestSystem] Initialized.
2025-12-04 20:04:18:418 [Worker 3292] info: [ECS:BehaviorSystemV2] Initialized.
2025-12-04 20:04:18:418 [Worker 3292] info: [ECS:CombatAISystem] Initialized.
2025-12-04 20:04:18:418 [Worker 3292] info: [ECS:WeaponSwitchSystem] Initialized.
2025-12-04 20:04:18:418 [Worker 3292] info: [ECS:StatusEffectSystem] Initialized.
2025-12-04 20:04:18:418 [Worker 3292] info: [ECS:WeaponSystem] Initialized.
2025-12-04 20:04:18:418 [Worker 3292] info: [ECS:MovementSystem] Initialized.
2025-12-04 20:04:18:418 [Worker 3292] info: [ECS:EntitySimulationSystem] Initialized as the main simulation orchestrator.
2025-12-04 20:04:18:418 [Worker 3292] info: [ECS:PlayerBoundarySystem] Initialized.
2025-12-04 20:04:18:418 [Worker 3292] info: [ECS:BoundarySystem] Initialized.
2025-12-04 20:04:18:418 [Worker 3292] info: [ECS:DestructionEventSystem] Initialized as the main destruction controller.
2025-12-04 20:04:18:418 [Worker 3292] info: [ECS:CollisionDetectionSystem] Initialized. (Now unified)
2025-12-04 20:04:18:418 [Worker 3292] info: [ECS:CollisionResolutionSystem] Initialized.
2025-12-04 20:04:18:418 [Worker 3292] info: [ECS:HitValidationSystem] Initialized.
2025-12-04 20:04:18:418 [Worker 3292] info: [ECS:HistorySystem] Initialized.
2025-12-04 20:04:18:418 [Worker 3292] info: [ECS:BuffLifecycleSystem] Initialized.
2025-12-04 20:04:18:418 [Worker 3292] info: [ECS:StatRecalculationSystem] Initialized.
2025-12-04 20:04:18:418 [Worker 3292] info: [ECS:OnKillEffectSystem] Initialized.
2025-12-04 20:04:18:418 [Worker 3292] info: [ECS:LootDropSystem] Initialized.
2025-12-04 20:04:18:418 [Worker 3292] info: [ECS:SpawnSystem] Initialized.
2025-12-04 20:04:18:418 [Worker 3292] info: [ECS:LifetimeSystem] Initialized.
2025-12-04 20:04:18:418 [Worker 3292] info: [ECS:OffscreenCleanupSystem] Initialized.
2025-12-04 20:04:19:419 [Worker 26544] info: [DBMANAGER] Worker 26544: Connected to dbServer
2025-12-04 20:04:19:419 [Worker 26544] info: [DBMANAGER] Worker 26544: Identifying with unique ID: gameserver-Hddkwe35fsvk_worker_26544
2025-12-04 20:04:19:419 [Worker 26544] info: [REDISCLIENT] Worker 26544: Successfully connected to Redis.
2025-12-04 20:04:19:419 [Worker 26544] info: [GracefulShutdown] Обработчики для воркера 26544 инициализированы и ожидают команды от мастера.
2025-12-04 20:04:19:419 [Worker 26544] info: Worker 26544 started. WebSocket server running on port 3002
2025-12-04 20:04:19:419 [Worker 26544] info: [DBMANAGER] Worker 26544: Successfully identified with dbServer as gameserver-Hddkwe35fsvk_worker_26544
2025-12-04 20:04:19:419 [Worker 26544] info: [WeaponMechanicsStore] Weapon mechanics catalog received and cache has been built.
2025-12-04 20:04:19:419 [Worker 26544] info: [REDISSUBSCRIBER] Worker 26544: Subscribed to 'session-events' and 'session_control_events' channels.
2025-12-04 20:04:27:427 [Worker 11572] info: [DBMANAGER] Worker 11572: Connected to dbServer
2025-12-04 20:04:27:427 [Worker 11572] info: [DBMANAGER] Worker 11572: Identifying with unique ID: gameserver-Hddkwe35fsvk_worker_11572
2025-12-04 20:04:27:427 [Worker 11572] info: [REDISCLIENT] Worker 11572: Successfully connected to Redis.
2025-12-04 20:04:27:427 [Worker 11572] info: [GracefulShutdown] Обработчики для воркера 11572 инициализированы и ожидают команды от мастера.
2025-12-04 20:04:27:427 [Worker 11572] info: Worker 11572 started. WebSocket server running on port 3002
2025-12-04 20:04:27:427 [Worker 11572] info: [DBMANAGER] Worker 11572: Successfully identified with dbServer as gameserver-Hddkwe35fsvk_worker_11572
2025-12-04 20:04:27:427 [Worker 11572] info: [WeaponMechanicsStore] Weapon mechanics catalog received and cache has been built.
2025-12-04 20:04:27:427 [Worker 11572] info: [REDISSUBSCRIBER] Worker 11572: Subscribed to 'session-events' and 'session_control_events' channels.
2025-12-04 20:04:30:430 [Worker 10448] info: [DBMANAGER] Worker 10448: Connected to dbServer
2025-12-04 20:04:30:430 [Worker 10448] info: [DBMANAGER] Worker 10448: Identifying with unique ID: gameserver-Hddkwe35fsvk_worker_10448
2025-12-04 20:04:30:430 [Worker 10448] info: [REDISCLIENT] Worker 10448: Successfully connected to Redis.
2025-12-04 20:04:30:430 [Worker 10448] info: [GracefulShutdown] Обработчики для воркера 10448 инициализированы и ожидают команды от мастера.
2025-12-04 20:04:30:430 [Worker 10448] info: Worker 10448 started. WebSocket server running on port 3002
2025-12-04 20:04:30:430 [Worker 10448] info: [DBMANAGER] Worker 10448: Successfully identified with dbServer as gameserver-Hddkwe35fsvk_worker_10448
2025-12-04 20:04:30:430 [Worker 10448] info: [WeaponMechanicsStore] Weapon mechanics catalog received and cache has been built.
2025-12-04 20:04:30:430 [Worker 10448] info: [REDISSUBSCRIBER] Worker 10448: Subscribed to 'session-events' and 'session_control_events' channels.
2025-12-04 20:04:34:434 [Worker 3292] info: [DBMANAGER] Worker 3292: Connected to dbServer
2025-12-04 20:04:34:434 [Worker 3292] info: [DBMANAGER] Worker 3292: Identifying with unique ID: gameserver-Hddkwe35fsvk_worker_3292
2025-12-04 20:04:34:434 [Worker 3292] info: [REDISCLIENT] Worker 3292: Successfully connected to Redis.
2025-12-04 20:04:34:434 [Worker 3292] info: [GracefulShutdown] Обработчики для воркера 3292 инициализированы и ожидают команды от мастера.
2025-12-04 20:04:34:434 [Worker 3292] info: Worker 3292 started. WebSocket server running on port 3002
2025-12-04 20:04:34:434 [Worker 3292] info: [DBMANAGER] Worker 3292: Successfully identified with dbServer as gameserver-Hddkwe35fsvk_worker_3292
2025-12-04 20:04:34:434 [Worker 3292] info: [WeaponMechanicsStore] Weapon mechanics catalog received and cache has been built.
2025-12-04 20:04:34:434 [Worker 3292] info: [REDISSUBSCRIBER] Worker 3292: Subscribed to 'session-events' and 'session_control_events' channels.
2025-12-04 20:04:36:436 [Worker 17320] info: [DBMANAGER] Worker 17320: Connected to dbServer
2025-12-04 20:04:36:436 [Worker 17320] info: [DBMANAGER] Worker 17320: Identifying with unique ID: gameserver-Hddkwe35fsvk_worker_17320
2025-12-04 20:04:36:436 [Worker 17320] info: [REDISCLIENT] Worker 17320: Successfully connected to Redis.
2025-12-04 20:04:36:436 [Worker 17320] info: [GracefulShutdown] Обработчики для воркера 17320 инициализированы и ожидают команды от мастера.
2025-12-04 20:04:36:436 [Worker 17320] info: Worker 17320 started. WebSocket server running on port 3002
2025-12-04 20:04:36:436 [Worker 17320] info: [DBMANAGER] Worker 17320: Successfully identified with dbServer as gameserver-Hddkwe35fsvk_worker_17320
2025-12-04 20:04:36:436 [Worker 17320] info: [WeaponMechanicsStore] Weapon mechanics catalog received and cache has been built.
2025-12-04 20:04:36:436 [Worker 17320] info: [REDISSUBSCRIBER] Worker 17320: Subscribed to 'session-events' and 'session_control_events' channels.
2025-12-04 20:04:37:437 [Worker 23612] info: [DBMANAGER] Worker 23612: Connected to dbServer
2025-12-04 20:04:37:437 [Worker 23612] info: [DBMANAGER] Worker 23612: Identifying with unique ID: gameserver-Hddkwe35fsvk_worker_23612
2025-12-04 20:04:37:437 [Worker 23612] info: [REDISCLIENT] Worker 23612: Successfully connected to Redis.
2025-12-04 20:04:37:437 [Worker 23612] info: [GracefulShutdown] Обработчики для воркера 23612 инициализированы и ожидают команды от мастера.
2025-12-04 20:04:37:437 [Worker 23612] info: Worker 23612 started. WebSocket server running on port 3002
2025-12-04 20:04:37:437 [Worker 23612] info: [DBMANAGER] Worker 23612: Successfully identified with dbServer as gameserver-Hddkwe35fsvk_worker_23612
2025-12-04 20:04:37:437 [Worker 23612] info: [WeaponMechanicsStore] Weapon mechanics catalog received and cache has been built.
2025-12-04 20:04:37:437 [Worker 23612] info: [REDISSUBSCRIBER] Worker 23612: Subscribed to 'session-events' and 'session_control_events' channels.
2025-12-04 20:04:48:448 [Worker 19248] info: [DBMANAGER] Worker 19248: Connected to dbServer
2025-12-04 20:04:48:448 [Worker 19248] info: [DBMANAGER] Worker 19248: Identifying with unique ID: gameserver-Hddkwe35fsvk_worker_19248
2025-12-04 20:04:48:448 [Worker 19248] info: [DBMANAGER] Worker 19248: Successfully identified with dbServer as gameserver-Hddkwe35fsvk_worker_19248
2025-12-04 20:04:48:448 [Worker 19248] info: [WeaponMechanicsStore] Weapon mechanics catalog received and cache has been built.
2025-12-04 20:04:48:448 [Worker 19248] info: [REDISCLIENT] Worker 19248: Successfully connected to Redis.
2025-12-04 20:04:48:448 [Worker 19248] info: [GracefulShutdown] Обработчики для воркера 19248 инициализированы и ожидают команды от мастера.
2025-12-04 20:04:48:448 [Worker 19248] info: Worker 19248 started. WebSocket server running on port 3002
2025-12-04 20:04:48:448 [Worker 19248] info: [REDISSUBSCRIBER] Worker 19248: Subscribed to 'session-events' and 'session_control_events' channels.
2025-12-04 20:04:51:451 [Worker 18420] info: [DBMANAGER] Worker 18420: Connected to dbServer
2025-12-04 20:04:51:451 [Worker 18420] info: [DBMANAGER] Worker 18420: Identifying with unique ID: gameserver-Hddkwe35fsvk_worker_18420
2025-12-04 20:04:51:451 [Worker 18420] info: [DBMANAGER] Worker 18420: Successfully identified with dbServer as gameserver-Hddkwe35fsvk_worker_18420
2025-12-04 20:04:51:451 [Worker 18420] info: [WeaponMechanicsStore] Weapon mechanics catalog received and cache has been built.
2025-12-04 20:04:51:451 [Worker 18420] info: [REDISCLIENT] Worker 18420: Successfully connected to Redis.
2025-12-04 20:04:51:451 [Worker 18420] info: [GracefulShutdown] Обработчики для воркера 18420 инициализированы и ожидают команды от мастера.
2025-12-04 20:04:51:451 [Worker 18420] info: Worker 18420 started. WebSocket server running on port 3002
2025-12-04 20:04:51:451 [Worker 18420] info: [REDISSUBSCRIBER] Worker 18420: Subscribed to 'session-events' and 'session_control_events' channels.
2025-12-04 20:06:12:612 [Worker 9016] warn: Master process received SIGINT. Instructing all workers to shut down gracefully.
2025-12-04 20:06:12:612 [Worker 9016] warn: Worker 13040 exited during shutdown process.
2025-12-04 20:06:12:612 [Worker 9016] warn: Worker 11172 exited during shutdown process.
2025-12-04 20:06:12:612 [Worker 9016] warn: Worker 18420 exited during shutdown process.
2025-12-04 20:06:12:612 [Worker 9016] warn: Worker 19248 exited during shutdown process.
2025-12-04 20:06:12:612 [Worker 9016] warn: Worker 16260 exited during shutdown process.
2025-12-04 20:06:12:612 [Worker 9016] warn: Worker 26544 exited during shutdown process.
2025-12-04 20:06:12:612 [Worker 9016] warn: Worker 17320 exited during shutdown process.
2025-12-04 20:06:12:612 [Worker 9016] warn: Worker 23612 exited during shutdown process.
2025-12-04 20:06:12:612 [Worker 9016] warn: Worker 3292 exited during shutdown process.
2025-12-04 20:06:12:612 [Worker 9016] warn: Worker 11572 exited during shutdown process.
2025-12-04 20:06:12:612 [Worker 9016] warn: Worker 10448 exited during shutdown process.
2025-12-04 20:06:12:612 [Worker 9016] warn: Worker 22428 exited during shutdown process.
2025-12-04 20:11:36:1136 [Worker 23200] info: [ECS:EnergyRegenSystem] Initialized.
2025-12-04 20:11:36:1136 [Worker 23200] info: [ECS:ShieldRegenSystem] Initialized.
2025-12-04 20:11:36:1136 [Worker 23200] info: [LootIdManager] Initialized with 39 static items and pre-built dictionary.
2025-12-04 20:11:36:1136 [Worker 23200] info: [ECS:GeometryUpdateSystem] Initialized.
2025-12-04 20:11:36:1136 [Worker 23200] info: [ECS:CleanupSystem] Initialized. (Now simplified)
2025-12-04 20:11:36:1136 [Worker 23200] info: [ECS:PlayerWeaponSwitchSystem] Initialized.
2025-12-04 20:11:36:1136 [Worker 23200] info: [ECS:EnemySpawnRequestSystem] Initialized.
2025-12-04 20:11:36:1136 [Worker 23200] info: [ECS:BehaviorSystemV2] Initialized.
2025-12-04 20:11:36:1136 [Worker 23200] info: [ECS:CombatAISystem] Initialized.
2025-12-04 20:11:36:1136 [Worker 23200] info: [ECS:WeaponSwitchSystem] Initialized.
2025-12-04 20:11:36:1136 [Worker 23200] info: [ECS:StatusEffectSystem] Initialized.
2025-12-04 20:11:36:1136 [Worker 23200] info: [ECS:WeaponSystem] Initialized.
2025-12-04 20:11:36:1136 [Worker 23200] info: [ECS:MovementSystem] Initialized.
2025-12-04 20:11:36:1136 [Worker 23200] info: [ECS:EntitySimulationSystem] Initialized as the main simulation orchestrator.
2025-12-04 20:11:36:1136 [Worker 23200] info: [ECS:PlayerBoundarySystem] Initialized.
2025-12-04 20:11:36:1136 [Worker 23200] info: [ECS:BoundarySystem] Initialized.
2025-12-04 20:11:36:1136 [Worker 23200] info: [ECS:DestructionEventSystem] Initialized as the main destruction controller.
2025-12-04 20:11:36:1136 [Worker 23200] info: [ECS:CollisionDetectionSystem] Initialized. (Now unified)
2025-12-04 20:11:36:1136 [Worker 23200] info: [ECS:CollisionResolutionSystem] Initialized.
2025-12-04 20:11:36:1136 [Worker 23200] info: [ECS:HitValidationSystem] Initialized.
2025-12-04 20:11:36:1136 [Worker 23200] info: [ECS:HistorySystem] Initialized.
2025-12-04 20:11:36:1136 [Worker 23200] info: [ECS:BuffLifecycleSystem] Initialized.
2025-12-04 20:11:36:1136 [Worker 23200] info: [ECS:StatRecalculationSystem] Initialized.
2025-12-04 20:11:36:1136 [Worker 23200] info: [ECS:OnKillEffectSystem] Initialized.
2025-12-04 20:11:36:1136 [Worker 23200] info: [ECS:LootDropSystem] Initialized.
2025-12-04 20:11:36:1136 [Worker 23200] info: [ECS:SpawnSystem] Initialized.
2025-12-04 20:11:36:1136 [Worker 23200] info: [ECS:LifetimeSystem] Initialized.
2025-12-04 20:11:36:1136 [Worker 23200] info: [ECS:OffscreenCleanupSystem] Initialized.
2025-12-04 20:11:36:1136 [Worker 23200] info: Master process 23200 is running
2025-12-04 20:11:37:1137 [Worker 23188] info: [ECS:EnergyRegenSystem] Initialized.
2025-12-04 20:11:37:1137 [Worker 23188] info: [ECS:ShieldRegenSystem] Initialized.
2025-12-04 20:11:37:1137 [Worker 23188] info: [LootIdManager] Initialized with 39 static items and pre-built dictionary.
2025-12-04 20:11:37:1137 [Worker 23188] info: [ECS:GeometryUpdateSystem] Initialized.
2025-12-04 20:11:37:1137 [Worker 23188] info: [ECS:CleanupSystem] Initialized. (Now simplified)
2025-12-04 20:11:37:1137 [Worker 23188] info: [ECS:PlayerWeaponSwitchSystem] Initialized.
2025-12-04 20:11:37:1137 [Worker 23188] info: [ECS:EnemySpawnRequestSystem] Initialized.
2025-12-04 20:11:37:1137 [Worker 23188] info: [ECS:BehaviorSystemV2] Initialized.
2025-12-04 20:11:37:1137 [Worker 23188] info: [ECS:CombatAISystem] Initialized.
2025-12-04 20:11:37:1137 [Worker 23188] info: [ECS:WeaponSwitchSystem] Initialized.
2025-12-04 20:11:37:1137 [Worker 23188] info: [ECS:StatusEffectSystem] Initialized.
2025-12-04 20:11:37:1137 [Worker 23188] info: [ECS:WeaponSystem] Initialized.
2025-12-04 20:11:37:1137 [Worker 23188] info: [ECS:MovementSystem] Initialized.
2025-12-04 20:11:37:1137 [Worker 23188] info: [ECS:EntitySimulationSystem] Initialized as the main simulation orchestrator.
2025-12-04 20:11:37:1137 [Worker 23188] info: [ECS:PlayerBoundarySystem] Initialized.
2025-12-04 20:11:37:1137 [Worker 23188] info: [ECS:BoundarySystem] Initialized.
2025-12-04 20:11:37:1137 [Worker 23188] info: [ECS:DestructionEventSystem] Initialized as the main destruction controller.
2025-12-04 20:11:37:1137 [Worker 23188] info: [ECS:CollisionDetectionSystem] Initialized. (Now unified)
2025-12-04 20:11:37:1137 [Worker 23188] info: [ECS:CollisionResolutionSystem] Initialized.
2025-12-04 20:11:37:1137 [Worker 23188] info: [ECS:HitValidationSystem] Initialized.
2025-12-04 20:11:37:1137 [Worker 23188] info: [ECS:HistorySystem] Initialized.
2025-12-04 20:11:37:1137 [Worker 23188] info: [ECS:BuffLifecycleSystem] Initialized.
2025-12-04 20:11:37:1137 [Worker 23188] info: [ECS:StatRecalculationSystem] Initialized.
2025-12-04 20:11:37:1137 [Worker 23188] info: [ECS:OnKillEffectSystem] Initialized.
2025-12-04 20:11:37:1137 [Worker 23188] info: [ECS:LootDropSystem] Initialized.
2025-12-04 20:11:37:1137 [Worker 23188] info: [ECS:SpawnSystem] Initialized.
2025-12-04 20:11:37:1137 [Worker 23188] info: [ECS:LifetimeSystem] Initialized.
2025-12-04 20:11:37:1137 [Worker 23188] info: [ECS:OffscreenCleanupSystem] Initialized.
2025-12-04 20:11:39:1139 [Worker 3904] info: [ECS:EnergyRegenSystem] Initialized.
2025-12-04 20:11:39:1139 [Worker 3904] info: [ECS:ShieldRegenSystem] Initialized.
2025-12-04 20:11:39:1139 [Worker 3904] info: [LootIdManager] Initialized with 39 static items and pre-built dictionary.
2025-12-04 20:11:39:1139 [Worker 3904] info: [ECS:GeometryUpdateSystem] Initialized.
2025-12-04 20:11:39:1139 [Worker 3904] info: [ECS:CleanupSystem] Initialized. (Now simplified)
2025-12-04 20:11:39:1139 [Worker 3904] info: [ECS:PlayerWeaponSwitchSystem] Initialized.
2025-12-04 20:11:39:1139 [Worker 3904] info: [ECS:EnemySpawnRequestSystem] Initialized.
2025-12-04 20:11:39:1139 [Worker 3904] info: [ECS:BehaviorSystemV2] Initialized.
2025-12-04 20:11:39:1139 [Worker 3904] info: [ECS:CombatAISystem] Initialized.
2025-12-04 20:11:39:1139 [Worker 3904] info: [ECS:WeaponSwitchSystem] Initialized.
2025-12-04 20:11:39:1139 [Worker 3904] info: [ECS:StatusEffectSystem] Initialized.
2025-12-04 20:11:39:1139 [Worker 3904] info: [ECS:WeaponSystem] Initialized.
2025-12-04 20:11:39:1139 [Worker 3904] info: [ECS:MovementSystem] Initialized.
2025-12-04 20:11:39:1139 [Worker 3904] info: [ECS:EntitySimulationSystem] Initialized as the main simulation orchestrator.
2025-12-04 20:11:39:1139 [Worker 3904] info: [ECS:PlayerBoundarySystem] Initialized.
2025-12-04 20:11:39:1139 [Worker 3904] info: [ECS:BoundarySystem] Initialized.
2025-12-04 20:11:39:1139 [Worker 3904] info: [ECS:DestructionEventSystem] Initialized as the main destruction controller.
2025-12-04 20:11:39:1139 [Worker 3904] info: [ECS:CollisionDetectionSystem] Initialized. (Now unified)
2025-12-04 20:11:39:1139 [Worker 3904] info: [ECS:CollisionResolutionSystem] Initialized.
2025-12-04 20:11:39:1139 [Worker 3904] info: [ECS:HitValidationSystem] Initialized.
2025-12-04 20:11:39:1139 [Worker 3904] info: [ECS:HistorySystem] Initialized.
2025-12-04 20:11:39:1139 [Worker 3904] info: [ECS:BuffLifecycleSystem] Initialized.
2025-12-04 20:11:39:1139 [Worker 3904] info: [ECS:StatRecalculationSystem] Initialized.
2025-12-04 20:11:39:1139 [Worker 3904] info: [ECS:OnKillEffectSystem] Initialized.
2025-12-04 20:11:39:1139 [Worker 3904] info: [ECS:LootDropSystem] Initialized.
2025-12-04 20:11:39:1139 [Worker 3904] info: [ECS:SpawnSystem] Initialized.
2025-12-04 20:11:39:1139 [Worker 3904] info: [ECS:LifetimeSystem] Initialized.
2025-12-04 20:11:39:1139 [Worker 3904] info: [ECS:OffscreenCleanupSystem] Initialized.
2025-12-04 20:11:40:1140 [Worker 3904] info: [REDISCLIENT] Worker 3904: Successfully connected to Redis.
2025-12-04 20:11:40:1140 [Worker 3904] info: [GracefulShutdown] Обработчики для воркера 3904 инициализированы и ожидают команды от мастера.
2025-12-04 20:11:40:1140 [Worker 3904] info: Worker 3904 started. WebSocket server running on port 3002
2025-12-04 20:11:40:1140 [Worker 3904] info: [DBMANAGER] Worker 3904: Connected to dbServer
2025-12-04 20:11:40:1140 [Worker 3904] info: [DBMANAGER] Worker 3904: Identifying with unique ID: gameserver-Hddkwe35fsvk_worker_3904
2025-12-04 20:11:40:1140 [Worker 3904] info: [REDISSUBSCRIBER] Worker 3904: Subscribed to 'session-events' and 'session_control_events' channels.
2025-12-04 20:11:40:1140 [Worker 3904] warn: [DBMANAGER] Worker 3904: Disconnected from dbServer
2025-12-04 20:11:41:1141 [Worker 11932] info: [ECS:EnergyRegenSystem] Initialized.
2025-12-04 20:11:41:1141 [Worker 11932] info: [ECS:ShieldRegenSystem] Initialized.
2025-12-04 20:11:41:1141 [Worker 11932] info: [LootIdManager] Initialized with 39 static items and pre-built dictionary.
2025-12-04 20:11:41:1141 [Worker 11932] info: [ECS:GeometryUpdateSystem] Initialized.
2025-12-04 20:11:41:1141 [Worker 11932] info: [ECS:CleanupSystem] Initialized. (Now simplified)
2025-12-04 20:11:41:1141 [Worker 11932] info: [ECS:PlayerWeaponSwitchSystem] Initialized.
2025-12-04 20:11:41:1141 [Worker 11932] info: [ECS:EnemySpawnRequestSystem] Initialized.
2025-12-04 20:11:41:1141 [Worker 11932] info: [ECS:BehaviorSystemV2] Initialized.
2025-12-04 20:11:41:1141 [Worker 11932] info: [ECS:CombatAISystem] Initialized.
2025-12-04 20:11:41:1141 [Worker 11932] info: [ECS:WeaponSwitchSystem] Initialized.
2025-12-04 20:11:41:1141 [Worker 11932] info: [ECS:StatusEffectSystem] Initialized.
2025-12-04 20:11:41:1141 [Worker 11932] info: [ECS:WeaponSystem] Initialized.
2025-12-04 20:11:41:1141 [Worker 11932] info: [ECS:MovementSystem] Initialized.
2025-12-04 20:11:41:1141 [Worker 11932] info: [ECS:EntitySimulationSystem] Initialized as the main simulation orchestrator.
2025-12-04 20:11:41:1141 [Worker 11932] info: [ECS:PlayerBoundarySystem] Initialized.
2025-12-04 20:11:41:1141 [Worker 11932] info: [ECS:BoundarySystem] Initialized.
2025-12-04 20:11:41:1141 [Worker 11932] info: [ECS:DestructionEventSystem] Initialized as the main destruction controller.
2025-12-04 20:11:41:1141 [Worker 11932] info: [ECS:CollisionDetectionSystem] Initialized. (Now unified)
2025-12-04 20:11:41:1141 [Worker 11932] info: [ECS:CollisionResolutionSystem] Initialized.
2025-12-04 20:11:41:1141 [Worker 11932] info: [ECS:HitValidationSystem] Initialized.
2025-12-04 20:11:41:1141 [Worker 11932] info: [ECS:HistorySystem] Initialized.
2025-12-04 20:11:41:1141 [Worker 11932] info: [ECS:BuffLifecycleSystem] Initialized.
2025-12-04 20:11:41:1141 [Worker 11932] info: [ECS:StatRecalculationSystem] Initialized.
2025-12-04 20:11:41:1141 [Worker 11932] info: [ECS:OnKillEffectSystem] Initialized.
2025-12-04 20:11:41:1141 [Worker 11932] info: [ECS:LootDropSystem] Initialized.
2025-12-04 20:11:41:1141 [Worker 11932] info: [ECS:SpawnSystem] Initialized.
2025-12-04 20:11:41:1141 [Worker 11932] info: [ECS:LifetimeSystem] Initialized.
2025-12-04 20:11:41:1141 [Worker 11932] info: [ECS:OffscreenCleanupSystem] Initialized.
2025-12-04 20:11:42:1142 [Worker 3904] info: [DBMANAGER] Worker 3904: Connected to dbServer
2025-12-04 20:11:42:1142 [Worker 3904] info: [DBMANAGER] Worker 3904: Identifying with unique ID: gameserver-Hddkwe35fsvk_worker_3904
2025-12-04 20:11:42:1142 [Worker 3904] warn: [DBMANAGER] Worker 3904: Disconnected from dbServer
2025-12-04 20:11:43:1143 [Worker 23456] info: [ECS:EnergyRegenSystem] Initialized.
2025-12-04 20:11:43:1143 [Worker 23456] info: [ECS:ShieldRegenSystem] Initialized.
2025-12-04 20:11:43:1143 [Worker 23456] info: [LootIdManager] Initialized with 39 static items and pre-built dictionary.
2025-12-04 20:11:43:1143 [Worker 23456] info: [ECS:GeometryUpdateSystem] Initialized.
2025-12-04 20:11:43:1143 [Worker 23456] info: [ECS:CleanupSystem] Initialized. (Now simplified)
2025-12-04 20:11:43:1143 [Worker 23456] info: [ECS:PlayerWeaponSwitchSystem] Initialized.
2025-12-04 20:11:43:1143 [Worker 23456] info: [ECS:EnemySpawnRequestSystem] Initialized.
2025-12-04 20:11:43:1143 [Worker 23456] info: [ECS:BehaviorSystemV2] Initialized.
2025-12-04 20:11:43:1143 [Worker 23456] info: [ECS:CombatAISystem] Initialized.
2025-12-04 20:11:43:1143 [Worker 23456] info: [ECS:WeaponSwitchSystem] Initialized.
2025-12-04 20:11:43:1143 [Worker 23456] info: [ECS:StatusEffectSystem] Initialized.
2025-12-04 20:11:43:1143 [Worker 23456] info: [ECS:WeaponSystem] Initialized.
2025-12-04 20:11:43:1143 [Worker 23456] info: [ECS:MovementSystem] Initialized.
2025-12-04 20:11:43:1143 [Worker 23456] info: [ECS:EntitySimulationSystem] Initialized as the main simulation orchestrator.
2025-12-04 20:11:43:1143 [Worker 23456] info: [ECS:PlayerBoundarySystem] Initialized.
2025-12-04 20:11:43:1143 [Worker 23456] info: [ECS:BoundarySystem] Initialized.
2025-12-04 20:11:43:1143 [Worker 23456] info: [ECS:DestructionEventSystem] Initialized as the main destruction controller.
2025-12-04 20:11:43:1143 [Worker 23456] info: [ECS:CollisionDetectionSystem] Initialized. (Now unified)
2025-12-04 20:11:43:1143 [Worker 23456] info: [ECS:CollisionResolutionSystem] Initialized.
2025-12-04 20:11:43:1143 [Worker 23456] info: [ECS:HitValidationSystem] Initialized.
2025-12-04 20:11:43:1143 [Worker 23456] info: [ECS:HistorySystem] Initialized.
2025-12-04 20:11:43:1143 [Worker 23456] info: [ECS:BuffLifecycleSystem] Initialized.
2025-12-04 20:11:43:1143 [Worker 23456] info: [ECS:StatRecalculationSystem] Initialized.
2025-12-04 20:11:43:1143 [Worker 23456] info: [ECS:OnKillEffectSystem] Initialized.
2025-12-04 20:11:43:1143 [Worker 23456] info: [ECS:LootDropSystem] Initialized.
2025-12-04 20:11:43:1143 [Worker 23456] info: [ECS:SpawnSystem] Initialized.
2025-12-04 20:11:43:1143 [Worker 23456] info: [ECS:LifetimeSystem] Initialized.
2025-12-04 20:11:43:1143 [Worker 23456] info: [ECS:OffscreenCleanupSystem] Initialized.
2025-12-04 20:11:44:1144 [Worker 3904] info: [DBMANAGER] Worker 3904: Connected to dbServer
2025-12-04 20:11:44:1144 [Worker 3904] info: [DBMANAGER] Worker 3904: Identifying with unique ID: gameserver-Hddkwe35fsvk_worker_3904
2025-12-04 20:11:44:1144 [Worker 3904] warn: [DBMANAGER] Worker 3904: Disconnected from dbServer
2025-12-04 20:11:45:1145 [Worker 8956] info: [ECS:EnergyRegenSystem] Initialized.
2025-12-04 20:11:45:1145 [Worker 8956] info: [ECS:ShieldRegenSystem] Initialized.
2025-12-04 20:11:45:1145 [Worker 8956] info: [LootIdManager] Initialized with 39 static items and pre-built dictionary.
2025-12-04 20:11:45:1145 [Worker 8956] info: [ECS:GeometryUpdateSystem] Initialized.
2025-12-04 20:11:45:1145 [Worker 8956] info: [ECS:CleanupSystem] Initialized. (Now simplified)
2025-12-04 20:11:45:1145 [Worker 8956] info: [ECS:PlayerWeaponSwitchSystem] Initialized.
2025-12-04 20:11:45:1145 [Worker 8956] info: [ECS:EnemySpawnRequestSystem] Initialized.
2025-12-04 20:11:45:1145 [Worker 8956] info: [ECS:BehaviorSystemV2] Initialized.
2025-12-04 20:11:45:1145 [Worker 8956] info: [ECS:CombatAISystem] Initialized.
2025-12-04 20:11:45:1145 [Worker 8956] info: [ECS:WeaponSwitchSystem] Initialized.
2025-12-04 20:11:45:1145 [Worker 8956] info: [ECS:StatusEffectSystem] Initialized.
2025-12-04 20:11:45:1145 [Worker 8956] info: [ECS:WeaponSystem] Initialized.
2025-12-04 20:11:45:1145 [Worker 8956] info: [ECS:MovementSystem] Initialized.
2025-12-04 20:11:45:1145 [Worker 8956] info: [ECS:EntitySimulationSystem] Initialized as the main simulation orchestrator.
2025-12-04 20:11:45:1145 [Worker 8956] info: [ECS:PlayerBoundarySystem] Initialized.
2025-12-04 20:11:45:1145 [Worker 8956] info: [ECS:BoundarySystem] Initialized.
2025-12-04 20:11:45:1145 [Worker 8956] info: [ECS:DestructionEventSystem] Initialized as the main destruction controller.
2025-12-04 20:11:45:1145 [Worker 8956] info: [ECS:CollisionDetectionSystem] Initialized. (Now unified)
2025-12-04 20:11:45:1145 [Worker 8956] info: [ECS:CollisionResolutionSystem] Initialized.
2025-12-04 20:11:45:1145 [Worker 8956] info: [ECS:HitValidationSystem] Initialized.
2025-12-04 20:11:45:1145 [Worker 8956] info: [ECS:HistorySystem] Initialized.
2025-12-04 20:11:45:1145 [Worker 8956] info: [ECS:BuffLifecycleSystem] Initialized.
2025-12-04 20:11:45:1145 [Worker 8956] info: [ECS:StatRecalculationSystem] Initialized.
2025-12-04 20:11:45:1145 [Worker 8956] info: [ECS:OnKillEffectSystem] Initialized.
2025-12-04 20:11:45:1145 [Worker 8956] info: [ECS:LootDropSystem] Initialized.
2025-12-04 20:11:45:1145 [Worker 8956] info: [ECS:SpawnSystem] Initialized.
2025-12-04 20:11:45:1145 [Worker 8956] info: [ECS:LifetimeSystem] Initialized.
2025-12-04 20:11:45:1145 [Worker 8956] info: [ECS:OffscreenCleanupSystem] Initialized.
2025-12-04 20:11:46:1146 [Worker 3904] info: [DBMANAGER] Worker 3904: Connected to dbServer
2025-12-04 20:11:46:1146 [Worker 3904] info: [DBMANAGER] Worker 3904: Identifying with unique ID: gameserver-Hddkwe35fsvk_worker_3904
2025-12-04 20:11:46:1146 [Worker 3904] warn: [DBMANAGER] Worker 3904: Disconnected from dbServer
2025-12-04 20:11:47:1147 [Worker 24572] info: [ECS:EnergyRegenSystem] Initialized.
2025-12-04 20:11:47:1147 [Worker 24572] info: [ECS:ShieldRegenSystem] Initialized.
2025-12-04 20:11:47:1147 [Worker 24572] info: [LootIdManager] Initialized with 39 static items and pre-built dictionary.
2025-12-04 20:11:47:1147 [Worker 24572] info: [ECS:GeometryUpdateSystem] Initialized.
2025-12-04 20:11:47:1147 [Worker 24572] info: [ECS:CleanupSystem] Initialized. (Now simplified)
2025-12-04 20:11:47:1147 [Worker 24572] info: [ECS:PlayerWeaponSwitchSystem] Initialized.
2025-12-04 20:11:47:1147 [Worker 24572] info: [ECS:EnemySpawnRequestSystem] Initialized.
2025-12-04 20:11:47:1147 [Worker 24572] info: [ECS:BehaviorSystemV2] Initialized.
2025-12-04 20:11:47:1147 [Worker 24572] info: [ECS:CombatAISystem] Initialized.
2025-12-04 20:11:47:1147 [Worker 24572] info: [ECS:WeaponSwitchSystem] Initialized.
2025-12-04 20:11:47:1147 [Worker 24572] info: [ECS:StatusEffectSystem] Initialized.
2025-12-04 20:11:47:1147 [Worker 24572] info: [ECS:WeaponSystem] Initialized.
2025-12-04 20:11:47:1147 [Worker 24572] info: [ECS:MovementSystem] Initialized.
2025-12-04 20:11:47:1147 [Worker 24572] info: [ECS:EntitySimulationSystem] Initialized as the main simulation orchestrator.
2025-12-04 20:11:47:1147 [Worker 24572] info: [ECS:PlayerBoundarySystem] Initialized.
2025-12-04 20:11:47:1147 [Worker 24572] info: [ECS:BoundarySystem] Initialized.
2025-12-04 20:11:47:1147 [Worker 24572] info: [ECS:DestructionEventSystem] Initialized as the main destruction controller.
2025-12-04 20:11:47:1147 [Worker 24572] info: [ECS:CollisionDetectionSystem] Initialized. (Now unified)
2025-12-04 20:11:47:1147 [Worker 24572] info: [ECS:CollisionResolutionSystem] Initialized.
2025-12-04 20:11:47:1147 [Worker 24572] info: [ECS:HitValidationSystem] Initialized.
2025-12-04 20:11:47:1147 [Worker 24572] info: [ECS:HistorySystem] Initialized.
2025-12-04 20:11:47:1147 [Worker 24572] info: [ECS:BuffLifecycleSystem] Initialized.
2025-12-04 20:11:47:1147 [Worker 24572] info: [ECS:StatRecalculationSystem] Initialized.
2025-12-04 20:11:47:1147 [Worker 24572] info: [ECS:OnKillEffectSystem] Initialized.
2025-12-04 20:11:47:1147 [Worker 24572] info: [ECS:LootDropSystem] Initialized.
2025-12-04 20:11:47:1147 [Worker 24572] info: [ECS:SpawnSystem] Initialized.
2025-12-04 20:11:47:1147 [Worker 24572] info: [ECS:LifetimeSystem] Initialized.
2025-12-04 20:11:47:1147 [Worker 24572] info: [ECS:OffscreenCleanupSystem] Initialized.
2025-12-04 20:11:48:1148 [Worker 24572] info: [DBMANAGER] Worker 24572: Connected to dbServer
2025-12-04 20:11:48:1148 [Worker 24572] info: [DBMANAGER] Worker 24572: Identifying with unique ID: gameserver-Hddkwe35fsvk_worker_24572
2025-12-04 20:11:48:1148 [Worker 24572] info: [REDISCLIENT] Worker 24572: Successfully connected to Redis.
2025-12-04 20:11:48:1148 [Worker 24572] info: [GracefulShutdown] Обработчики для воркера 24572 инициализированы и ожидают команды от мастера.
2025-12-04 20:11:48:1148 [Worker 24572] info: Worker 24572 started. WebSocket server running on port 3002
2025-12-04 20:11:48:1148 [Worker 24572] warn: [DBMANAGER] Worker 24572: Disconnected from dbServer
2025-12-04 20:11:48:1148 [Worker 24572] info: [REDISSUBSCRIBER] Worker 24572: Subscribed to 'session-events' and 'session_control_events' channels.
2025-12-04 20:11:48:1148 [Worker 3904] info: [DBMANAGER] Worker 3904: Connected to dbServer
2025-12-04 20:11:48:1148 [Worker 3904] info: [DBMANAGER] Worker 3904: Identifying with unique ID: gameserver-Hddkwe35fsvk_worker_3904
2025-12-04 20:11:48:1148 [Worker 3904] warn: [DBMANAGER] Worker 3904: Disconnected from dbServer
2025-12-04 20:11:49:1149 [Worker 21380] info: [ECS:EnergyRegenSystem] Initialized.
2025-12-04 20:11:49:1149 [Worker 21380] info: [ECS:ShieldRegenSystem] Initialized.
2025-12-04 20:11:49:1149 [Worker 21380] info: [LootIdManager] Initialized with 39 static items and pre-built dictionary.
2025-12-04 20:11:49:1149 [Worker 21380] info: [ECS:GeometryUpdateSystem] Initialized.
2025-12-04 20:11:49:1149 [Worker 21380] info: [ECS:CleanupSystem] Initialized. (Now simplified)
2025-12-04 20:11:49:1149 [Worker 21380] info: [ECS:PlayerWeaponSwitchSystem] Initialized.
2025-12-04 20:11:49:1149 [Worker 21380] info: [ECS:EnemySpawnRequestSystem] Initialized.
2025-12-04 20:11:49:1149 [Worker 21380] info: [ECS:BehaviorSystemV2] Initialized.
2025-12-04 20:11:49:1149 [Worker 21380] info: [ECS:CombatAISystem] Initialized.
2025-12-04 20:11:49:1149 [Worker 21380] info: [ECS:WeaponSwitchSystem] Initialized.
2025-12-04 20:11:49:1149 [Worker 21380] info: [ECS:StatusEffectSystem] Initialized.
2025-12-04 20:11:49:1149 [Worker 21380] info: [ECS:WeaponSystem] Initialized.
2025-12-04 20:11:49:1149 [Worker 21380] info: [ECS:MovementSystem] Initialized.
2025-12-04 20:11:49:1149 [Worker 21380] info: [ECS:EntitySimulationSystem] Initialized as the main simulation orchestrator.
2025-12-04 20:11:49:1149 [Worker 21380] info: [ECS:PlayerBoundarySystem] Initialized.
2025-12-04 20:11:49:1149 [Worker 21380] info: [ECS:BoundarySystem] Initialized.
2025-12-04 20:11:49:1149 [Worker 21380] info: [ECS:DestructionEventSystem] Initialized as the main destruction controller.
2025-12-04 20:11:49:1149 [Worker 21380] info: [ECS:CollisionDetectionSystem] Initialized. (Now unified)
2025-12-04 20:11:49:1149 [Worker 21380] info: [ECS:CollisionResolutionSystem] Initialized.
2025-12-04 20:11:49:1149 [Worker 21380] info: [ECS:HitValidationSystem] Initialized.
2025-12-04 20:11:49:1149 [Worker 21380] info: [ECS:HistorySystem] Initialized.
2025-12-04 20:11:49:1149 [Worker 21380] info: [ECS:BuffLifecycleSystem] Initialized.
2025-12-04 20:11:49:1149 [Worker 21380] info: [ECS:StatRecalculationSystem] Initialized.
2025-12-04 20:11:49:1149 [Worker 21380] info: [ECS:OnKillEffectSystem] Initialized.
2025-12-04 20:11:49:1149 [Worker 21380] info: [ECS:LootDropSystem] Initialized.
2025-12-04 20:11:49:1149 [Worker 21380] info: [ECS:SpawnSystem] Initialized.
2025-12-04 20:11:49:1149 [Worker 21380] info: [ECS:LifetimeSystem] Initialized.
2025-12-04 20:11:49:1149 [Worker 21380] info: [ECS:OffscreenCleanupSystem] Initialized.
2025-12-04 20:11:50:1150 [Worker 24572] info: [DBMANAGER] Worker 24572: Connected to dbServer
2025-12-04 20:11:50:1150 [Worker 24572] info: [DBMANAGER] Worker 24572: Identifying with unique ID: gameserver-Hddkwe35fsvk_worker_24572
2025-12-04 20:11:50:1150 [Worker 24572] info: [DBMANAGER] Worker 24572: Successfully identified with dbServer as gameserver-Hddkwe35fsvk_worker_24572
2025-12-04 20:11:50:1150 [Worker 24572] info: [WeaponMechanicsStore] Weapon mechanics catalog received and cache has been built.
2025-12-04 20:11:50:1150 [Worker 3904] info: [DBMANAGER] Worker 3904: Connected to dbServer
2025-12-04 20:11:50:1150 [Worker 3904] info: [DBMANAGER] Worker 3904: Identifying with unique ID: gameserver-Hddkwe35fsvk_worker_3904
2025-12-04 20:11:50:1150 [Worker 3904] info: [DBMANAGER] Worker 3904: Successfully identified with dbServer as gameserver-Hddkwe35fsvk_worker_3904
2025-12-04 20:11:50:1150 [Worker 3904] info: [WeaponMechanicsStore] Weapon mechanics catalog received and cache has been built.
2025-12-04 20:11:51:1151 [Worker 23188] info: [DBMANAGER] Worker 23188: Connected to dbServer
2025-12-04 20:11:51:1151 [Worker 23188] info: [DBMANAGER] Worker 23188: Identifying with unique ID: gameserver-Hddkwe35fsvk_worker_23188
2025-12-04 20:11:51:1151 [Worker 23188] info: [DBMANAGER] Worker 23188: Successfully identified with dbServer as gameserver-Hddkwe35fsvk_worker_23188
2025-12-04 20:11:51:1151 [Worker 23188] info: [WeaponMechanicsStore] Weapon mechanics catalog received and cache has been built.
2025-12-04 20:11:51:1151 [Worker 23188] info: [REDISCLIENT] Worker 23188: Successfully connected to Redis.
2025-12-04 20:11:51:1151 [Worker 23188] info: [GracefulShutdown] Обработчики для воркера 23188 инициализированы и ожидают команды от мастера.
2025-12-04 20:11:51:1151 [Worker 23188] info: Worker 23188 started. WebSocket server running on port 3002
2025-12-04 20:11:51:1151 [Worker 23188] info: [REDISSUBSCRIBER] Worker 23188: Subscribed to 'session-events' and 'session_control_events' channels.
2025-12-04 20:11:51:1151 [Worker 21144] info: [ECS:EnergyRegenSystem] Initialized.
2025-12-04 20:11:51:1151 [Worker 21144] info: [ECS:ShieldRegenSystem] Initialized.
2025-12-04 20:11:51:1151 [Worker 21144] info: [LootIdManager] Initialized with 39 static items and pre-built dictionary.
2025-12-04 20:11:51:1151 [Worker 21144] info: [ECS:GeometryUpdateSystem] Initialized.
2025-12-04 20:11:51:1151 [Worker 21144] info: [ECS:CleanupSystem] Initialized. (Now simplified)
2025-12-04 20:11:51:1151 [Worker 21144] info: [ECS:PlayerWeaponSwitchSystem] Initialized.
2025-12-04 20:11:51:1151 [Worker 21144] info: [ECS:EnemySpawnRequestSystem] Initialized.
2025-12-04 20:11:51:1151 [Worker 21144] info: [ECS:BehaviorSystemV2] Initialized.
2025-12-04 20:11:51:1151 [Worker 21144] info: [ECS:CombatAISystem] Initialized.
2025-12-04 20:11:51:1151 [Worker 21144] info: [ECS:WeaponSwitchSystem] Initialized.
2025-12-04 20:11:51:1151 [Worker 21144] info: [ECS:StatusEffectSystem] Initialized.
2025-12-04 20:11:51:1151 [Worker 21144] info: [ECS:WeaponSystem] Initialized.
2025-12-04 20:11:51:1151 [Worker 21144] info: [ECS:MovementSystem] Initialized.
2025-12-04 20:11:51:1151 [Worker 21144] info: [ECS:EntitySimulationSystem] Initialized as the main simulation orchestrator.
2025-12-04 20:11:51:1151 [Worker 21144] info: [ECS:PlayerBoundarySystem] Initialized.
2025-12-04 20:11:51:1151 [Worker 21144] info: [ECS:BoundarySystem] Initialized.
2025-12-04 20:11:51:1151 [Worker 21144] info: [ECS:DestructionEventSystem] Initialized as the main destruction controller.
2025-12-04 20:11:51:1151 [Worker 21144] info: [ECS:CollisionDetectionSystem] Initialized. (Now unified)
2025-12-04 20:11:51:1151 [Worker 21144] info: [ECS:CollisionResolutionSystem] Initialized.
2025-12-04 20:11:51:1151 [Worker 21144] info: [ECS:HitValidationSystem] Initialized.
2025-12-04 20:11:51:1151 [Worker 21144] info: [ECS:HistorySystem] Initialized.
2025-12-04 20:11:51:1151 [Worker 21144] info: [ECS:BuffLifecycleSystem] Initialized.
2025-12-04 20:11:51:1151 [Worker 21144] info: [ECS:StatRecalculationSystem] Initialized.
2025-12-04 20:11:51:1151 [Worker 21144] info: [ECS:OnKillEffectSystem] Initialized.
2025-12-04 20:11:51:1151 [Worker 21144] info: [ECS:LootDropSystem] Initialized.
2025-12-04 20:11:51:1151 [Worker 21144] info: [ECS:SpawnSystem] Initialized.
2025-12-04 20:11:51:1151 [Worker 21144] info: [ECS:LifetimeSystem] Initialized.
2025-12-04 20:11:51:1151 [Worker 21144] info: [ECS:OffscreenCleanupSystem] Initialized.
2025-12-04 20:11:52:1152 [Worker 21144] info: [DBMANAGER] Worker 21144: Connected to dbServer
2025-12-04 20:11:52:1152 [Worker 21144] info: [DBMANAGER] Worker 21144: Identifying with unique ID: gameserver-Hddkwe35fsvk_worker_21144
2025-12-04 20:11:52:1152 [Worker 21144] info: [REDISCLIENT] Worker 21144: Successfully connected to Redis.
2025-12-04 20:11:52:1152 [Worker 21144] info: [GracefulShutdown] Обработчики для воркера 21144 инициализированы и ожидают команды от мастера.
2025-12-04 20:11:52:1152 [Worker 21144] info: Worker 21144 started. WebSocket server running on port 3002
2025-12-04 20:11:52:1152 [Worker 21144] info: [DBMANAGER] Worker 21144: Successfully identified with dbServer as gameserver-Hddkwe35fsvk_worker_21144
2025-12-04 20:11:52:1152 [Worker 21144] info: [WeaponMechanicsStore] Weapon mechanics catalog received and cache has been built.
2025-12-04 20:11:52:1152 [Worker 21144] info: [REDISSUBSCRIBER] Worker 21144: Subscribed to 'session-events' and 'session_control_events' channels.
2025-12-04 20:11:53:1153 [Worker 25108] info: [ECS:EnergyRegenSystem] Initialized.
2025-12-04 20:11:53:1153 [Worker 25108] info: [ECS:ShieldRegenSystem] Initialized.
2025-12-04 20:11:53:1153 [Worker 25108] info: [LootIdManager] Initialized with 39 static items and pre-built dictionary.
2025-12-04 20:11:53:1153 [Worker 25108] info: [ECS:GeometryUpdateSystem] Initialized.
2025-12-04 20:11:53:1153 [Worker 25108] info: [ECS:CleanupSystem] Initialized. (Now simplified)
2025-12-04 20:11:53:1153 [Worker 25108] info: [ECS:PlayerWeaponSwitchSystem] Initialized.
2025-12-04 20:11:53:1153 [Worker 25108] info: [ECS:EnemySpawnRequestSystem] Initialized.
2025-12-04 20:11:53:1153 [Worker 25108] info: [ECS:BehaviorSystemV2] Initialized.
2025-12-04 20:11:53:1153 [Worker 25108] info: [ECS:CombatAISystem] Initialized.
2025-12-04 20:11:53:1153 [Worker 25108] info: [ECS:WeaponSwitchSystem] Initialized.
2025-12-04 20:11:53:1153 [Worker 25108] info: [ECS:StatusEffectSystem] Initialized.
2025-12-04 20:11:53:1153 [Worker 25108] info: [ECS:WeaponSystem] Initialized.
2025-12-04 20:11:53:1153 [Worker 25108] info: [ECS:MovementSystem] Initialized.
2025-12-04 20:11:53:1153 [Worker 25108] info: [ECS:EntitySimulationSystem] Initialized as the main simulation orchestrator.
2025-12-04 20:11:53:1153 [Worker 25108] info: [ECS:PlayerBoundarySystem] Initialized.
2025-12-04 20:11:53:1153 [Worker 25108] info: [ECS:BoundarySystem] Initialized.
2025-12-04 20:11:53:1153 [Worker 25108] info: [ECS:DestructionEventSystem] Initialized as the main destruction controller.
2025-12-04 20:11:53:1153 [Worker 25108] info: [ECS:CollisionDetectionSystem] Initialized. (Now unified)
2025-12-04 20:11:53:1153 [Worker 25108] info: [ECS:CollisionResolutionSystem] Initialized.
2025-12-04 20:11:53:1153 [Worker 25108] info: [ECS:HitValidationSystem] Initialized.
2025-12-04 20:11:53:1153 [Worker 25108] info: [ECS:HistorySystem] Initialized.
2025-12-04 20:11:53:1153 [Worker 25108] info: [ECS:BuffLifecycleSystem] Initialized.
2025-12-04 20:11:53:1153 [Worker 25108] info: [ECS:StatRecalculationSystem] Initialized.
2025-12-04 20:11:53:1153 [Worker 25108] info: [ECS:OnKillEffectSystem] Initialized.
2025-12-04 20:11:53:1153 [Worker 25108] info: [ECS:LootDropSystem] Initialized.
2025-12-04 20:11:53:1153 [Worker 25108] info: [ECS:SpawnSystem] Initialized.
2025-12-04 20:11:53:1153 [Worker 25108] info: [ECS:LifetimeSystem] Initialized.
2025-12-04 20:11:53:1153 [Worker 25108] info: [ECS:OffscreenCleanupSystem] Initialized.
2025-12-04 20:11:53:1153 [Worker 11932] info: [DBMANAGER] Worker 11932: Connected to dbServer
2025-12-04 20:11:53:1153 [Worker 11932] info: [DBMANAGER] Worker 11932: Identifying with unique ID: gameserver-Hddkwe35fsvk_worker_11932
2025-12-04 20:11:53:1153 [Worker 11932] info: [REDISCLIENT] Worker 11932: Successfully connected to Redis.
2025-12-04 20:11:53:1153 [Worker 11932] info: [GracefulShutdown] Обработчики для воркера 11932 инициализированы и ожидают команды от мастера.
2025-12-04 20:11:53:1153 [Worker 11932] info: Worker 11932 started. WebSocket server running on port 3002
2025-12-04 20:11:53:1153 [Worker 11932] info: [DBMANAGER] Worker 11932: Successfully identified with dbServer as gameserver-Hddkwe35fsvk_worker_11932
2025-12-04 20:11:53:1153 [Worker 11932] info: [WeaponMechanicsStore] Weapon mechanics catalog received and cache has been built.
2025-12-04 20:11:53:1153 [Worker 11932] info: [REDISSUBSCRIBER] Worker 11932: Subscribed to 'session-events' and 'session_control_events' channels.
2025-12-04 20:11:55:1155 [Worker 19816] info: [ECS:EnergyRegenSystem] Initialized.
2025-12-04 20:11:55:1155 [Worker 19816] info: [ECS:ShieldRegenSystem] Initialized.
2025-12-04 20:11:55:1155 [Worker 19816] info: [LootIdManager] Initialized with 39 static items and pre-built dictionary.
2025-12-04 20:11:55:1155 [Worker 19816] info: [ECS:GeometryUpdateSystem] Initialized.
2025-12-04 20:11:55:1155 [Worker 19816] info: [ECS:CleanupSystem] Initialized. (Now simplified)
2025-12-04 20:11:55:1155 [Worker 19816] info: [ECS:PlayerWeaponSwitchSystem] Initialized.
2025-12-04 20:11:55:1155 [Worker 19816] info: [ECS:EnemySpawnRequestSystem] Initialized.
2025-12-04 20:11:55:1155 [Worker 19816] info: [ECS:BehaviorSystemV2] Initialized.
2025-12-04 20:11:55:1155 [Worker 19816] info: [ECS:CombatAISystem] Initialized.
2025-12-04 20:11:55:1155 [Worker 19816] info: [ECS:WeaponSwitchSystem] Initialized.
2025-12-04 20:11:55:1155 [Worker 19816] info: [ECS:StatusEffectSystem] Initialized.
2025-12-04 20:11:55:1155 [Worker 19816] info: [ECS:WeaponSystem] Initialized.
2025-12-04 20:11:55:1155 [Worker 19816] info: [ECS:MovementSystem] Initialized.
2025-12-04 20:11:55:1155 [Worker 19816] info: [ECS:EntitySimulationSystem] Initialized as the main simulation orchestrator.
2025-12-04 20:11:55:1155 [Worker 19816] info: [ECS:PlayerBoundarySystem] Initialized.
2025-12-04 20:11:55:1155 [Worker 19816] info: [ECS:BoundarySystem] Initialized.
2025-12-04 20:11:55:1155 [Worker 19816] info: [ECS:DestructionEventSystem] Initialized as the main destruction controller.
2025-12-04 20:11:55:1155 [Worker 19816] info: [ECS:CollisionDetectionSystem] Initialized. (Now unified)
2025-12-04 20:11:55:1155 [Worker 19816] info: [ECS:CollisionResolutionSystem] Initialized.
2025-12-04 20:11:55:1155 [Worker 19816] info: [ECS:HitValidationSystem] Initialized.
2025-12-04 20:11:55:1155 [Worker 19816] info: [ECS:HistorySystem] Initialized.
2025-12-04 20:11:55:1155 [Worker 19816] info: [ECS:BuffLifecycleSystem] Initialized.
2025-12-04 20:11:55:1155 [Worker 19816] info: [ECS:StatRecalculationSystem] Initialized.
2025-12-04 20:11:55:1155 [Worker 19816] info: [ECS:OnKillEffectSystem] Initialized.
2025-12-04 20:11:55:1155 [Worker 19816] info: [ECS:LootDropSystem] Initialized.
2025-12-04 20:11:55:1155 [Worker 19816] info: [ECS:SpawnSystem] Initialized.
2025-12-04 20:11:55:1155 [Worker 19816] info: [ECS:LifetimeSystem] Initialized.
2025-12-04 20:11:55:1155 [Worker 19816] info: [ECS:OffscreenCleanupSystem] Initialized.
2025-12-04 20:11:57:1157 [Worker 23044] info: [ECS:EnergyRegenSystem] Initialized.
2025-12-04 20:11:57:1157 [Worker 23044] info: [ECS:ShieldRegenSystem] Initialized.
2025-12-04 20:11:57:1157 [Worker 23044] info: [LootIdManager] Initialized with 39 static items and pre-built dictionary.
2025-12-04 20:11:57:1157 [Worker 23044] info: [ECS:GeometryUpdateSystem] Initialized.
2025-12-04 20:11:57:1157 [Worker 23044] info: [ECS:CleanupSystem] Initialized. (Now simplified)
2025-12-04 20:11:57:1157 [Worker 23044] info: [ECS:PlayerWeaponSwitchSystem] Initialized.
2025-12-04 20:11:57:1157 [Worker 23044] info: [ECS:EnemySpawnRequestSystem] Initialized.
2025-12-04 20:11:57:1157 [Worker 23044] info: [ECS:BehaviorSystemV2] Initialized.
2025-12-04 20:11:57:1157 [Worker 23044] info: [ECS:CombatAISystem] Initialized.
2025-12-04 20:11:57:1157 [Worker 23044] info: [ECS:WeaponSwitchSystem] Initialized.
2025-12-04 20:11:57:1157 [Worker 23044] info: [ECS:StatusEffectSystem] Initialized.
2025-12-04 20:11:57:1157 [Worker 23044] info: [ECS:WeaponSystem] Initialized.
2025-12-04 20:11:57:1157 [Worker 23044] info: [ECS:MovementSystem] Initialized.
2025-12-04 20:11:57:1157 [Worker 23044] info: [ECS:EntitySimulationSystem] Initialized as the main simulation orchestrator.
2025-12-04 20:11:57:1157 [Worker 23044] info: [ECS:PlayerBoundarySystem] Initialized.
2025-12-04 20:11:57:1157 [Worker 23044] info: [ECS:BoundarySystem] Initialized.
2025-12-04 20:11:57:1157 [Worker 23044] info: [ECS:DestructionEventSystem] Initialized as the main destruction controller.
2025-12-04 20:11:57:1157 [Worker 23044] info: [ECS:CollisionDetectionSystem] Initialized. (Now unified)
2025-12-04 20:11:57:1157 [Worker 23044] info: [ECS:CollisionResolutionSystem] Initialized.
2025-12-04 20:11:57:1157 [Worker 23044] info: [ECS:HitValidationSystem] Initialized.
2025-12-04 20:11:57:1157 [Worker 23044] info: [ECS:HistorySystem] Initialized.
2025-12-04 20:11:57:1157 [Worker 23044] info: [ECS:BuffLifecycleSystem] Initialized.
2025-12-04 20:11:57:1157 [Worker 23044] info: [ECS:StatRecalculationSystem] Initialized.
2025-12-04 20:11:57:1157 [Worker 23044] info: [ECS:OnKillEffectSystem] Initialized.
2025-12-04 20:11:57:1157 [Worker 23044] info: [ECS:LootDropSystem] Initialized.
2025-12-04 20:11:57:1157 [Worker 23044] info: [ECS:SpawnSystem] Initialized.
2025-12-04 20:11:57:1157 [Worker 23044] info: [ECS:LifetimeSystem] Initialized.
2025-12-04 20:11:57:1157 [Worker 23044] info: [ECS:OffscreenCleanupSystem] Initialized.
2025-12-04 20:11:59:1159 [Worker 20704] info: [ECS:EnergyRegenSystem] Initialized.
2025-12-04 20:11:59:1159 [Worker 20704] info: [ECS:ShieldRegenSystem] Initialized.
2025-12-04 20:11:59:1159 [Worker 20704] info: [LootIdManager] Initialized with 39 static items and pre-built dictionary.
2025-12-04 20:11:59:1159 [Worker 20704] info: [ECS:GeometryUpdateSystem] Initialized.
2025-12-04 20:11:59:1159 [Worker 20704] info: [ECS:CleanupSystem] Initialized. (Now simplified)
2025-12-04 20:11:59:1159 [Worker 20704] info: [ECS:PlayerWeaponSwitchSystem] Initialized.
2025-12-04 20:11:59:1159 [Worker 20704] info: [ECS:EnemySpawnRequestSystem] Initialized.
2025-12-04 20:11:59:1159 [Worker 20704] info: [ECS:BehaviorSystemV2] Initialized.
2025-12-04 20:11:59:1159 [Worker 20704] info: [ECS:CombatAISystem] Initialized.
2025-12-04 20:11:59:1159 [Worker 20704] info: [ECS:WeaponSwitchSystem] Initialized.
2025-12-04 20:11:59:1159 [Worker 20704] info: [ECS:StatusEffectSystem] Initialized.
2025-12-04 20:11:59:1159 [Worker 20704] info: [ECS:WeaponSystem] Initialized.
2025-12-04 20:11:59:1159 [Worker 20704] info: [ECS:MovementSystem] Initialized.
2025-12-04 20:11:59:1159 [Worker 20704] info: [ECS:EntitySimulationSystem] Initialized as the main simulation orchestrator.
2025-12-04 20:11:59:1159 [Worker 20704] info: [ECS:PlayerBoundarySystem] Initialized.
2025-12-04 20:11:59:1159 [Worker 20704] info: [ECS:BoundarySystem] Initialized.
2025-12-04 20:11:59:1159 [Worker 20704] info: [ECS:DestructionEventSystem] Initialized as the main destruction controller.
2025-12-04 20:11:59:1159 [Worker 20704] info: [ECS:CollisionDetectionSystem] Initialized. (Now unified)
2025-12-04 20:11:59:1159 [Worker 20704] info: [ECS:CollisionResolutionSystem] Initialized.
2025-12-04 20:11:59:1159 [Worker 20704] info: [ECS:HitValidationSystem] Initialized.
2025-12-04 20:11:59:1159 [Worker 20704] info: [ECS:HistorySystem] Initialized.
2025-12-04 20:11:59:1159 [Worker 20704] info: [ECS:BuffLifecycleSystem] Initialized.
2025-12-04 20:11:59:1159 [Worker 20704] info: [ECS:StatRecalculationSystem] Initialized.
2025-12-04 20:11:59:1159 [Worker 20704] info: [ECS:OnKillEffectSystem] Initialized.
2025-12-04 20:11:59:1159 [Worker 20704] info: [ECS:LootDropSystem] Initialized.
2025-12-04 20:11:59:1159 [Worker 20704] info: [ECS:SpawnSystem] Initialized.
2025-12-04 20:11:59:1159 [Worker 20704] info: [ECS:LifetimeSystem] Initialized.
2025-12-04 20:11:59:1159 [Worker 20704] info: [ECS:OffscreenCleanupSystem] Initialized.
2025-12-04 20:12:02:122 [Worker 20704] info: [DBMANAGER] Worker 20704: Connected to dbServer
2025-12-04 20:12:02:122 [Worker 20704] info: [DBMANAGER] Worker 20704: Identifying with unique ID: gameserver-Hddkwe35fsvk_worker_20704
2025-12-04 20:12:02:122 [Worker 20704] info: [REDISCLIENT] Worker 20704: Successfully connected to Redis.
2025-12-04 20:12:02:122 [Worker 20704] info: [GracefulShutdown] Обработчики для воркера 20704 инициализированы и ожидают команды от мастера.
2025-12-04 20:12:02:122 [Worker 20704] info: Worker 20704 started. WebSocket server running on port 3002
2025-12-04 20:12:02:122 [Worker 20704] info: [DBMANAGER] Worker 20704: Successfully identified with dbServer as gameserver-Hddkwe35fsvk_worker_20704
2025-12-04 20:12:02:122 [Worker 20704] info: [WeaponMechanicsStore] Weapon mechanics catalog received and cache has been built.
2025-12-04 20:12:02:122 [Worker 20704] info: [REDISSUBSCRIBER] Worker 20704: Subscribed to 'session-events' and 'session_control_events' channels.
2025-12-04 20:12:03:123 [Worker 21380] info: [DBMANAGER] Worker 21380: Connected to dbServer
2025-12-04 20:12:03:123 [Worker 21380] info: [DBMANAGER] Worker 21380: Identifying with unique ID: gameserver-Hddkwe35fsvk_worker_21380
2025-12-04 20:12:03:123 [Worker 21380] info: [REDISCLIENT] Worker 21380: Successfully connected to Redis.
2025-12-04 20:12:03:123 [Worker 21380] info: [GracefulShutdown] Обработчики для воркера 21380 инициализированы и ожидают команды от мастера.
2025-12-04 20:12:03:123 [Worker 21380] info: Worker 21380 started. WebSocket server running on port 3002
2025-12-04 20:12:03:123 [Worker 21380] info: [DBMANAGER] Worker 21380: Successfully identified with dbServer as gameserver-Hddkwe35fsvk_worker_21380
2025-12-04 20:12:03:123 [Worker 21380] info: [WeaponMechanicsStore] Weapon mechanics catalog received and cache has been built.
2025-12-04 20:12:03:123 [Worker 21380] info: [REDISSUBSCRIBER] Worker 21380: Subscribed to 'session-events' and 'session_control_events' channels.
2025-12-04 20:12:07:127 [Worker 19816] info: [DBMANAGER] Worker 19816: Connected to dbServer
2025-12-04 20:12:07:127 [Worker 19816] info: [DBMANAGER] Worker 19816: Identifying with unique ID: gameserver-Hddkwe35fsvk_worker_19816
2025-12-04 20:12:07:127 [Worker 19816] info: [REDISCLIENT] Worker 19816: Successfully connected to Redis.
2025-12-04 20:12:07:127 [Worker 19816] info: [GracefulShutdown] Обработчики для воркера 19816 инициализированы и ожидают команды от мастера.
2025-12-04 20:12:07:127 [Worker 19816] info: Worker 19816 started. WebSocket server running on port 3002
2025-12-04 20:12:07:127 [Worker 19816] info: [DBMANAGER] Worker 19816: Successfully identified with dbServer as gameserver-Hddkwe35fsvk_worker_19816
2025-12-04 20:12:07:127 [Worker 19816] info: [WeaponMechanicsStore] Weapon mechanics catalog received and cache has been built.
2025-12-04 20:12:07:127 [Worker 19816] info: [REDISSUBSCRIBER] Worker 19816: Subscribed to 'session-events' and 'session_control_events' channels.
2025-12-04 20:12:17:1217 [Worker 25108] info: [DBMANAGER] Worker 25108: Connected to dbServer
2025-12-04 20:12:17:1217 [Worker 25108] info: [DBMANAGER] Worker 25108: Identifying with unique ID: gameserver-Hddkwe35fsvk_worker_25108
2025-12-04 20:12:17:1217 [Worker 25108] info: [DBMANAGER] Worker 25108: Successfully identified with dbServer as gameserver-Hddkwe35fsvk_worker_25108
2025-12-04 20:12:17:1217 [Worker 25108] info: [WeaponMechanicsStore] Weapon mechanics catalog received and cache has been built.
2025-12-04 20:12:17:1217 [Worker 25108] info: [REDISCLIENT] Worker 25108: Successfully connected to Redis.
2025-12-04 20:12:17:1217 [Worker 25108] info: [GracefulShutdown] Обработчики для воркера 25108 инициализированы и ожидают команды от мастера.
2025-12-04 20:12:17:1217 [Worker 25108] info: Worker 25108 started. WebSocket server running on port 3002
2025-12-04 20:12:17:1217 [Worker 25108] info: [REDISSUBSCRIBER] Worker 25108: Subscribed to 'session-events' and 'session_control_events' channels.
2025-12-04 20:12:20:1220 [Worker 8956] info: [DBMANAGER] Worker 8956: Connected to dbServer
2025-12-04 20:12:20:1220 [Worker 8956] info: [DBMANAGER] Worker 8956: Identifying with unique ID: gameserver-Hddkwe35fsvk_worker_8956
2025-12-04 20:12:20:1220 [Worker 8956] info: [DBMANAGER] Worker 8956: Successfully identified with dbServer as gameserver-Hddkwe35fsvk_worker_8956
2025-12-04 20:12:20:1220 [Worker 8956] info: [WeaponMechanicsStore] Weapon mechanics catalog received and cache has been built.
2025-12-04 20:12:20:1220 [Worker 8956] info: [REDISCLIENT] Worker 8956: Successfully connected to Redis.
2025-12-04 20:12:20:1220 [Worker 8956] info: [GracefulShutdown] Обработчики для воркера 8956 инициализированы и ожидают команды от мастера.
2025-12-04 20:12:20:1220 [Worker 8956] info: Worker 8956 started. WebSocket server running on port 3002
2025-12-04 20:12:20:1220 [Worker 8956] info: [REDISSUBSCRIBER] Worker 8956: Subscribed to 'session-events' and 'session_control_events' channels.
2025-12-04 20:12:21:1221 [Worker 23456] info: [DBMANAGER] Worker 23456: Connected to dbServer
2025-12-04 20:12:21:1221 [Worker 23456] info: [DBMANAGER] Worker 23456: Identifying with unique ID: gameserver-Hddkwe35fsvk_worker_23456
2025-12-04 20:12:21:1221 [Worker 23456] info: [REDISCLIENT] Worker 23456: Successfully connected to Redis.
2025-12-04 20:12:21:1221 [Worker 23456] info: [GracefulShutdown] Обработчики для воркера 23456 инициализированы и ожидают команды от мастера.
2025-12-04 20:12:21:1221 [Worker 23456] info: Worker 23456 started. WebSocket server running on port 3002
2025-12-04 20:12:21:1221 [Worker 23456] info: [DBMANAGER] Worker 23456: Successfully identified with dbServer as gameserver-Hddkwe35fsvk_worker_23456
2025-12-04 20:12:21:1221 [Worker 23456] info: [WeaponMechanicsStore] Weapon mechanics catalog received and cache has been built.
2025-12-04 20:12:21:1221 [Worker 23456] info: [REDISSUBSCRIBER] Worker 23456: Subscribed to 'session-events' and 'session_control_events' channels.
2025-12-04 20:12:33:1233 [Worker 23044] info: [DBMANAGER] Worker 23044: Connected to dbServer
2025-12-04 20:12:33:1233 [Worker 23044] info: [DBMANAGER] Worker 23044: Identifying with unique ID: gameserver-Hddkwe35fsvk_worker_23044
2025-12-04 20:12:33:1233 [Worker 23044] info: [REDISCLIENT] Worker 23044: Successfully connected to Redis.
2025-12-04 20:12:33:1233 [Worker 23044] info: [GracefulShutdown] Обработчики для воркера 23044 инициализированы и ожидают команды от мастера.
2025-12-04 20:12:33:1233 [Worker 23044] info: Worker 23044 started. WebSocket server running on port 3002
2025-12-04 20:12:33:1233 [Worker 23044] info: [DBMANAGER] Worker 23044: Successfully identified with dbServer as gameserver-Hddkwe35fsvk_worker_23044
2025-12-04 20:12:33:1233 [Worker 23044] info: [WeaponMechanicsStore] Weapon mechanics catalog received and cache has been built.
2025-12-04 20:12:33:1233 [Worker 23044] info: [REDISSUBSCRIBER] Worker 23044: Subscribed to 'session-events' and 'session_control_events' channels.
2025-12-04 20:15:09:159 [Worker 23200] warn: Master process received SIGINT. Instructing all workers to shut down gracefully.
2025-12-04 20:15:09:159 [Worker 23200] warn: Worker 23456 exited during shutdown process.
2025-12-04 20:15:09:159 [Worker 23200] warn: Worker 3904 exited during shutdown process.
2025-12-04 20:15:09:159 [Worker 23200] warn: Worker 25108 exited during shutdown process.
2025-12-04 20:15:09:159 [Worker 23200] warn: Worker 8956 exited during shutdown process.
2025-12-04 20:15:09:159 [Worker 23200] warn: Worker 20704 exited during shutdown process.
2025-12-04 20:15:09:159 [Worker 23200] warn: Worker 23188 exited during shutdown process.
2025-12-04 20:15:09:159 [Worker 23200] warn: Worker 23044 exited during shutdown process.
2025-12-04 20:15:09:159 [Worker 23200] warn: Worker 21144 exited during shutdown process.
2025-12-04 20:15:09:159 [Worker 23200] warn: Worker 11932 exited during shutdown process.
2025-12-04 20:15:09:159 [Worker 23200] warn: Worker 21380 exited during shutdown process.
2025-12-04 20:15:09:159 [Worker 23200] warn: Worker 19816 exited during shutdown process.
2025-12-04 20:15:09:159 [Worker 23200] warn: Worker 24572 exited during shutdown process.
2025-12-04 20:15:54:1554 [Worker 20060] info: [ECS:EnergyRegenSystem] Initialized.
2025-12-04 20:15:54:1554 [Worker 20060] info: [ECS:ShieldRegenSystem] Initialized.
2025-12-04 20:15:54:1554 [Worker 20060] info: [LootIdManager] Initialized with 39 static items and pre-built dictionary.
2025-12-04 20:15:54:1554 [Worker 20060] info: [ECS:GeometryUpdateSystem] Initialized.
2025-12-04 20:15:54:1554 [Worker 20060] info: [ECS:CleanupSystem] Initialized. (Now simplified)
2025-12-04 20:15:54:1554 [Worker 20060] info: [ECS:PlayerWeaponSwitchSystem] Initialized.
2025-12-04 20:15:54:1554 [Worker 20060] info: [ECS:EnemySpawnRequestSystem] Initialized.
2025-12-04 20:15:54:1554 [Worker 20060] info: [ECS:BehaviorSystemV2] Initialized.
2025-12-04 20:15:54:1554 [Worker 20060] info: [ECS:CombatAISystem] Initialized.
2025-12-04 20:15:54:1554 [Worker 20060] info: [ECS:WeaponSwitchSystem] Initialized.
2025-12-04 20:15:54:1554 [Worker 20060] info: [ECS:StatusEffectSystem] Initialized.
2025-12-04 20:15:54:1554 [Worker 20060] info: [ECS:WeaponSystem] Initialized.
2025-12-04 20:15:54:1554 [Worker 20060] info: [ECS:MovementSystem] Initialized.
2025-12-04 20:15:54:1554 [Worker 20060] info: [ECS:EntitySimulationSystem] Initialized as the main simulation orchestrator.
2025-12-04 20:15:54:1554 [Worker 20060] info: [ECS:PlayerBoundarySystem] Initialized.
2025-12-04 20:15:54:1554 [Worker 20060] info: [ECS:BoundarySystem] Initialized.
2025-12-04 20:15:54:1554 [Worker 20060] info: [ECS:DestructionEventSystem] Initialized as the main destruction controller.
2025-12-04 20:15:54:1554 [Worker 20060] info: [ECS:CollisionDetectionSystem] Initialized. (Now unified)
2025-12-04 20:15:54:1554 [Worker 20060] info: [ECS:CollisionResolutionSystem] Initialized.
2025-12-04 20:15:54:1554 [Worker 20060] info: [ECS:HitValidationSystem] Initialized.
2025-12-04 20:15:54:1554 [Worker 20060] info: [ECS:HistorySystem] Initialized.
2025-12-04 20:15:54:1554 [Worker 20060] info: [ECS:BuffLifecycleSystem] Initialized.
2025-12-04 20:15:54:1554 [Worker 20060] info: [ECS:StatRecalculationSystem] Initialized.
2025-12-04 20:15:54:1554 [Worker 20060] info: [ECS:OnKillEffectSystem] Initialized.
2025-12-04 20:15:54:1554 [Worker 20060] info: [ECS:LootDropSystem] Initialized.
2025-12-04 20:15:54:1554 [Worker 20060] info: [ECS:SpawnSystem] Initialized.
2025-12-04 20:15:54:1554 [Worker 20060] info: [ECS:LifetimeSystem] Initialized.
2025-12-04 20:15:54:1554 [Worker 20060] info: [ECS:OffscreenCleanupSystem] Initialized.
2025-12-04 20:15:54:1554 [Worker 20060] info: Master process 20060 is running
2025-12-04 20:15:55:1555 [Worker 25864] info: [ECS:EnergyRegenSystem] Initialized.
2025-12-04 20:15:55:1555 [Worker 25864] info: [ECS:ShieldRegenSystem] Initialized.
2025-12-04 20:15:55:1555 [Worker 25864] info: [LootIdManager] Initialized with 39 static items and pre-built dictionary.
2025-12-04 20:15:55:1555 [Worker 25864] info: [ECS:GeometryUpdateSystem] Initialized.
2025-12-04 20:15:55:1555 [Worker 25864] info: [ECS:CleanupSystem] Initialized. (Now simplified)
2025-12-04 20:15:55:1555 [Worker 25864] info: [ECS:PlayerWeaponSwitchSystem] Initialized.
2025-12-04 20:15:55:1555 [Worker 25864] info: [ECS:EnemySpawnRequestSystem] Initialized.
2025-12-04 20:15:55:1555 [Worker 25864] info: [ECS:BehaviorSystemV2] Initialized.
2025-12-04 20:15:55:1555 [Worker 25864] info: [ECS:CombatAISystem] Initialized.
2025-12-04 20:15:55:1555 [Worker 25864] info: [ECS:WeaponSwitchSystem] Initialized.
2025-12-04 20:15:55:1555 [Worker 25864] info: [ECS:StatusEffectSystem] Initialized.
2025-12-04 20:15:55:1555 [Worker 25864] info: [ECS:WeaponSystem] Initialized.
2025-12-04 20:15:55:1555 [Worker 25864] info: [ECS:MovementSystem] Initialized.
2025-12-04 20:15:55:1555 [Worker 25864] info: [ECS:EntitySimulationSystem] Initialized as the main simulation orchestrator.
2025-12-04 20:15:55:1555 [Worker 25864] info: [ECS:PlayerBoundarySystem] Initialized.
2025-12-04 20:15:55:1555 [Worker 25864] info: [ECS:BoundarySystem] Initialized.
2025-12-04 20:15:55:1555 [Worker 25864] info: [ECS:DestructionEventSystem] Initialized as the main destruction controller.
2025-12-04 20:15:55:1555 [Worker 25864] info: [ECS:CollisionDetectionSystem] Initialized. (Now unified)
2025-12-04 20:15:55:1555 [Worker 25864] info: [ECS:CollisionResolutionSystem] Initialized.
2025-12-04 20:15:55:1555 [Worker 25864] info: [ECS:HitValidationSystem] Initialized.
2025-12-04 20:15:55:1555 [Worker 25864] info: [ECS:HistorySystem] Initialized.
2025-12-04 20:15:55:1555 [Worker 25864] info: [ECS:BuffLifecycleSystem] Initialized.
2025-12-04 20:15:55:1555 [Worker 25864] info: [ECS:StatRecalculationSystem] Initialized.
2025-12-04 20:15:55:1555 [Worker 25864] info: [ECS:OnKillEffectSystem] Initialized.
2025-12-04 20:15:55:1555 [Worker 25864] info: [ECS:LootDropSystem] Initialized.
2025-12-04 20:15:55:1555 [Worker 25864] info: [ECS:SpawnSystem] Initialized.
2025-12-04 20:15:55:1555 [Worker 25864] info: [ECS:LifetimeSystem] Initialized.
2025-12-04 20:15:55:1555 [Worker 25864] info: [ECS:OffscreenCleanupSystem] Initialized.
2025-12-04 20:15:57:1557 [Worker 20464] info: [ECS:EnergyRegenSystem] Initialized.
2025-12-04 20:15:57:1557 [Worker 20464] info: [ECS:ShieldRegenSystem] Initialized.
2025-12-04 20:15:57:1557 [Worker 20464] info: [LootIdManager] Initialized with 39 static items and pre-built dictionary.
2025-12-04 20:15:57:1557 [Worker 20464] info: [ECS:GeometryUpdateSystem] Initialized.
2025-12-04 20:15:57:1557 [Worker 20464] info: [ECS:CleanupSystem] Initialized. (Now simplified)
2025-12-04 20:15:57:1557 [Worker 20464] info: [ECS:PlayerWeaponSwitchSystem] Initialized.
2025-12-04 20:15:57:1557 [Worker 20464] info: [ECS:EnemySpawnRequestSystem] Initialized.
2025-12-04 20:15:57:1557 [Worker 20464] info: [ECS:BehaviorSystemV2] Initialized.
2025-12-04 20:15:57:1557 [Worker 20464] info: [ECS:CombatAISystem] Initialized.
2025-12-04 20:15:57:1557 [Worker 20464] info: [ECS:WeaponSwitchSystem] Initialized.
2025-12-04 20:15:57:1557 [Worker 20464] info: [ECS:StatusEffectSystem] Initialized.
2025-12-04 20:15:57:1557 [Worker 20464] info: [ECS:WeaponSystem] Initialized.
2025-12-04 20:15:57:1557 [Worker 20464] info: [ECS:MovementSystem] Initialized.
2025-12-04 20:15:57:1557 [Worker 20464] info: [ECS:EntitySimulationSystem] Initialized as the main simulation orchestrator.
2025-12-04 20:15:57:1557 [Worker 20464] info: [ECS:PlayerBoundarySystem] Initialized.
2025-12-04 20:15:57:1557 [Worker 20464] info: [ECS:BoundarySystem] Initialized.
2025-12-04 20:15:57:1557 [Worker 20464] info: [ECS:DestructionEventSystem] Initialized as the main destruction controller.
2025-12-04 20:15:57:1557 [Worker 20464] info: [ECS:CollisionDetectionSystem] Initialized. (Now unified)
2025-12-04 20:15:57:1557 [Worker 20464] info: [ECS:CollisionResolutionSystem] Initialized.
2025-12-04 20:15:57:1557 [Worker 20464] info: [ECS:HitValidationSystem] Initialized.
2025-12-04 20:15:57:1557 [Worker 20464] info: [ECS:HistorySystem] Initialized.
2025-12-04 20:15:57:1557 [Worker 20464] info: [ECS:BuffLifecycleSystem] Initialized.
2025-12-04 20:15:57:1557 [Worker 20464] info: [ECS:StatRecalculationSystem] Initialized.
2025-12-04 20:15:57:1557 [Worker 20464] info: [ECS:OnKillEffectSystem] Initialized.
2025-12-04 20:15:57:1557 [Worker 20464] info: [ECS:LootDropSystem] Initialized.
2025-12-04 20:15:57:1557 [Worker 20464] info: [ECS:SpawnSystem] Initialized.
2025-12-04 20:15:57:1557 [Worker 20464] info: [ECS:LifetimeSystem] Initialized.
2025-12-04 20:15:57:1557 [Worker 20464] info: [ECS:OffscreenCleanupSystem] Initialized.
2025-12-04 20:15:59:1559 [Worker 16264] info: [ECS:EnergyRegenSystem] Initialized.
2025-12-04 20:15:59:1559 [Worker 16264] info: [ECS:ShieldRegenSystem] Initialized.
2025-12-04 20:15:59:1559 [Worker 16264] info: [LootIdManager] Initialized with 39 static items and pre-built dictionary.
2025-12-04 20:15:59:1559 [Worker 16264] info: [ECS:GeometryUpdateSystem] Initialized.
2025-12-04 20:15:59:1559 [Worker 16264] info: [ECS:CleanupSystem] Initialized. (Now simplified)
2025-12-04 20:15:59:1559 [Worker 16264] info: [ECS:PlayerWeaponSwitchSystem] Initialized.
2025-12-04 20:15:59:1559 [Worker 16264] info: [ECS:EnemySpawnRequestSystem] Initialized.
2025-12-04 20:15:59:1559 [Worker 16264] info: [ECS:BehaviorSystemV2] Initialized.
2025-12-04 20:15:59:1559 [Worker 16264] info: [ECS:CombatAISystem] Initialized.
2025-12-04 20:15:59:1559 [Worker 16264] info: [ECS:WeaponSwitchSystem] Initialized.
2025-12-04 20:15:59:1559 [Worker 16264] info: [ECS:StatusEffectSystem] Initialized.
2025-12-04 20:15:59:1559 [Worker 16264] info: [ECS:WeaponSystem] Initialized.
2025-12-04 20:15:59:1559 [Worker 16264] info: [ECS:MovementSystem] Initialized.
2025-12-04 20:15:59:1559 [Worker 16264] info: [ECS:EntitySimulationSystem] Initialized as the main simulation orchestrator.
2025-12-04 20:15:59:1559 [Worker 16264] info: [ECS:PlayerBoundarySystem] Initialized.
2025-12-04 20:15:59:1559 [Worker 16264] info: [ECS:BoundarySystem] Initialized.
2025-12-04 20:15:59:1559 [Worker 16264] info: [ECS:DestructionEventSystem] Initialized as the main destruction controller.
2025-12-04 20:15:59:1559 [Worker 16264] info: [ECS:CollisionDetectionSystem] Initialized. (Now unified)
2025-12-04 20:15:59:1559 [Worker 16264] info: [ECS:CollisionResolutionSystem] Initialized.
2025-12-04 20:15:59:1559 [Worker 16264] info: [ECS:HitValidationSystem] Initialized.
2025-12-04 20:15:59:1559 [Worker 16264] info: [ECS:HistorySystem] Initialized.
2025-12-04 20:15:59:1559 [Worker 16264] info: [ECS:BuffLifecycleSystem] Initialized.
2025-12-04 20:15:59:1559 [Worker 16264] info: [ECS:StatRecalculationSystem] Initialized.
2025-12-04 20:15:59:1559 [Worker 16264] info: [ECS:OnKillEffectSystem] Initialized.
2025-12-04 20:15:59:1559 [Worker 16264] info: [ECS:LootDropSystem] Initialized.
2025-12-04 20:15:59:1559 [Worker 16264] info: [ECS:SpawnSystem] Initialized.
2025-12-04 20:15:59:1559 [Worker 16264] info: [ECS:LifetimeSystem] Initialized.
2025-12-04 20:15:59:1559 [Worker 16264] info: [ECS:OffscreenCleanupSystem] Initialized.
2025-12-04 20:16:00:160 [Worker 20464] info: [DBMANAGER] Worker 20464: Connected to dbServer
2025-12-04 20:16:00:160 [Worker 20464] info: [DBMANAGER] Worker 20464: Identifying with unique ID: gameserver-Hddkwe35fsvk_worker_20464
2025-12-04 20:16:00:160 [Worker 20464] info: [REDISCLIENT] Worker 20464: Successfully connected to Redis.
2025-12-04 20:16:00:160 [Worker 20464] info: [GracefulShutdown] Обработчики для воркера 20464 инициализированы и ожидают команды от мастера.
2025-12-04 20:16:00:160 [Worker 20464] info: Worker 20464 started. WebSocket server running on port 3002
2025-12-04 20:16:00:160 [Worker 20464] info: [DBMANAGER] Worker 20464: Successfully identified with dbServer as gameserver-Hddkwe35fsvk_worker_20464
2025-12-04 20:16:00:160 [Worker 20464] info: [WeaponMechanicsStore] Weapon mechanics catalog received and cache has been built.
2025-12-04 20:16:00:160 [Worker 20464] info: [REDISSUBSCRIBER] Worker 20464: Subscribed to 'session-events' and 'session_control_events' channels.
2025-12-04 20:16:00:160 [Worker 16264] info: [DBMANAGER] Worker 16264: Connected to dbServer
2025-12-04 20:16:00:160 [Worker 16264] info: [DBMANAGER] Worker 16264: Identifying with unique ID: gameserver-Hddkwe35fsvk_worker_16264
2025-12-04 20:16:00:160 [Worker 16264] info: [REDISCLIENT] Worker 16264: Successfully connected to Redis.
2025-12-04 20:16:00:160 [Worker 16264] info: [GracefulShutdown] Обработчики для воркера 16264 инициализированы и ожидают команды от мастера.
2025-12-04 20:16:00:160 [Worker 16264] info: Worker 16264 started. WebSocket server running on port 3002
2025-12-04 20:16:00:160 [Worker 16264] info: [DBMANAGER] Worker 16264: Successfully identified with dbServer as gameserver-Hddkwe35fsvk_worker_16264
2025-12-04 20:16:00:160 [Worker 16264] info: [WeaponMechanicsStore] Weapon mechanics catalog received and cache has been built.
2025-12-04 20:16:00:160 [Worker 16264] info: [REDISSUBSCRIBER] Worker 16264: Subscribed to 'session-events' and 'session_control_events' channels.
2025-12-04 20:16:01:161 [Worker 24000] info: [ECS:EnergyRegenSystem] Initialized.
2025-12-04 20:16:01:161 [Worker 24000] info: [ECS:ShieldRegenSystem] Initialized.
2025-12-04 20:16:01:161 [Worker 24000] info: [LootIdManager] Initialized with 39 static items and pre-built dictionary.
2025-12-04 20:16:01:161 [Worker 24000] info: [ECS:GeometryUpdateSystem] Initialized.
2025-12-04 20:16:01:161 [Worker 24000] info: [ECS:CleanupSystem] Initialized. (Now simplified)
2025-12-04 20:16:01:161 [Worker 24000] info: [ECS:PlayerWeaponSwitchSystem] Initialized.
2025-12-04 20:16:01:161 [Worker 24000] info: [ECS:EnemySpawnRequestSystem] Initialized.
2025-12-04 20:16:01:161 [Worker 24000] info: [ECS:BehaviorSystemV2] Initialized.
2025-12-04 20:16:01:161 [Worker 24000] info: [ECS:CombatAISystem] Initialized.
2025-12-04 20:16:01:161 [Worker 24000] info: [ECS:WeaponSwitchSystem] Initialized.
2025-12-04 20:16:01:161 [Worker 24000] info: [ECS:StatusEffectSystem] Initialized.
2025-12-04 20:16:01:161 [Worker 24000] info: [ECS:WeaponSystem] Initialized.
2025-12-04 20:16:01:161 [Worker 24000] info: [ECS:MovementSystem] Initialized.
2025-12-04 20:16:01:161 [Worker 24000] info: [ECS:EntitySimulationSystem] Initialized as the main simulation orchestrator.
2025-12-04 20:16:01:161 [Worker 24000] info: [ECS:PlayerBoundarySystem] Initialized.
2025-12-04 20:16:01:161 [Worker 24000] info: [ECS:BoundarySystem] Initialized.
2025-12-04 20:16:01:161 [Worker 24000] info: [ECS:DestructionEventSystem] Initialized as the main destruction controller.
2025-12-04 20:16:01:161 [Worker 24000] info: [ECS:CollisionDetectionSystem] Initialized. (Now unified)
2025-12-04 20:16:01:161 [Worker 24000] info: [ECS:CollisionResolutionSystem] Initialized.
2025-12-04 20:16:01:161 [Worker 24000] info: [ECS:HitValidationSystem] Initialized.
2025-12-04 20:16:01:161 [Worker 24000] info: [ECS:HistorySystem] Initialized.
2025-12-04 20:16:01:161 [Worker 24000] info: [ECS:BuffLifecycleSystem] Initialized.
2025-12-04 20:16:01:161 [Worker 24000] info: [ECS:StatRecalculationSystem] Initialized.
2025-12-04 20:16:01:161 [Worker 24000] info: [ECS:OnKillEffectSystem] Initialized.
2025-12-04 20:16:01:161 [Worker 24000] info: [ECS:LootDropSystem] Initialized.
2025-12-04 20:16:01:161 [Worker 24000] info: [ECS:SpawnSystem] Initialized.
2025-12-04 20:16:01:161 [Worker 24000] info: [ECS:LifetimeSystem] Initialized.
2025-12-04 20:16:01:161 [Worker 24000] info: [ECS:OffscreenCleanupSystem] Initialized.
2025-12-04 20:16:02:162 [Worker 24000] info: [DBMANAGER] Worker 24000: Connected to dbServer
2025-12-04 20:16:02:162 [Worker 24000] info: [DBMANAGER] Worker 24000: Identifying with unique ID: gameserver-Hddkwe35fsvk_worker_24000
2025-12-04 20:16:02:162 [Worker 24000] info: [REDISCLIENT] Worker 24000: Successfully connected to Redis.
2025-12-04 20:16:02:162 [Worker 24000] info: [GracefulShutdown] Обработчики для воркера 24000 инициализированы и ожидают команды от мастера.
2025-12-04 20:16:02:162 [Worker 24000] info: Worker 24000 started. WebSocket server running on port 3002
2025-12-04 20:16:02:162 [Worker 24000] info: [DBMANAGER] Worker 24000: Successfully identified with dbServer as gameserver-Hddkwe35fsvk_worker_24000
2025-12-04 20:16:02:162 [Worker 24000] info: [WeaponMechanicsStore] Weapon mechanics catalog received and cache has been built.
2025-12-04 20:16:02:162 [Worker 24000] info: [REDISSUBSCRIBER] Worker 24000: Subscribed to 'session-events' and 'session_control_events' channels.
2025-12-04 20:16:03:163 [Worker 26284] info: [ECS:EnergyRegenSystem] Initialized.
2025-12-04 20:16:03:163 [Worker 26284] info: [ECS:ShieldRegenSystem] Initialized.
2025-12-04 20:16:03:163 [Worker 26284] info: [LootIdManager] Initialized with 39 static items and pre-built dictionary.
2025-12-04 20:16:03:163 [Worker 26284] info: [ECS:GeometryUpdateSystem] Initialized.
2025-12-04 20:16:03:163 [Worker 26284] info: [ECS:CleanupSystem] Initialized. (Now simplified)
2025-12-04 20:16:03:163 [Worker 26284] info: [ECS:PlayerWeaponSwitchSystem] Initialized.
2025-12-04 20:16:03:163 [Worker 26284] info: [ECS:EnemySpawnRequestSystem] Initialized.
2025-12-04 20:16:03:163 [Worker 26284] info: [ECS:BehaviorSystemV2] Initialized.
2025-12-04 20:16:03:163 [Worker 26284] info: [ECS:CombatAISystem] Initialized.
2025-12-04 20:16:03:163 [Worker 26284] info: [ECS:WeaponSwitchSystem] Initialized.
2025-12-04 20:16:03:163 [Worker 26284] info: [ECS:StatusEffectSystem] Initialized.
2025-12-04 20:16:03:163 [Worker 26284] info: [ECS:WeaponSystem] Initialized.
2025-12-04 20:16:03:163 [Worker 26284] info: [ECS:MovementSystem] Initialized.
2025-12-04 20:16:03:163 [Worker 26284] info: [ECS:EntitySimulationSystem] Initialized as the main simulation orchestrator.
2025-12-04 20:16:03:163 [Worker 26284] info: [ECS:PlayerBoundarySystem] Initialized.
2025-12-04 20:16:03:163 [Worker 26284] info: [ECS:BoundarySystem] Initialized.
2025-12-04 20:16:03:163 [Worker 26284] info: [ECS:DestructionEventSystem] Initialized as the main destruction controller.
2025-12-04 20:16:03:163 [Worker 26284] info: [ECS:CollisionDetectionSystem] Initialized. (Now unified)
2025-12-04 20:16:03:163 [Worker 26284] info: [ECS:CollisionResolutionSystem] Initialized.
2025-12-04 20:16:03:163 [Worker 26284] info: [ECS:HitValidationSystem] Initialized.
2025-12-04 20:16:03:163 [Worker 26284] info: [ECS:HistorySystem] Initialized.
2025-12-04 20:16:03:163 [Worker 26284] info: [ECS:BuffLifecycleSystem] Initialized.
2025-12-04 20:16:03:163 [Worker 26284] info: [ECS:StatRecalculationSystem] Initialized.
2025-12-04 20:16:03:163 [Worker 26284] info: [ECS:OnKillEffectSystem] Initialized.
2025-12-04 20:16:03:163 [Worker 26284] info: [ECS:LootDropSystem] Initialized.
2025-12-04 20:16:03:163 [Worker 26284] info: [ECS:SpawnSystem] Initialized.
2025-12-04 20:16:03:163 [Worker 26284] info: [ECS:LifetimeSystem] Initialized.
2025-12-04 20:16:03:163 [Worker 26284] info: [ECS:OffscreenCleanupSystem] Initialized.
2025-12-04 20:16:05:165 [Worker 26284] info: [DBMANAGER] Worker 26284: Connected to dbServer
2025-12-04 20:16:05:165 [Worker 26284] info: [DBMANAGER] Worker 26284: Identifying with unique ID: gameserver-Hddkwe35fsvk_worker_26284
2025-12-04 20:16:05:165 [Worker 26284] info: [DBMANAGER] Worker 26284: Successfully identified with dbServer as gameserver-Hddkwe35fsvk_worker_26284
2025-12-04 20:16:05:165 [Worker 26284] info: [WeaponMechanicsStore] Weapon mechanics catalog received and cache has been built.
2025-12-04 20:16:05:165 [Worker 26284] info: [REDISCLIENT] Worker 26284: Successfully connected to Redis.
2025-12-04 20:16:05:165 [Worker 26284] info: [GracefulShutdown] Обработчики для воркера 26284 инициализированы и ожидают команды от мастера.
2025-12-04 20:16:05:165 [Worker 26284] info: Worker 26284 started. WebSocket server running on port 3002
2025-12-04 20:16:05:165 [Worker 26284] info: [REDISSUBSCRIBER] Worker 26284: Subscribed to 'session-events' and 'session_control_events' channels.
2025-12-04 20:16:05:165 [Worker 21684] info: [ECS:EnergyRegenSystem] Initialized.
2025-12-04 20:16:05:165 [Worker 21684] info: [ECS:ShieldRegenSystem] Initialized.
2025-12-04 20:16:05:165 [Worker 21684] info: [LootIdManager] Initialized with 39 static items and pre-built dictionary.
2025-12-04 20:16:05:165 [Worker 21684] info: [ECS:GeometryUpdateSystem] Initialized.
2025-12-04 20:16:05:165 [Worker 21684] info: [ECS:CleanupSystem] Initialized. (Now simplified)
2025-12-04 20:16:05:165 [Worker 21684] info: [ECS:PlayerWeaponSwitchSystem] Initialized.
2025-12-04 20:16:05:165 [Worker 21684] info: [ECS:EnemySpawnRequestSystem] Initialized.
2025-12-04 20:16:05:165 [Worker 21684] info: [ECS:BehaviorSystemV2] Initialized.
2025-12-04 20:16:05:165 [Worker 21684] info: [ECS:CombatAISystem] Initialized.
2025-12-04 20:16:05:165 [Worker 21684] info: [ECS:WeaponSwitchSystem] Initialized.
2025-12-04 20:16:05:165 [Worker 21684] info: [ECS:StatusEffectSystem] Initialized.
2025-12-04 20:16:05:165 [Worker 21684] info: [ECS:WeaponSystem] Initialized.
2025-12-04 20:16:05:165 [Worker 21684] info: [ECS:MovementSystem] Initialized.
2025-12-04 20:16:05:165 [Worker 21684] info: [ECS:EntitySimulationSystem] Initialized as the main simulation orchestrator.
2025-12-04 20:16:05:165 [Worker 21684] info: [ECS:PlayerBoundarySystem] Initialized.
2025-12-04 20:16:05:165 [Worker 21684] info: [ECS:BoundarySystem] Initialized.
2025-12-04 20:16:05:165 [Worker 21684] info: [ECS:DestructionEventSystem] Initialized as the main destruction controller.
2025-12-04 20:16:05:165 [Worker 21684] info: [ECS:CollisionDetectionSystem] Initialized. (Now unified)
2025-12-04 20:16:05:165 [Worker 21684] info: [ECS:CollisionResolutionSystem] Initialized.
2025-12-04 20:16:05:165 [Worker 21684] info: [ECS:HitValidationSystem] Initialized.
2025-12-04 20:16:05:165 [Worker 21684] info: [ECS:HistorySystem] Initialized.
2025-12-04 20:16:05:165 [Worker 21684] info: [ECS:BuffLifecycleSystem] Initialized.
2025-12-04 20:16:05:165 [Worker 21684] info: [ECS:StatRecalculationSystem] Initialized.
2025-12-04 20:16:05:165 [Worker 21684] info: [ECS:OnKillEffectSystem] Initialized.
2025-12-04 20:16:05:165 [Worker 21684] info: [ECS:LootDropSystem] Initialized.
2025-12-04 20:16:05:165 [Worker 21684] info: [ECS:SpawnSystem] Initialized.
2025-12-04 20:16:05:165 [Worker 21684] info: [ECS:LifetimeSystem] Initialized.
2025-12-04 20:16:05:165 [Worker 21684] info: [ECS:OffscreenCleanupSystem] Initialized.
2025-12-04 20:16:07:167 [Worker 11944] info: [ECS:EnergyRegenSystem] Initialized.
2025-12-04 20:16:07:167 [Worker 11944] info: [ECS:ShieldRegenSystem] Initialized.
2025-12-04 20:16:07:167 [Worker 11944] info: [LootIdManager] Initialized with 39 static items and pre-built dictionary.
2025-12-04 20:16:07:167 [Worker 11944] info: [ECS:GeometryUpdateSystem] Initialized.
2025-12-04 20:16:07:167 [Worker 11944] info: [ECS:CleanupSystem] Initialized. (Now simplified)
2025-12-04 20:16:07:167 [Worker 11944] info: [ECS:PlayerWeaponSwitchSystem] Initialized.
2025-12-04 20:16:07:167 [Worker 11944] info: [ECS:EnemySpawnRequestSystem] Initialized.
2025-12-04 20:16:07:167 [Worker 11944] info: [ECS:BehaviorSystemV2] Initialized.
2025-12-04 20:16:07:167 [Worker 11944] info: [ECS:CombatAISystem] Initialized.
2025-12-04 20:16:07:167 [Worker 11944] info: [ECS:WeaponSwitchSystem] Initialized.
2025-12-04 20:16:07:167 [Worker 11944] info: [ECS:StatusEffectSystem] Initialized.
2025-12-04 20:16:07:167 [Worker 11944] info: [ECS:WeaponSystem] Initialized.
2025-12-04 20:16:07:167 [Worker 11944] info: [ECS:MovementSystem] Initialized.
2025-12-04 20:16:07:167 [Worker 11944] info: [ECS:EntitySimulationSystem] Initialized as the main simulation orchestrator.
2025-12-04 20:16:07:167 [Worker 11944] info: [ECS:PlayerBoundarySystem] Initialized.
2025-12-04 20:16:07:167 [Worker 11944] info: [ECS:BoundarySystem] Initialized.
2025-12-04 20:16:07:167 [Worker 11944] info: [ECS:DestructionEventSystem] Initialized as the main destruction controller.
2025-12-04 20:16:07:167 [Worker 11944] info: [ECS:CollisionDetectionSystem] Initialized. (Now unified)
2025-12-04 20:16:07:167 [Worker 11944] info: [ECS:CollisionResolutionSystem] Initialized.
2025-12-04 20:16:07:167 [Worker 11944] info: [ECS:HitValidationSystem] Initialized.
2025-12-04 20:16:07:167 [Worker 11944] info: [ECS:HistorySystem] Initialized.
2025-12-04 20:16:07:167 [Worker 11944] info: [ECS:BuffLifecycleSystem] Initialized.
2025-12-04 20:16:07:167 [Worker 11944] info: [ECS:StatRecalculationSystem] Initialized.
2025-12-04 20:16:07:167 [Worker 11944] info: [ECS:OnKillEffectSystem] Initialized.
2025-12-04 20:16:07:167 [Worker 11944] info: [ECS:LootDropSystem] Initialized.
2025-12-04 20:16:07:167 [Worker 11944] info: [ECS:SpawnSystem] Initialized.
2025-12-04 20:16:07:167 [Worker 11944] info: [ECS:LifetimeSystem] Initialized.
2025-12-04 20:16:07:167 [Worker 11944] info: [ECS:OffscreenCleanupSystem] Initialized.
2025-12-04 20:16:07:167 [Worker 25864] info: [DBMANAGER] Worker 25864: Connected to dbServer
2025-12-04 20:16:07:167 [Worker 25864] info: [DBMANAGER] Worker 25864: Identifying with unique ID: gameserver-Hddkwe35fsvk_worker_25864
2025-12-04 20:16:07:167 [Worker 25864] info: [REDISCLIENT] Worker 25864: Successfully connected to Redis.
2025-12-04 20:16:07:167 [Worker 25864] info: [GracefulShutdown] Обработчики для воркера 25864 инициализированы и ожидают команды от мастера.
2025-12-04 20:16:07:167 [Worker 25864] info: Worker 25864 started. WebSocket server running on port 3002
2025-12-04 20:16:07:167 [Worker 25864] info: [DBMANAGER] Worker 25864: Successfully identified with dbServer as gameserver-Hddkwe35fsvk_worker_25864
2025-12-04 20:16:07:167 [Worker 25864] info: [WeaponMechanicsStore] Weapon mechanics catalog received and cache has been built.
2025-12-04 20:16:07:167 [Worker 25864] info: [REDISSUBSCRIBER] Worker 25864: Subscribed to 'session-events' and 'session_control_events' channels.
2025-12-04 20:16:09:169 [Worker 5304] info: [ECS:EnergyRegenSystem] Initialized.
2025-12-04 20:16:09:169 [Worker 5304] info: [ECS:ShieldRegenSystem] Initialized.
2025-12-04 20:16:09:169 [Worker 5304] info: [LootIdManager] Initialized with 39 static items and pre-built dictionary.
2025-12-04 20:16:09:169 [Worker 5304] info: [ECS:GeometryUpdateSystem] Initialized.
2025-12-04 20:16:09:169 [Worker 5304] info: [ECS:CleanupSystem] Initialized. (Now simplified)
2025-12-04 20:16:09:169 [Worker 5304] info: [ECS:PlayerWeaponSwitchSystem] Initialized.
2025-12-04 20:16:09:169 [Worker 5304] info: [ECS:EnemySpawnRequestSystem] Initialized.
2025-12-04 20:16:09:169 [Worker 5304] info: [ECS:BehaviorSystemV2] Initialized.
2025-12-04 20:16:09:169 [Worker 5304] info: [ECS:CombatAISystem] Initialized.
2025-12-04 20:16:09:169 [Worker 5304] info: [ECS:WeaponSwitchSystem] Initialized.
2025-12-04 20:16:09:169 [Worker 5304] info: [ECS:StatusEffectSystem] Initialized.
2025-12-04 20:16:09:169 [Worker 5304] info: [ECS:WeaponSystem] Initialized.
2025-12-04 20:16:09:169 [Worker 5304] info: [ECS:MovementSystem] Initialized.
2025-12-04 20:16:09:169 [Worker 5304] info: [ECS:EntitySimulationSystem] Initialized as the main simulation orchestrator.
2025-12-04 20:16:09:169 [Worker 5304] info: [ECS:PlayerBoundarySystem] Initialized.
2025-12-04 20:16:09:169 [Worker 5304] info: [ECS:BoundarySystem] Initialized.
2025-12-04 20:16:09:169 [Worker 5304] info: [ECS:DestructionEventSystem] Initialized as the main destruction controller.
2025-12-04 20:16:09:169 [Worker 5304] info: [ECS:CollisionDetectionSystem] Initialized. (Now unified)
2025-12-04 20:16:09:169 [Worker 5304] info: [ECS:CollisionResolutionSystem] Initialized.
2025-12-04 20:16:09:169 [Worker 5304] info: [ECS:HitValidationSystem] Initialized.
2025-12-04 20:16:09:169 [Worker 5304] info: [ECS:HistorySystem] Initialized.
2025-12-04 20:16:09:169 [Worker 5304] info: [ECS:BuffLifecycleSystem] Initialized.
2025-12-04 20:16:09:169 [Worker 5304] info: [ECS:StatRecalculationSystem] Initialized.
2025-12-04 20:16:09:169 [Worker 5304] info: [ECS:OnKillEffectSystem] Initialized.
2025-12-04 20:16:09:169 [Worker 5304] info: [ECS:LootDropSystem] Initialized.
2025-12-04 20:16:09:169 [Worker 5304] info: [ECS:SpawnSystem] Initialized.
2025-12-04 20:16:09:169 [Worker 5304] info: [ECS:LifetimeSystem] Initialized.
2025-12-04 20:16:09:169 [Worker 5304] info: [ECS:OffscreenCleanupSystem] Initialized.
2025-12-04 20:16:09:169 [Worker 11944] info: [DBMANAGER] Worker 11944: Connected to dbServer
2025-12-04 20:16:09:169 [Worker 11944] info: [DBMANAGER] Worker 11944: Identifying with unique ID: gameserver-Hddkwe35fsvk_worker_11944
2025-12-04 20:16:09:169 [Worker 11944] info: [DBMANAGER] Worker 11944: Successfully identified with dbServer as gameserver-Hddkwe35fsvk_worker_11944
2025-12-04 20:16:09:169 [Worker 11944] info: [WeaponMechanicsStore] Weapon mechanics catalog received and cache has been built.
2025-12-04 20:16:09:169 [Worker 11944] info: [REDISCLIENT] Worker 11944: Successfully connected to Redis.
2025-12-04 20:16:09:169 [Worker 11944] info: [GracefulShutdown] Обработчики для воркера 11944 инициализированы и ожидают команды от мастера.
2025-12-04 20:16:09:169 [Worker 11944] info: Worker 11944 started. WebSocket server running on port 3002
2025-12-04 20:16:09:169 [Worker 11944] info: [REDISSUBSCRIBER] Worker 11944: Subscribed to 'session-events' and 'session_control_events' channels.
2025-12-04 20:16:11:1611 [Worker 18444] info: [ECS:EnergyRegenSystem] Initialized.
2025-12-04 20:16:11:1611 [Worker 18444] info: [ECS:ShieldRegenSystem] Initialized.
2025-12-04 20:16:11:1611 [Worker 18444] info: [LootIdManager] Initialized with 39 static items and pre-built dictionary.
2025-12-04 20:16:11:1611 [Worker 18444] info: [ECS:GeometryUpdateSystem] Initialized.
2025-12-04 20:16:11:1611 [Worker 18444] info: [ECS:CleanupSystem] Initialized. (Now simplified)
2025-12-04 20:16:11:1611 [Worker 18444] info: [ECS:PlayerWeaponSwitchSystem] Initialized.
2025-12-04 20:16:11:1611 [Worker 18444] info: [ECS:EnemySpawnRequestSystem] Initialized.
2025-12-04 20:16:11:1611 [Worker 18444] info: [ECS:BehaviorSystemV2] Initialized.
2025-12-04 20:16:11:1611 [Worker 18444] info: [ECS:CombatAISystem] Initialized.
2025-12-04 20:16:11:1611 [Worker 18444] info: [ECS:WeaponSwitchSystem] Initialized.
2025-12-04 20:16:11:1611 [Worker 18444] info: [ECS:StatusEffectSystem] Initialized.
2025-12-04 20:16:11:1611 [Worker 18444] info: [ECS:WeaponSystem] Initialized.
2025-12-04 20:16:11:1611 [Worker 18444] info: [ECS:MovementSystem] Initialized.
2025-12-04 20:16:11:1611 [Worker 18444] info: [ECS:EntitySimulationSystem] Initialized as the main simulation orchestrator.
2025-12-04 20:16:11:1611 [Worker 18444] info: [ECS:PlayerBoundarySystem] Initialized.
2025-12-04 20:16:11:1611 [Worker 18444] info: [ECS:BoundarySystem] Initialized.
2025-12-04 20:16:11:1611 [Worker 18444] info: [ECS:DestructionEventSystem] Initialized as the main destruction controller.
2025-12-04 20:16:11:1611 [Worker 18444] info: [ECS:CollisionDetectionSystem] Initialized. (Now unified)
2025-12-04 20:16:11:1611 [Worker 18444] info: [ECS:CollisionResolutionSystem] Initialized.
2025-12-04 20:16:11:1611 [Worker 18444] info: [ECS:HitValidationSystem] Initialized.
2025-12-04 20:16:11:1611 [Worker 18444] info: [ECS:HistorySystem] Initialized.
2025-12-04 20:16:11:1611 [Worker 18444] info: [ECS:BuffLifecycleSystem] Initialized.
2025-12-04 20:16:11:1611 [Worker 18444] info: [ECS:StatRecalculationSystem] Initialized.
2025-12-04 20:16:11:1611 [Worker 18444] info: [ECS:OnKillEffectSystem] Initialized.
2025-12-04 20:16:11:1611 [Worker 18444] info: [ECS:LootDropSystem] Initialized.
2025-12-04 20:16:11:1611 [Worker 18444] info: [ECS:SpawnSystem] Initialized.
2025-12-04 20:16:11:1611 [Worker 18444] info: [ECS:LifetimeSystem] Initialized.
2025-12-04 20:16:11:1611 [Worker 18444] info: [ECS:OffscreenCleanupSystem] Initialized.
2025-12-04 20:16:13:1613 [Worker 23588] info: [ECS:EnergyRegenSystem] Initialized.
2025-12-04 20:16:13:1613 [Worker 23588] info: [ECS:ShieldRegenSystem] Initialized.
2025-12-04 20:16:13:1613 [Worker 23588] info: [LootIdManager] Initialized with 39 static items and pre-built dictionary.
2025-12-04 20:16:13:1613 [Worker 23588] info: [ECS:GeometryUpdateSystem] Initialized.
2025-12-04 20:16:13:1613 [Worker 23588] info: [ECS:CleanupSystem] Initialized. (Now simplified)
2025-12-04 20:16:13:1613 [Worker 23588] info: [ECS:PlayerWeaponSwitchSystem] Initialized.
2025-12-04 20:16:13:1613 [Worker 23588] info: [ECS:EnemySpawnRequestSystem] Initialized.
2025-12-04 20:16:13:1613 [Worker 23588] info: [ECS:BehaviorSystemV2] Initialized.
2025-12-04 20:16:13:1613 [Worker 23588] info: [ECS:CombatAISystem] Initialized.
2025-12-04 20:16:13:1613 [Worker 23588] info: [ECS:WeaponSwitchSystem] Initialized.
2025-12-04 20:16:13:1613 [Worker 23588] info: [ECS:StatusEffectSystem] Initialized.
2025-12-04 20:16:13:1613 [Worker 23588] info: [ECS:WeaponSystem] Initialized.
2025-12-04 20:16:13:1613 [Worker 23588] info: [ECS:MovementSystem] Initialized.
2025-12-04 20:16:13:1613 [Worker 23588] info: [ECS:EntitySimulationSystem] Initialized as the main simulation orchestrator.
2025-12-04 20:16:13:1613 [Worker 23588] info: [ECS:PlayerBoundarySystem] Initialized.
2025-12-04 20:16:13:1613 [Worker 23588] info: [ECS:BoundarySystem] Initialized.
2025-12-04 20:16:13:1613 [Worker 23588] info: [ECS:DestructionEventSystem] Initialized as the main destruction controller.
2025-12-04 20:16:13:1613 [Worker 23588] info: [ECS:CollisionDetectionSystem] Initialized. (Now unified)
2025-12-04 20:16:13:1613 [Worker 23588] info: [ECS:CollisionResolutionSystem] Initialized.
2025-12-04 20:16:13:1613 [Worker 23588] info: [ECS:HitValidationSystem] Initialized.
2025-12-04 20:16:13:1613 [Worker 23588] info: [ECS:HistorySystem] Initialized.
2025-12-04 20:16:13:1613 [Worker 23588] info: [ECS:BuffLifecycleSystem] Initialized.
2025-12-04 20:16:13:1613 [Worker 23588] info: [ECS:StatRecalculationSystem] Initialized.
2025-12-04 20:16:13:1613 [Worker 23588] info: [ECS:OnKillEffectSystem] Initialized.
2025-12-04 20:16:13:1613 [Worker 23588] info: [ECS:LootDropSystem] Initialized.
2025-12-04 20:16:13:1613 [Worker 23588] info: [ECS:SpawnSystem] Initialized.
2025-12-04 20:16:13:1613 [Worker 23588] info: [ECS:LifetimeSystem] Initialized.
2025-12-04 20:16:13:1613 [Worker 23588] info: [ECS:OffscreenCleanupSystem] Initialized.
2025-12-04 20:16:15:1615 [Worker 2052] info: [ECS:EnergyRegenSystem] Initialized.
2025-12-04 20:16:15:1615 [Worker 2052] info: [ECS:ShieldRegenSystem] Initialized.
2025-12-04 20:16:15:1615 [Worker 2052] info: [LootIdManager] Initialized with 39 static items and pre-built dictionary.
2025-12-04 20:16:15:1615 [Worker 2052] info: [ECS:GeometryUpdateSystem] Initialized.
2025-12-04 20:16:15:1615 [Worker 2052] info: [ECS:CleanupSystem] Initialized. (Now simplified)
2025-12-04 20:16:15:1615 [Worker 2052] info: [ECS:PlayerWeaponSwitchSystem] Initialized.
2025-12-04 20:16:15:1615 [Worker 2052] info: [ECS:EnemySpawnRequestSystem] Initialized.
2025-12-04 20:16:15:1615 [Worker 2052] info: [ECS:BehaviorSystemV2] Initialized.
2025-12-04 20:16:15:1615 [Worker 2052] info: [ECS:CombatAISystem] Initialized.
2025-12-04 20:16:15:1615 [Worker 2052] info: [ECS:WeaponSwitchSystem] Initialized.
2025-12-04 20:16:15:1615 [Worker 2052] info: [ECS:StatusEffectSystem] Initialized.
2025-12-04 20:16:15:1615 [Worker 2052] info: [ECS:WeaponSystem] Initialized.
2025-12-04 20:16:15:1615 [Worker 2052] info: [ECS:MovementSystem] Initialized.
2025-12-04 20:16:15:1615 [Worker 2052] info: [ECS:EntitySimulationSystem] Initialized as the main simulation orchestrator.
2025-12-04 20:16:15:1615 [Worker 2052] info: [ECS:PlayerBoundarySystem] Initialized.
2025-12-04 20:16:15:1615 [Worker 2052] info: [ECS:BoundarySystem] Initialized.
2025-12-04 20:16:15:1615 [Worker 2052] info: [ECS:DestructionEventSystem] Initialized as the main destruction controller.
2025-12-04 20:16:15:1615 [Worker 2052] info: [ECS:CollisionDetectionSystem] Initialized. (Now unified)
2025-12-04 20:16:15:1615 [Worker 2052] info: [ECS:CollisionResolutionSystem] Initialized.
2025-12-04 20:16:15:1615 [Worker 2052] info: [ECS:HitValidationSystem] Initialized.
2025-12-04 20:16:15:1615 [Worker 2052] info: [ECS:HistorySystem] Initialized.
2025-12-04 20:16:15:1615 [Worker 2052] info: [ECS:BuffLifecycleSystem] Initialized.
2025-12-04 20:16:15:1615 [Worker 2052] info: [ECS:StatRecalculationSystem] Initialized.
2025-12-04 20:16:15:1615 [Worker 2052] info: [ECS:OnKillEffectSystem] Initialized.
2025-12-04 20:16:15:1615 [Worker 2052] info: [ECS:LootDropSystem] Initialized.
2025-12-04 20:16:15:1615 [Worker 2052] info: [ECS:SpawnSystem] Initialized.
2025-12-04 20:16:15:1615 [Worker 2052] info: [ECS:LifetimeSystem] Initialized.
2025-12-04 20:16:15:1615 [Worker 2052] info: [ECS:OffscreenCleanupSystem] Initialized.
2025-12-04 20:16:17:1617 [Worker 15996] info: [ECS:EnergyRegenSystem] Initialized.
2025-12-04 20:16:17:1617 [Worker 15996] info: [ECS:ShieldRegenSystem] Initialized.
2025-12-04 20:16:17:1617 [Worker 15996] info: [LootIdManager] Initialized with 39 static items and pre-built dictionary.
2025-12-04 20:16:17:1617 [Worker 15996] info: [ECS:GeometryUpdateSystem] Initialized.
2025-12-04 20:16:17:1617 [Worker 15996] info: [ECS:CleanupSystem] Initialized. (Now simplified)
2025-12-04 20:16:17:1617 [Worker 15996] info: [ECS:PlayerWeaponSwitchSystem] Initialized.
2025-12-04 20:16:17:1617 [Worker 15996] info: [ECS:EnemySpawnRequestSystem] Initialized.
2025-12-04 20:16:17:1617 [Worker 15996] info: [ECS:BehaviorSystemV2] Initialized.
2025-12-04 20:16:17:1617 [Worker 15996] info: [ECS:CombatAISystem] Initialized.
2025-12-04 20:16:17:1617 [Worker 15996] info: [ECS:WeaponSwitchSystem] Initialized.
2025-12-04 20:16:17:1617 [Worker 15996] info: [ECS:StatusEffectSystem] Initialized.
2025-12-04 20:16:17:1617 [Worker 15996] info: [ECS:WeaponSystem] Initialized.
2025-12-04 20:16:17:1617 [Worker 15996] info: [ECS:MovementSystem] Initialized.
2025-12-04 20:16:17:1617 [Worker 15996] info: [ECS:EntitySimulationSystem] Initialized as the main simulation orchestrator.
2025-12-04 20:16:17:1617 [Worker 15996] info: [ECS:PlayerBoundarySystem] Initialized.
2025-12-04 20:16:17:1617 [Worker 15996] info: [ECS:BoundarySystem] Initialized.
2025-12-04 20:16:17:1617 [Worker 15996] info: [ECS:DestructionEventSystem] Initialized as the main destruction controller.
2025-12-04 20:16:17:1617 [Worker 15996] info: [ECS:CollisionDetectionSystem] Initialized. (Now unified)
2025-12-04 20:16:17:1617 [Worker 15996] info: [ECS:CollisionResolutionSystem] Initialized.
2025-12-04 20:16:17:1617 [Worker 15996] info: [ECS:HitValidationSystem] Initialized.
2025-12-04 20:16:17:1617 [Worker 15996] info: [ECS:HistorySystem] Initialized.
2025-12-04 20:16:17:1617 [Worker 15996] info: [ECS:BuffLifecycleSystem] Initialized.
2025-12-04 20:16:17:1617 [Worker 15996] info: [ECS:StatRecalculationSystem] Initialized.
2025-12-04 20:16:17:1617 [Worker 15996] info: [ECS:OnKillEffectSystem] Initialized.
2025-12-04 20:16:17:1617 [Worker 15996] info: [ECS:LootDropSystem] Initialized.
2025-12-04 20:16:17:1617 [Worker 15996] info: [ECS:SpawnSystem] Initialized.
2025-12-04 20:16:17:1617 [Worker 15996] info: [ECS:LifetimeSystem] Initialized.
2025-12-04 20:16:17:1617 [Worker 15996] info: [ECS:OffscreenCleanupSystem] Initialized.
2025-12-04 20:16:21:1621 [Worker 5304] info: [DBMANAGER] Worker 5304: Connected to dbServer
2025-12-04 20:16:21:1621 [Worker 5304] info: [DBMANAGER] Worker 5304: Identifying with unique ID: gameserver-Hddkwe35fsvk_worker_5304
2025-12-04 20:16:21:1621 [Worker 5304] info: [REDISCLIENT] Worker 5304: Successfully connected to Redis.
2025-12-04 20:16:21:1621 [Worker 5304] info: [GracefulShutdown] Обработчики для воркера 5304 инициализированы и ожидают команды от мастера.
2025-12-04 20:16:21:1621 [Worker 5304] info: Worker 5304 started. WebSocket server running on port 3002
2025-12-04 20:16:21:1621 [Worker 5304] info: [DBMANAGER] Worker 5304: Successfully identified with dbServer as gameserver-Hddkwe35fsvk_worker_5304
2025-12-04 20:16:21:1621 [Worker 5304] info: [WeaponMechanicsStore] Weapon mechanics catalog received and cache has been built.
2025-12-04 20:16:21:1621 [Worker 5304] info: [REDISSUBSCRIBER] Worker 5304: Subscribed to 'session-events' and 'session_control_events' channels.
2025-12-04 20:16:25:1625 [Worker 18444] info: [DBMANAGER] Worker 18444: Connected to dbServer
2025-12-04 20:16:25:1625 [Worker 18444] info: [DBMANAGER] Worker 18444: Identifying with unique ID: gameserver-Hddkwe35fsvk_worker_18444
2025-12-04 20:16:25:1625 [Worker 18444] info: [REDISCLIENT] Worker 18444: Successfully connected to Redis.
2025-12-04 20:16:25:1625 [Worker 18444] info: [GracefulShutdown] Обработчики для воркера 18444 инициализированы и ожидают команды от мастера.
2025-12-04 20:16:25:1625 [Worker 18444] info: Worker 18444 started. WebSocket server running on port 3002
2025-12-04 20:16:25:1625 [Worker 18444] info: [DBMANAGER] Worker 18444: Successfully identified with dbServer as gameserver-Hddkwe35fsvk_worker_18444
2025-12-04 20:16:25:1625 [Worker 18444] info: [WeaponMechanicsStore] Weapon mechanics catalog received and cache has been built.
2025-12-04 20:16:25:1625 [Worker 18444] info: [REDISSUBSCRIBER] Worker 18444: Subscribed to 'session-events' and 'session_control_events' channels.
2025-12-04 20:16:26:1626 [Worker 23588] info: [DBMANAGER] Worker 23588: Connected to dbServer
2025-12-04 20:16:26:1626 [Worker 23588] info: [DBMANAGER] Worker 23588: Identifying with unique ID: gameserver-Hddkwe35fsvk_worker_23588
2025-12-04 20:16:26:1626 [Worker 23588] info: [REDISCLIENT] Worker 23588: Successfully connected to Redis.
2025-12-04 20:16:26:1626 [Worker 23588] info: [GracefulShutdown] Обработчики для воркера 23588 инициализированы и ожидают команды от мастера.
2025-12-04 20:16:26:1626 [Worker 23588] info: Worker 23588 started. WebSocket server running on port 3002
2025-12-04 20:16:26:1626 [Worker 23588] info: [DBMANAGER] Worker 23588: Successfully identified with dbServer as gameserver-Hddkwe35fsvk_worker_23588
2025-12-04 20:16:26:1626 [Worker 23588] info: [WeaponMechanicsStore] Weapon mechanics catalog received and cache has been built.
2025-12-04 20:16:26:1626 [Worker 23588] info: [REDISSUBSCRIBER] Worker 23588: Subscribed to 'session-events' and 'session_control_events' channels.
2025-12-04 20:16:27:1627 [Worker 2052] info: [DBMANAGER] Worker 2052: Connected to dbServer
2025-12-04 20:16:27:1627 [Worker 2052] info: [DBMANAGER] Worker 2052: Identifying with unique ID: gameserver-Hddkwe35fsvk_worker_2052
2025-12-04 20:16:27:1627 [Worker 2052] info: [REDISCLIENT] Worker 2052: Successfully connected to Redis.
2025-12-04 20:16:27:1627 [Worker 2052] info: [GracefulShutdown] Обработчики для воркера 2052 инициализированы и ожидают команды от мастера.
2025-12-04 20:16:27:1627 [Worker 2052] info: Worker 2052 started. WebSocket server running on port 3002
2025-12-04 20:16:27:1627 [Worker 2052] info: [DBMANAGER] Worker 2052: Successfully identified with dbServer as gameserver-Hddkwe35fsvk_worker_2052
2025-12-04 20:16:27:1627 [Worker 2052] info: [WeaponMechanicsStore] Weapon mechanics catalog received and cache has been built.
2025-12-04 20:16:27:1627 [Worker 2052] info: [REDISSUBSCRIBER] Worker 2052: Subscribed to 'session-events' and 'session_control_events' channels.
2025-12-04 20:16:29:1629 [Worker 21684] info: [DBMANAGER] Worker 21684: Connected to dbServer
2025-12-04 20:16:29:1629 [Worker 21684] info: [DBMANAGER] Worker 21684: Identifying with unique ID: gameserver-Hddkwe35fsvk_worker_21684
2025-12-04 20:16:29:1629 [Worker 21684] info: [REDISCLIENT] Worker 21684: Successfully connected to Redis.
2025-12-04 20:16:29:1629 [Worker 21684] info: [GracefulShutdown] Обработчики для воркера 21684 инициализированы и ожидают команды от мастера.
2025-12-04 20:16:29:1629 [Worker 21684] info: Worker 21684 started. WebSocket server running on port 3002
2025-12-04 20:16:29:1629 [Worker 21684] info: [DBMANAGER] Worker 21684: Successfully identified with dbServer as gameserver-Hddkwe35fsvk_worker_21684
2025-12-04 20:16:29:1629 [Worker 21684] info: [WeaponMechanicsStore] Weapon mechanics catalog received and cache has been built.
2025-12-04 20:16:29:1629 [Worker 21684] info: [REDISSUBSCRIBER] Worker 21684: Subscribed to 'session-events' and 'session_control_events' channels.
2025-12-04 20:16:30:1630 [Worker 15996] info: [DBMANAGER] Worker 15996: Connected to dbServer
2025-12-04 20:16:30:1630 [Worker 15996] info: [DBMANAGER] Worker 15996: Identifying with unique ID: gameserver-Hddkwe35fsvk_worker_15996
2025-12-04 20:16:30:1630 [Worker 15996] info: [REDISCLIENT] Worker 15996: Successfully connected to Redis.
2025-12-04 20:16:30:1630 [Worker 15996] info: [GracefulShutdown] Обработчики для воркера 15996 инициализированы и ожидают команды от мастера.
2025-12-04 20:16:30:1630 [Worker 15996] info: Worker 15996 started. WebSocket server running on port 3002
2025-12-04 20:16:30:1630 [Worker 15996] info: [DBMANAGER] Worker 15996: Successfully identified with dbServer as gameserver-Hddkwe35fsvk_worker_15996
2025-12-04 20:16:30:1630 [Worker 15996] info: [WeaponMechanicsStore] Weapon mechanics catalog received and cache has been built.
2025-12-04 20:16:30:1630 [Worker 15996] info: [REDISSUBSCRIBER] Worker 15996: Subscribed to 'session-events' and 'session_control_events' channels.
