2026-05-03 15:22:56:2256 info: [Reconciler] Запуск воркера для сверки резерваций (Unified)...
2026-05-03 15:22:57:2257 info: [CraftGovernor] Запуск воркера "Craft Governor"...
2026-05-03 15:23:00:230 info: [API Server] Запуск процесса...
2026-05-03 15:23:02:232 info: New client connected from IP: ::1
2026-05-03 15:23:02:232 warn: [Infisical] Secret "GS_CLIENT_ID" not found in cache.
2026-05-03 15:23:02:232 info: New client connected from IP: ::1
2026-05-03 15:23:02:232 warn: [Infisical] Secret "GS_CLIENT_ID" not found in cache.
2026-05-03 15:23:03:233 info: New client connected from IP: ::1
2026-05-03 15:23:03:233 info: Client identified and connection stored: gameserver, ID: gameserver-Hddkwe35fsvk_worker_20336
2026-05-03 15:23:03:233 info: Client disconnected: gameserver, ID: gameserver-Hddkwe35fsvk_worker_20336
2026-05-03 15:23:55:2355 info: [Reconciler] Запуск воркера для сверки резерваций (Unified)...
2026-05-03 15:23:55:2355 info: [CraftGovernor] Запуск воркера "Craft Governor"...
2026-05-03 15:23:55:2355 info: [API Server] Запуск процесса...
2026-05-03 15:23:57:2357 info: dbServer: Successfully connected to Redis (main client).
2026-05-03 15:23:57:2357 info: [HealthMonitor] Monitoring started for reconciler:main
2026-05-03 15:23:57:2357 info: [Reconciler] Успешное подключение к MongoDB и Redis.
2026-05-03 15:23:57:2357 info: [API Server] Успешное подключение к MongoDB.
2026-05-03 15:23:57:2357 info: dbServer: Successfully connected to Redis (main client).
2026-05-03 15:23:57:2357 info: Прогрев не требуется: нет сезона. [context: hydrate_season_null]
2026-05-03 15:23:57:2357 info: dbServer: Successfully connected to Redis (main client).
2026-05-03 15:23:57:2357 info: [HealthMonitor] Monitoring started for governor:main
2026-05-03 15:23:57:2357 info: [CraftGovernor] Успешное подключение к MongoDB и Redis.
2026-05-03 15:23:57:2357 info: [CraftGovernor] Воркер запланирован с cron-выражением: "* * * * *"
2026-05-03 15:24:00:240 info: [CraftGovernor] Найдено для паузы: 0. Найдено для возобновления: 0. [context: governor]
2026-05-03 15:24:00:240 info: dbServer: Successfully connected to Redis (main client).
2026-05-03 15:24:00:240 info: [HealthMonitor] Monitoring started for worker:1
2026-05-03 15:24:00:240 info: [HealthMonitor] Monitoring started for api:main
2026-05-03 15:24:00:240 info: Optimized Exp Notifier scheduler started [context: exp_notifier]
2026-05-03 15:24:00:240 info: [API Server] Сервер запущен и готов к приему WebSocket соединений на PID: 11444.
2026-05-03 15:24:00:240 info: Обработчики грациозного завершения инициализированы.
2026-05-03 15:24:00:240 info: New client connected from IP: ::1
2026-05-03 15:24:00:240 info: New client connected from IP: ::1
2026-05-03 15:24:00:240 info: Client identified and connection stored: gameserver, ID: gameserver-Hddkwe35fsvk_worker_23080
2026-05-03 15:24:00:240 info: Client identified and connection stored: web3server, ID: web3server_kkwvq34lvcw2cf
2026-05-03 15:24:02:242 info: New client connected from IP: ::1
2026-05-03 15:24:02:242 info: Client identified and connection stored: gameserver, ID: gameserver-Hddkwe35fsvk_worker_23356
2026-05-03 15:24:03:243 info: New client connected from IP: ::1
2026-05-03 15:24:03:243 info: Client identified and connection stored: gameserver, ID: gameserver-Hddkwe35fsvk_worker_1516
2026-05-03 15:24:04:244 info: New client connected from IP: ::1
2026-05-03 15:24:04:244 info: Client identified and connection stored: gameserver, ID: gameserver-Hddkwe35fsvk_worker_22992
2026-05-03 15:24:05:245 info: New client connected from IP: ::1
2026-05-03 15:24:05:245 info: Client identified and connection stored: gameserver, ID: gameserver-Hddkwe35fsvk_worker_22972
2026-05-03 15:24:07:247 info: New client connected from IP: ::1
2026-05-03 15:24:07:247 info: Client identified and connection stored: gameserver, ID: gameserver-Hddkwe35fsvk_worker_7936
2026-05-03 15:24:09:249 info: New client connected from IP: ::1
2026-05-03 15:24:09:249 info: Client identified and connection stored: gameserver, ID: gameserver-Hddkwe35fsvk_worker_21468
2026-05-03 15:24:12:2412 info: New client connected from IP: ::1
2026-05-03 15:24:12:2412 info: Client identified and connection stored: gameserver, ID: gameserver-Hddkwe35fsvk_worker_3916
2026-05-03 15:24:13:2413 info: New client connected from IP: ::1
2026-05-03 15:24:13:2413 info: Client identified and connection stored: gameserver, ID: gameserver-Hddkwe35fsvk_worker_23664
2026-05-03 15:24:15:2415 info: New client connected from IP: ::1
2026-05-03 15:24:15:2415 info: Client identified and connection stored: gameserver, ID: gameserver-Hddkwe35fsvk_worker_24000
2026-05-03 15:24:19:2419 info: New client connected from IP: ::1
2026-05-03 15:24:19:2419 info: Client identified and connection stored: gameserver, ID: gameserver-Hddkwe35fsvk_worker_20028
2026-05-03 15:24:19:2419 info: New client connected from IP: ::1
2026-05-03 15:24:19:2419 info: Client identified and connection stored: gameserver, ID: gameserver-Hddkwe35fsvk_worker_24336
2026-05-03 15:25:00:250 info: [CraftGovernor] Найдено для паузы: 0. Найдено для возобновления: 0. [context: governor]
2026-05-03 15:26:00:260 info: [CraftGovernor] Найдено для паузы: 0. Найдено для возобновления: 0. [context: governor]
2026-05-03 15:27:00:270 info: [CraftGovernor] Найдено для паузы: 0. Найдено для возобновления: 0. [context: governor]
2026-05-03 15:28:00:280 info: [CraftGovernor] Найдено для паузы: 0. Найдено для возобновления: 0. [context: governor]
2026-05-03 15:29:00:290 info: [CraftGovernor] Найдено для паузы: 0. Найдено для возобновления: 0. [context: governor]
2026-05-03 15:30:00:300 info: [CraftGovernor] Найдено для паузы: 0. Найдено для возобновления: 0. [context: governor]
2026-05-03 15:31:00:310 info: [CraftGovernor] Найдено для паузы: 0. Найдено для возобновления: 0. [context: governor]
2026-05-03 15:32:00:320 info: [CraftGovernor] Найдено для паузы: 0. Найдено для возобновления: 0. [context: governor]
2026-05-03 15:33:00:330 info: [CraftGovernor] Найдено для паузы: 0. Найдено для возобновления: 0. [context: governor]
2026-05-03 15:34:00:340 info: [CraftGovernor] Найдено для паузы: 0. Найдено для возобновления: 1. [context: governor]
2026-05-03 15:34:00:340 info: [CraftGovernor] Попытка ВОЗОБНОВИТЬ крафт для 1 кошельков. [context: governor]
2026-05-03 15:34:00:340 info: [CraftGovernor] Для указанных кошельков не найдено крафтов на паузе для возобновления. [context: governor]
2026-05-03 15:34:00:340 info: [CraftGovernor] Состояние губернатора обновлено. [context: governor]
2026-05-03 15:35:00:350 info: [CraftGovernor] Найдено для паузы: 0. Найдено для возобновления: 0. [context: governor]
2026-05-03 15:36:00:360 info: [CraftGovernor] Найдено для паузы: 0. Найдено для возобновления: 0. [context: governor]
2026-05-03 15:36:25:3625 info: New client connected from IP: ::1
2026-05-03 15:36:25:3625 info: Client identified and connection stored: client, ID: cl-2d7c9f8a-22b7-4625-aa17-ef249a8e9acb
2026-05-03 15:37:00:370 info: [CraftGovernor] Найдено для паузы: 0. Найдено для возобновления: 0. [context: governor]
2026-05-03 15:37:45:3745 info: Client disconnected: client, ID: cl-2d7c9f8a-22b7-4625-aa17-ef249a8e9acb
2026-05-03 15:37:56:3756 info: New client connected from IP: ::1
2026-05-03 15:37:56:3756 info: Client identified and connection stored: client, ID: cl-3e3998a6-6116-4e1f-9815-66d4857612bd
2026-05-03 15:38:00:380 info: [CraftGovernor] Найдено для паузы: 0. Найдено для возобновления: 0. [context: governor]
2026-05-03 15:39:00:390 info: [CraftGovernor] Найдено для паузы: 0. Найдено для возобновления: 0. [context: governor]
2026-05-03 15:39:05:395 info: Client disconnected: client, ID: cl-3e3998a6-6116-4e1f-9815-66d4857612bd
2026-05-03 15:39:26:3926 info: New client connected from IP: ::1
2026-05-03 15:39:26:3926 info: Client identified and connection stored: client, ID: cl-b32e1d52-e812-4daf-b5d8-c56b902bbe9c
2026-05-03 15:40:00:400 info: [CraftGovernor] Найдено для паузы: 0. Найдено для возобновления: 0. [context: governor]
2026-05-03 15:41:00:410 info: [CraftGovernor] Найдено для паузы: 0. Найдено для возобновления: 0. [context: governor]
2026-05-03 15:42:00:420 info: [CraftGovernor] Найдено для паузы: 0. Найдено для возобновления: 0. [context: governor]
2026-05-03 15:43:00:430 info: [CraftGovernor] Найдено для паузы: 0. Найдено для возобновления: 0. [context: governor]
2026-05-03 15:44:00:440 info: [CraftGovernor] Найдено для паузы: 0. Найдено для возобновления: 0. [context: governor]
2026-05-03 15:45:00:450 info: [CraftGovernor] Найдено для паузы: 0. Найдено для возобновления: 0. [context: governor]
2026-05-03 15:46:00:460 info: [CraftGovernor] Найдено для паузы: 0. Найдено для возобновления: 0. [context: governor]
2026-05-03 15:47:00:470 info: [CraftGovernor] Найдено для паузы: 0. Найдено для возобновления: 0. [context: governor]
2026-05-03 15:47:01:471 warn: Получен сигнал SIGINT. Начинаю грациозное завершение dbserver...
2026-05-03 15:47:59:4759 info: [Reconciler] Запуск воркера для сверки резерваций (Unified)...
2026-05-03 15:47:59:4759 info: [CraftGovernor] Запуск воркера "Craft Governor"...
2026-05-03 15:47:59:4759 info: [API Server] Запуск процесса...
2026-05-03 15:48:00:480 info: New client connected from IP: ::1
2026-05-03 15:48:00:480 warn: [Infisical] Secret "WEB3_CLIENT_ID" not found in cache.
2026-05-03 15:48:13:4813 info: [Reconciler] Запуск воркера для сверки резерваций (Unified)...
2026-05-03 15:48:13:4813 info: [CraftGovernor] Запуск воркера "Craft Governor"...
2026-05-03 15:48:13:4813 info: [API Server] Запуск процесса...
2026-05-03 15:48:14:4814 info: New client connected from IP: ::1
2026-05-03 15:48:14:4814 warn: [Infisical] Secret "WEB3_CLIENT_ID" not found in cache.
2026-05-03 15:48:15:4815 info: dbServer: Successfully connected to Redis (main client).
2026-05-03 15:48:15:4815 info: [HealthMonitor] Monitoring started for reconciler:main
2026-05-03 15:48:15:4815 info: [Reconciler] Успешное подключение к MongoDB и Redis.
2026-05-03 15:48:15:4815 info: [API Server] Успешное подключение к MongoDB.
2026-05-03 15:48:15:4815 info: dbServer: Successfully connected to Redis (main client).
2026-05-03 15:48:15:4815 info: Прогрев не требуется: нет сезона. [context: hydrate_season_null]
2026-05-03 15:48:15:4815 info: dbServer: Successfully connected to Redis (main client).
2026-05-03 15:48:15:4815 info: [HealthMonitor] Monitoring started for governor:main
2026-05-03 15:48:15:4815 info: [CraftGovernor] Успешное подключение к MongoDB и Redis.
2026-05-03 15:48:15:4815 info: [CraftGovernor] Воркер запланирован с cron-выражением: "* * * * *"
2026-05-03 15:48:15:4815 info: [HealthMonitor] Monitoring started for api:main
2026-05-03 15:48:15:4815 info: Optimized Exp Notifier scheduler started [context: exp_notifier]
2026-05-03 15:48:15:4815 info: [API Server] Сервер запущен и готов к приему WebSocket соединений на PID: 22296.
2026-05-03 15:48:15:4815 info: Обработчики грациозного завершения инициализированы.
2026-05-03 15:48:15:4815 info: New client connected from IP: ::1
2026-05-03 15:48:15:4815 info: Client identified and connection stored: web3server, ID: web3server_kkwvq34lvcw2cf
2026-05-03 15:48:16:4816 info: New client connected from IP: ::1
2026-05-03 15:48:16:4816 info: Client identified and connection stored: gameserver, ID: gameserver-Hddkwe35fsvk_worker_20808
2026-05-03 15:48:17:4817 info: New client connected from IP: ::1
2026-05-03 15:48:17:4817 info: Client identified and connection stored: gameserver, ID: gameserver-Hddkwe35fsvk_worker_20444
2026-05-03 15:48:18:4818 info: dbServer: Successfully connected to Redis (main client).
2026-05-03 15:48:18:4818 info: [HealthMonitor] Monitoring started for worker:1
2026-05-03 15:48:19:4819 info: New client connected from IP: ::1
2026-05-03 15:48:19:4819 info: Client identified and connection stored: gameserver, ID: gameserver-Hddkwe35fsvk_worker_19556
2026-05-03 15:48:22:4822 info: New client connected from IP: ::1
2026-05-03 15:48:22:4822 info: Client identified and connection stored: gameserver, ID: gameserver-Hddkwe35fsvk_worker_19788
2026-05-03 15:48:24:4824 info: New client connected from IP: ::1
2026-05-03 15:48:24:4824 info: Client identified and connection stored: gameserver, ID: gameserver-Hddkwe35fsvk_worker_8136
2026-05-03 15:48:26:4826 info: New client connected from IP: ::1
2026-05-03 15:48:26:4826 info: Client identified and connection stored: gameserver, ID: gameserver-Hddkwe35fsvk_worker_20976
2026-05-03 15:48:29:4829 info: New client connected from IP: ::1
2026-05-03 15:48:29:4829 info: Client identified and connection stored: gameserver, ID: gameserver-Hddkwe35fsvk_worker_9320
2026-05-03 15:48:30:4830 info: New client connected from IP: ::1
2026-05-03 15:48:30:4830 info: Client identified and connection stored: gameserver, ID: gameserver-Hddkwe35fsvk_worker_24152
2026-05-03 15:48:31:4831 info: New client connected from IP: ::1
2026-05-03 15:48:31:4831 info: Client identified and connection stored: gameserver, ID: gameserver-Hddkwe35fsvk_worker_15436
2026-05-03 15:48:32:4832 info: New client connected from IP: ::1
2026-05-03 15:48:32:4832 info: Client identified and connection stored: client, ID: cl-f928b20d-47f4-457c-8824-706247f84689
2026-05-03 15:48:33:4833 info: New client connected from IP: ::1
2026-05-03 15:48:33:4833 info: Client identified and connection stored: gameserver, ID: gameserver-Hddkwe35fsvk_worker_8776
2026-05-03 15:48:33:4833 info: Client disconnected: client, ID: cl-f928b20d-47f4-457c-8824-706247f84689
2026-05-03 15:48:35:4835 info: New client connected from IP: ::1
2026-05-03 15:48:35:4835 info: Client identified and connection stored: gameserver, ID: gameserver-Hddkwe35fsvk_worker_2788
2026-05-03 15:48:37:4837 info: New client connected from IP: ::1
2026-05-03 15:48:37:4837 info: Client identified and connection stored: gameserver, ID: gameserver-Hddkwe35fsvk_worker_18400
2026-05-03 15:49:00:490 info: [CraftGovernor] Найдено для паузы: 0. Найдено для возобновления: 0. [context: governor]
2026-05-03 15:49:22:4922 info: New client connected from IP: ::1
2026-05-03 15:49:22:4922 info: Client identified and connection stored: client, ID: cl-f81fc8e5-4bfb-4b71-b5ba-4602db9554f1
2026-05-03 15:49:23:4923 info: Client disconnected: client, ID: cl-f81fc8e5-4bfb-4b71-b5ba-4602db9554f1
2026-05-03 15:49:39:4939 warn: Получен сигнал SIGINT. Начинаю грациозное завершение dbserver...
2026-05-03 15:49:39:4939 info: Закрытие серверов (WebSocket и HTTP)...
2026-05-03 15:49:45:4945 info: [Reconciler] Запуск воркера для сверки резерваций (Unified)...
2026-05-03 15:49:45:4945 info: [CraftGovernor] Запуск воркера "Craft Governor"...
2026-05-03 15:49:45:4945 info: [API Server] Запуск процесса...
2026-05-03 15:49:46:4946 info: New client connected from IP: ::1
2026-05-03 15:49:46:4946 warn: [Infisical] Secret "WEB3_CLIENT_ID" not found in cache.
2026-05-03 15:49:46:4946 info: dbServer: Successfully connected to Redis (main client).
2026-05-03 15:49:46:4946 info: [HealthMonitor] Monitoring started for reconciler:main
2026-05-03 15:49:46:4946 info: [Reconciler] Успешное подключение к MongoDB и Redis.
2026-05-03 15:49:46:4946 info: dbServer: Successfully connected to Redis (main client).
2026-05-03 15:49:46:4946 info: [HealthMonitor] Monitoring started for governor:main
2026-05-03 15:49:46:4946 info: [CraftGovernor] Успешное подключение к MongoDB и Redis.
2026-05-03 15:49:47:4947 info: [CraftGovernor] Воркер запланирован с cron-выражением: "* * * * *"
2026-05-03 15:49:47:4947 info: [API Server] Успешное подключение к MongoDB.
2026-05-03 15:49:47:4947 info: dbServer: Successfully connected to Redis (main client).
2026-05-03 15:49:47:4947 info: Прогрев не требуется: нет сезона. [context: hydrate_season_null]
2026-05-03 15:49:48:4948 info: [HealthMonitor] Monitoring started for api:main
2026-05-03 15:49:48:4948 info: Optimized Exp Notifier scheduler started [context: exp_notifier]
2026-05-03 15:49:48:4948 info: [API Server] Сервер запущен и готов к приему WebSocket соединений на PID: 22064.
2026-05-03 15:49:48:4948 info: Обработчики грациозного завершения инициализированы.
2026-05-03 15:49:48:4948 info: New client connected from IP: ::1
2026-05-03 15:49:48:4948 info: Client identified and connection stored: web3server, ID: web3server_kkwvq34lvcw2cf
2026-05-03 15:49:48:4948 info: New client connected from IP: ::1
2026-05-03 15:49:48:4948 info: Client identified and connection stored: gameserver, ID: gameserver-Hddkwe35fsvk_worker_23104
2026-05-03 15:49:49:4949 info: dbServer: Successfully connected to Redis (main client).
2026-05-03 15:49:49:4949 info: [HealthMonitor] Monitoring started for worker:1
2026-05-03 15:49:50:4950 info: New client connected from IP: ::1
2026-05-03 15:49:50:4950 info: Client identified and connection stored: gameserver, ID: gameserver-Hddkwe35fsvk_worker_7060
2026-05-03 15:49:51:4951 info: New client connected from IP: ::1
2026-05-03 15:49:51:4951 info: Client identified and connection stored: gameserver, ID: gameserver-Hddkwe35fsvk_worker_24456
2026-05-03 15:49:53:4953 info: New client connected from IP: ::1
2026-05-03 15:49:53:4953 info: Client identified and connection stored: gameserver, ID: gameserver-Hddkwe35fsvk_worker_23224
2026-05-03 15:49:55:4955 info: New client connected from IP: ::1
2026-05-03 15:49:55:4955 info: Client identified and connection stored: gameserver, ID: gameserver-Hddkwe35fsvk_worker_20204
2026-05-03 15:49:57:4957 info: New client connected from IP: ::1
2026-05-03 15:49:57:4957 info: Client identified and connection stored: gameserver, ID: gameserver-Hddkwe35fsvk_worker_18060
2026-05-03 15:50:00:500 info: [CraftGovernor] Найдено для паузы: 0. Найдено для возобновления: 0. [context: governor]
2026-05-03 15:50:00:500 info: New client connected from IP: ::1
2026-05-03 15:50:00:500 info: Client identified and connection stored: gameserver, ID: gameserver-Hddkwe35fsvk_worker_4060
2026-05-03 15:50:01:501 info: New client connected from IP: ::1
2026-05-03 15:50:01:501 info: Client identified and connection stored: gameserver, ID: gameserver-Hddkwe35fsvk_worker_9808
2026-05-03 15:50:04:504 info: New client connected from IP: ::1
2026-05-03 15:50:04:504 info: Client identified and connection stored: gameserver, ID: gameserver-Hddkwe35fsvk_worker_21848
2026-05-03 15:50:07:507 info: New client connected from IP: ::1
2026-05-03 15:50:07:507 info: Client identified and connection stored: gameserver, ID: gameserver-Hddkwe35fsvk_worker_22448
2026-05-03 15:50:08:508 info: New client connected from IP: ::1
2026-05-03 15:50:08:508 info: Client identified and connection stored: gameserver, ID: gameserver-Hddkwe35fsvk_worker_17288
2026-05-03 15:50:10:5010 info: New client connected from IP: ::1
2026-05-03 15:50:10:5010 info: Client identified and connection stored: gameserver, ID: gameserver-Hddkwe35fsvk_worker_19268
2026-05-03 15:50:14:5014 info: New client connected from IP: ::1
2026-05-03 15:50:14:5014 info: Client identified and connection stored: client, ID: cl-b9a539dd-29be-41a5-b749-a47e202815ec
2026-05-03 15:50:16:5016 info: Client disconnected: client, ID: cl-b9a539dd-29be-41a5-b749-a47e202815ec
2026-05-03 15:51:00:510 info: [CraftGovernor] Найдено для паузы: 0. Найдено для возобновления: 0. [context: governor]
2026-05-03 15:51:10:5110 warn: Получен сигнал SIGINT. Начинаю грациозное завершение dbserver...
2026-05-03 15:51:10:5110 info: Закрытие серверов (WebSocket и HTTP)...
2026-05-03 15:51:10:5110 info: Client disconnected: gameserver, ID: gameserver-Hddkwe35fsvk_worker_22448
2026-05-03 15:51:10:5110 info: Client disconnected: gameserver, ID: gameserver-Hddkwe35fsvk_worker_20204
2026-05-03 15:51:10:5110 info: Client disconnected: gameserver, ID: gameserver-Hddkwe35fsvk_worker_21848
2026-05-03 15:51:10:5110 info: Client disconnected: gameserver, ID: gameserver-Hddkwe35fsvk_worker_17288
2026-05-03 15:51:10:5110 info: Client disconnected: gameserver, ID: gameserver-Hddkwe35fsvk_worker_23104
2026-05-03 15:51:10:5110 info: Client disconnected: gameserver, ID: gameserver-Hddkwe35fsvk_worker_19268
2026-05-03 15:51:23:5123 info: [Reconciler] Запуск воркера для сверки резерваций (Unified)...
2026-05-03 15:51:23:5123 info: [CraftGovernor] Запуск воркера "Craft Governor"...
2026-05-03 15:51:24:5124 info: [API Server] Запуск процесса...
2026-05-03 15:51:24:5124 info: New client connected from IP: ::1
2026-05-03 15:51:24:5124 warn: [Infisical] Secret "WEB3_CLIENT_ID" not found in cache.
2026-05-03 15:51:25:5125 info: dbServer: Successfully connected to Redis (main client).
2026-05-03 15:51:25:5125 info: [HealthMonitor] Monitoring started for reconciler:main
2026-05-03 15:51:25:5125 info: [Reconciler] Успешное подключение к MongoDB и Redis.
2026-05-03 15:51:25:5125 info: dbServer: Successfully connected to Redis (main client).
2026-05-03 15:51:25:5125 info: [HealthMonitor] Monitoring started for governor:main
2026-05-03 15:51:25:5125 info: [CraftGovernor] Успешное подключение к MongoDB и Redis.
2026-05-03 15:51:25:5125 info: [CraftGovernor] Воркер запланирован с cron-выражением: "* * * * *"
2026-05-03 15:51:25:5125 info: New client connected from IP: ::1
2026-05-03 15:51:25:5125 warn: [Infisical] Secret "WEB3_CLIENT_ID" not found in cache.
2026-05-03 15:51:26:5126 info: [API Server] Успешное подключение к MongoDB.
2026-05-03 15:51:26:5126 info: dbServer: Successfully connected to Redis (main client).
2026-05-03 15:51:26:5126 info: Прогрев не требуется: нет сезона. [context: hydrate_season_null]
2026-05-03 15:51:26:5126 info: [HealthMonitor] Monitoring started for api:main
2026-05-03 15:51:26:5126 info: Optimized Exp Notifier scheduler started [context: exp_notifier]
2026-05-03 15:51:26:5126 info: [API Server] Сервер запущен и готов к приему WebSocket соединений на PID: 20516.
2026-05-03 15:51:26:5126 info: Обработчики грациозного завершения инициализированы.
2026-05-03 15:51:26:5126 info: New client connected from IP: ::1
2026-05-03 15:51:26:5126 info: Client identified and connection stored: web3server, ID: web3server_kkwvq34lvcw2cf
2026-05-03 15:51:27:5127 info: New client connected from IP: ::1
2026-05-03 15:51:27:5127 info: Client identified and connection stored: gameserver, ID: gameserver-Hddkwe35fsvk_worker_21952
2026-05-03 15:51:28:5128 info: New client connected from IP: ::1
2026-05-03 15:51:28:5128 info: Client identified and connection stored: gameserver, ID: gameserver-Hddkwe35fsvk_worker_21984
2026-05-03 15:51:28:5128 info: dbServer: Successfully connected to Redis (main client).
2026-05-03 15:51:28:5128 info: [HealthMonitor] Monitoring started for worker:1
2026-05-03 15:51:29:5129 info: New client connected from IP: ::1
2026-05-03 15:51:29:5129 info: Client identified and connection stored: gameserver, ID: gameserver-Hddkwe35fsvk_worker_15076
2026-05-03 15:51:31:5131 info: New client connected from IP: ::1
2026-05-03 15:51:31:5131 info: Client identified and connection stored: gameserver, ID: gameserver-Hddkwe35fsvk_worker_20496
2026-05-03 15:51:33:5133 info: New client connected from IP: ::1
2026-05-03 15:51:33:5133 info: Client identified and connection stored: gameserver, ID: gameserver-Hddkwe35fsvk_worker_11812
2026-05-03 15:51:36:5136 info: New client connected from IP: ::1
2026-05-03 15:51:36:5136 info: Client identified and connection stored: gameserver, ID: gameserver-Hddkwe35fsvk_worker_22420
2026-05-03 15:51:38:5138 info: New client connected from IP: ::1
2026-05-03 15:51:38:5138 info: Client identified and connection stored: gameserver, ID: gameserver-Hddkwe35fsvk_worker_10944
2026-05-03 15:51:40:5140 info: New client connected from IP: ::1
2026-05-03 15:51:40:5140 info: Client identified and connection stored: gameserver, ID: gameserver-Hddkwe35fsvk_worker_15316
2026-05-03 15:51:43:5143 info: New client connected from IP: ::1
2026-05-03 15:51:43:5143 info: Client identified and connection stored: gameserver, ID: gameserver-Hddkwe35fsvk_worker_23800
2026-05-03 15:51:45:5145 info: New client connected from IP: ::1
2026-05-03 15:51:45:5145 info: Client identified and connection stored: gameserver, ID: gameserver-Hddkwe35fsvk_worker_19500
2026-05-03 15:51:48:5148 info: New client connected from IP: ::1
2026-05-03 15:51:48:5148 info: Client identified and connection stored: gameserver, ID: gameserver-Hddkwe35fsvk_worker_22984
2026-05-03 15:51:49:5149 info: New client connected from IP: ::1
2026-05-03 15:51:49:5149 info: Client identified and connection stored: gameserver, ID: gameserver-Hddkwe35fsvk_worker_10144
2026-05-03 15:51:53:5153 info: New client connected from IP: ::1
2026-05-03 15:51:53:5153 info: Client identified and connection stored: client, ID: cl-a91c2d94-305a-4387-996a-3aa3f13695f6
2026-05-03 15:51:54:5154 info: Client disconnected: client, ID: cl-a91c2d94-305a-4387-996a-3aa3f13695f6
2026-05-03 15:52:00:520 info: [CraftGovernor] Найдено для паузы: 0. Найдено для возобновления: 0. [context: governor]
2026-05-03 15:52:59:5259 warn: Получен сигнал SIGINT. Начинаю грациозное завершение dbserver...
2026-05-03 15:52:59:5259 info: Закрытие серверов (WebSocket и HTTP)...
2026-05-03 15:53:06:536 info: [Reconciler] Запуск воркера для сверки резерваций (Unified)...
2026-05-03 15:53:06:536 info: [CraftGovernor] Запуск воркера "Craft Governor"...
2026-05-03 15:53:07:537 info: [API Server] Запуск процесса...
2026-05-03 15:53:08:538 info: New client connected from IP: ::1
2026-05-03 15:53:08:538 warn: [Infisical] Secret "WEB3_CLIENT_ID" not found in cache.
2026-05-03 15:53:08:538 info: dbServer: Successfully connected to Redis (main client).
2026-05-03 15:53:08:538 info: [HealthMonitor] Monitoring started for reconciler:main
2026-05-03 15:53:08:538 info: [Reconciler] Успешное подключение к MongoDB и Redis.
2026-05-03 15:53:08:538 info: dbServer: Successfully connected to Redis (main client).
2026-05-03 15:53:08:538 info: [HealthMonitor] Monitoring started for governor:main
2026-05-03 15:53:08:538 info: [CraftGovernor] Успешное подключение к MongoDB и Redis.
2026-05-03 15:53:08:538 info: [CraftGovernor] Воркер запланирован с cron-выражением: "* * * * *"
2026-05-03 15:53:08:538 info: [API Server] Успешное подключение к MongoDB.
2026-05-03 15:53:08:538 info: dbServer: Successfully connected to Redis (main client).
2026-05-03 15:53:08:538 info: Прогрев не требуется: нет сезона. [context: hydrate_season_null]
2026-05-03 15:53:09:539 info: [HealthMonitor] Monitoring started for api:main
2026-05-03 15:53:09:539 info: Optimized Exp Notifier scheduler started [context: exp_notifier]
2026-05-03 15:53:09:539 info: [API Server] Сервер запущен и готов к приему WebSocket соединений на PID: 21292.
2026-05-03 15:53:09:539 info: Обработчики грациозного завершения инициализированы.
2026-05-03 15:53:09:539 info: New client connected from IP: ::1
2026-05-03 15:53:09:539 info: Client identified and connection stored: web3server, ID: web3server_kkwvq34lvcw2cf
2026-05-03 15:53:09:539 info: New client connected from IP: ::1
2026-05-03 15:53:09:539 info: Client identified and connection stored: gameserver, ID: gameserver-Hddkwe35fsvk_worker_24568
2026-05-03 15:53:10:5310 info: dbServer: Successfully connected to Redis (main client).
2026-05-03 15:53:10:5310 info: [HealthMonitor] Monitoring started for worker:1
2026-05-03 15:53:11:5311 info: New client connected from IP: ::1
2026-05-03 15:53:11:5311 info: Client identified and connection stored: gameserver, ID: gameserver-Hddkwe35fsvk_worker_14160
2026-05-03 15:53:13:5313 info: New client connected from IP: ::1
2026-05-03 15:53:13:5313 info: Client identified and connection stored: gameserver, ID: gameserver-Hddkwe35fsvk_worker_20360
2026-05-03 15:53:15:5315 info: New client connected from IP: ::1
2026-05-03 15:53:15:5315 info: Client identified and connection stored: gameserver, ID: gameserver-Hddkwe35fsvk_worker_23336
2026-05-03 15:53:17:5317 info: New client connected from IP: ::1
2026-05-03 15:53:17:5317 info: Client identified and connection stored: gameserver, ID: gameserver-Hddkwe35fsvk_worker_24212
2026-05-03 15:53:20:5320 info: New client connected from IP: ::1
2026-05-03 15:53:20:5320 info: Client identified and connection stored: gameserver, ID: gameserver-Hddkwe35fsvk_worker_15724
2026-05-03 15:53:22:5322 info: New client connected from IP: ::1
2026-05-03 15:53:22:5322 info: Client identified and connection stored: gameserver, ID: gameserver-Hddkwe35fsvk_worker_12408
2026-05-03 15:53:24:5324 info: New client connected from IP: ::1
2026-05-03 15:53:24:5324 info: Client identified and connection stored: gameserver, ID: gameserver-Hddkwe35fsvk_worker_21460
2026-05-03 15:53:25:5325 info: New client connected from IP: ::1
2026-05-03 15:53:25:5325 info: Client identified and connection stored: gameserver, ID: gameserver-Hddkwe35fsvk_worker_23224
2026-05-03 15:53:26:5326 info: New client connected from IP: ::1
2026-05-03 15:53:26:5326 info: Client identified and connection stored: client, ID: cl-7c58fb06-e0f1-4d2d-974f-4c7d873ad039
2026-05-03 15:53:27:5327 info: Client disconnected: client, ID: cl-7c58fb06-e0f1-4d2d-974f-4c7d873ad039
2026-05-03 15:53:27:5327 info: New client connected from IP: ::1
2026-05-03 15:53:27:5327 info: Client identified and connection stored: gameserver, ID: gameserver-Hddkwe35fsvk_worker_1468
2026-05-03 15:53:29:5329 info: New client connected from IP: ::1
2026-05-03 15:53:29:5329 info: Client identified and connection stored: gameserver, ID: gameserver-Hddkwe35fsvk_worker_16184
2026-05-03 15:53:31:5331 info: New client connected from IP: ::1
2026-05-03 15:53:31:5331 info: Client identified and connection stored: gameserver, ID: gameserver-Hddkwe35fsvk_worker_17112
2026-05-03 15:53:40:5340 warn: Получен сигнал SIGINT. Начинаю грациозное завершение dbserver...
2026-05-03 15:53:40:5340 info: Закрытие серверов (WebSocket и HTTP)...
2026-05-03 15:53:40:5340 info: Client disconnected: gameserver, ID: gameserver-Hddkwe35fsvk_worker_23224
2026-05-03 15:53:40:5340 info: Client disconnected: gameserver, ID: gameserver-Hddkwe35fsvk_worker_12408
2026-05-03 15:53:40:5340 info: Client disconnected: gameserver, ID: gameserver-Hddkwe35fsvk_worker_1468
2026-05-03 15:53:40:5340 info: Client disconnected: gameserver, ID: gameserver-Hddkwe35fsvk_worker_23336
2026-05-03 15:53:40:5340 info: Client disconnected: gameserver, ID: gameserver-Hddkwe35fsvk_worker_21460
2026-05-03 15:53:40:5340 info: Client disconnected: gameserver, ID: gameserver-Hddkwe35fsvk_worker_20360
2026-05-03 15:53:40:5340 info: Client disconnected: gameserver, ID: gameserver-Hddkwe35fsvk_worker_15724
2026-05-03 15:53:40:5340 info: Client disconnected: gameserver, ID: gameserver-Hddkwe35fsvk_worker_24568
2026-05-03 15:53:40:5340 info: Client disconnected: gameserver, ID: gameserver-Hddkwe35fsvk_worker_17112
2026-05-03 15:53:40:5340 info: Client disconnected: gameserver, ID: gameserver-Hddkwe35fsvk_worker_16184
2026-05-03 15:53:57:5357 info: [Reconciler] Запуск воркера для сверки резерваций (Unified)...
2026-05-03 15:53:58:5358 info: [CraftGovernor] Запуск воркера "Craft Governor"...
2026-05-03 15:53:58:5358 info: [API Server] Запуск процесса...
2026-05-03 15:53:58:5358 info: New client connected from IP: ::1
2026-05-03 15:53:58:5358 warn: [Infisical] Secret "WEB3_CLIENT_ID" not found in cache.
2026-05-03 15:53:59:5359 info: dbServer: Successfully connected to Redis (main client).
2026-05-03 15:53:59:5359 info: [HealthMonitor] Monitoring started for reconciler:main
2026-05-03 15:53:59:5359 info: [Reconciler] Успешное подключение к MongoDB и Redis.
2026-05-03 15:53:59:5359 info: dbServer: Successfully connected to Redis (main client).
2026-05-03 15:53:59:5359 info: [HealthMonitor] Monitoring started for governor:main
2026-05-03 15:53:59:5359 info: [CraftGovernor] Успешное подключение к MongoDB и Redis.
2026-05-03 15:53:59:5359 info: [CraftGovernor] Воркер запланирован с cron-выражением: "* * * * *"
2026-05-03 15:53:59:5359 info: [API Server] Успешное подключение к MongoDB.
2026-05-03 15:53:59:5359 info: dbServer: Successfully connected to Redis (main client).
2026-05-03 15:53:59:5359 info: Прогрев не требуется: нет сезона. [context: hydrate_season_null]
2026-05-03 15:54:00:540 info: [CraftGovernor] Найдено для паузы: 0. Найдено для возобновления: 0. [context: governor]
2026-05-03 15:54:00:540 info: [HealthMonitor] Monitoring started for api:main
2026-05-03 15:54:00:540 info: Optimized Exp Notifier scheduler started [context: exp_notifier]
2026-05-03 15:54:00:540 info: [API Server] Сервер запущен и готов к приему WebSocket соединений на PID: 23232.
2026-05-03 15:54:00:540 info: Обработчики грациозного завершения инициализированы.
2026-05-03 15:54:00:540 info: New client connected from IP: ::1
2026-05-03 15:54:00:540 info: Client identified and connection stored: web3server, ID: web3server_kkwvq34lvcw2cf
2026-05-03 15:54:00:540 info: New client connected from IP: ::1
2026-05-03 15:54:00:540 info: Client identified and connection stored: gameserver, ID: gameserver-Hddkwe35fsvk_worker_15880
2026-05-03 15:54:03:543 info: New client connected from IP: ::1
2026-05-03 15:54:03:543 info: Client identified and connection stored: gameserver, ID: gameserver-Hddkwe35fsvk_worker_12528
2026-05-03 15:54:03:543 info: dbServer: Successfully connected to Redis (main client).
2026-05-03 15:54:03:543 info: [HealthMonitor] Monitoring started for worker:1
2026-05-03 15:54:04:544 info: New client connected from IP: ::1
2026-05-03 15:54:04:544 info: Client identified and connection stored: gameserver, ID: gameserver-Hddkwe35fsvk_worker_17308
2026-05-03 15:54:07:547 info: New client connected from IP: ::1
2026-05-03 15:54:07:547 info: Client identified and connection stored: gameserver, ID: gameserver-Hddkwe35fsvk_worker_21856
2026-05-03 15:54:09:549 info: New client connected from IP: ::1
2026-05-03 15:54:09:549 info: Client identified and connection stored: gameserver, ID: gameserver-Hddkwe35fsvk_worker_3116
2026-05-03 15:54:11:5411 info: New client connected from IP: ::1
2026-05-03 15:54:11:5411 info: Client identified and connection stored: gameserver, ID: gameserver-Hddkwe35fsvk_worker_21412
2026-05-03 15:54:12:5412 info: New client connected from IP: ::1
2026-05-03 15:54:12:5412 info: Client identified and connection stored: gameserver, ID: gameserver-Hddkwe35fsvk_worker_9396
2026-05-03 15:54:14:5414 info: New client connected from IP: ::1
2026-05-03 15:54:14:5414 info: Client identified and connection stored: gameserver, ID: gameserver-Hddkwe35fsvk_worker_24288
2026-05-03 15:54:15:5415 info: New client connected from IP: ::1
2026-05-03 15:54:15:5415 info: Client identified and connection stored: client, ID: cl-19a7dc28-9efd-435f-9782-47666cdb543b
2026-05-03 15:54:16:5416 info: Client disconnected: client, ID: cl-19a7dc28-9efd-435f-9782-47666cdb543b
2026-05-03 15:54:16:5416 info: New client connected from IP: ::1
2026-05-03 15:54:16:5416 info: Client identified and connection stored: gameserver, ID: gameserver-Hddkwe35fsvk_worker_16768
2026-05-03 15:54:18:5418 info: New client connected from IP: ::1
2026-05-03 15:54:18:5418 info: Client identified and connection stored: gameserver, ID: gameserver-Hddkwe35fsvk_worker_1156
2026-05-03 15:54:20:5420 info: New client connected from IP: ::1
2026-05-03 15:54:20:5420 info: Client identified and connection stored: gameserver, ID: gameserver-Hddkwe35fsvk_worker_24212
2026-05-03 15:54:23:5423 info: New client connected from IP: ::1
2026-05-03 15:54:23:5423 info: Client identified and connection stored: gameserver, ID: gameserver-Hddkwe35fsvk_worker_24000
2026-05-03 15:54:26:5426 warn: Получен сигнал SIGINT. Начинаю грациозное завершение dbserver...
2026-05-03 15:54:26:5426 info: Закрытие серверов (WebSocket и HTTP)...
2026-05-03 15:54:26:5426 info: Client disconnected: gameserver, ID: gameserver-Hddkwe35fsvk_worker_1156
2026-05-03 15:54:26:5426 info: Client disconnected: gameserver, ID: gameserver-Hddkwe35fsvk_worker_21856
2026-05-03 15:54:26:5426 info: Client disconnected: gameserver, ID: gameserver-Hddkwe35fsvk_worker_12528
2026-05-03 15:54:26:5426 info: Client disconnected: gameserver, ID: gameserver-Hddkwe35fsvk_worker_21412
2026-05-03 15:54:26:5426 info: Client disconnected: gameserver, ID: gameserver-Hddkwe35fsvk_worker_3116
2026-05-03 15:54:26:5426 info: Client disconnected: gameserver, ID: gameserver-Hddkwe35fsvk_worker_9396
2026-05-03 15:54:26:5426 info: Client disconnected: gameserver, ID: gameserver-Hddkwe35fsvk_worker_24212
2026-05-03 15:54:26:5426 info: Client disconnected: gameserver, ID: gameserver-Hddkwe35fsvk_worker_15880
2026-05-03 15:54:26:5426 info: Client disconnected: gameserver, ID: gameserver-Hddkwe35fsvk_worker_24000
2026-05-03 15:54:42:5442 info: [Reconciler] Запуск воркера для сверки резерваций (Unified)...
2026-05-03 15:54:42:5442 info: [CraftGovernor] Запуск воркера "Craft Governor"...
2026-05-03 15:54:43:5443 info: [API Server] Запуск процесса...
2026-05-03 15:54:43:5443 info: New client connected from IP: ::1
2026-05-03 15:54:43:5443 warn: [Infisical] Secret "WEB3_CLIENT_ID" not found in cache.
2026-05-03 15:54:44:5444 info: New client connected from IP: ::1
2026-05-03 15:54:44:5444 warn: [Identify Client] CRITICAL error for 0x2da351d8d5840415025c35a7c843a0dfa6e4b89b: Попытка доступа к redisClient до его инициализации. Убедитесь, что connectRedis() был вызван.
2026-05-03 15:54:44:5444 info: dbServer: Successfully connected to Redis (main client).
2026-05-03 15:54:44:5444 info: [HealthMonitor] Monitoring started for governor:main
2026-05-03 15:54:44:5444 info: [CraftGovernor] Успешное подключение к MongoDB и Redis.
2026-05-03 15:54:44:5444 info: dbServer: Successfully connected to Redis (main client).
2026-05-03 15:54:44:5444 info: [HealthMonitor] Monitoring started for reconciler:main
2026-05-03 15:54:44:5444 info: [Reconciler] Успешное подключение к MongoDB и Redis.
2026-05-03 15:54:44:5444 info: [CraftGovernor] Воркер запланирован с cron-выражением: "* * * * *"
2026-05-03 15:54:44:5444 info: New client connected from IP: ::1
2026-05-03 15:54:44:5444 info: Client identified and connection stored: web3server, ID: web3server_kkwvq34lvcw2cf
2026-05-03 15:54:44:5444 info: [API Server] Успешное подключение к MongoDB.
2026-05-03 15:54:44:5444 info: dbServer: Successfully connected to Redis (main client).
2026-05-03 15:54:45:5445 info: Прогрев не требуется: нет сезона. [context: hydrate_season_null]
2026-05-03 15:54:45:5445 info: [HealthMonitor] Monitoring started for api:main
2026-05-03 15:54:45:5445 info: Optimized Exp Notifier scheduler started [context: exp_notifier]
2026-05-03 15:54:45:5445 info: [API Server] Сервер запущен и готов к приему WebSocket соединений на PID: 23052.
2026-05-03 15:54:45:5445 info: Обработчики грациозного завершения инициализированы.
2026-05-03 15:54:46:5446 info: New client connected from IP: ::1
2026-05-03 15:54:46:5446 info: Client identified and connection stored: gameserver, ID: gameserver-Hddkwe35fsvk_worker_21224
2026-05-03 15:54:48:5448 info: New client connected from IP: ::1
2026-05-03 15:54:48:5448 info: Client identified and connection stored: gameserver, ID: gameserver-Hddkwe35fsvk_worker_19212
2026-05-03 15:54:48:5448 info: dbServer: Successfully connected to Redis (main client).
2026-05-03 15:54:48:5448 info: [HealthMonitor] Monitoring started for worker:1
2026-05-03 15:54:50:5450 info: New client connected from IP: ::1
2026-05-03 15:54:50:5450 info: Client identified and connection stored: gameserver, ID: gameserver-Hddkwe35fsvk_worker_13000
2026-05-03 15:54:51:5451 info: New client connected from IP: ::1
2026-05-03 15:54:51:5451 info: Client identified and connection stored: gameserver, ID: gameserver-Hddkwe35fsvk_worker_23860
2026-05-03 15:54:55:5455 info: New client connected from IP: ::1
2026-05-03 15:54:55:5455 info: Client identified and connection stored: gameserver, ID: gameserver-Hddkwe35fsvk_worker_21468
2026-05-03 15:54:56:5456 info: New client connected from IP: ::1
2026-05-03 15:54:56:5456 info: Client identified and connection stored: gameserver, ID: gameserver-Hddkwe35fsvk_worker_23068
2026-05-03 15:54:57:5457 info: New client connected from IP: ::1
2026-05-03 15:54:57:5457 info: Client identified and connection stored: gameserver, ID: gameserver-Hddkwe35fsvk_worker_23116
2026-05-03 15:54:59:5459 info: New client connected from IP: ::1
2026-05-03 15:54:59:5459 info: Client identified and connection stored: gameserver, ID: gameserver-Hddkwe35fsvk_worker_18992
2026-05-03 15:55:00:550 info: [CraftGovernor] Найдено для паузы: 0. Найдено для возобновления: 0. [context: governor]
2026-05-03 15:55:00:550 info: New client connected from IP: ::1
2026-05-03 15:55:00:550 info: Client identified and connection stored: gameserver, ID: gameserver-Hddkwe35fsvk_worker_20584
2026-05-03 15:55:02:552 info: New client connected from IP: ::1
2026-05-03 15:55:02:552 info: Client identified and connection stored: gameserver, ID: gameserver-Hddkwe35fsvk_worker_19448
2026-05-03 15:55:04:554 info: New client connected from IP: ::1
2026-05-03 15:55:04:554 info: Client identified and connection stored: gameserver, ID: gameserver-Hddkwe35fsvk_worker_14888
2026-05-03 15:55:06:556 info: New client connected from IP: ::1
2026-05-03 15:55:06:556 info: Client identified and connection stored: gameserver, ID: gameserver-Hddkwe35fsvk_worker_17720
2026-05-03 15:55:11:5511 info: New client connected from IP: ::1
2026-05-03 15:55:11:5511 info: Client identified and connection stored: client, ID: cl-44daf8be-9322-41f5-bb09-ecfb4cefa214
2026-05-03 15:55:13:5513 info: Client disconnected: client, ID: cl-44daf8be-9322-41f5-bb09-ecfb4cefa214
2026-05-03 15:55:48:5548 warn: Получен сигнал SIGINT. Начинаю грациозное завершение dbserver...
2026-05-03 15:55:57:5557 info: [Reconciler] Запуск воркера для сверки резерваций (Unified)...
2026-05-03 15:55:57:5557 info: [CraftGovernor] Запуск воркера "Craft Governor"...
2026-05-03 15:55:57:5557 info: [API Server] Запуск процесса...
2026-05-03 15:55:58:5558 info: New client connected from IP: ::1
2026-05-03 15:55:58:5558 warn: [Infisical] Secret "WEB3_CLIENT_ID" not found in cache.
2026-05-03 15:55:59:5559 info: dbServer: Successfully connected to Redis (main client).
2026-05-03 15:55:59:5559 info: [HealthMonitor] Monitoring started for reconciler:main
2026-05-03 15:55:59:5559 info: [Reconciler] Успешное подключение к MongoDB и Redis.
2026-05-03 15:55:59:5559 info: dbServer: Successfully connected to Redis (main client).
2026-05-03 15:55:59:5559 info: [HealthMonitor] Monitoring started for governor:main
2026-05-03 15:55:59:5559 info: [CraftGovernor] Успешное подключение к MongoDB и Redis.
2026-05-03 15:55:59:5559 info: New client connected from IP: ::1
2026-05-03 15:55:59:5559 warn: [Infisical] Secret "WEB3_CLIENT_ID" not found in cache.
2026-05-03 15:55:59:5559 info: [CraftGovernor] Воркер запланирован с cron-выражением: "* * * * *"
2026-05-03 15:55:59:5559 info: [API Server] Успешное подключение к MongoDB.
2026-05-03 15:55:59:5559 info: dbServer: Successfully connected to Redis (main client).
2026-05-03 15:55:59:5559 info: Прогрев не требуется: нет сезона. [context: hydrate_season_null]
2026-05-03 15:56:00:560 info: [CraftGovernor] Найдено для паузы: 0. Найдено для возобновления: 0. [context: governor]
2026-05-03 15:56:00:560 info: [HealthMonitor] Monitoring started for api:main
2026-05-03 15:56:00:560 info: Optimized Exp Notifier scheduler started [context: exp_notifier]
2026-05-03 15:56:00:560 info: [API Server] Сервер запущен и готов к приему WebSocket соединений на PID: 23452.
2026-05-03 15:56:00:560 info: Обработчики грациозного завершения инициализированы.
2026-05-03 15:56:00:560 info: New client connected from IP: ::1
2026-05-03 15:56:00:560 info: Client identified and connection stored: web3server, ID: web3server_kkwvq34lvcw2cf
2026-05-03 15:56:00:560 info: New client connected from IP: ::1
2026-05-03 15:56:00:560 info: Client identified and connection stored: gameserver, ID: gameserver-Hddkwe35fsvk_worker_22152
2026-05-03 15:56:03:563 info: dbServer: Successfully connected to Redis (main client).
2026-05-03 15:56:03:563 info: [HealthMonitor] Monitoring started for worker:1
2026-05-03 15:56:03:563 info: New client connected from IP: ::1
2026-05-03 15:56:03:563 info: Client identified and connection stored: gameserver, ID: gameserver-Hddkwe35fsvk_worker_15968
2026-05-03 15:56:03:563 info: New client connected from IP: ::1
2026-05-03 15:56:03:563 info: Client identified and connection stored: gameserver, ID: gameserver-Hddkwe35fsvk_worker_9236
2026-05-03 15:56:05:565 info: New client connected from IP: ::1
2026-05-03 15:56:05:565 info: Client identified and connection stored: gameserver, ID: gameserver-Hddkwe35fsvk_worker_20556
2026-05-03 15:56:07:567 info: New client connected from IP: ::1
2026-05-03 15:56:07:567 info: Client identified and connection stored: gameserver, ID: gameserver-Hddkwe35fsvk_worker_24032
2026-05-03 15:56:09:569 info: New client connected from IP: ::1
2026-05-03 15:56:09:569 info: Client identified and connection stored: gameserver, ID: gameserver-Hddkwe35fsvk_worker_676
2026-05-03 15:56:11:5611 info: New client connected from IP: ::1
2026-05-03 15:56:11:5611 info: Client identified and connection stored: gameserver, ID: gameserver-Hddkwe35fsvk_worker_18236
2026-05-03 15:56:12:5612 info: New client connected from IP: ::1
2026-05-03 15:56:12:5612 info: Client identified and connection stored: client, ID: cl-79ab80fa-4807-40c3-b156-8de2e449fb58
2026-05-03 15:56:12:5612 info: New client connected from IP: ::1
2026-05-03 15:56:12:5612 info: Client identified and connection stored: gameserver, ID: gameserver-Hddkwe35fsvk_worker_3044
2026-05-03 15:56:13:5613 info: New client connected from IP: ::1
2026-05-03 15:56:14:5614 info: Client identified and connection stored: gameserver, ID: gameserver-Hddkwe35fsvk_worker_17588
2026-05-03 15:56:15:5615 info: Client disconnected: client, ID: cl-79ab80fa-4807-40c3-b156-8de2e449fb58
2026-05-03 15:56:16:5616 info: New client connected from IP: ::1
2026-05-03 15:56:16:5616 info: Client identified and connection stored: gameserver, ID: gameserver-Hddkwe35fsvk_worker_17632
2026-05-03 15:56:18:5618 info: New client connected from IP: ::1
2026-05-03 15:56:18:5618 info: Client identified and connection stored: gameserver, ID: gameserver-Hddkwe35fsvk_worker_23360
2026-05-03 15:56:20:5620 info: New client connected from IP: ::1
2026-05-03 15:56:20:5620 info: Client identified and connection stored: gameserver, ID: gameserver-Hddkwe35fsvk_worker_24368
2026-05-03 15:56:45:5645 warn: Получен сигнал SIGINT. Начинаю грациозное завершение dbserver...
2026-05-03 15:57:00:570 info: [Reconciler] Запуск воркера для сверки резерваций (Unified)...
2026-05-03 15:57:00:570 info: [CraftGovernor] Запуск воркера "Craft Governor"...
2026-05-03 15:57:00:570 info: [API Server] Запуск процесса...
2026-05-03 15:57:01:571 info: dbServer: Successfully connected to Redis (main client).
2026-05-03 15:57:01:571 info: [HealthMonitor] Monitoring started for reconciler:main
2026-05-03 15:57:01:571 info: [Reconciler] Успешное подключение к MongoDB и Redis.
2026-05-03 15:57:02:572 info: [API Server] Успешное подключение к MongoDB.
2026-05-03 15:57:02:572 info: dbServer: Successfully connected to Redis (main client).
2026-05-03 15:57:02:572 info: Прогрев не требуется: нет сезона. [context: hydrate_season_null]
2026-05-03 15:57:02:572 info: [HealthMonitor] Monitoring started for api:main
2026-05-03 15:57:03:573 info: Optimized Exp Notifier scheduler started [context: exp_notifier]
2026-05-03 15:57:03:573 info: [API Server] Сервер запущен и готов к приему WebSocket соединений на PID: 12268.
2026-05-03 15:57:03:573 info: Обработчики грациозного завершения инициализированы.
2026-05-03 15:57:03:573 info: New client connected from IP: ::1
2026-05-03 15:57:03:573 info: Client identified and connection stored: web3server, ID: web3server_kkwvq34lvcw2cf
2026-05-03 15:57:03:573 info: New client connected from IP: ::1
2026-05-03 15:57:03:573 info: Client identified and connection stored: gameserver, ID: gameserver-Hddkwe35fsvk_worker_20596
2026-05-03 15:57:03:573 info: dbServer: Successfully connected to Redis (main client).
2026-05-03 15:57:03:573 info: [HealthMonitor] Monitoring started for governor:main
2026-05-03 15:57:03:573 info: [CraftGovernor] Успешное подключение к MongoDB и Redis.
2026-05-03 15:57:03:573 info: [CraftGovernor] Воркер запланирован с cron-выражением: "* * * * *"
2026-05-03 15:57:06:576 info: dbServer: Successfully connected to Redis (main client).
2026-05-03 15:57:06:576 info: [HealthMonitor] Monitoring started for worker:1
2026-05-03 15:57:06:576 info: New client connected from IP: ::1
2026-05-03 15:57:06:576 info: Client identified and connection stored: gameserver, ID: gameserver-Hddkwe35fsvk_worker_21324
2026-05-03 15:57:07:577 info: New client connected from IP: ::1
2026-05-03 15:57:07:577 info: Client identified and connection stored: gameserver, ID: gameserver-Hddkwe35fsvk_worker_2124
2026-05-03 15:57:09:579 info: New client connected from IP: ::1
2026-05-03 15:57:09:579 info: Client identified and connection stored: gameserver, ID: gameserver-Hddkwe35fsvk_worker_19684
2026-05-03 15:57:11:5711 info: New client connected from IP: ::1
2026-05-03 15:57:11:5711 info: Client identified and connection stored: gameserver, ID: gameserver-Hddkwe35fsvk_worker_21228
2026-05-03 15:57:13:5713 info: New client connected from IP: ::1
2026-05-03 15:57:13:5713 info: Client identified and connection stored: gameserver, ID: gameserver-Hddkwe35fsvk_worker_18152
2026-05-03 15:57:14:5714 info: New client connected from IP: ::1
2026-05-03 15:57:14:5714 info: Client identified and connection stored: gameserver, ID: gameserver-Hddkwe35fsvk_worker_22744
2026-05-03 15:57:15:5715 info: New client connected from IP: ::1
2026-05-03 15:57:15:5715 info: Client identified and connection stored: client, ID: cl-36b9002a-e6c8-45fb-96c7-ac7c9d9de958
2026-05-03 15:57:16:5716 info: New client connected from IP: ::1
2026-05-03 15:57:16:5716 info: Client identified and connection stored: gameserver, ID: gameserver-Hddkwe35fsvk_worker_23684
2026-05-03 15:57:17:5717 info: Client disconnected: client, ID: cl-36b9002a-e6c8-45fb-96c7-ac7c9d9de958
2026-05-03 15:57:18:5718 info: New client connected from IP: ::1
2026-05-03 15:57:18:5718 info: Client identified and connection stored: gameserver, ID: gameserver-Hddkwe35fsvk_worker_21732
2026-05-03 15:57:19:5719 info: New client connected from IP: ::1
2026-05-03 15:57:19:5719 info: Client identified and connection stored: gameserver, ID: gameserver-Hddkwe35fsvk_worker_18448
2026-05-03 15:57:22:5722 info: New client connected from IP: ::1
2026-05-03 15:57:22:5722 info: Client identified and connection stored: gameserver, ID: gameserver-Hddkwe35fsvk_worker_23156
2026-05-03 15:57:24:5724 info: New client connected from IP: ::1
2026-05-03 15:57:24:5724 info: Client identified and connection stored: gameserver, ID: gameserver-Hddkwe35fsvk_worker_9412
2026-05-03 15:57:46:5746 warn: Получен сигнал SIGINT. Начинаю грациозное завершение dbserver...
2026-05-03 15:57:46:5746 info: Закрытие серверов (WebSocket и HTTP)...
2026-05-03 15:57:46:5746 info: Client disconnected: gameserver, ID: gameserver-Hddkwe35fsvk_worker_18152
2026-05-03 15:57:59:5759 info: [Reconciler] Запуск воркера для сверки резерваций (Unified)...
2026-05-03 15:57:59:5759 info: [CraftGovernor] Запуск воркера "Craft Governor"...
2026-05-03 15:58:00:580 info: [API Server] Запуск процесса...
2026-05-03 15:58:01:581 info: New client connected from IP: ::1
2026-05-03 15:58:01:581 warn: [Infisical] Secret "WEB3_CLIENT_ID" not found in cache.
2026-05-03 15:58:01:581 info: dbServer: Successfully connected to Redis (main client).
2026-05-03 15:58:01:581 info: [HealthMonitor] Monitoring started for governor:main
2026-05-03 15:58:01:581 info: [CraftGovernor] Успешное подключение к MongoDB и Redis.
2026-05-03 15:58:01:581 info: [CraftGovernor] Воркер запланирован с cron-выражением: "* * * * *"
2026-05-03 15:58:01:581 info: [API Server] Успешное подключение к MongoDB.
2026-05-03 15:58:01:581 info: dbServer: Successfully connected to Redis (main client).
2026-05-03 15:58:01:581 info: [HealthMonitor] Monitoring started for reconciler:main
2026-05-03 15:58:01:581 info: [Reconciler] Успешное подключение к MongoDB и Redis.
2026-05-03 15:58:01:581 info: dbServer: Successfully connected to Redis (main client).
2026-05-03 15:58:01:581 info: Прогрев не требуется: нет сезона. [context: hydrate_season_null]
2026-05-03 15:58:02:582 info: [HealthMonitor] Monitoring started for api:main
2026-05-03 15:58:02:582 info: Optimized Exp Notifier scheduler started [context: exp_notifier]
2026-05-03 15:58:02:582 info: [API Server] Сервер запущен и готов к приему WebSocket соединений на PID: 13860.
2026-05-03 15:58:02:582 info: Обработчики грациозного завершения инициализированы.
2026-05-03 15:58:02:582 info: New client connected from IP: ::1
2026-05-03 15:58:02:582 info: Client identified and connection stored: web3server, ID: web3server_kkwvq34lvcw2cf
2026-05-03 15:58:02:582 info: New client connected from IP: ::1
2026-05-03 15:58:02:582 info: Client identified and connection stored: gameserver, ID: gameserver-Hddkwe35fsvk_worker_15452
2026-05-03 15:58:05:585 info: dbServer: Successfully connected to Redis (main client).
2026-05-03 15:58:05:585 info: [HealthMonitor] Monitoring started for worker:1
2026-05-03 15:58:06:586 info: New client connected from IP: ::1
2026-05-03 15:58:06:586 info: Client identified and connection stored: gameserver, ID: gameserver-Hddkwe35fsvk_worker_300
2026-05-03 15:58:09:589 info: New client connected from IP: ::1
2026-05-03 15:58:09:589 info: Client identified and connection stored: gameserver, ID: gameserver-Hddkwe35fsvk_worker_24016
2026-05-03 15:58:11:5811 info: New client connected from IP: ::1
2026-05-03 15:58:11:5811 info: Client identified and connection stored: gameserver, ID: gameserver-Hddkwe35fsvk_worker_23888
2026-05-03 15:58:12:5812 info: New client connected from IP: ::1
2026-05-03 15:58:12:5812 info: Client identified and connection stored: gameserver, ID: gameserver-Hddkwe35fsvk_worker_12528
2026-05-03 15:58:13:5813 info: New client connected from IP: ::1
2026-05-03 15:58:13:5813 info: Client identified and connection stored: gameserver, ID: gameserver-Hddkwe35fsvk_worker_19648
2026-05-03 15:58:14:5814 info: New client connected from IP: ::1
2026-05-03 15:58:14:5814 info: Client identified and connection stored: client, ID: cl-a9824bd4-3998-418c-a413-436cf43c18f5
2026-05-03 15:58:15:5815 info: New client connected from IP: ::1
2026-05-03 15:58:15:5815 info: Client identified and connection stored: gameserver, ID: gameserver-Hddkwe35fsvk_worker_20752
2026-05-03 15:58:16:5816 info: Client disconnected: client, ID: cl-a9824bd4-3998-418c-a413-436cf43c18f5
2026-05-03 15:58:16:5816 info: New client connected from IP: ::1
2026-05-03 15:58:16:5816 info: Client identified and connection stored: gameserver, ID: gameserver-Hddkwe35fsvk_worker_5192
2026-05-03 15:58:17:5817 info: New client connected from IP: ::1
2026-05-03 15:58:17:5817 info: Client identified and connection stored: gameserver, ID: gameserver-Hddkwe35fsvk_worker_24268
2026-05-03 15:58:19:5819 info: New client connected from IP: ::1
2026-05-03 15:58:19:5819 info: Client identified and connection stored: gameserver, ID: gameserver-Hddkwe35fsvk_worker_21056
2026-05-03 15:58:22:5822 info: New client connected from IP: ::1
2026-05-03 15:58:22:5822 info: Client identified and connection stored: gameserver, ID: gameserver-Hddkwe35fsvk_worker_23076
2026-05-03 15:58:23:5823 info: New client connected from IP: ::1
2026-05-03 15:58:23:5823 info: Client identified and connection stored: gameserver, ID: gameserver-Hddkwe35fsvk_worker_23036
2026-05-03 15:59:00:590 info: [CraftGovernor] Найдено для паузы: 0. Найдено для возобновления: 0. [context: governor]
2026-05-03 15:59:39:5939 warn: Получен сигнал SIGINT. Начинаю грациозное завершение dbserver...
2026-05-03 16:00:10:010 info: [Reconciler] Запуск воркера для сверки резерваций (Unified)...
2026-05-03 16:00:10:010 info: [CraftGovernor] Запуск воркера "Craft Governor"...
2026-05-03 16:00:10:010 info: [API Server] Запуск процесса...
2026-05-03 16:00:11:011 info: dbServer: Successfully connected to Redis (main client).
2026-05-03 16:00:11:011 info: [HealthMonitor] Monitoring started for governor:main
2026-05-03 16:00:11:011 info: [CraftGovernor] Успешное подключение к MongoDB и Redis.
2026-05-03 16:00:11:011 info: [CraftGovernor] Воркер запланирован с cron-выражением: "* * * * *"
2026-05-03 16:00:11:011 info: New client connected from IP: ::1
2026-05-03 16:00:11:011 warn: [Infisical] Secret "WEB3_CLIENT_ID" not found in cache.
2026-05-03 16:00:12:012 info: dbServer: Successfully connected to Redis (main client).
2026-05-03 16:00:12:012 info: [HealthMonitor] Monitoring started for reconciler:main
2026-05-03 16:00:12:012 info: [Reconciler] Успешное подключение к MongoDB и Redis.
2026-05-03 16:00:12:012 info: New client connected from IP: ::1
2026-05-03 16:00:12:012 warn: [Infisical] Secret "WEB3_CLIENT_ID" not found in cache.
2026-05-03 16:00:13:013 info: New client connected from IP: ::1
2026-05-03 16:00:13:013 warn: [Infisical] Secret "GS_CLIENT_ID" not found in cache.
2026-05-03 16:00:14:014 info: New client connected from IP: ::1
2026-05-03 16:00:14:014 warn: [Infisical] Secret "WEB3_CLIENT_ID" not found in cache.
2026-05-03 16:00:15:015 info: New client connected from IP: ::1
2026-05-03 16:00:15:015 info: Client identified and connection stored: web3server, ID: web3server_kkwvq34lvcw2cf
2026-05-03 16:00:15:015 info: [API Server] Успешное подключение к MongoDB.
2026-05-03 16:00:15:015 info: dbServer: Successfully connected to Redis (main client).
2026-05-03 16:00:15:015 info: [HealthMonitor] Monitoring started for worker:1
2026-05-03 16:00:15:015 info: dbServer: Successfully connected to Redis (main client).
2026-05-03 16:00:15:015 info: Прогрев не требуется: нет сезона. [context: hydrate_season_null]
2026-05-03 16:00:15:015 info: [HealthMonitor] Monitoring started for api:main
2026-05-03 16:00:15:015 info: Optimized Exp Notifier scheduler started [context: exp_notifier]
2026-05-03 16:00:15:015 info: [API Server] Сервер запущен и готов к приему WebSocket соединений на PID: 17228.
2026-05-03 16:00:15:015 info: Обработчики грациозного завершения инициализированы.
2026-05-03 16:00:15:015 info: New client connected from IP: ::1
2026-05-03 16:00:15:015 info: New client connected from IP: ::1
2026-05-03 16:00:15:015 info: Client identified and connection stored: gameserver, ID: gameserver-Hddkwe35fsvk_worker_22192
2026-05-03 16:00:15:015 info: Client identified and connection stored: gameserver, ID: gameserver-Hddkwe35fsvk_worker_12064
2026-05-03 16:00:17:017 info: New client connected from IP: ::1
2026-05-03 16:00:17:017 info: Client identified and connection stored: gameserver, ID: gameserver-Hddkwe35fsvk_worker_19204
2026-05-03 16:00:19:019 info: New client connected from IP: ::1
2026-05-03 16:00:19:019 info: Client identified and connection stored: gameserver, ID: gameserver-Hddkwe35fsvk_worker_23224
2026-05-03 16:00:22:022 info: New client connected from IP: ::1
2026-05-03 16:00:22:022 info: Client identified and connection stored: gameserver, ID: gameserver-Hddkwe35fsvk_worker_22596
2026-05-03 16:00:23:023 info: New client connected from IP: ::1
2026-05-03 16:00:23:023 info: Client identified and connection stored: gameserver, ID: gameserver-Hddkwe35fsvk_worker_17464
2026-05-03 16:00:25:025 info: New client connected from IP: ::1
2026-05-03 16:00:25:025 info: Client identified and connection stored: client, ID: cl-cd11cc8c-db08-468d-bd83-a7fed7301b16
2026-05-03 16:00:25:025 info: New client connected from IP: ::1
2026-05-03 16:00:25:025 info: Client identified and connection stored: gameserver, ID: gameserver-Hddkwe35fsvk_worker_22556
2026-05-03 16:00:26:026 info: New client connected from IP: ::1
2026-05-03 16:00:26:026 info: Client identified and connection stored: gameserver, ID: gameserver-Hddkwe35fsvk_worker_11392
2026-05-03 16:00:26:026 info: Client disconnected: client, ID: cl-cd11cc8c-db08-468d-bd83-a7fed7301b16
2026-05-03 16:00:28:028 info: New client connected from IP: ::1
2026-05-03 16:00:28:028 info: Client identified and connection stored: gameserver, ID: gameserver-Hddkwe35fsvk_worker_16436
2026-05-03 16:00:30:030 info: New client connected from IP: ::1
2026-05-03 16:00:30:030 info: Client identified and connection stored: gameserver, ID: gameserver-Hddkwe35fsvk_worker_12924
2026-05-03 16:00:32:032 info: New client connected from IP: ::1
2026-05-03 16:00:32:032 info: Client identified and connection stored: gameserver, ID: gameserver-Hddkwe35fsvk_worker_21760
2026-05-03 16:00:35:035 info: New client connected from IP: ::1
2026-05-03 16:00:35:035 info: Client identified and connection stored: gameserver, ID: gameserver-Hddkwe35fsvk_worker_19836
2026-05-03 16:01:00:10 info: [CraftGovernor] Найдено для паузы: 0. Найдено для возобновления: 0. [context: governor]
2026-05-03 16:02:00:20 info: [CraftGovernor] Найдено для паузы: 0. Найдено для возобновления: 0. [context: governor]
2026-05-03 16:03:00:30 info: [CraftGovernor] Найдено для паузы: 0. Найдено для возобновления: 0. [context: governor]
2026-05-03 16:03:10:310 info: New client connected from IP: ::1
2026-05-03 16:03:10:310 info: Client identified and connection stored: client, ID: cl-9ccd7f49-4393-47b5-a618-293e5c78be74
2026-05-03 16:03:36:336 warn: Попытка списания ресурсов для 0x2da351d8d5840415025c35a7c843a0dfa6e4b89b. Данные: {} [context: inventory_0x2da351d8d5840415025c35a7c843a0dfa6e4b89b]
2026-05-03 16:04:00:40 info: [CraftGovernor] Найдено для паузы: 0. Найдено для возобновления: 0. [context: governor]
2026-05-03 16:04:41:441 warn: Получен сигнал SIGINT. Начинаю грациозное завершение dbserver...
2026-05-03 16:04:41:441 info: Закрытие серверов (WebSocket и HTTP)...
2026-05-03 16:06:59:659 info: [Reconciler] Запуск воркера для сверки резерваций (Unified)...
2026-05-03 16:06:59:659 info: [CraftGovernor] Запуск воркера "Craft Governor"...
2026-05-03 16:06:59:659 info: [API Server] Запуск процесса...
2026-05-03 16:07:00:70 info: dbServer: Successfully connected to Redis (main client).
2026-05-03 16:07:00:70 info: [HealthMonitor] Monitoring started for governor:main
2026-05-03 16:07:00:70 info: [CraftGovernor] Успешное подключение к MongoDB и Redis.
2026-05-03 16:07:00:70 info: [CraftGovernor] Воркер запланирован с cron-выражением: "* * * * *"
2026-05-03 16:07:00:70 info: dbServer: Successfully connected to Redis (main client).
2026-05-03 16:07:00:70 info: [HealthMonitor] Monitoring started for reconciler:main
2026-05-03 16:07:00:70 info: [Reconciler] Успешное подключение к MongoDB и Redis.
2026-05-03 16:07:00:70 info: [API Server] Успешное подключение к MongoDB.
2026-05-03 16:07:01:71 info: dbServer: Successfully connected to Redis (main client).
2026-05-03 16:07:01:71 info: Прогрев не требуется: нет сезона. [context: hydrate_season_null]
2026-05-03 16:07:01:71 info: [HealthMonitor] Monitoring started for api:main
2026-05-03 16:07:01:71 info: Optimized Exp Notifier scheduler started [context: exp_notifier]
2026-05-03 16:07:01:71 info: [API Server] Сервер запущен и готов к приему WebSocket соединений на PID: 23216.
2026-05-03 16:07:01:71 info: Обработчики грациозного завершения инициализированы.
2026-05-03 16:07:01:71 info: New client connected from IP: ::1
2026-05-03 16:07:01:71 info: Client identified and connection stored: gameserver, ID: gameserver-Hddkwe35fsvk_worker_19848
2026-05-03 16:07:02:72 info: New client connected from IP: ::1
2026-05-03 16:07:02:72 info: Client identified and connection stored: web3server, ID: web3server_kkwvq34lvcw2cf
2026-05-03 16:07:03:73 info: dbServer: Successfully connected to Redis (main client).
2026-05-03 16:07:03:73 info: [HealthMonitor] Monitoring started for worker:1
2026-05-03 16:07:04:74 info: New client connected from IP: ::1
2026-05-03 16:07:04:74 info: Client identified and connection stored: gameserver, ID: gameserver-Hddkwe35fsvk_worker_24444
2026-05-03 16:07:06:76 info: New client connected from IP: ::1
2026-05-03 16:07:06:76 info: Client identified and connection stored: gameserver, ID: gameserver-Hddkwe35fsvk_worker_23548
2026-05-03 16:07:06:76 warn: Получен сигнал SIGINT. Начинаю грациозное завершение dbserver...
2026-05-03 16:07:36:736 info: [Reconciler] Запуск воркера для сверки резерваций (Unified)...
2026-05-03 16:07:36:736 info: [CraftGovernor] Запуск воркера "Craft Governor"...
2026-05-03 16:07:37:737 info: [API Server] Запуск процесса...
2026-05-03 16:07:37:737 info: New client connected from IP: ::1
2026-05-03 16:07:37:737 warn: [Infisical] Secret "WEB3_CLIENT_ID" not found in cache.
2026-05-03 16:07:38:738 info: dbServer: Successfully connected to Redis (main client).
2026-05-03 16:07:38:738 info: [HealthMonitor] Monitoring started for reconciler:main
2026-05-03 16:07:38:738 info: [Reconciler] Успешное подключение к MongoDB и Redis.
2026-05-03 16:07:38:738 info: dbServer: Successfully connected to Redis (main client).
2026-05-03 16:07:38:738 info: [HealthMonitor] Monitoring started for governor:main
2026-05-03 16:07:38:738 info: [CraftGovernor] Успешное подключение к MongoDB и Redis.
2026-05-03 16:07:38:738 info: [CraftGovernor] Воркер запланирован с cron-выражением: "* * * * *"
2026-05-03 16:07:38:738 info: [API Server] Успешное подключение к MongoDB.
2026-05-03 16:07:38:738 info: dbServer: Successfully connected to Redis (main client).
2026-05-03 16:07:39:739 info: Прогрев не требуется: нет сезона. [context: hydrate_season_null]
2026-05-03 16:07:39:739 info: [HealthMonitor] Monitoring started for api:main
2026-05-03 16:07:39:739 info: Optimized Exp Notifier scheduler started [context: exp_notifier]
2026-05-03 16:07:39:739 info: [API Server] Сервер запущен и готов к приему WebSocket соединений на PID: 1488.
2026-05-03 16:07:39:739 info: Обработчики грациозного завершения инициализированы.
2026-05-03 16:07:39:739 info: New client connected from IP: ::1
2026-05-03 16:07:39:739 info: Client identified and connection stored: web3server, ID: web3server_kkwvq34lvcw2cf
2026-05-03 16:07:40:740 info: New client connected from IP: ::1
2026-05-03 16:07:40:740 info: Client identified and connection stored: gameserver, ID: gameserver-Hddkwe35fsvk_worker_21628
2026-05-03 16:07:42:742 info: dbServer: Successfully connected to Redis (main client).
2026-05-03 16:07:42:742 info: [HealthMonitor] Monitoring started for worker:1
2026-05-03 16:07:42:742 info: New client connected from IP: ::1
2026-05-03 16:07:42:742 info: Client identified and connection stored: gameserver, ID: gameserver-Hddkwe35fsvk_worker_16904
2026-05-03 16:07:44:744 info: New client connected from IP: ::1
2026-05-03 16:07:44:744 info: Client identified and connection stored: gameserver, ID: gameserver-Hddkwe35fsvk_worker_3688
2026-05-03 16:07:45:745 info: New client connected from IP: ::1
2026-05-03 16:07:45:745 info: Client identified and connection stored: gameserver, ID: gameserver-Hddkwe35fsvk_worker_22816
2026-05-03 16:07:49:749 info: New client connected from IP: ::1
2026-05-03 16:07:49:749 info: Client identified and connection stored: gameserver, ID: gameserver-Hddkwe35fsvk_worker_12372
2026-05-03 16:07:50:750 info: New client connected from IP: ::1
2026-05-03 16:07:50:750 info: Client identified and connection stored: gameserver, ID: gameserver-Hddkwe35fsvk_worker_21904
2026-05-03 16:07:51:751 info: New client connected from IP: ::1
2026-05-03 16:07:51:751 info: Client identified and connection stored: gameserver, ID: gameserver-Hddkwe35fsvk_worker_24492
2026-05-03 16:07:52:752 info: New client connected from IP: ::1
2026-05-03 16:07:53:753 info: Client identified and connection stored: client, ID: cl-e55d890b-d908-471a-bce4-aba36e075634
2026-05-03 16:07:54:754 info: New client connected from IP: ::1
2026-05-03 16:07:54:754 info: Client identified and connection stored: gameserver, ID: gameserver-Hddkwe35fsvk_worker_22880
2026-05-03 16:07:54:754 info: Client disconnected: client, ID: cl-e55d890b-d908-471a-bce4-aba36e075634
2026-05-03 16:07:56:756 info: New client connected from IP: ::1
2026-05-03 16:07:56:756 info: Client identified and connection stored: gameserver, ID: gameserver-Hddkwe35fsvk_worker_21068
2026-05-03 16:07:57:757 info: New client connected from IP: ::1
2026-05-03 16:07:57:757 info: Client identified and connection stored: gameserver, ID: gameserver-Hddkwe35fsvk_worker_23592
2026-05-03 16:07:59:759 info: New client connected from IP: ::1
2026-05-03 16:07:59:759 info: Client identified and connection stored: gameserver, ID: gameserver-Hddkwe35fsvk_worker_9320
2026-05-03 16:08:00:80 info: [CraftGovernor] Найдено для паузы: 0. Найдено для возобновления: 0. [context: governor]
2026-05-03 16:08:01:81 info: New client connected from IP: ::1
2026-05-03 16:08:01:81 info: Client identified and connection stored: gameserver, ID: gameserver-Hddkwe35fsvk_worker_15800
2026-05-03 16:09:00:90 info: [CraftGovernor] Найдено для паузы: 0. Найдено для возобновления: 0. [context: governor]
2026-05-03 16:10:00:100 info: [CraftGovernor] Найдено для паузы: 0. Найдено для возобновления: 0. [context: governor]
2026-05-03 16:10:18:1018 info: New client connected from IP: ::1
2026-05-03 16:10:18:1018 info: Client identified and connection stored: client, ID: cl-9d37b714-c278-4646-a5f1-1a58ebeb7930
2026-05-03 16:10:35:1035 warn: Попытка списания ресурсов для 0x2da351d8d5840415025c35a7c843a0dfa6e4b89b. Данные: {} [context: inventory_0x2da351d8d5840415025c35a7c843a0dfa6e4b89b]
2026-05-03 16:10:38:1038 warn: Попытка списания ресурсов для 0x2da351d8d5840415025c35a7c843a0dfa6e4b89b. Данные: {} [context: inventory_0x2da351d8d5840415025c35a7c843a0dfa6e4b89b]
2026-05-03 16:11:00:110 info: [CraftGovernor] Найдено для паузы: 0. Найдено для возобновления: 0. [context: governor]
2026-05-03 16:12:00:120 info: [CraftGovernor] Найдено для паузы: 0. Найдено для возобновления: 0. [context: governor]
2026-05-03 16:13:00:130 info: [CraftGovernor] Найдено для паузы: 0. Найдено для возобновления: 0. [context: governor]
2026-05-03 16:14:00:140 info: [CraftGovernor] Найдено для паузы: 0. Найдено для возобновления: 0. [context: governor]
2026-05-03 16:15:00:150 info: [CraftGovernor] Найдено для паузы: 0. Найдено для возобновления: 0. [context: governor]
2026-05-03 16:16:00:160 info: [CraftGovernor] Найдено для паузы: 0. Найдено для возобновления: 0. [context: governor]
2026-05-03 16:16:44:1644 warn: Попытка списания ресурсов для 0x2da351d8d5840415025c35a7c843a0dfa6e4b89b. Данные: {"resources.voltaic_cell.quantity":-32,"resources.auracite.quantity":-24,"resources.ferrite_cluster.quantity":-24} [context: inventory_0x2da351d8d5840415025c35a7c843a0dfa6e4b89b]
2026-05-03 16:16:47:1647 warn: Попытка списания ресурсов для 0x2da351d8d5840415025c35a7c843a0dfa6e4b89b. Данные: {"resources.onyx_blade.quantity":-32,"resources.onyther_rock.quantity":-24,"resources.ferrite_cluster.quantity":-24} [context: inventory_0x2da351d8d5840415025c35a7c843a0dfa6e4b89b]
2026-05-03 16:17:00:170 info: [CraftGovernor] Найдено для паузы: 0. Найдено для возобновления: 0. [context: governor]
2026-05-03 16:17:04:174 warn: Попытка списания ресурсов для 0x2da351d8d5840415025c35a7c843a0dfa6e4b89b. Данные: {"resources.voltaic_cell.quantity":-32,"resources.onyx_blade.quantity":-24,"resources.auracite.quantity":-24} [context: inventory_0x2da351d8d5840415025c35a7c843a0dfa6e4b89b]
2026-05-03 16:17:53:1753 warn: Попытка списания ресурсов для 0x2da351d8d5840415025c35a7c843a0dfa6e4b89b. Данные: {"resources.onyx_blade.quantity":-32,"resources.onyther_rock.quantity":-24,"resources.ferrite_cluster.quantity":-24} [context: inventory_0x2da351d8d5840415025c35a7c843a0dfa6e4b89b]
2026-05-03 16:18:00:180 info: [CraftGovernor] Найдено для паузы: 0. Найдено для возобновления: 0. [context: governor]
2026-05-03 16:18:24:1824 warn: Получен сигнал SIGINT. Начинаю грациозное завершение dbserver...
2026-05-03 16:18:24:1824 info: Закрытие серверов (WebSocket и HTTP)...
2026-05-03 16:18:24:1824 info: Client disconnected: gameserver, ID: gameserver-Hddkwe35fsvk_worker_24492
2026-05-03 16:18:24:1824 info: Client disconnected: gameserver, ID: gameserver-Hddkwe35fsvk_worker_22880
2026-05-03 16:18:24:1824 info: Client disconnected: gameserver, ID: gameserver-Hddkwe35fsvk_worker_15800
2026-05-03 16:18:24:1824 info: Client disconnected: gameserver, ID: gameserver-Hddkwe35fsvk_worker_21068
2026-05-03 16:18:24:1824 info: Client disconnected: gameserver, ID: gameserver-Hddkwe35fsvk_worker_12372
2026-05-03 16:18:24:1824 info: Client disconnected: gameserver, ID: gameserver-Hddkwe35fsvk_worker_21904
2026-05-03 16:18:24:1824 info: Client disconnected: gameserver, ID: gameserver-Hddkwe35fsvk_worker_23592
2026-05-03 16:18:24:1824 info: Client disconnected: gameserver, ID: gameserver-Hddkwe35fsvk_worker_22816
2026-05-03 16:20:28:2028 info: [Reconciler] Запуск воркера для сверки резерваций (Unified)...
2026-05-03 16:20:28:2028 info: [CraftGovernor] Запуск воркера "Craft Governor"...
2026-05-03 16:20:28:2028 info: [API Server] Запуск процесса...
2026-05-03 16:20:29:2029 info: New client connected from IP: ::1
2026-05-03 16:20:29:2029 warn: [Infisical] Secret "WEB3_CLIENT_ID" not found in cache.
2026-05-03 16:20:29:2029 info: dbServer: Successfully connected to Redis (main client).
2026-05-03 16:20:29:2029 info: [HealthMonitor] Monitoring started for reconciler:main
2026-05-03 16:20:29:2029 info: [Reconciler] Успешное подключение к MongoDB и Redis.
2026-05-03 16:20:29:2029 info: dbServer: Successfully connected to Redis (main client).
2026-05-03 16:20:29:2029 info: [HealthMonitor] Monitoring started for governor:main
2026-05-03 16:20:29:2029 info: [CraftGovernor] Успешное подключение к MongoDB и Redis.
2026-05-03 16:20:29:2029 info: [CraftGovernor] Воркер запланирован с cron-выражением: "* * * * *"
2026-05-03 16:20:30:2030 info: [API Server] Успешное подключение к MongoDB.
2026-05-03 16:20:30:2030 info: dbServer: Successfully connected to Redis (main client).
2026-05-03 16:20:30:2030 info: Прогрев не требуется: нет сезона. [context: hydrate_season_null]
2026-05-03 16:20:30:2030 info: [HealthMonitor] Monitoring started for api:main
2026-05-03 16:20:30:2030 info: Optimized Exp Notifier scheduler started [context: exp_notifier]
2026-05-03 16:20:30:2030 info: [API Server] Сервер запущен и готов к приему WebSocket соединений на PID: 7488.
2026-05-03 16:20:30:2030 info: Обработчики грациозного завершения инициализированы.
2026-05-03 16:20:30:2030 info: New client connected from IP: ::1
2026-05-03 16:20:30:2030 info: Client identified and connection stored: web3server, ID: web3server_kkwvq34lvcw2cf
2026-05-03 16:20:31:2031 info: New client connected from IP: ::1
2026-05-03 16:20:31:2031 info: Client identified and connection stored: gameserver, ID: gameserver-Hddkwe35fsvk_worker_15068
2026-05-03 16:20:33:2033 info: dbServer: Successfully connected to Redis (main client).
2026-05-03 16:20:33:2033 info: [HealthMonitor] Monitoring started for worker:1
2026-05-03 16:20:33:2033 info: New client connected from IP: ::1
2026-05-03 16:20:33:2033 info: Client identified and connection stored: gameserver, ID: gameserver-Hddkwe35fsvk_worker_23732
2026-05-03 16:20:34:2034 info: New client connected from IP: ::1
2026-05-03 16:20:34:2034 info: Client identified and connection stored: gameserver, ID: gameserver-Hddkwe35fsvk_worker_20108
2026-05-03 16:20:36:2036 info: New client connected from IP: ::1
2026-05-03 16:20:36:2036 info: Client identified and connection stored: gameserver, ID: gameserver-Hddkwe35fsvk_worker_21852
2026-05-03 16:20:39:2039 info: New client connected from IP: ::1
2026-05-03 16:20:39:2039 info: Client identified and connection stored: gameserver, ID: gameserver-Hddkwe35fsvk_worker_24340
2026-05-03 16:20:42:2042 info: New client connected from IP: ::1
2026-05-03 16:20:42:2042 info: Client identified and connection stored: gameserver, ID: gameserver-Hddkwe35fsvk_worker_18880
2026-05-03 16:20:44:2044 info: New client connected from IP: ::1
2026-05-03 16:20:44:2044 info: Client identified and connection stored: gameserver, ID: gameserver-Hddkwe35fsvk_worker_8224
2026-05-03 16:20:48:2048 info: New client connected from IP: ::1
2026-05-03 16:20:48:2048 info: Client identified and connection stored: gameserver, ID: gameserver-Hddkwe35fsvk_worker_23968
2026-05-03 16:20:48:2048 info: New client connected from IP: ::1
2026-05-03 16:20:48:2048 info: Client identified and connection stored: gameserver, ID: gameserver-Hddkwe35fsvk_worker_17784
2026-05-03 16:20:49:2049 info: New client connected from IP: ::1
2026-05-03 16:20:49:2049 info: Client identified and connection stored: gameserver, ID: gameserver-Hddkwe35fsvk_worker_20732
2026-05-03 16:20:52:2052 info: New client connected from IP: ::1
2026-05-03 16:20:52:2052 info: Client identified and connection stored: gameserver, ID: gameserver-Hddkwe35fsvk_worker_16812
2026-05-03 16:20:53:2053 info: New client connected from IP: ::1
2026-05-03 16:20:53:2053 info: Client identified and connection stored: gameserver, ID: gameserver-Hddkwe35fsvk_worker_16560
2026-05-03 16:20:56:2056 info: New client connected from IP: ::1
2026-05-03 16:20:56:2056 info: Client identified and connection stored: client, ID: cl-91b40734-97f5-47ad-b044-8a7b022a7020
2026-05-03 16:21:00:210 info: [CraftGovernor] Найдено для паузы: 0. Найдено для возобновления: 0. [context: governor]
2026-05-03 16:21:07:217 warn: Попытка списания ресурсов для 0x2da351d8d5840415025c35a7c843a0dfa6e4b89b. Данные: {"resources.ferrite_cluster.quantity":-1} [context: inventory_0x2da351d8d5840415025c35a7c843a0dfa6e4b89b]
2026-05-03 16:21:22:2122 warn: Попытка списания ресурсов для 0x2da351d8d5840415025c35a7c843a0dfa6e4b89b. Данные: {"blueprints.bp_pulse_shotgun_mk1.quantity":-1,"components.kinetic_amplifier.quantity":-20,"components.energy_matrix.quantity":-10,"components.pulse_emitter.quantity":-5} [context: inventory_0x2da351d8d5840415025c35a7c843a0dfa6e4b89b]
2026-05-03 16:21:52:2152 warn: Попытка списания ресурсов для 0x2da351d8d5840415025c35a7c843a0dfa6e4b89b. Данные: {"other.fuel.quantity":-1,"resources.osms_coin_part.quantity":-10} [context: inventory_0x2da351d8d5840415025c35a7c843a0dfa6e4b89b]
2026-05-03 16:22:00:220 info: [CraftGovernor] Найдено для паузы: 0. Найдено для возобновления: 0. [context: governor]
2026-05-03 16:23:00:230 info: [CraftGovernor] Найдено для паузы: 0. Найдено для возобновления: 0. [context: governor]
2026-05-03 16:23:49:2349 warn: Попытка списания ресурсов для 0x2da351d8d5840415025c35a7c843a0dfa6e4b89b. Данные: {"resources.ferrite_cluster.quantity":-3} [context: inventory_0x2da351d8d5840415025c35a7c843a0dfa6e4b89b]
2026-05-03 16:24:00:240 info: [CraftGovernor] Найдено для паузы: 0. Найдено для возобновления: 0. [context: governor]
2026-05-03 16:24:49:2449 warn: Получен сигнал SIGINT. Начинаю грациозное завершение dbserver...
2026-05-03 16:24:49:2449 info: Закрытие серверов (WebSocket и HTTP)...
2026-05-03 16:25:47:2547 info: [Reconciler] Запуск воркера для сверки резерваций (Unified)...
2026-05-03 16:25:47:2547 info: [CraftGovernor] Запуск воркера "Craft Governor"...
2026-05-03 16:25:47:2547 info: [API Server] Запуск процесса...
2026-05-03 16:25:48:2548 info: New client connected from IP: ::1
2026-05-03 16:25:48:2548 warn: [Infisical] Secret "WEB3_CLIENT_ID" not found in cache.
2026-05-03 16:25:49:2549 info: dbServer: Successfully connected to Redis (main client).
2026-05-03 16:25:49:2549 info: [HealthMonitor] Monitoring started for reconciler:main
2026-05-03 16:25:49:2549 info: [Reconciler] Успешное подключение к MongoDB и Redis.
2026-05-03 16:25:50:2550 info: New client connected from IP: ::1
2026-05-03 16:25:50:2550 warn: [Infisical] Secret "WEB3_CLIENT_ID" not found in cache.
2026-05-03 16:25:50:2550 info: [API Server] Успешное подключение к MongoDB.
2026-05-03 16:25:50:2550 info: dbServer: Successfully connected to Redis (main client).
2026-05-03 16:25:50:2550 info: Прогрев не требуется: нет сезона. [context: hydrate_season_null]
2026-05-03 16:25:50:2550 info: dbServer: Successfully connected to Redis (main client).
2026-05-03 16:25:50:2550 info: [HealthMonitor] Monitoring started for governor:main
2026-05-03 16:25:50:2550 info: [CraftGovernor] Успешное подключение к MongoDB и Redis.
2026-05-03 16:25:51:2551 info: [CraftGovernor] Воркер запланирован с cron-выражением: "* * * * *"
2026-05-03 16:25:50:2550 info: [HealthMonitor] Monitoring started for api:main
2026-05-03 16:25:51:2551 info: Optimized Exp Notifier scheduler started [context: exp_notifier]
2026-05-03 16:25:51:2551 info: [API Server] Сервер запущен и готов к приему WebSocket соединений на PID: 20484.
2026-05-03 16:25:51:2551 info: Обработчики грациозного завершения инициализированы.
2026-05-03 16:25:51:2551 info: New client connected from IP: ::1
2026-05-03 16:25:51:2551 info: New client connected from IP: ::1
2026-05-03 16:25:51:2551 info: Client identified and connection stored: gameserver, ID: gameserver-Hddkwe35fsvk_worker_9396
2026-05-03 16:25:51:2551 info: Client identified and connection stored: web3server, ID: web3server_kkwvq34lvcw2cf
2026-05-03 16:25:52:2552 info: dbServer: Successfully connected to Redis (main client).
2026-05-03 16:25:52:2552 info: [HealthMonitor] Monitoring started for worker:1
2026-05-03 16:25:52:2552 info: New client connected from IP: ::1
2026-05-03 16:25:52:2552 info: Client identified and connection stored: gameserver, ID: gameserver-Hddkwe35fsvk_worker_5848
2026-05-03 16:25:55:2555 info: New client connected from IP: ::1
2026-05-03 16:25:55:2555 info: Client identified and connection stored: gameserver, ID: gameserver-Hddkwe35fsvk_worker_1068
2026-05-03 16:25:56:2556 info: New client connected from IP: ::1
2026-05-03 16:25:56:2556 info: Client identified and connection stored: gameserver, ID: gameserver-Hddkwe35fsvk_worker_23892
2026-05-03 16:25:58:2558 info: New client connected from IP: ::1
2026-05-03 16:25:58:2558 info: Client identified and connection stored: gameserver, ID: gameserver-Hddkwe35fsvk_worker_24204
2026-05-03 16:26:00:260 info: [CraftGovernor] Найдено для паузы: 0. Найдено для возобновления: 0. [context: governor]
2026-05-03 16:26:00:260 info: New client connected from IP: ::1
2026-05-03 16:26:00:260 info: Client identified and connection stored: gameserver, ID: gameserver-Hddkwe35fsvk_worker_17092
2026-05-03 16:26:02:262 info: New client connected from IP: ::1
2026-05-03 16:26:02:262 info: Client identified and connection stored: gameserver, ID: gameserver-Hddkwe35fsvk_worker_8292
2026-05-03 16:26:04:264 info: New client connected from IP: ::1
2026-05-03 16:26:04:264 info: Client identified and connection stored: gameserver, ID: gameserver-Hddkwe35fsvk_worker_12372
2026-05-03 16:26:04:264 info: New client connected from IP: ::1
2026-05-03 16:26:04:264 info: Client identified and connection stored: client, ID: cl-110b7040-2022-4ff0-a955-db735948ec53
2026-05-03 16:26:05:265 info: New client connected from IP: ::1
2026-05-03 16:26:05:265 info: Client identified and connection stored: gameserver, ID: gameserver-Hddkwe35fsvk_worker_22740
2026-05-03 16:26:07:267 info: New client connected from IP: ::1
2026-05-03 16:26:07:267 info: Client identified and connection stored: gameserver, ID: gameserver-Hddkwe35fsvk_worker_11932
2026-05-03 16:26:10:2610 info: New client connected from IP: ::1
2026-05-03 16:26:10:2610 info: Client identified and connection stored: gameserver, ID: gameserver-Hddkwe35fsvk_worker_12976
2026-05-03 16:26:11:2611 info: New client connected from IP: ::1
2026-05-03 16:26:11:2611 info: Client identified and connection stored: gameserver, ID: gameserver-Hddkwe35fsvk_worker_22924
2026-05-03 16:27:00:270 info: [CraftGovernor] Найдено для паузы: 0. Найдено для возобновления: 0. [context: governor]
2026-05-03 16:28:00:280 info: [CraftGovernor] Найдено для паузы: 0. Найдено для возобновления: 0. [context: governor]
2026-05-03 16:29:00:290 info: [CraftGovernor] Найдено для паузы: 0. Найдено для возобновления: 0. [context: governor]
2026-05-03 16:30:00:300 info: [CraftGovernor] Найдено для паузы: 0. Найдено для возобновления: 0. [context: governor]
2026-05-03 16:30:28:3028 info: Client disconnected: client, ID: cl-110b7040-2022-4ff0-a955-db735948ec53
2026-05-03 16:30:40:3040 info: New client connected from IP: ::1
2026-05-03 16:30:40:3040 info: Client identified and connection stored: client, ID: cl-469c90d9-7e80-41bb-8691-53b7d40fd7f7
2026-05-03 16:31:00:310 info: [CraftGovernor] Найдено для паузы: 0. Найдено для возобновления: 0. [context: governor]
2026-05-03 16:32:00:320 info: [CraftGovernor] Найдено для паузы: 0. Найдено для возобновления: 0. [context: governor]
2026-05-03 16:32:44:3244 warn: Получен сигнал SIGINT. Начинаю грациозное завершение dbserver...
2026-05-03 16:32:44:3244 info: Закрытие серверов (WebSocket и HTTP)...
2026-05-03 16:32:45:3245 info: Client disconnected: gameserver, ID: gameserver-Hddkwe35fsvk_worker_22924
2026-05-03 16:32:45:3245 info: Client disconnected: gameserver, ID: gameserver-Hddkwe35fsvk_worker_23892
2026-05-03 16:32:45:3245 info: Client disconnected: gameserver, ID: gameserver-Hddkwe35fsvk_worker_11932
2026-05-03 16:34:05:345 info: [Reconciler] Запуск воркера для сверки резерваций (Unified)...
2026-05-03 16:34:05:345 info: [CraftGovernor] Запуск воркера "Craft Governor"...
2026-05-03 16:34:05:345 info: [API Server] Запуск процесса...
2026-05-03 16:34:06:346 info: New client connected from IP: ::1
2026-05-03 16:34:06:346 warn: [Infisical] Secret "WEB3_CLIENT_ID" not found in cache.
2026-05-03 16:34:06:346 info: dbServer: Successfully connected to Redis (main client).
2026-05-03 16:34:06:346 info: [HealthMonitor] Monitoring started for reconciler:main
2026-05-03 16:34:06:346 info: [Reconciler] Успешное подключение к MongoDB и Redis.
2026-05-03 16:34:07:347 info: dbServer: Successfully connected to Redis (main client).
2026-05-03 16:34:07:347 info: [HealthMonitor] Monitoring started for governor:main
2026-05-03 16:34:07:347 info: [CraftGovernor] Успешное подключение к MongoDB и Redis.
2026-05-03 16:34:07:347 info: [CraftGovernor] Воркер запланирован с cron-выражением: "* * * * *"
2026-05-03 16:34:07:347 info: New client connected from IP: ::1
2026-05-03 16:34:07:347 warn: [Infisical] Secret "WEB3_CLIENT_ID" not found in cache.
2026-05-03 16:34:08:348 info: [API Server] Успешное подключение к MongoDB.
2026-05-03 16:34:08:348 info: dbServer: Successfully connected to Redis (main client).
2026-05-03 16:34:08:348 info: Прогрев не требуется: нет сезона. [context: hydrate_season_null]
2026-05-03 16:34:08:348 info: [HealthMonitor] Monitoring started for api:main
2026-05-03 16:34:08:348 info: Optimized Exp Notifier scheduler started [context: exp_notifier]
2026-05-03 16:34:08:348 info: [API Server] Сервер запущен и готов к приему WebSocket соединений на PID: 10072.
2026-05-03 16:34:08:348 info: Обработчики грациозного завершения инициализированы.
2026-05-03 16:34:08:348 info: New client connected from IP: ::1
2026-05-03 16:34:08:348 info: Client identified and connection stored: gameserver, ID: gameserver-Hddkwe35fsvk_worker_21852
2026-05-03 16:34:08:348 info: New client connected from IP: ::1
2026-05-03 16:34:08:348 info: Client identified and connection stored: web3server, ID: web3server_kkwvq34lvcw2cf
2026-05-03 16:34:09:349 info: dbServer: Successfully connected to Redis (main client).
2026-05-03 16:34:09:349 info: [HealthMonitor] Monitoring started for worker:1
2026-05-03 16:34:09:349 info: New client connected from IP: ::1
2026-05-03 16:34:09:349 info: Client identified and connection stored: gameserver, ID: gameserver-Hddkwe35fsvk_worker_23376
2026-05-03 16:34:11:3411 info: New client connected from IP: ::1
2026-05-03 16:34:11:3411 info: Client identified and connection stored: gameserver, ID: gameserver-Hddkwe35fsvk_worker_23212
2026-05-03 16:34:13:3413 info: New client connected from IP: ::1
2026-05-03 16:34:13:3413 info: Client identified and connection stored: gameserver, ID: gameserver-Hddkwe35fsvk_worker_13808
2026-05-03 16:34:15:3415 info: New client connected from IP: ::1
2026-05-03 16:34:15:3415 info: Client identified and connection stored: gameserver, ID: gameserver-Hddkwe35fsvk_worker_20824
2026-05-03 16:34:18:3418 info: New client connected from IP: ::1
2026-05-03 16:34:18:3418 info: Client identified and connection stored: gameserver, ID: gameserver-Hddkwe35fsvk_worker_21944
2026-05-03 16:34:20:3420 info: New client connected from IP: ::1
2026-05-03 16:34:20:3420 info: Client identified and connection stored: gameserver, ID: gameserver-Hddkwe35fsvk_worker_17984
2026-05-03 16:34:23:3423 info: New client connected from IP: ::1
2026-05-03 16:34:23:3423 info: Client identified and connection stored: gameserver, ID: gameserver-Hddkwe35fsvk_worker_23924
2026-05-03 16:34:24:3424 info: New client connected from IP: ::1
2026-05-03 16:34:24:3424 info: Client identified and connection stored: gameserver, ID: gameserver-Hddkwe35fsvk_worker_12464
2026-05-03 16:34:26:3426 info: New client connected from IP: ::1
2026-05-03 16:34:26:3426 info: Client identified and connection stored: gameserver, ID: gameserver-Hddkwe35fsvk_worker_18140
2026-05-03 16:34:27:3427 info: New client connected from IP: ::1
2026-05-03 16:34:27:3427 info: Client identified and connection stored: client, ID: cl-727f1ea2-bb7f-410f-b326-5a00bb42d1c9
2026-05-03 16:34:27:3427 info: New client connected from IP: ::1
2026-05-03 16:34:27:3427 info: Client identified and connection stored: gameserver, ID: gameserver-Hddkwe35fsvk_worker_22688
2026-05-03 16:34:29:3429 info: New client connected from IP: ::1
2026-05-03 16:34:29:3429 info: Client identified and connection stored: gameserver, ID: gameserver-Hddkwe35fsvk_worker_7764
2026-05-03 16:35:00:350 info: [CraftGovernor] Найдено для паузы: 0. Найдено для возобновления: 0. [context: governor]
2026-05-03 16:35:06:356 info: [Reconciler] Найдено 1 кандидатов для финальной сверки с блокчейном.
2026-05-03 16:35:07:357 info: [Reconciler] Транзакция для 0x9f3a60aa7974830c844ab5b38598d5c7243c76afeccf656c7561bab27230a126 (SHIP_CRAFT) не найдена. Возврат ресурсов.
2026-05-03 16:35:07:357 info: [Reconciler] Возврат ресурсов для 0x9f3a60aa7974830c844ab5b38598d5c7243c76afeccf656c7561bab27230a126 выполнен.
2026-05-03 16:35:29:3529 info: Client disconnected: client, ID: cl-727f1ea2-bb7f-410f-b326-5a00bb42d1c9
2026-05-03 16:36:00:360 info: [CraftGovernor] Найдено для паузы: 0. Найдено для возобновления: 0. [context: governor]
2026-05-03 16:36:17:3617 info: New client connected from IP: ::1
2026-05-03 16:36:17:3617 info: Client identified and connection stored: client, ID: cl-ce33260b-d5da-4613-adc5-55847688cc78
2026-05-03 16:37:00:370 info: [CraftGovernor] Найдено для паузы: 0. Найдено для возобновления: 0. [context: governor]
2026-05-03 16:38:00:380 info: [CraftGovernor] Найдено для паузы: 0. Найдено для возобновления: 0. [context: governor]
2026-05-03 16:39:00:390 info: [CraftGovernor] Найдено для паузы: 0. Найдено для возобновления: 0. [context: governor]
2026-05-03 16:39:07:397 info: [Reconciler] Найдено 2 кандидатов для финальной сверки с блокчейном.
2026-05-03 16:39:08:398 info: [Reconciler] Транзакция для 0x7b861cf7c7d8b52f84cc6bbb7f9ebcbe1a4e4a435f7928f2269594092a0368b8 (TOKEN_CLAIM) не найдена. Возврат ресурсов.
2026-05-03 16:39:08:398 info: [Reconciler] Возврат ресурсов для 0x7b861cf7c7d8b52f84cc6bbb7f9ebcbe1a4e4a435f7928f2269594092a0368b8 выполнен.
2026-05-03 16:39:08:398 info: [Reconciler] Транзакция для 0x7dc010ca6243a6a17bf0a4d04e46bcd19fae33016108fb74ca220395bff0fa8d (TOKEN_CLAIM) не найдена. Возврат ресурсов.
2026-05-03 16:39:08:398 info: [Reconciler] Возврат ресурсов для 0x7dc010ca6243a6a17bf0a4d04e46bcd19fae33016108fb74ca220395bff0fa8d выполнен.
2026-05-03 16:40:00:400 info: [CraftGovernor] Найдено для паузы: 0. Найдено для возобновления: 0. [context: governor]
2026-05-03 16:40:08:408 info: [Reconciler] Найдено 1 кандидатов для финальной сверки с блокчейном.
2026-05-03 16:40:09:409 info: [Reconciler] Транзакция для 0x02b9b784f9f109f80527913dd45b038251f5bddeb7c350a473ff3efd1ad7892c (TOKEN_CLAIM) не найдена. Возврат ресурсов.
2026-05-03 16:40:09:409 info: [Reconciler] Возврат ресурсов для 0x02b9b784f9f109f80527913dd45b038251f5bddeb7c350a473ff3efd1ad7892c выполнен.
2026-05-03 16:41:00:410 info: [CraftGovernor] Найдено для паузы: 0. Найдено для возобновления: 0. [context: governor]
2026-05-03 16:42:00:420 info: [CraftGovernor] Найдено для паузы: 0. Найдено для возобновления: 0. [context: governor]
2026-05-03 16:42:02:422 warn: Items Refunded: Celestial Class Hull x1 claimed by 0x2da351d8d5840415025c35a7c843a0dfa6e4b89b. [context: mail_0x2da351d8d5840415025c35a7c843a0dfa6e4b89b]
2026-05-03 16:43:00:430 info: [CraftGovernor] Найдено для паузы: 0. Найдено для возобновления: 0. [context: governor]
2026-05-03 16:44:00:440 info: [CraftGovernor] Найдено для паузы: 0. Найдено для возобновления: 0. [context: governor]
2026-05-03 16:45:00:450 info: [CraftGovernor] Найдено для паузы: 0. Найдено для возобновления: 0. [context: governor]
2026-05-03 16:46:00:460 info: [CraftGovernor] Найдено для паузы: 0. Найдено для возобновления: 0. [context: governor]
2026-05-03 16:46:46:4646 warn: Попытка списания ресурсов для 0x2da351d8d5840415025c35a7c843a0dfa6e4b89b. Данные: {"components.kinetic_amplifier.quantity":-30,"components.energy_matrix.quantity":-20,"components.pulse_emitter.quantity":-10} [context: inventory_0x2da351d8d5840415025c35a7c843a0dfa6e4b89b]
2026-05-03 16:46:52:4652 info: Client disconnected: client, ID: cl-ce33260b-d5da-4613-adc5-55847688cc78
2026-05-03 16:47:00:470 info: [CraftGovernor] Найдено для паузы: 0. Найдено для возобновления: 0. [context: governor]
2026-05-03 16:47:44:4744 info: New client connected from IP: ::1
2026-05-03 16:47:44:4744 info: Client identified and connection stored: client, ID: cl-0601240d-d724-4bfc-9bee-fbe827e93ca9
2026-05-03 16:48:00:480 info: [CraftGovernor] Найдено для паузы: 0. Найдено для возобновления: 0. [context: governor]
2026-05-03 16:49:00:490 info: [CraftGovernor] Найдено для паузы: 0. Найдено для возобновления: 0. [context: governor]
2026-05-03 16:49:26:4926 warn: Получен сигнал SIGINT. Начинаю грациозное завершение dbserver...
2026-05-03 16:49:26:4926 info: Закрытие серверов (WebSocket и HTTP)...
2026-05-03 16:49:26:4926 info: Client disconnected: gameserver, ID: gameserver-Hddkwe35fsvk_worker_13808
2026-05-03 16:49:26:4926 info: Client disconnected: gameserver, ID: gameserver-Hddkwe35fsvk_worker_22688
2026-05-03 16:49:26:4926 info: Client disconnected: gameserver, ID: gameserver-Hddkwe35fsvk_worker_23212
2026-05-03 16:49:26:4926 info: Client disconnected: gameserver, ID: gameserver-Hddkwe35fsvk_worker_18140
2026-05-03 16:49:26:4926 info: Client disconnected: gameserver, ID: gameserver-Hddkwe35fsvk_worker_12464
2026-05-03 17:56:34:5634 info: [Reconciler] Запуск воркера для сверки резерваций (Unified)...
2026-05-03 17:56:35:5635 info: [CraftGovernor] Запуск воркера "Craft Governor"...
2026-05-03 17:56:36:5636 info: dbServer: Successfully connected to Redis (main client).
2026-05-03 17:56:36:5636 info: [HealthMonitor] Monitoring started for reconciler:main
2026-05-03 17:56:36:5636 info: [Reconciler] Успешное подключение к MongoDB и Redis.
2026-05-03 17:56:36:5636 info: dbServer: Successfully connected to Redis (main client).
2026-05-03 17:56:36:5636 info: [HealthMonitor] Monitoring started for governor:main
2026-05-03 17:56:36:5636 info: [CraftGovernor] Успешное подключение к MongoDB и Redis.
2026-05-03 17:56:37:5637 info: [CraftGovernor] Воркер запланирован с cron-выражением: "* * * * *"
2026-05-03 17:56:39:5639 info: dbServer: Successfully connected to Redis (main client).
2026-05-03 17:56:39:5639 info: [HealthMonitor] Monitoring started for worker:1
2026-05-03 17:56:40:5640 info: [API Server] Запуск процесса...
2026-05-03 17:56:41:5641 info: New client connected from IP: ::1
2026-05-03 17:56:41:5641 warn: [Infisical] Secret "GS_CLIENT_ID" not found in cache.
2026-05-03 17:56:41:5641 info: [API Server] Успешное подключение к MongoDB.
2026-05-03 17:56:41:5641 info: dbServer: Successfully connected to Redis (main client).
2026-05-03 17:56:41:5641 info: Прогрев не требуется: нет сезона. [context: hydrate_season_null]
2026-05-03 17:56:45:5645 info: [HealthMonitor] Monitoring started for api:main
2026-05-03 17:56:45:5645 info: Optimized Exp Notifier scheduler started [context: exp_notifier]
2026-05-03 17:56:45:5645 info: [API Server] Сервер запущен и готов к приему WebSocket соединений на PID: 12652.
2026-05-03 17:56:45:5645 info: Обработчики грациозного завершения инициализированы.
2026-05-03 17:56:45:5645 info: New client connected from IP: ::1
2026-05-03 17:56:45:5645 info: New client connected from IP: ::1
2026-05-03 17:56:45:5645 info: New client connected from IP: ::1
2026-05-03 17:56:45:5645 info: Client identified and connection stored: gameserver, ID: gameserver-Hddkwe35fsvk_worker_5508
2026-05-03 17:56:45:5645 info: Client identified and connection stored: gameserver, ID: gameserver-Hddkwe35fsvk_worker_22324
2026-05-03 17:56:45:5645 info: Client identified and connection stored: gameserver, ID: gameserver-Hddkwe35fsvk_worker_24100
2026-05-03 17:56:46:5646 info: New client connected from IP: ::1
2026-05-03 17:56:46:5646 info: Client identified and connection stored: gameserver, ID: gameserver-Hddkwe35fsvk_worker_1452
2026-05-03 17:56:47:5647 info: New client connected from IP: ::1
2026-05-03 17:56:47:5647 info: Client identified and connection stored: gameserver, ID: gameserver-Hddkwe35fsvk_worker_20800
2026-05-03 17:56:49:5649 info: New client connected from IP: ::1
2026-05-03 17:56:49:5649 info: Client identified and connection stored: gameserver, ID: gameserver-Hddkwe35fsvk_worker_23880
2026-05-03 17:56:51:5651 info: New client connected from IP: ::1
2026-05-03 17:56:51:5651 info: Client identified and connection stored: gameserver, ID: gameserver-Hddkwe35fsvk_worker_23724
2026-05-03 17:56:53:5653 info: New client connected from IP: ::1
2026-05-03 17:56:53:5653 info: Client identified and connection stored: gameserver, ID: gameserver-Hddkwe35fsvk_worker_22936
2026-05-03 17:56:56:5656 info: New client connected from IP: ::1
2026-05-03 17:56:56:5656 info: Client identified and connection stored: gameserver, ID: gameserver-Hddkwe35fsvk_worker_7116
2026-05-03 17:56:56:5656 info: New client connected from IP: ::1
2026-05-03 17:56:57:5657 info: Client identified and connection stored: gameserver, ID: gameserver-Hddkwe35fsvk_worker_24560
2026-05-03 17:56:59:5659 info: New client connected from IP: ::1
2026-05-03 17:56:59:5659 info: Client identified and connection stored: gameserver, ID: gameserver-Hddkwe35fsvk_worker_16912
2026-05-03 17:57:00:570 info: [CraftGovernor] Найдено для паузы: 0. Найдено для возобновления: 0. [context: governor]
2026-05-03 17:57:01:571 info: New client connected from IP: ::1
2026-05-03 17:57:01:571 info: Client identified and connection stored: gameserver, ID: gameserver-Hddkwe35fsvk_worker_22784
2026-05-03 17:57:31:5731 warn: Получен сигнал SIGINT. Начинаю грациозное завершение dbserver...
2026-05-03 17:57:31:5731 info: Закрытие серверов (WebSocket и HTTP)...
2026-05-03 17:57:36:5736 info: [Reconciler] Запуск воркера для сверки резерваций (Unified)...
2026-05-03 17:57:36:5736 info: [CraftGovernor] Запуск воркера "Craft Governor"...
2026-05-03 17:57:36:5736 info: [API Server] Запуск процесса...
2026-05-03 17:57:37:5737 info: dbServer: Successfully connected to Redis (main client).
2026-05-03 17:57:37:5737 info: [HealthMonitor] Monitoring started for reconciler:main
2026-05-03 17:57:37:5737 info: [Reconciler] Успешное подключение к MongoDB и Redis.
2026-05-03 17:57:38:5738 info: New client connected from IP: ::1
2026-05-03 17:57:38:5738 warn: [Infisical] Secret "WEB3_CLIENT_ID" not found in cache.
2026-05-03 17:57:38:5738 info: dbServer: Successfully connected to Redis (main client).
2026-05-03 17:57:38:5738 info: [HealthMonitor] Monitoring started for governor:main
2026-05-03 17:57:38:5738 info: [CraftGovernor] Успешное подключение к MongoDB и Redis.
2026-05-03 17:57:38:5738 info: [CraftGovernor] Воркер запланирован с cron-выражением: "* * * * *"
2026-05-03 17:57:39:5739 info: [API Server] Успешное подключение к MongoDB.
2026-05-03 17:57:39:5739 info: dbServer: Successfully connected to Redis (main client).
2026-05-03 17:57:39:5739 info: Прогрев не требуется: нет сезона. [context: hydrate_season_null]
2026-05-03 17:57:39:5739 info: [HealthMonitor] Monitoring started for api:main
2026-05-03 17:57:39:5739 info: Optimized Exp Notifier scheduler started [context: exp_notifier]
2026-05-03 17:57:39:5739 info: [API Server] Сервер запущен и готов к приему WebSocket соединений на PID: 8076.
2026-05-03 17:57:39:5739 info: Обработчики грациозного завершения инициализированы.
2026-05-03 17:57:39:5739 info: New client connected from IP: ::1
2026-05-03 17:57:39:5739 info: Client identified and connection stored: gameserver, ID: gameserver-Hddkwe35fsvk_worker_20808
2026-05-03 17:57:39:5739 info: New client connected from IP: ::1
2026-05-03 17:57:39:5739 info: Client identified and connection stored: web3server, ID: web3server_kkwvq34lvcw2cf
2026-05-03 17:57:40:5740 info: dbServer: Successfully connected to Redis (main client).
2026-05-03 17:57:40:5740 info: [HealthMonitor] Monitoring started for worker:1
2026-05-03 17:57:41:5741 info: New client connected from IP: ::1
2026-05-03 17:57:41:5741 info: Client identified and connection stored: gameserver, ID: gameserver-Hddkwe35fsvk_worker_16108
2026-05-03 17:57:43:5743 info: New client connected from IP: ::1
2026-05-03 17:57:43:5743 info: Client identified and connection stored: gameserver, ID: gameserver-Hddkwe35fsvk_worker_6492
2026-05-03 17:57:44:5744 info: New client connected from IP: ::1
2026-05-03 17:57:44:5744 info: Client identified and connection stored: gameserver, ID: gameserver-Hddkwe35fsvk_worker_8156
2026-05-03 17:57:47:5747 info: New client connected from IP: ::1
2026-05-03 17:57:47:5747 info: Client identified and connection stored: gameserver, ID: gameserver-Hddkwe35fsvk_worker_10196
2026-05-03 17:57:49:5749 info: New client connected from IP: ::1
2026-05-03 17:57:49:5749 info: Client identified and connection stored: gameserver, ID: gameserver-Hddkwe35fsvk_worker_24368
2026-05-03 17:57:50:5750 info: New client connected from IP: ::1
2026-05-03 17:57:50:5750 info: Client identified and connection stored: gameserver, ID: gameserver-Hddkwe35fsvk_worker_17816
2026-05-03 17:57:52:5752 info: New client connected from IP: ::1
2026-05-03 17:57:52:5752 info: Client identified and connection stored: gameserver, ID: gameserver-Hddkwe35fsvk_worker_20108
2026-05-03 17:57:55:5755 info: New client connected from IP: ::1
2026-05-03 17:57:55:5755 info: Client identified and connection stored: gameserver, ID: gameserver-Hddkwe35fsvk_worker_23788
2026-05-03 17:57:57:5757 info: New client connected from IP: ::1
2026-05-03 17:57:57:5757 info: Client identified and connection stored: gameserver, ID: gameserver-Hddkwe35fsvk_worker_21192
2026-05-03 17:57:59:5759 info: New client connected from IP: ::1
2026-05-03 17:57:59:5759 info: Client identified and connection stored: gameserver, ID: gameserver-Hddkwe35fsvk_worker_22600
2026-05-03 17:58:00:580 info: [CraftGovernor] Найдено для паузы: 0. Найдено для возобновления: 0. [context: governor]
2026-05-03 17:58:01:581 info: New client connected from IP: ::1
2026-05-03 17:58:01:581 info: Client identified and connection stored: gameserver, ID: gameserver-Hddkwe35fsvk_worker_12756
2026-05-03 17:58:02:582 info: New client connected from IP: ::1
2026-05-03 17:58:02:582 info: Client identified and connection stored: client, ID: cl-aabb27e5-ac43-4683-9b83-18db789d1862
2026-05-03 17:58:18:5818 info: Client disconnected: client, ID: cl-aabb27e5-ac43-4683-9b83-18db789d1862
2026-05-03 17:58:49:5849 warn: Получен сигнал SIGINT. Начинаю грациозное завершение dbserver...
2026-05-03 17:58:49:5849 info: Закрытие серверов (WebSocket и HTTP)...
2026-05-03 17:59:33:5933 info: [Reconciler] Запуск воркера для сверки резерваций (Unified)...
2026-05-03 17:59:33:5933 info: [CraftGovernor] Запуск воркера "Craft Governor"...
2026-05-03 17:59:34:5934 info: [API Server] Запуск процесса...
2026-05-03 17:59:34:5934 info: New client connected from IP: ::1
2026-05-03 17:59:34:5934 warn: [Infisical] Secret "WEB3_CLIENT_ID" not found in cache.
2026-05-03 17:59:35:5935 info: dbServer: Successfully connected to Redis (main client).
2026-05-03 17:59:35:5935 info: [HealthMonitor] Monitoring started for governor:main
2026-05-03 17:59:35:5935 info: [CraftGovernor] Успешное подключение к MongoDB и Redis.
2026-05-03 17:59:35:5935 info: [CraftGovernor] Воркер запланирован с cron-выражением: "* * * * *"
2026-05-03 17:59:35:5935 info: [API Server] Успешное подключение к MongoDB.
2026-05-03 17:59:35:5935 info: dbServer: Successfully connected to Redis (main client).
2026-05-03 17:59:35:5935 info: Прогрев не требуется: нет сезона. [context: hydrate_season_null]
2026-05-03 17:59:35:5935 info: [HealthMonitor] Monitoring started for api:main
2026-05-03 17:59:35:5935 info: Optimized Exp Notifier scheduler started [context: exp_notifier]
2026-05-03 17:59:35:5935 info: [API Server] Сервер запущен и готов к приему WebSocket соединений на PID: 21928.
2026-05-03 17:59:35:5935 info: Обработчики грациозного завершения инициализированы.
2026-05-03 17:59:36:5936 info: New client connected from IP: ::1
2026-05-03 17:59:36:5936 info: Client identified and connection stored: web3server, ID: web3server_kkwvq34lvcw2cf
2026-05-03 17:59:36:5936 info: New client connected from IP: ::1
2026-05-03 17:59:36:5936 info: Client identified and connection stored: gameserver, ID: gameserver-Hddkwe35fsvk_worker_23856
2026-05-03 17:59:36:5936 info: dbServer: Successfully connected to Redis (main client).
2026-05-03 17:59:36:5936 info: [HealthMonitor] Monitoring started for reconciler:main
2026-05-03 17:59:36:5936 info: [Reconciler] Успешное подключение к MongoDB и Redis.
2026-05-03 17:59:38:5938 info: New client connected from IP: ::1
2026-05-03 17:59:38:5938 info: Client identified and connection stored: gameserver, ID: gameserver-Hddkwe35fsvk_worker_14944
2026-05-03 17:59:38:5938 info: dbServer: Successfully connected to Redis (main client).
2026-05-03 17:59:38:5938 info: [HealthMonitor] Monitoring started for worker:1
2026-05-03 17:59:40:5940 info: New client connected from IP: ::1
2026-05-03 17:59:40:5940 info: Client identified and connection stored: gameserver, ID: gameserver-Hddkwe35fsvk_worker_1528
2026-05-03 17:59:42:5942 info: New client connected from IP: ::1
2026-05-03 17:59:42:5942 info: Client identified and connection stored: gameserver, ID: gameserver-Hddkwe35fsvk_worker_12100
2026-05-03 17:59:45:5945 info: New client connected from IP: ::1
2026-05-03 17:59:45:5945 info: Client identified and connection stored: gameserver, ID: gameserver-Hddkwe35fsvk_worker_21952
2026-05-03 17:59:47:5947 info: New client connected from IP: ::1
2026-05-03 17:59:47:5947 info: Client identified and connection stored: gameserver, ID: gameserver-Hddkwe35fsvk_worker_23400
2026-05-03 17:59:49:5949 info: New client connected from IP: ::1
2026-05-03 17:59:49:5949 info: Client identified and connection stored: gameserver, ID: gameserver-Hddkwe35fsvk_worker_15164
2026-05-03 17:59:50:5950 info: New client connected from IP: ::1
2026-05-03 17:59:50:5950 info: Client identified and connection stored: gameserver, ID: gameserver-Hddkwe35fsvk_worker_18920
2026-05-03 17:59:50:5950 info: New client connected from IP: ::1
2026-05-03 17:59:50:5950 info: Client identified and connection stored: client, ID: cl-cbfbc3e3-0b14-4f4e-87cc-7f0572221168
2026-05-03 17:59:52:5952 info: New client connected from IP: ::1
2026-05-03 17:59:52:5952 info: Client identified and connection stored: gameserver, ID: gameserver-Hddkwe35fsvk_worker_11836
2026-05-03 17:59:54:5954 info: New client connected from IP: ::1
2026-05-03 17:59:54:5954 info: Client identified and connection stored: gameserver, ID: gameserver-Hddkwe35fsvk_worker_12996
2026-05-03 17:59:55:5955 info: New client connected from IP: ::1
2026-05-03 17:59:55:5955 info: Client identified and connection stored: gameserver, ID: gameserver-Hddkwe35fsvk_worker_8200
2026-05-03 17:59:56:5956 info: Client disconnected: client, ID: cl-cbfbc3e3-0b14-4f4e-87cc-7f0572221168
2026-05-03 17:59:57:5957 info: New client connected from IP: ::1
2026-05-03 17:59:58:5958 info: Client identified and connection stored: gameserver, ID: gameserver-Hddkwe35fsvk_worker_16668
2026-05-03 18:00:00:00 info: [CraftGovernor] Найдено для паузы: 0. Найдено для возобновления: 0. [context: governor]
2026-05-03 18:00:50:050 info: New client connected from IP: ::1
2026-05-03 18:00:50:050 info: Client identified and connection stored: client, ID: cl-c3057a80-fff9-4ba1-bffa-07b0bbac558a
2026-05-03 18:01:00:10 info: [CraftGovernor] Найдено для паузы: 0. Найдено для возобновления: 0. [context: governor]
2026-05-03 18:02:00:20 info: [CraftGovernor] Найдено для паузы: 0. Найдено для возобновления: 0. [context: governor]
2026-05-03 18:03:00:30 info: [CraftGovernor] Найдено для паузы: 0. Найдено для возобновления: 0. [context: governor]
2026-05-03 18:04:00:40 info: [CraftGovernor] Найдено для паузы: 0. Найдено для возобновления: 0. [context: governor]
2026-05-03 18:05:00:50 info: [CraftGovernor] Найдено для паузы: 0. Найдено для возобновления: 0. [context: governor]
2026-05-03 18:06:00:60 info: [CraftGovernor] Найдено для паузы: 0. Найдено для возобновления: 0. [context: governor]
2026-05-03 18:07:00:70 info: [CraftGovernor] Найдено для паузы: 0. Найдено для возобновления: 0. [context: governor]
2026-05-03 18:08:00:80 info: [CraftGovernor] Найдено для паузы: 0. Найдено для возобновления: 0. [context: governor]
2026-05-03 18:09:00:90 info: [CraftGovernor] Найдено для паузы: 0. Найдено для возобновления: 0. [context: governor]
2026-05-03 18:10:00:100 info: [CraftGovernor] Найдено для паузы: 0. Найдено для возобновления: 0. [context: governor]
2026-05-03 18:11:00:110 info: [CraftGovernor] Найдено для паузы: 0. Найдено для возобновления: 0. [context: governor]
2026-05-03 18:12:00:120 info: [CraftGovernor] Найдено для паузы: 0. Найдено для возобновления: 0. [context: governor]
2026-05-03 18:13:00:130 info: [CraftGovernor] Найдено для паузы: 0. Найдено для возобновления: 0. [context: governor]
2026-05-03 18:14:00:140 info: [CraftGovernor] Найдено для паузы: 0. Найдено для возобновления: 0. [context: governor]
2026-05-03 18:15:00:150 info: [CraftGovernor] Найдено для паузы: 0. Найдено для возобновления: 0. [context: governor]
2026-05-03 18:16:00:160 info: [CraftGovernor] Найдено для паузы: 0. Найдено для возобновления: 0. [context: governor]
2026-05-03 18:17:00:170 info: [CraftGovernor] Найдено для паузы: 0. Найдено для возобновления: 0. [context: governor]
2026-05-03 18:18:00:180 info: [CraftGovernor] Найдено для паузы: 0. Найдено для возобновления: 0. [context: governor]
2026-05-03 18:19:00:190 info: [CraftGovernor] Найдено для паузы: 0. Найдено для возобновления: 0. [context: governor]
2026-05-03 18:20:00:200 info: [CraftGovernor] Найдено для паузы: 0. Найдено для возобновления: 0. [context: governor]
2026-05-03 18:21:00:210 info: [CraftGovernor] Найдено для паузы: 0. Найдено для возобновления: 0. [context: governor]
2026-05-03 18:22:00:220 info: [CraftGovernor] Найдено для паузы: 0. Найдено для возобновления: 0. [context: governor]
2026-05-03 18:23:00:230 info: [CraftGovernor] Найдено для паузы: 0. Найдено для возобновления: 0. [context: governor]
2026-05-03 18:24:00:240 info: [CraftGovernor] Найдено для паузы: 0. Найдено для возобновления: 0. [context: governor]
2026-05-03 18:25:00:250 info: [CraftGovernor] Найдено для паузы: 0. Найдено для возобновления: 0. [context: governor]
2026-05-03 18:26:00:260 info: [CraftGovernor] Найдено для паузы: 0. Найдено для возобновления: 0. [context: governor]
2026-05-03 18:27:00:270 info: [CraftGovernor] Найдено для паузы: 0. Найдено для возобновления: 0. [context: governor]
2026-05-03 18:28:00:280 info: [CraftGovernor] Найдено для паузы: 0. Найдено для возобновления: 0. [context: governor]
2026-05-03 18:29:00:290 info: [CraftGovernor] Найдено для паузы: 0. Найдено для возобновления: 0. [context: governor]
2026-05-03 18:30:00:300 info: [CraftGovernor] Найдено для паузы: 0. Найдено для возобновления: 0. [context: governor]
2026-05-03 18:31:00:310 info: [CraftGovernor] Найдено для паузы: 0. Найдено для возобновления: 0. [context: governor]
2026-05-03 18:32:00:320 info: [CraftGovernor] Найдено для паузы: 0. Найдено для возобновления: 0. [context: governor]
2026-05-03 18:33:00:330 info: [CraftGovernor] Найдено для паузы: 0. Найдено для возобновления: 0. [context: governor]
2026-05-03 18:34:00:340 info: [CraftGovernor] Найдено для паузы: 0. Найдено для возобновления: 0. [context: governor]
2026-05-03 18:35:00:350 info: [CraftGovernor] Найдено для паузы: 0. Найдено для возобновления: 0. [context: governor]
2026-05-03 18:36:00:360 info: [CraftGovernor] Найдено для паузы: 0. Найдено для возобновления: 0. [context: governor]
2026-05-03 18:37:00:370 info: [CraftGovernor] Найдено для паузы: 0. Найдено для возобновления: 0. [context: governor]
2026-05-03 18:38:00:380 info: [CraftGovernor] Найдено для паузы: 0. Найдено для возобновления: 0. [context: governor]
2026-05-03 18:39:00:390 info: [CraftGovernor] Найдено для паузы: 0. Найдено для возобновления: 0. [context: governor]
2026-05-03 18:40:00:400 info: [CraftGovernor] Найдено для паузы: 0. Найдено для возобновления: 0. [context: governor]
2026-05-03 18:41:00:410 info: [CraftGovernor] Найдено для паузы: 0. Найдено для возобновления: 0. [context: governor]
2026-05-03 18:42:00:420 info: [CraftGovernor] Найдено для паузы: 0. Найдено для возобновления: 0. [context: governor]
2026-05-03 18:43:00:430 info: [CraftGovernor] Найдено для паузы: 0. Найдено для возобновления: 0. [context: governor]
2026-05-03 18:44:00:440 info: [CraftGovernor] Найдено для паузы: 0. Найдено для возобновления: 0. [context: governor]
2026-05-03 18:45:00:450 info: [CraftGovernor] Найдено для паузы: 0. Найдено для возобновления: 0. [context: governor]
2026-05-03 18:46:00:460 info: [CraftGovernor] Найдено для паузы: 0. Найдено для возобновления: 0. [context: governor]
2026-05-03 18:47:00:470 info: [CraftGovernor] Найдено для паузы: 0. Найдено для возобновления: 0. [context: governor]
2026-05-03 18:48:00:480 info: [CraftGovernor] Найдено для паузы: 0. Найдено для возобновления: 0. [context: governor]
2026-05-03 18:49:00:490 info: [CraftGovernor] Найдено для паузы: 0. Найдено для возобновления: 0. [context: governor]
2026-05-03 18:50:00:500 info: [CraftGovernor] Найдено для паузы: 0. Найдено для возобновления: 0. [context: governor]
2026-05-03 18:51:00:510 info: [CraftGovernor] Найдено для паузы: 0. Найдено для возобновления: 0. [context: governor]
2026-05-03 18:52:00:520 info: [CraftGovernor] Найдено для паузы: 0. Найдено для возобновления: 0. [context: governor]
2026-05-03 18:53:00:530 info: [CraftGovernor] Найдено для паузы: 0. Найдено для возобновления: 0. [context: governor]
2026-05-03 18:54:00:540 info: [CraftGovernor] Найдено для паузы: 0. Найдено для возобновления: 0. [context: governor]
2026-05-03 18:55:00:550 info: [CraftGovernor] Найдено для паузы: 0. Найдено для возобновления: 0. [context: governor]
2026-05-03 18:56:00:560 info: [CraftGovernor] Найдено для паузы: 0. Найдено для возобновления: 0. [context: governor]
2026-05-03 18:57:00:570 info: [CraftGovernor] Найдено для паузы: 0. Найдено для возобновления: 0. [context: governor]
2026-05-03 18:58:00:580 info: [CraftGovernor] Найдено для паузы: 0. Найдено для возобновления: 0. [context: governor]
2026-05-03 18:59:00:590 info: [CraftGovernor] Найдено для паузы: 0. Найдено для возобновления: 0. [context: governor]
2026-05-03 19:00:00:00 info: [CraftGovernor] Найдено для паузы: 0. Найдено для возобновления: 0. [context: governor]
2026-05-03 19:01:00:10 info: [CraftGovernor] Найдено для паузы: 0. Найдено для возобновления: 0. [context: governor]
2026-05-03 19:02:00:20 info: [CraftGovernor] Найдено для паузы: 0. Найдено для возобновления: 0. [context: governor]
2026-05-03 19:03:00:30 info: [CraftGovernor] Найдено для паузы: 0. Найдено для возобновления: 0. [context: governor]
2026-05-03 19:04:00:40 info: [CraftGovernor] Найдено для паузы: 0. Найдено для возобновления: 0. [context: governor]
2026-05-03 19:05:00:50 info: [CraftGovernor] Найдено для паузы: 0. Найдено для возобновления: 0. [context: governor]
2026-05-03 19:06:00:60 info: [CraftGovernor] Найдено для паузы: 0. Найдено для возобновления: 0. [context: governor]
2026-05-03 19:07:00:70 info: [CraftGovernor] Найдено для паузы: 0. Найдено для возобновления: 0. [context: governor]
2026-05-03 19:08:00:80 info: [CraftGovernor] Найдено для паузы: 0. Найдено для возобновления: 0. [context: governor]
2026-05-03 19:09:00:90 info: [CraftGovernor] Найдено для паузы: 0. Найдено для возобновления: 0. [context: governor]
2026-05-03 19:10:00:100 info: [CraftGovernor] Найдено для паузы: 0. Найдено для возобновления: 0. [context: governor]
2026-05-03 19:11:00:110 info: [CraftGovernor] Найдено для паузы: 0. Найдено для возобновления: 0. [context: governor]
2026-05-03 19:12:00:120 info: [CraftGovernor] Найдено для паузы: 0. Найдено для возобновления: 0. [context: governor]
2026-05-03 19:13:00:130 info: [CraftGovernor] Найдено для паузы: 0. Найдено для возобновления: 0. [context: governor]
2026-05-03 19:14:00:140 info: [CraftGovernor] Найдено для паузы: 0. Найдено для возобновления: 0. [context: governor]
2026-05-03 19:15:00:150 info: [CraftGovernor] Найдено для паузы: 0. Найдено для возобновления: 0. [context: governor]
2026-05-03 19:16:00:160 info: [CraftGovernor] Найдено для паузы: 0. Найдено для возобновления: 0. [context: governor]
2026-05-03 19:17:00:170 info: [CraftGovernor] Найдено для паузы: 0. Найдено для возобновления: 0. [context: governor]
2026-05-03 19:18:00:180 info: [CraftGovernor] Найдено для паузы: 0. Найдено для возобновления: 0. [context: governor]
2026-05-03 19:19:00:190 info: [CraftGovernor] Найдено для паузы: 0. Найдено для возобновления: 0. [context: governor]
2026-05-03 19:20:00:200 info: [CraftGovernor] Найдено для паузы: 0. Найдено для возобновления: 0. [context: governor]
2026-05-03 19:21:00:210 info: [CraftGovernor] Найдено для паузы: 0. Найдено для возобновления: 0. [context: governor]
2026-05-03 19:22:00:220 info: [CraftGovernor] Найдено для паузы: 0. Найдено для возобновления: 0. [context: governor]
2026-05-03 19:23:00:230 info: [CraftGovernor] Найдено для паузы: 0. Найдено для возобновления: 0. [context: governor]
2026-05-03 19:24:00:240 info: [CraftGovernor] Найдено для паузы: 0. Найдено для возобновления: 0. [context: governor]
2026-05-03 19:25:00:250 info: [CraftGovernor] Найдено для паузы: 0. Найдено для возобновления: 0. [context: governor]
2026-05-03 19:26:00:260 info: [CraftGovernor] Найдено для паузы: 0. Найдено для возобновления: 0. [context: governor]
2026-05-03 19:27:00:270 info: [CraftGovernor] Найдено для паузы: 0. Найдено для возобновления: 0. [context: governor]
2026-05-03 19:28:00:280 info: [CraftGovernor] Найдено для паузы: 0. Найдено для возобновления: 0. [context: governor]
2026-05-03 19:29:00:290 info: [CraftGovernor] Найдено для паузы: 0. Найдено для возобновления: 0. [context: governor]
2026-05-03 19:30:00:300 info: [CraftGovernor] Найдено для паузы: 0. Найдено для возобновления: 0. [context: governor]
2026-05-03 19:31:00:310 info: [CraftGovernor] Найдено для паузы: 0. Найдено для возобновления: 0. [context: governor]
2026-05-03 19:32:00:320 info: [CraftGovernor] Найдено для паузы: 0. Найдено для возобновления: 0. [context: governor]
2026-05-03 19:33:00:330 info: [CraftGovernor] Найдено для паузы: 0. Найдено для возобновления: 0. [context: governor]
2026-05-03 19:34:00:340 info: [CraftGovernor] Найдено для паузы: 0. Найдено для возобновления: 0. [context: governor]
2026-05-03 19:35:00:350 info: [CraftGovernor] Найдено для паузы: 0. Найдено для возобновления: 0. [context: governor]
2026-05-03 19:36:00:360 info: [CraftGovernor] Найдено для паузы: 0. Найдено для возобновления: 0. [context: governor]
2026-05-03 19:37:00:370 info: [CraftGovernor] Найдено для паузы: 0. Найдено для возобновления: 0. [context: governor]
2026-05-03 19:38:00:380 info: [CraftGovernor] Найдено для паузы: 0. Найдено для возобновления: 0. [context: governor]
2026-05-03 19:39:00:390 info: [CraftGovernor] Найдено для паузы: 0. Найдено для возобновления: 0. [context: governor]
2026-05-03 19:40:00:400 info: [CraftGovernor] Найдено для паузы: 0. Найдено для возобновления: 0. [context: governor]
2026-05-03 19:41:00:410 info: [CraftGovernor] Найдено для паузы: 0. Найдено для возобновления: 0. [context: governor]
2026-05-03 19:42:00:420 info: [CraftGovernor] Найдено для паузы: 0. Найдено для возобновления: 0. [context: governor]
2026-05-03 19:43:00:430 info: [CraftGovernor] Найдено для паузы: 0. Найдено для возобновления: 0. [context: governor]
2026-05-03 19:43:50:4350 warn: Получен сигнал SIGINT. Начинаю грациозное завершение dbserver...
2026-05-03 19:43:50:4350 info: Закрытие серверов (WebSocket и HTTP)...
