2026-05-04 12:12:46:1246 error: Web3Server: Error connecting to dbServer:
2026-05-04 12:21:33:2133 info: Web3Server: Connected to dbServer
2026-05-04 12:21:33:2133 info: Web3Server: Successfully identified with dbServer
2026-05-04 12:21:33:2133 info: Web3Server: Successfully connected to Redis.
2026-05-04 12:21:33:2133 info: Web3Server: Blockchain provider successfully initialized.
2026-05-04 12:21:33:2133 info: Web3Server: Read-only contracts successfully initialized.
2026-05-04 12:21:35:2135 info: Web3Server: WebSocket connection to RPC provider is open.
2026-05-04 12:21:35:2135 info: Web3Server: Blockchain provider connected.
2026-05-04 12:21:35:2135 info: [Listener] Включение Real-time (WebSocket)...
2026-05-04 12:21:35:2135 info: Обработчики грациозного завершения для web3server инициализированы.
2026-05-04 12:21:35:2135 info: Web3Server запущен на порту 3000
2026-05-04 12:21:36:2136 info: [PILOTS-OWNERS-TRACKER] 🔍 STRUCTURE DEBUG (First Item):
2026-05-04 12:21:36:2136 info: {
  "ownerAddress": "0x1Bf89d442D9f30858dCCD6ffA6500E0Bfc78eb43",
  "tokenBalances": [
    {
      "tokenId": "1",
      "balance": "1"
    }
  ]
}
2026-05-04 12:21:36:2136 info: [PILOTS-OWNERS-TRACKER]: Успешно получено 2 владельцев PilotNFT.
2026-05-04 12:21:36:2136 info: [PILOTS-OWNERS-TRACKER]: Список владельцев в Redis обновлен. Владельцев: 2.
2026-05-04 12:21:36:2136 info: [PILOTS-OWNERS-TRACKER]: Запущено периодическое обновление списка владельцев PilotNFT (интервал: 60 сек)
2026-05-04 12:22:38:2238 info: [PILOTS-OWNERS-TRACKER] 🔍 STRUCTURE DEBUG (First Item):
2026-05-04 12:22:38:2238 info: {
  "ownerAddress": "0x1Bf89d442D9f30858dCCD6ffA6500E0Bfc78eb43",
  "tokenBalances": [
    {
      "tokenId": "1",
      "balance": "1"
    }
  ]
}
2026-05-04 12:22:38:2238 info: [PILOTS-OWNERS-TRACKER]: Успешно получено 2 владельцев PilotNFT.
2026-05-04 12:22:38:2238 info: [PILOTS-OWNERS-TRACKER]: Список владельцев в Redis обновлен. Владельцев: 2.
2026-05-04 12:23:38:2338 info: [PILOTS-OWNERS-TRACKER] 🔍 STRUCTURE DEBUG (First Item):
2026-05-04 12:23:38:2338 info: {
  "ownerAddress": "0x1Bf89d442D9f30858dCCD6ffA6500E0Bfc78eb43",
  "tokenBalances": [
    {
      "tokenId": "1",
      "balance": "1"
    }
  ]
}
2026-05-04 12:23:38:2338 info: [PILOTS-OWNERS-TRACKER]: Успешно получено 2 владельцев PilotNFT.
2026-05-04 12:23:38:2338 info: [PILOTS-OWNERS-TRACKER]: Список владельцев в Redis обновлен. Владельцев: 2.
2026-05-04 12:24:38:2438 info: [PILOTS-OWNERS-TRACKER] 🔍 STRUCTURE DEBUG (First Item):
2026-05-04 12:24:38:2438 info: {
  "ownerAddress": "0x1Bf89d442D9f30858dCCD6ffA6500E0Bfc78eb43",
  "tokenBalances": [
    {
      "tokenId": "1",
      "balance": "1"
    }
  ]
}
2026-05-04 12:24:38:2438 info: [PILOTS-OWNERS-TRACKER]: Успешно получено 2 владельцев PilotNFT.
2026-05-04 12:24:38:2438 info: [PILOTS-OWNERS-TRACKER]: Список владельцев в Redis обновлен. Владельцев: 2.
2026-05-04 12:25:02:252 info: [TOKEN-FETCHER]: Found a total of 5 ships for wallet 0x2da351d8d5840415025c35a7c843a0dfa6e4b89b
2026-05-04 12:25:25:2525 info: [Security DEBUG] Request to /internal/api/v1/verify-ship/6/0x2da351d8d5840415025c35a7c843a0dfa6e4b89b
2026-05-04 12:25:25:2525 info: [Security DEBUG] req.ip detected as: ::1
2026-05-04 12:25:25:2525 info: [Security DEBUG] Whitelist contains: ["127.0.0.1","::1","::ffff:127.0.0.1","100.106.100.125","::ffff:100.106.100.125","100.123.73.85","::ffff:100.123.73.85"]
2026-05-04 12:25:38:2538 info: [PILOTS-OWNERS-TRACKER] 🔍 STRUCTURE DEBUG (First Item):
2026-05-04 12:25:38:2538 info: {
  "ownerAddress": "0x1Bf89d442D9f30858dCCD6ffA6500E0Bfc78eb43",
  "tokenBalances": [
    {
      "tokenId": "1",
      "balance": "1"
    }
  ]
}
2026-05-04 12:25:38:2538 info: [PILOTS-OWNERS-TRACKER]: Успешно получено 2 владельцев PilotNFT.
2026-05-04 12:25:38:2538 info: [PILOTS-OWNERS-TRACKER]: Список владельцев в Redis обновлен. Владельцев: 2.
2026-05-04 12:26:38:2638 info: [PILOTS-OWNERS-TRACKER] 🔍 STRUCTURE DEBUG (First Item):
2026-05-04 12:26:38:2638 info: {
  "ownerAddress": "0x1Bf89d442D9f30858dCCD6ffA6500E0Bfc78eb43",
  "tokenBalances": [
    {
      "tokenId": "1",
      "balance": "1"
    }
  ]
}
2026-05-04 12:26:38:2638 info: [PILOTS-OWNERS-TRACKER]: Успешно получено 2 владельцев PilotNFT.
2026-05-04 12:26:38:2638 info: [PILOTS-OWNERS-TRACKER]: Список владельцев в Redis обновлен. Владельцев: 2.
2026-05-04 12:27:38:2738 info: [PILOTS-OWNERS-TRACKER] 🔍 STRUCTURE DEBUG (First Item):
2026-05-04 12:27:38:2738 info: {
  "ownerAddress": "0x1Bf89d442D9f30858dCCD6ffA6500E0Bfc78eb43",
  "tokenBalances": [
    {
      "tokenId": "1",
      "balance": "1"
    }
  ]
}
2026-05-04 12:27:38:2738 info: [PILOTS-OWNERS-TRACKER]: Успешно получено 2 владельцев PilotNFT.
2026-05-04 12:27:38:2738 info: [PILOTS-OWNERS-TRACKER]: Список владельцев в Redis обновлен. Владельцев: 2.
2026-05-04 12:28:38:2838 info: [PILOTS-OWNERS-TRACKER] 🔍 STRUCTURE DEBUG (First Item):
2026-05-04 12:28:38:2838 info: {
  "ownerAddress": "0x1Bf89d442D9f30858dCCD6ffA6500E0Bfc78eb43",
  "tokenBalances": [
    {
      "tokenId": "1",
      "balance": "1"
    }
  ]
}
2026-05-04 12:28:38:2838 info: [PILOTS-OWNERS-TRACKER]: Успешно получено 2 владельцев PilotNFT.
2026-05-04 12:28:38:2838 info: [PILOTS-OWNERS-TRACKER]: Список владельцев в Redis обновлен. Владельцев: 2.
2026-05-04 12:29:38:2938 info: [PILOTS-OWNERS-TRACKER] 🔍 STRUCTURE DEBUG (First Item):
2026-05-04 12:29:38:2938 info: {
  "ownerAddress": "0x1Bf89d442D9f30858dCCD6ffA6500E0Bfc78eb43",
  "tokenBalances": [
    {
      "tokenId": "1",
      "balance": "1"
    }
  ]
}
2026-05-04 12:29:38:2938 info: [PILOTS-OWNERS-TRACKER]: Успешно получено 2 владельцев PilotNFT.
2026-05-04 12:29:38:2938 info: [PILOTS-OWNERS-TRACKER]: Список владельцев в Redis обновлен. Владельцев: 2.
2026-05-04 12:30:38:3038 info: [PILOTS-OWNERS-TRACKER] 🔍 STRUCTURE DEBUG (First Item):
2026-05-04 12:30:38:3038 info: {
  "ownerAddress": "0x1Bf89d442D9f30858dCCD6ffA6500E0Bfc78eb43",
  "tokenBalances": [
    {
      "tokenId": "1",
      "balance": "1"
    }
  ]
}
2026-05-04 12:30:38:3038 info: [PILOTS-OWNERS-TRACKER]: Успешно получено 2 владельцев PilotNFT.
2026-05-04 12:30:38:3038 info: [PILOTS-OWNERS-TRACKER]: Список владельцев в Redis обновлен. Владельцев: 2.
2026-05-04 12:31:37:3137 info: [PILOTS-OWNERS-TRACKER] 🔍 STRUCTURE DEBUG (First Item):
2026-05-04 12:31:37:3137 info: {
  "ownerAddress": "0x1Bf89d442D9f30858dCCD6ffA6500E0Bfc78eb43",
  "tokenBalances": [
    {
      "tokenId": "1",
      "balance": "1"
    }
  ]
}
2026-05-04 12:31:37:3137 info: [PILOTS-OWNERS-TRACKER]: Успешно получено 2 владельцев PilotNFT.
2026-05-04 12:31:37:3137 info: [PILOTS-OWNERS-TRACKER]: Список владельцев в Redis обновлен. Владельцев: 2.
2026-05-04 12:32:38:3238 info: [PILOTS-OWNERS-TRACKER] 🔍 STRUCTURE DEBUG (First Item):
2026-05-04 12:32:38:3238 info: {
  "ownerAddress": "0x1Bf89d442D9f30858dCCD6ffA6500E0Bfc78eb43",
  "tokenBalances": [
    {
      "tokenId": "1",
      "balance": "1"
    }
  ]
}
2026-05-04 12:32:38:3238 info: [PILOTS-OWNERS-TRACKER]: Успешно получено 2 владельцев PilotNFT.
2026-05-04 12:32:38:3238 info: [PILOTS-OWNERS-TRACKER]: Список владельцев в Redis обновлен. Владельцев: 2.
2026-05-04 12:33:38:3338 info: [PILOTS-OWNERS-TRACKER] 🔍 STRUCTURE DEBUG (First Item):
2026-05-04 12:33:38:3338 info: {
  "ownerAddress": "0x1Bf89d442D9f30858dCCD6ffA6500E0Bfc78eb43",
  "tokenBalances": [
    {
      "tokenId": "1",
      "balance": "1"
    }
  ]
}
2026-05-04 12:33:38:3338 info: [PILOTS-OWNERS-TRACKER]: Успешно получено 2 владельцев PilotNFT.
2026-05-04 12:33:38:3338 info: [PILOTS-OWNERS-TRACKER]: Список владельцев в Redis обновлен. Владельцев: 2.
2026-05-04 12:34:38:3438 info: [PILOTS-OWNERS-TRACKER] 🔍 STRUCTURE DEBUG (First Item):
2026-05-04 12:34:38:3438 info: {
  "ownerAddress": "0x1Bf89d442D9f30858dCCD6ffA6500E0Bfc78eb43",
  "tokenBalances": [
    {
      "tokenId": "1",
      "balance": "1"
    }
  ]
}
2026-05-04 12:34:38:3438 info: [PILOTS-OWNERS-TRACKER]: Успешно получено 2 владельцев PilotNFT.
2026-05-04 12:34:38:3438 info: [PILOTS-OWNERS-TRACKER]: Список владельцев в Redis обновлен. Владельцев: 2.
2026-05-04 12:35:38:3538 info: [PILOTS-OWNERS-TRACKER] 🔍 STRUCTURE DEBUG (First Item):
2026-05-04 12:35:38:3538 info: {
  "ownerAddress": "0x1Bf89d442D9f30858dCCD6ffA6500E0Bfc78eb43",
  "tokenBalances": [
    {
      "tokenId": "1",
      "balance": "1"
    }
  ]
}
2026-05-04 12:35:38:3538 info: [PILOTS-OWNERS-TRACKER]: Успешно получено 2 владельцев PilotNFT.
2026-05-04 12:35:38:3538 info: [PILOTS-OWNERS-TRACKER]: Список владельцев в Redis обновлен. Владельцев: 2.
2026-05-04 12:36:38:3638 info: [PILOTS-OWNERS-TRACKER] 🔍 STRUCTURE DEBUG (First Item):
2026-05-04 12:36:38:3638 info: {
  "ownerAddress": "0x1Bf89d442D9f30858dCCD6ffA6500E0Bfc78eb43",
  "tokenBalances": [
    {
      "tokenId": "1",
      "balance": "1"
    }
  ]
}
2026-05-04 12:36:38:3638 info: [PILOTS-OWNERS-TRACKER]: Успешно получено 2 владельцев PilotNFT.
2026-05-04 12:36:38:3638 info: [PILOTS-OWNERS-TRACKER]: Список владельцев в Redis обновлен. Владельцев: 2.
2026-05-04 12:37:38:3738 info: [PILOTS-OWNERS-TRACKER] 🔍 STRUCTURE DEBUG (First Item):
2026-05-04 12:37:38:3738 info: {
  "ownerAddress": "0x1Bf89d442D9f30858dCCD6ffA6500E0Bfc78eb43",
  "tokenBalances": [
    {
      "tokenId": "1",
      "balance": "1"
    }
  ]
}
2026-05-04 12:37:38:3738 info: [PILOTS-OWNERS-TRACKER]: Успешно получено 2 владельцев PilotNFT.
2026-05-04 12:37:38:3738 info: [PILOTS-OWNERS-TRACKER]: Список владельцев в Redis обновлен. Владельцев: 2.
2026-05-04 12:38:38:3838 info: [PILOTS-OWNERS-TRACKER] 🔍 STRUCTURE DEBUG (First Item):
2026-05-04 12:38:38:3838 info: {
  "ownerAddress": "0x1Bf89d442D9f30858dCCD6ffA6500E0Bfc78eb43",
  "tokenBalances": [
    {
      "tokenId": "1",
      "balance": "1"
    }
  ]
}
2026-05-04 12:38:38:3838 info: [PILOTS-OWNERS-TRACKER]: Успешно получено 2 владельцев PilotNFT.
2026-05-04 12:38:38:3838 info: [PILOTS-OWNERS-TRACKER]: Список владельцев в Redis обновлен. Владельцев: 2.
2026-05-04 12:39:38:3938 info: [PILOTS-OWNERS-TRACKER] 🔍 STRUCTURE DEBUG (First Item):
2026-05-04 12:39:38:3938 info: {
  "ownerAddress": "0x1Bf89d442D9f30858dCCD6ffA6500E0Bfc78eb43",
  "tokenBalances": [
    {
      "tokenId": "1",
      "balance": "1"
    }
  ]
}
2026-05-04 12:39:38:3938 info: [PILOTS-OWNERS-TRACKER]: Успешно получено 2 владельцев PilotNFT.
2026-05-04 12:39:38:3938 info: [PILOTS-OWNERS-TRACKER]: Список владельцев в Redis обновлен. Владельцев: 2.
2026-05-04 12:40:38:4038 info: [PILOTS-OWNERS-TRACKER] 🔍 STRUCTURE DEBUG (First Item):
2026-05-04 12:40:38:4038 info: {
  "ownerAddress": "0x1Bf89d442D9f30858dCCD6ffA6500E0Bfc78eb43",
  "tokenBalances": [
    {
      "tokenId": "1",
      "balance": "1"
    }
  ]
}
2026-05-04 12:40:38:4038 info: [PILOTS-OWNERS-TRACKER]: Успешно получено 2 владельцев PilotNFT.
2026-05-04 12:40:38:4038 info: [PILOTS-OWNERS-TRACKER]: Список владельцев в Redis обновлен. Владельцев: 2.
2026-05-04 12:41:38:4138 info: [PILOTS-OWNERS-TRACKER] 🔍 STRUCTURE DEBUG (First Item):
2026-05-04 12:41:38:4138 info: {
  "ownerAddress": "0x1Bf89d442D9f30858dCCD6ffA6500E0Bfc78eb43",
  "tokenBalances": [
    {
      "tokenId": "1",
      "balance": "1"
    }
  ]
}
2026-05-04 12:41:38:4138 info: [PILOTS-OWNERS-TRACKER]: Успешно получено 2 владельцев PilotNFT.
2026-05-04 12:41:38:4138 info: [PILOTS-OWNERS-TRACKER]: Список владельцев в Redis обновлен. Владельцев: 2.
2026-05-04 12:42:38:4238 info: [PILOTS-OWNERS-TRACKER] 🔍 STRUCTURE DEBUG (First Item):
2026-05-04 12:42:38:4238 info: {
  "ownerAddress": "0x1Bf89d442D9f30858dCCD6ffA6500E0Bfc78eb43",
  "tokenBalances": [
    {
      "tokenId": "1",
      "balance": "1"
    }
  ]
}
2026-05-04 12:42:38:4238 info: [PILOTS-OWNERS-TRACKER]: Успешно получено 2 владельцев PilotNFT.
2026-05-04 12:42:38:4238 info: [PILOTS-OWNERS-TRACKER]: Список владельцев в Redis обновлен. Владельцев: 2.
2026-05-04 12:43:38:4338 info: [PILOTS-OWNERS-TRACKER] 🔍 STRUCTURE DEBUG (First Item):
2026-05-04 12:43:38:4338 info: {
  "ownerAddress": "0x1Bf89d442D9f30858dCCD6ffA6500E0Bfc78eb43",
  "tokenBalances": [
    {
      "tokenId": "1",
      "balance": "1"
    }
  ]
}
2026-05-04 12:43:38:4338 info: [PILOTS-OWNERS-TRACKER]: Успешно получено 2 владельцев PilotNFT.
2026-05-04 12:43:38:4338 info: [PILOTS-OWNERS-TRACKER]: Список владельцев в Redis обновлен. Владельцев: 2.
2026-05-04 12:44:38:4438 info: [PILOTS-OWNERS-TRACKER] 🔍 STRUCTURE DEBUG (First Item):
2026-05-04 12:44:38:4438 info: {
  "ownerAddress": "0x1Bf89d442D9f30858dCCD6ffA6500E0Bfc78eb43",
  "tokenBalances": [
    {
      "tokenId": "1",
      "balance": "1"
    }
  ]
}
2026-05-04 12:44:38:4438 info: [PILOTS-OWNERS-TRACKER]: Успешно получено 2 владельцев PilotNFT.
2026-05-04 12:44:38:4438 info: [PILOTS-OWNERS-TRACKER]: Список владельцев в Redis обновлен. Владельцев: 2.
2026-05-04 12:45:38:4538 info: [PILOTS-OWNERS-TRACKER] 🔍 STRUCTURE DEBUG (First Item):
2026-05-04 12:45:38:4538 info: {
  "ownerAddress": "0x1Bf89d442D9f30858dCCD6ffA6500E0Bfc78eb43",
  "tokenBalances": [
    {
      "tokenId": "1",
      "balance": "1"
    }
  ]
}
2026-05-04 12:45:38:4538 info: [PILOTS-OWNERS-TRACKER]: Успешно получено 2 владельцев PilotNFT.
2026-05-04 12:45:38:4538 info: [PILOTS-OWNERS-TRACKER]: Список владельцев в Redis обновлен. Владельцев: 2.
2026-05-04 12:46:38:4638 info: [PILOTS-OWNERS-TRACKER] 🔍 STRUCTURE DEBUG (First Item):
2026-05-04 12:46:38:4638 info: {
  "ownerAddress": "0x1Bf89d442D9f30858dCCD6ffA6500E0Bfc78eb43",
  "tokenBalances": [
    {
      "tokenId": "1",
      "balance": "1"
    }
  ]
}
2026-05-04 12:46:38:4638 info: [PILOTS-OWNERS-TRACKER]: Успешно получено 2 владельцев PilotNFT.
2026-05-04 12:46:38:4638 info: [PILOTS-OWNERS-TRACKER]: Список владельцев в Redis обновлен. Владельцев: 2.
2026-05-04 12:47:38:4738 info: [PILOTS-OWNERS-TRACKER] 🔍 STRUCTURE DEBUG (First Item):
2026-05-04 12:47:38:4738 info: {
  "ownerAddress": "0x1Bf89d442D9f30858dCCD6ffA6500E0Bfc78eb43",
  "tokenBalances": [
    {
      "tokenId": "1",
      "balance": "1"
    }
  ]
}
2026-05-04 12:47:38:4738 info: [PILOTS-OWNERS-TRACKER]: Успешно получено 2 владельцев PilotNFT.
2026-05-04 12:47:38:4738 info: [PILOTS-OWNERS-TRACKER]: Список владельцев в Redis обновлен. Владельцев: 2.
2026-05-04 12:48:38:4838 info: [PILOTS-OWNERS-TRACKER] 🔍 STRUCTURE DEBUG (First Item):
2026-05-04 12:48:38:4838 info: {
  "ownerAddress": "0x1Bf89d442D9f30858dCCD6ffA6500E0Bfc78eb43",
  "tokenBalances": [
    {
      "tokenId": "1",
      "balance": "1"
    }
  ]
}
2026-05-04 12:48:38:4838 info: [PILOTS-OWNERS-TRACKER]: Успешно получено 2 владельцев PilotNFT.
2026-05-04 12:48:38:4838 info: [PILOTS-OWNERS-TRACKER]: Список владельцев в Redis обновлен. Владельцев: 2.
2026-05-04 12:49:38:4938 info: [PILOTS-OWNERS-TRACKER] 🔍 STRUCTURE DEBUG (First Item):
2026-05-04 12:49:38:4938 info: {
  "ownerAddress": "0x1Bf89d442D9f30858dCCD6ffA6500E0Bfc78eb43",
  "tokenBalances": [
    {
      "tokenId": "1",
      "balance": "1"
    }
  ]
}
2026-05-04 12:49:38:4938 info: [PILOTS-OWNERS-TRACKER]: Успешно получено 2 владельцев PilotNFT.
2026-05-04 12:49:38:4938 info: [PILOTS-OWNERS-TRACKER]: Список владельцев в Redis обновлен. Владельцев: 2.
2026-05-04 12:50:37:5037 info: [PILOTS-OWNERS-TRACKER] 🔍 STRUCTURE DEBUG (First Item):
2026-05-04 12:50:38:5038 info: {
  "ownerAddress": "0x1Bf89d442D9f30858dCCD6ffA6500E0Bfc78eb43",
  "tokenBalances": [
    {
      "tokenId": "1",
      "balance": "1"
    }
  ]
}
2026-05-04 12:50:38:5038 info: [PILOTS-OWNERS-TRACKER]: Успешно получено 2 владельцев PilotNFT.
2026-05-04 12:50:38:5038 info: [PILOTS-OWNERS-TRACKER]: Список владельцев в Redis обновлен. Владельцев: 2.
2026-05-04 12:51:38:5138 info: [PILOTS-OWNERS-TRACKER] 🔍 STRUCTURE DEBUG (First Item):
2026-05-04 12:51:38:5138 info: {
  "ownerAddress": "0x1Bf89d442D9f30858dCCD6ffA6500E0Bfc78eb43",
  "tokenBalances": [
    {
      "tokenId": "1",
      "balance": "1"
    }
  ]
}
2026-05-04 12:51:38:5138 info: [PILOTS-OWNERS-TRACKER]: Успешно получено 2 владельцев PilotNFT.
2026-05-04 12:51:38:5138 info: [PILOTS-OWNERS-TRACKER]: Список владельцев в Redis обновлен. Владельцев: 2.
2026-05-04 12:52:38:5238 info: [PILOTS-OWNERS-TRACKER] 🔍 STRUCTURE DEBUG (First Item):
2026-05-04 12:52:38:5238 info: {
  "ownerAddress": "0x1Bf89d442D9f30858dCCD6ffA6500E0Bfc78eb43",
  "tokenBalances": [
    {
      "tokenId": "1",
      "balance": "1"
    }
  ]
}
2026-05-04 12:52:38:5238 info: [PILOTS-OWNERS-TRACKER]: Успешно получено 2 владельцев PilotNFT.
2026-05-04 12:52:38:5238 info: [PILOTS-OWNERS-TRACKER]: Список владельцев в Redis обновлен. Владельцев: 2.
2026-05-04 12:53:38:5338 info: [PILOTS-OWNERS-TRACKER] 🔍 STRUCTURE DEBUG (First Item):
2026-05-04 12:53:38:5338 info: {
  "ownerAddress": "0x1Bf89d442D9f30858dCCD6ffA6500E0Bfc78eb43",
  "tokenBalances": [
    {
      "tokenId": "1",
      "balance": "1"
    }
  ]
}
2026-05-04 12:53:38:5338 info: [PILOTS-OWNERS-TRACKER]: Успешно получено 2 владельцев PilotNFT.
2026-05-04 12:53:38:5338 info: [PILOTS-OWNERS-TRACKER]: Список владельцев в Redis обновлен. Владельцев: 2.
2026-05-04 12:54:38:5438 info: [PILOTS-OWNERS-TRACKER] 🔍 STRUCTURE DEBUG (First Item):
2026-05-04 12:54:38:5438 info: {
  "ownerAddress": "0x1Bf89d442D9f30858dCCD6ffA6500E0Bfc78eb43",
  "tokenBalances": [
    {
      "tokenId": "1",
      "balance": "1"
    }
  ]
}
2026-05-04 12:54:38:5438 info: [PILOTS-OWNERS-TRACKER]: Успешно получено 2 владельцев PilotNFT.
2026-05-04 12:54:38:5438 info: [PILOTS-OWNERS-TRACKER]: Список владельцев в Redis обновлен. Владельцев: 2.
2026-05-04 12:55:38:5538 info: [PILOTS-OWNERS-TRACKER] 🔍 STRUCTURE DEBUG (First Item):
2026-05-04 12:55:38:5538 info: {
  "ownerAddress": "0x1Bf89d442D9f30858dCCD6ffA6500E0Bfc78eb43",
  "tokenBalances": [
    {
      "tokenId": "1",
      "balance": "1"
    }
  ]
}
2026-05-04 12:55:38:5538 info: [PILOTS-OWNERS-TRACKER]: Успешно получено 2 владельцев PilotNFT.
2026-05-04 12:55:38:5538 info: [PILOTS-OWNERS-TRACKER]: Список владельцев в Redis обновлен. Владельцев: 2.
2026-05-04 12:56:38:5638 info: [PILOTS-OWNERS-TRACKER] 🔍 STRUCTURE DEBUG (First Item):
2026-05-04 12:56:38:5638 info: {
  "ownerAddress": "0x1Bf89d442D9f30858dCCD6ffA6500E0Bfc78eb43",
  "tokenBalances": [
    {
      "tokenId": "1",
      "balance": "1"
    }
  ]
}
2026-05-04 12:56:38:5638 info: [PILOTS-OWNERS-TRACKER]: Успешно получено 2 владельцев PilotNFT.
2026-05-04 12:56:38:5638 info: [PILOTS-OWNERS-TRACKER]: Список владельцев в Redis обновлен. Владельцев: 2.
2026-05-04 12:57:38:5738 info: [PILOTS-OWNERS-TRACKER] 🔍 STRUCTURE DEBUG (First Item):
2026-05-04 12:57:38:5738 info: {
  "ownerAddress": "0x1Bf89d442D9f30858dCCD6ffA6500E0Bfc78eb43",
  "tokenBalances": [
    {
      "tokenId": "1",
      "balance": "1"
    }
  ]
}
2026-05-04 12:57:38:5738 info: [PILOTS-OWNERS-TRACKER]: Успешно получено 2 владельцев PilotNFT.
2026-05-04 12:57:38:5738 info: [PILOTS-OWNERS-TRACKER]: Список владельцев в Redis обновлен. Владельцев: 2.
2026-05-04 12:58:38:5838 info: [PILOTS-OWNERS-TRACKER] 🔍 STRUCTURE DEBUG (First Item):
2026-05-04 12:58:38:5838 info: {
  "ownerAddress": "0x1Bf89d442D9f30858dCCD6ffA6500E0Bfc78eb43",
  "tokenBalances": [
    {
      "tokenId": "1",
      "balance": "1"
    }
  ]
}
2026-05-04 12:58:38:5838 info: [PILOTS-OWNERS-TRACKER]: Успешно получено 2 владельцев PilotNFT.
2026-05-04 12:58:38:5838 info: [PILOTS-OWNERS-TRACKER]: Список владельцев в Redis обновлен. Владельцев: 2.
2026-05-04 12:59:38:5938 info: [PILOTS-OWNERS-TRACKER] 🔍 STRUCTURE DEBUG (First Item):
2026-05-04 12:59:38:5938 info: {
  "ownerAddress": "0x1Bf89d442D9f30858dCCD6ffA6500E0Bfc78eb43",
  "tokenBalances": [
    {
      "tokenId": "1",
      "balance": "1"
    }
  ]
}
2026-05-04 12:59:38:5938 info: [PILOTS-OWNERS-TRACKER]: Успешно получено 2 владельцев PilotNFT.
2026-05-04 12:59:38:5938 info: [PILOTS-OWNERS-TRACKER]: Список владельцев в Redis обновлен. Владельцев: 2.
2026-05-04 13:00:38:038 info: [PILOTS-OWNERS-TRACKER] 🔍 STRUCTURE DEBUG (First Item):
2026-05-04 13:00:38:038 info: {
  "ownerAddress": "0x1Bf89d442D9f30858dCCD6ffA6500E0Bfc78eb43",
  "tokenBalances": [
    {
      "tokenId": "1",
      "balance": "1"
    }
  ]
}
2026-05-04 13:00:38:038 info: [PILOTS-OWNERS-TRACKER]: Успешно получено 2 владельцев PilotNFT.
2026-05-04 13:00:38:038 info: [PILOTS-OWNERS-TRACKER]: Список владельцев в Redis обновлен. Владельцев: 2.
2026-05-04 13:01:38:138 info: [PILOTS-OWNERS-TRACKER] 🔍 STRUCTURE DEBUG (First Item):
2026-05-04 13:01:38:138 info: {
  "ownerAddress": "0x1Bf89d442D9f30858dCCD6ffA6500E0Bfc78eb43",
  "tokenBalances": [
    {
      "tokenId": "1",
      "balance": "1"
    }
  ]
}
2026-05-04 13:01:38:138 info: [PILOTS-OWNERS-TRACKER]: Успешно получено 2 владельцев PilotNFT.
2026-05-04 13:01:38:138 info: [PILOTS-OWNERS-TRACKER]: Список владельцев в Redis обновлен. Владельцев: 2.
2026-05-04 13:02:38:238 info: [PILOTS-OWNERS-TRACKER] 🔍 STRUCTURE DEBUG (First Item):
2026-05-04 13:02:38:238 info: {
  "ownerAddress": "0x1Bf89d442D9f30858dCCD6ffA6500E0Bfc78eb43",
  "tokenBalances": [
    {
      "tokenId": "1",
      "balance": "1"
    }
  ]
}
2026-05-04 13:02:38:238 info: [PILOTS-OWNERS-TRACKER]: Успешно получено 2 владельцев PilotNFT.
2026-05-04 13:02:38:238 info: [PILOTS-OWNERS-TRACKER]: Список владельцев в Redis обновлен. Владельцев: 2.
2026-05-04 13:03:38:338 info: [PILOTS-OWNERS-TRACKER] 🔍 STRUCTURE DEBUG (First Item):
2026-05-04 13:03:38:338 info: {
  "ownerAddress": "0x1Bf89d442D9f30858dCCD6ffA6500E0Bfc78eb43",
  "tokenBalances": [
    {
      "tokenId": "1",
      "balance": "1"
    }
  ]
}
2026-05-04 13:03:38:338 info: [PILOTS-OWNERS-TRACKER]: Успешно получено 2 владельцев PilotNFT.
2026-05-04 13:03:38:338 info: [PILOTS-OWNERS-TRACKER]: Список владельцев в Redis обновлен. Владельцев: 2.
2026-05-04 13:04:38:438 info: [PILOTS-OWNERS-TRACKER] 🔍 STRUCTURE DEBUG (First Item):
2026-05-04 13:04:38:438 info: {
  "ownerAddress": "0x1Bf89d442D9f30858dCCD6ffA6500E0Bfc78eb43",
  "tokenBalances": [
    {
      "tokenId": "1",
      "balance": "1"
    }
  ]
}
2026-05-04 13:04:38:438 info: [PILOTS-OWNERS-TRACKER]: Успешно получено 2 владельцев PilotNFT.
2026-05-04 13:04:38:438 info: [PILOTS-OWNERS-TRACKER]: Список владельцев в Redis обновлен. Владельцев: 2.
2026-05-04 13:05:38:538 info: [PILOTS-OWNERS-TRACKER] 🔍 STRUCTURE DEBUG (First Item):
2026-05-04 13:05:38:538 info: {
  "ownerAddress": "0x1Bf89d442D9f30858dCCD6ffA6500E0Bfc78eb43",
  "tokenBalances": [
    {
      "tokenId": "1",
      "balance": "1"
    }
  ]
}
2026-05-04 13:05:38:538 info: [PILOTS-OWNERS-TRACKER]: Успешно получено 2 владельцев PilotNFT.
2026-05-04 13:05:38:538 info: [PILOTS-OWNERS-TRACKER]: Список владельцев в Redis обновлен. Владельцев: 2.
2026-05-04 13:06:38:638 info: [PILOTS-OWNERS-TRACKER] 🔍 STRUCTURE DEBUG (First Item):
2026-05-04 13:06:38:638 info: {
  "ownerAddress": "0x1Bf89d442D9f30858dCCD6ffA6500E0Bfc78eb43",
  "tokenBalances": [
    {
      "tokenId": "1",
      "balance": "1"
    }
  ]
}
2026-05-04 13:06:38:638 info: [PILOTS-OWNERS-TRACKER]: Успешно получено 2 владельцев PilotNFT.
2026-05-04 13:06:38:638 info: [PILOTS-OWNERS-TRACKER]: Список владельцев в Redis обновлен. Владельцев: 2.
2026-05-04 13:07:38:738 info: [PILOTS-OWNERS-TRACKER] 🔍 STRUCTURE DEBUG (First Item):
2026-05-04 13:07:38:738 info: {
  "ownerAddress": "0x1Bf89d442D9f30858dCCD6ffA6500E0Bfc78eb43",
  "tokenBalances": [
    {
      "tokenId": "1",
      "balance": "1"
    }
  ]
}
2026-05-04 13:07:38:738 info: [PILOTS-OWNERS-TRACKER]: Успешно получено 2 владельцев PilotNFT.
2026-05-04 13:07:38:738 info: [PILOTS-OWNERS-TRACKER]: Список владельцев в Redis обновлен. Владельцев: 2.
2026-05-04 13:08:38:838 info: [PILOTS-OWNERS-TRACKER] 🔍 STRUCTURE DEBUG (First Item):
2026-05-04 13:08:38:838 info: {
  "ownerAddress": "0x1Bf89d442D9f30858dCCD6ffA6500E0Bfc78eb43",
  "tokenBalances": [
    {
      "tokenId": "1",
      "balance": "1"
    }
  ]
}
2026-05-04 13:08:38:838 info: [PILOTS-OWNERS-TRACKER]: Успешно получено 2 владельцев PilotNFT.
2026-05-04 13:08:38:838 info: [PILOTS-OWNERS-TRACKER]: Список владельцев в Redis обновлен. Владельцев: 2.
2026-05-04 13:09:38:938 info: [PILOTS-OWNERS-TRACKER] 🔍 STRUCTURE DEBUG (First Item):
2026-05-04 13:09:38:938 info: {
  "ownerAddress": "0x1Bf89d442D9f30858dCCD6ffA6500E0Bfc78eb43",
  "tokenBalances": [
    {
      "tokenId": "1",
      "balance": "1"
    }
  ]
}
2026-05-04 13:09:38:938 info: [PILOTS-OWNERS-TRACKER]: Успешно получено 2 владельцев PilotNFT.
2026-05-04 13:09:38:938 info: [PILOTS-OWNERS-TRACKER]: Список владельцев в Redis обновлен. Владельцев: 2.
2026-05-04 13:10:38:1038 info: [PILOTS-OWNERS-TRACKER] 🔍 STRUCTURE DEBUG (First Item):
2026-05-04 13:10:38:1038 info: {
  "ownerAddress": "0x1Bf89d442D9f30858dCCD6ffA6500E0Bfc78eb43",
  "tokenBalances": [
    {
      "tokenId": "1",
      "balance": "1"
    }
  ]
}
2026-05-04 13:10:38:1038 info: [PILOTS-OWNERS-TRACKER]: Успешно получено 2 владельцев PilotNFT.
2026-05-04 13:10:38:1038 info: [PILOTS-OWNERS-TRACKER]: Список владельцев в Redis обновлен. Владельцев: 2.
2026-05-04 13:11:38:1138 info: [PILOTS-OWNERS-TRACKER] 🔍 STRUCTURE DEBUG (First Item):
2026-05-04 13:11:38:1138 info: {
  "ownerAddress": "0x1Bf89d442D9f30858dCCD6ffA6500E0Bfc78eb43",
  "tokenBalances": [
    {
      "tokenId": "1",
      "balance": "1"
    }
  ]
}
2026-05-04 13:11:38:1138 info: [PILOTS-OWNERS-TRACKER]: Успешно получено 2 владельцев PilotNFT.
2026-05-04 13:11:38:1138 info: [PILOTS-OWNERS-TRACKER]: Список владельцев в Redis обновлен. Владельцев: 2.
2026-05-04 13:12:38:1238 info: [PILOTS-OWNERS-TRACKER] 🔍 STRUCTURE DEBUG (First Item):
2026-05-04 13:12:38:1238 info: {
  "ownerAddress": "0x1Bf89d442D9f30858dCCD6ffA6500E0Bfc78eb43",
  "tokenBalances": [
    {
      "tokenId": "1",
      "balance": "1"
    }
  ]
}
2026-05-04 13:12:38:1238 info: [PILOTS-OWNERS-TRACKER]: Успешно получено 2 владельцев PilotNFT.
2026-05-04 13:12:38:1238 info: [PILOTS-OWNERS-TRACKER]: Список владельцев в Redis обновлен. Владельцев: 2.
2026-05-04 13:13:38:1338 info: [PILOTS-OWNERS-TRACKER] 🔍 STRUCTURE DEBUG (First Item):
2026-05-04 13:13:38:1338 info: {
  "ownerAddress": "0x1Bf89d442D9f30858dCCD6ffA6500E0Bfc78eb43",
  "tokenBalances": [
    {
      "tokenId": "1",
      "balance": "1"
    }
  ]
}
2026-05-04 13:13:38:1338 info: [PILOTS-OWNERS-TRACKER]: Успешно получено 2 владельцев PilotNFT.
2026-05-04 13:13:38:1338 info: [PILOTS-OWNERS-TRACKER]: Список владельцев в Redis обновлен. Владельцев: 2.
2026-05-04 13:14:38:1438 info: [PILOTS-OWNERS-TRACKER] 🔍 STRUCTURE DEBUG (First Item):
2026-05-04 13:14:38:1438 info: {
  "ownerAddress": "0x1Bf89d442D9f30858dCCD6ffA6500E0Bfc78eb43",
  "tokenBalances": [
    {
      "tokenId": "1",
      "balance": "1"
    }
  ]
}
2026-05-04 13:14:38:1438 info: [PILOTS-OWNERS-TRACKER]: Успешно получено 2 владельцев PilotNFT.
2026-05-04 13:14:38:1438 info: [PILOTS-OWNERS-TRACKER]: Список владельцев в Redis обновлен. Владельцев: 2.
2026-05-04 13:15:38:1538 info: [PILOTS-OWNERS-TRACKER] 🔍 STRUCTURE DEBUG (First Item):
2026-05-04 13:15:38:1538 info: {
  "ownerAddress": "0x1Bf89d442D9f30858dCCD6ffA6500E0Bfc78eb43",
  "tokenBalances": [
    {
      "tokenId": "1",
      "balance": "1"
    }
  ]
}
2026-05-04 13:15:38:1538 info: [PILOTS-OWNERS-TRACKER]: Успешно получено 2 владельцев PilotNFT.
2026-05-04 13:15:38:1538 info: [PILOTS-OWNERS-TRACKER]: Список владельцев в Redis обновлен. Владельцев: 2.
2026-05-04 13:16:38:1638 info: [PILOTS-OWNERS-TRACKER] 🔍 STRUCTURE DEBUG (First Item):
2026-05-04 13:16:38:1638 info: {
  "ownerAddress": "0x1Bf89d442D9f30858dCCD6ffA6500E0Bfc78eb43",
  "tokenBalances": [
    {
      "tokenId": "1",
      "balance": "1"
    }
  ]
}
2026-05-04 13:16:38:1638 info: [PILOTS-OWNERS-TRACKER]: Успешно получено 2 владельцев PilotNFT.
2026-05-04 13:16:38:1638 info: [PILOTS-OWNERS-TRACKER]: Список владельцев в Redis обновлен. Владельцев: 2.
2026-05-04 13:17:38:1738 info: [PILOTS-OWNERS-TRACKER] 🔍 STRUCTURE DEBUG (First Item):
2026-05-04 13:17:38:1738 info: {
  "ownerAddress": "0x1Bf89d442D9f30858dCCD6ffA6500E0Bfc78eb43",
  "tokenBalances": [
    {
      "tokenId": "1",
      "balance": "1"
    }
  ]
}
2026-05-04 13:17:38:1738 info: [PILOTS-OWNERS-TRACKER]: Успешно получено 2 владельцев PilotNFT.
2026-05-04 13:17:38:1738 info: [PILOTS-OWNERS-TRACKER]: Список владельцев в Redis обновлен. Владельцев: 2.
2026-05-04 13:18:38:1838 info: [PILOTS-OWNERS-TRACKER] 🔍 STRUCTURE DEBUG (First Item):
2026-05-04 13:18:38:1838 info: {
  "ownerAddress": "0x1Bf89d442D9f30858dCCD6ffA6500E0Bfc78eb43",
  "tokenBalances": [
    {
      "tokenId": "1",
      "balance": "1"
    }
  ]
}
2026-05-04 13:18:38:1838 info: [PILOTS-OWNERS-TRACKER]: Успешно получено 2 владельцев PilotNFT.
2026-05-04 13:18:38:1838 info: [PILOTS-OWNERS-TRACKER]: Список владельцев в Redis обновлен. Владельцев: 2.
2026-05-04 13:19:38:1938 info: [PILOTS-OWNERS-TRACKER] 🔍 STRUCTURE DEBUG (First Item):
2026-05-04 13:19:38:1938 info: {
  "ownerAddress": "0x1Bf89d442D9f30858dCCD6ffA6500E0Bfc78eb43",
  "tokenBalances": [
    {
      "tokenId": "1",
      "balance": "1"
    }
  ]
}
2026-05-04 13:19:38:1938 info: [PILOTS-OWNERS-TRACKER]: Успешно получено 2 владельцев PilotNFT.
2026-05-04 13:19:38:1938 info: [PILOTS-OWNERS-TRACKER]: Список владельцев в Redis обновлен. Владельцев: 2.
2026-05-04 13:20:38:2038 info: [PILOTS-OWNERS-TRACKER] 🔍 STRUCTURE DEBUG (First Item):
2026-05-04 13:20:38:2038 info: {
  "ownerAddress": "0x1Bf89d442D9f30858dCCD6ffA6500E0Bfc78eb43",
  "tokenBalances": [
    {
      "tokenId": "1",
      "balance": "1"
    }
  ]
}
2026-05-04 13:20:38:2038 info: [PILOTS-OWNERS-TRACKER]: Успешно получено 2 владельцев PilotNFT.
2026-05-04 13:20:38:2038 info: [PILOTS-OWNERS-TRACKER]: Список владельцев в Redis обновлен. Владельцев: 2.
2026-05-04 13:21:38:2138 info: [PILOTS-OWNERS-TRACKER] 🔍 STRUCTURE DEBUG (First Item):
2026-05-04 13:21:38:2138 info: {
  "ownerAddress": "0x1Bf89d442D9f30858dCCD6ffA6500E0Bfc78eb43",
  "tokenBalances": [
    {
      "tokenId": "1",
      "balance": "1"
    }
  ]
}
2026-05-04 13:21:38:2138 info: [PILOTS-OWNERS-TRACKER]: Успешно получено 2 владельцев PilotNFT.
2026-05-04 13:21:38:2138 info: [PILOTS-OWNERS-TRACKER]: Список владельцев в Redis обновлен. Владельцев: 2.
2026-05-04 13:22:38:2238 info: [PILOTS-OWNERS-TRACKER] 🔍 STRUCTURE DEBUG (First Item):
2026-05-04 13:22:38:2238 info: {
  "ownerAddress": "0x1Bf89d442D9f30858dCCD6ffA6500E0Bfc78eb43",
  "tokenBalances": [
    {
      "tokenId": "1",
      "balance": "1"
    }
  ]
}
2026-05-04 13:22:38:2238 info: [PILOTS-OWNERS-TRACKER]: Успешно получено 2 владельцев PilotNFT.
2026-05-04 13:22:38:2238 info: [PILOTS-OWNERS-TRACKER]: Список владельцев в Redis обновлен. Владельцев: 2.
2026-05-04 13:23:38:2338 info: [PILOTS-OWNERS-TRACKER] 🔍 STRUCTURE DEBUG (First Item):
2026-05-04 13:23:38:2338 info: {
  "ownerAddress": "0x1Bf89d442D9f30858dCCD6ffA6500E0Bfc78eb43",
  "tokenBalances": [
    {
      "tokenId": "1",
      "balance": "1"
    }
  ]
}
2026-05-04 13:23:38:2338 info: [PILOTS-OWNERS-TRACKER]: Успешно получено 2 владельцев PilotNFT.
2026-05-04 13:23:38:2338 info: [PILOTS-OWNERS-TRACKER]: Список владельцев в Redis обновлен. Владельцев: 2.
2026-05-04 13:24:38:2438 info: [PILOTS-OWNERS-TRACKER] 🔍 STRUCTURE DEBUG (First Item):
2026-05-04 13:24:38:2438 info: {
  "ownerAddress": "0x1Bf89d442D9f30858dCCD6ffA6500E0Bfc78eb43",
  "tokenBalances": [
    {
      "tokenId": "1",
      "balance": "1"
    }
  ]
}
2026-05-04 13:24:38:2438 info: [PILOTS-OWNERS-TRACKER]: Успешно получено 2 владельцев PilotNFT.
2026-05-04 13:24:38:2438 info: [PILOTS-OWNERS-TRACKER]: Список владельцев в Redis обновлен. Владельцев: 2.
2026-05-04 13:25:38:2538 info: [PILOTS-OWNERS-TRACKER] 🔍 STRUCTURE DEBUG (First Item):
2026-05-04 13:25:38:2538 info: {
  "ownerAddress": "0x1Bf89d442D9f30858dCCD6ffA6500E0Bfc78eb43",
  "tokenBalances": [
    {
      "tokenId": "1",
      "balance": "1"
    }
  ]
}
2026-05-04 13:25:38:2538 info: [PILOTS-OWNERS-TRACKER]: Успешно получено 2 владельцев PilotNFT.
2026-05-04 13:25:38:2538 info: [PILOTS-OWNERS-TRACKER]: Список владельцев в Redis обновлен. Владельцев: 2.
2026-05-04 13:26:38:2638 info: [PILOTS-OWNERS-TRACKER] 🔍 STRUCTURE DEBUG (First Item):
2026-05-04 13:26:38:2638 info: {
  "ownerAddress": "0x1Bf89d442D9f30858dCCD6ffA6500E0Bfc78eb43",
  "tokenBalances": [
    {
      "tokenId": "1",
      "balance": "1"
    }
  ]
}
2026-05-04 13:26:38:2638 info: [PILOTS-OWNERS-TRACKER]: Успешно получено 2 владельцев PilotNFT.
2026-05-04 13:26:38:2638 info: [PILOTS-OWNERS-TRACKER]: Список владельцев в Redis обновлен. Владельцев: 2.
2026-05-04 13:27:38:2738 info: [PILOTS-OWNERS-TRACKER] 🔍 STRUCTURE DEBUG (First Item):
2026-05-04 13:27:38:2738 info: {
  "ownerAddress": "0x1Bf89d442D9f30858dCCD6ffA6500E0Bfc78eb43",
  "tokenBalances": [
    {
      "tokenId": "1",
      "balance": "1"
    }
  ]
}
2026-05-04 13:27:38:2738 info: [PILOTS-OWNERS-TRACKER]: Успешно получено 2 владельцев PilotNFT.
2026-05-04 13:27:38:2738 info: [PILOTS-OWNERS-TRACKER]: Список владельцев в Redis обновлен. Владельцев: 2.
2026-05-04 13:28:38:2838 info: [PILOTS-OWNERS-TRACKER] 🔍 STRUCTURE DEBUG (First Item):
2026-05-04 13:28:38:2838 info: {
  "ownerAddress": "0x1Bf89d442D9f30858dCCD6ffA6500E0Bfc78eb43",
  "tokenBalances": [
    {
      "tokenId": "1",
      "balance": "1"
    }
  ]
}
2026-05-04 13:28:38:2838 info: [PILOTS-OWNERS-TRACKER]: Успешно получено 2 владельцев PilotNFT.
2026-05-04 13:28:38:2838 info: [PILOTS-OWNERS-TRACKER]: Список владельцев в Redis обновлен. Владельцев: 2.
2026-05-04 13:29:38:2938 info: [PILOTS-OWNERS-TRACKER] 🔍 STRUCTURE DEBUG (First Item):
2026-05-04 13:29:38:2938 info: {
  "ownerAddress": "0x1Bf89d442D9f30858dCCD6ffA6500E0Bfc78eb43",
  "tokenBalances": [
    {
      "tokenId": "1",
      "balance": "1"
    }
  ]
}
2026-05-04 13:29:38:2938 info: [PILOTS-OWNERS-TRACKER]: Успешно получено 2 владельцев PilotNFT.
2026-05-04 13:29:38:2938 info: [PILOTS-OWNERS-TRACKER]: Список владельцев в Redis обновлен. Владельцев: 2.
2026-05-04 13:30:38:3038 info: [PILOTS-OWNERS-TRACKER] 🔍 STRUCTURE DEBUG (First Item):
2026-05-04 13:30:38:3038 info: {
  "ownerAddress": "0x1Bf89d442D9f30858dCCD6ffA6500E0Bfc78eb43",
  "tokenBalances": [
    {
      "tokenId": "1",
      "balance": "1"
    }
  ]
}
2026-05-04 13:30:38:3038 info: [PILOTS-OWNERS-TRACKER]: Успешно получено 2 владельцев PilotNFT.
2026-05-04 13:30:38:3038 info: [PILOTS-OWNERS-TRACKER]: Список владельцев в Redis обновлен. Владельцев: 2.
2026-05-04 13:31:38:3138 info: [PILOTS-OWNERS-TRACKER] 🔍 STRUCTURE DEBUG (First Item):
2026-05-04 13:31:38:3138 info: {
  "ownerAddress": "0x1Bf89d442D9f30858dCCD6ffA6500E0Bfc78eb43",
  "tokenBalances": [
    {
      "tokenId": "1",
      "balance": "1"
    }
  ]
}
2026-05-04 13:31:38:3138 info: [PILOTS-OWNERS-TRACKER]: Успешно получено 2 владельцев PilotNFT.
2026-05-04 13:31:38:3138 info: [PILOTS-OWNERS-TRACKER]: Список владельцев в Redis обновлен. Владельцев: 2.
2026-05-04 13:32:38:3238 info: [PILOTS-OWNERS-TRACKER] 🔍 STRUCTURE DEBUG (First Item):
2026-05-04 13:32:38:3238 info: {
  "ownerAddress": "0x1Bf89d442D9f30858dCCD6ffA6500E0Bfc78eb43",
  "tokenBalances": [
    {
      "tokenId": "1",
      "balance": "1"
    }
  ]
}
2026-05-04 13:32:38:3238 info: [PILOTS-OWNERS-TRACKER]: Успешно получено 2 владельцев PilotNFT.
2026-05-04 13:32:38:3238 info: [PILOTS-OWNERS-TRACKER]: Список владельцев в Redis обновлен. Владельцев: 2.
2026-05-04 13:33:38:3338 info: [PILOTS-OWNERS-TRACKER] 🔍 STRUCTURE DEBUG (First Item):
2026-05-04 13:33:38:3338 info: {
  "ownerAddress": "0x1Bf89d442D9f30858dCCD6ffA6500E0Bfc78eb43",
  "tokenBalances": [
    {
      "tokenId": "1",
      "balance": "1"
    }
  ]
}
2026-05-04 13:33:38:3338 info: [PILOTS-OWNERS-TRACKER]: Успешно получено 2 владельцев PilotNFT.
2026-05-04 13:33:38:3338 info: [PILOTS-OWNERS-TRACKER]: Список владельцев в Redis обновлен. Владельцев: 2.
2026-05-04 13:34:38:3438 info: [PILOTS-OWNERS-TRACKER] 🔍 STRUCTURE DEBUG (First Item):
2026-05-04 13:34:38:3438 info: {
  "ownerAddress": "0x1Bf89d442D9f30858dCCD6ffA6500E0Bfc78eb43",
  "tokenBalances": [
    {
      "tokenId": "1",
      "balance": "1"
    }
  ]
}
2026-05-04 13:34:38:3438 info: [PILOTS-OWNERS-TRACKER]: Успешно получено 2 владельцев PilotNFT.
2026-05-04 13:34:38:3438 info: [PILOTS-OWNERS-TRACKER]: Список владельцев в Redis обновлен. Владельцев: 2.
2026-05-04 13:35:38:3538 info: [PILOTS-OWNERS-TRACKER] 🔍 STRUCTURE DEBUG (First Item):
2026-05-04 13:35:38:3538 info: {
  "ownerAddress": "0x1Bf89d442D9f30858dCCD6ffA6500E0Bfc78eb43",
  "tokenBalances": [
    {
      "tokenId": "1",
      "balance": "1"
    }
  ]
}
2026-05-04 13:35:38:3538 info: [PILOTS-OWNERS-TRACKER]: Успешно получено 2 владельцев PilotNFT.
2026-05-04 13:35:38:3538 info: [PILOTS-OWNERS-TRACKER]: Список владельцев в Redis обновлен. Владельцев: 2.
2026-05-04 13:36:38:3638 info: [PILOTS-OWNERS-TRACKER] 🔍 STRUCTURE DEBUG (First Item):
2026-05-04 13:36:38:3638 info: {
  "ownerAddress": "0x1Bf89d442D9f30858dCCD6ffA6500E0Bfc78eb43",
  "tokenBalances": [
    {
      "tokenId": "1",
      "balance": "1"
    }
  ]
}
2026-05-04 13:36:38:3638 info: [PILOTS-OWNERS-TRACKER]: Успешно получено 2 владельцев PilotNFT.
2026-05-04 13:36:38:3638 info: [PILOTS-OWNERS-TRACKER]: Список владельцев в Redis обновлен. Владельцев: 2.
2026-05-04 13:37:38:3738 info: [PILOTS-OWNERS-TRACKER] 🔍 STRUCTURE DEBUG (First Item):
2026-05-04 13:37:38:3738 info: {
  "ownerAddress": "0x1Bf89d442D9f30858dCCD6ffA6500E0Bfc78eb43",
  "tokenBalances": [
    {
      "tokenId": "1",
      "balance": "1"
    }
  ]
}
2026-05-04 13:37:38:3738 info: [PILOTS-OWNERS-TRACKER]: Успешно получено 2 владельцев PilotNFT.
2026-05-04 13:37:38:3738 info: [PILOTS-OWNERS-TRACKER]: Список владельцев в Redis обновлен. Владельцев: 2.
2026-05-04 13:38:38:3838 info: [PILOTS-OWNERS-TRACKER] 🔍 STRUCTURE DEBUG (First Item):
2026-05-04 13:38:38:3838 info: {
  "ownerAddress": "0x1Bf89d442D9f30858dCCD6ffA6500E0Bfc78eb43",
  "tokenBalances": [
    {
      "tokenId": "1",
      "balance": "1"
    }
  ]
}
2026-05-04 13:38:38:3838 info: [PILOTS-OWNERS-TRACKER]: Успешно получено 2 владельцев PilotNFT.
2026-05-04 13:38:38:3838 info: [PILOTS-OWNERS-TRACKER]: Список владельцев в Redis обновлен. Владельцев: 2.
2026-05-04 13:39:38:3938 info: [PILOTS-OWNERS-TRACKER] 🔍 STRUCTURE DEBUG (First Item):
2026-05-04 13:39:38:3938 info: {
  "ownerAddress": "0x1Bf89d442D9f30858dCCD6ffA6500E0Bfc78eb43",
  "tokenBalances": [
    {
      "tokenId": "1",
      "balance": "1"
    }
  ]
}
2026-05-04 13:39:38:3938 info: [PILOTS-OWNERS-TRACKER]: Успешно получено 2 владельцев PilotNFT.
2026-05-04 13:39:38:3938 info: [PILOTS-OWNERS-TRACKER]: Список владельцев в Redis обновлен. Владельцев: 2.
2026-05-04 13:40:38:4038 info: [PILOTS-OWNERS-TRACKER] 🔍 STRUCTURE DEBUG (First Item):
2026-05-04 13:40:38:4038 info: {
  "ownerAddress": "0x1Bf89d442D9f30858dCCD6ffA6500E0Bfc78eb43",
  "tokenBalances": [
    {
      "tokenId": "1",
      "balance": "1"
    }
  ]
}
2026-05-04 13:40:38:4038 info: [PILOTS-OWNERS-TRACKER]: Успешно получено 2 владельцев PilotNFT.
2026-05-04 13:40:38:4038 info: [PILOTS-OWNERS-TRACKER]: Список владельцев в Redis обновлен. Владельцев: 2.
2026-05-04 13:41:38:4138 info: [PILOTS-OWNERS-TRACKER] 🔍 STRUCTURE DEBUG (First Item):
2026-05-04 13:41:38:4138 info: {
  "ownerAddress": "0x1Bf89d442D9f30858dCCD6ffA6500E0Bfc78eb43",
  "tokenBalances": [
    {
      "tokenId": "1",
      "balance": "1"
    }
  ]
}
2026-05-04 13:41:38:4138 info: [PILOTS-OWNERS-TRACKER]: Успешно получено 2 владельцев PilotNFT.
2026-05-04 13:41:38:4138 info: [PILOTS-OWNERS-TRACKER]: Список владельцев в Redis обновлен. Владельцев: 2.
2026-05-04 13:42:38:4238 info: [PILOTS-OWNERS-TRACKER] 🔍 STRUCTURE DEBUG (First Item):
2026-05-04 13:42:38:4238 info: {
  "ownerAddress": "0x1Bf89d442D9f30858dCCD6ffA6500E0Bfc78eb43",
  "tokenBalances": [
    {
      "tokenId": "1",
      "balance": "1"
    }
  ]
}
2026-05-04 13:42:38:4238 info: [PILOTS-OWNERS-TRACKER]: Успешно получено 2 владельцев PilotNFT.
2026-05-04 13:42:38:4238 info: [PILOTS-OWNERS-TRACKER]: Список владельцев в Redis обновлен. Владельцев: 2.
2026-05-04 13:43:38:4338 info: [PILOTS-OWNERS-TRACKER] 🔍 STRUCTURE DEBUG (First Item):
2026-05-04 13:43:38:4338 info: {
  "ownerAddress": "0x1Bf89d442D9f30858dCCD6ffA6500E0Bfc78eb43",
  "tokenBalances": [
    {
      "tokenId": "1",
      "balance": "1"
    }
  ]
}
2026-05-04 13:43:38:4338 info: [PILOTS-OWNERS-TRACKER]: Успешно получено 2 владельцев PilotNFT.
2026-05-04 13:43:38:4338 info: [PILOTS-OWNERS-TRACKER]: Список владельцев в Redis обновлен. Владельцев: 2.
2026-05-04 13:44:38:4438 info: [PILOTS-OWNERS-TRACKER] 🔍 STRUCTURE DEBUG (First Item):
2026-05-04 13:44:38:4438 info: {
  "ownerAddress": "0x1Bf89d442D9f30858dCCD6ffA6500E0Bfc78eb43",
  "tokenBalances": [
    {
      "tokenId": "1",
      "balance": "1"
    }
  ]
}
2026-05-04 13:44:38:4438 info: [PILOTS-OWNERS-TRACKER]: Успешно получено 2 владельцев PilotNFT.
2026-05-04 13:44:38:4438 info: [PILOTS-OWNERS-TRACKER]: Список владельцев в Redis обновлен. Владельцев: 2.
2026-05-04 13:45:39:4539 info: [PILOTS-OWNERS-TRACKER] 🔍 STRUCTURE DEBUG (First Item):
2026-05-04 13:45:39:4539 info: {
  "ownerAddress": "0x1Bf89d442D9f30858dCCD6ffA6500E0Bfc78eb43",
  "tokenBalances": [
    {
      "tokenId": "1",
      "balance": "1"
    }
  ]
}
2026-05-04 13:45:39:4539 info: [PILOTS-OWNERS-TRACKER]: Успешно получено 2 владельцев PilotNFT.
2026-05-04 13:45:39:4539 info: [PILOTS-OWNERS-TRACKER]: Список владельцев в Redis обновлен. Владельцев: 2.
2026-05-04 13:46:38:4638 info: [PILOTS-OWNERS-TRACKER] 🔍 STRUCTURE DEBUG (First Item):
2026-05-04 13:46:38:4638 info: {
  "ownerAddress": "0x1Bf89d442D9f30858dCCD6ffA6500E0Bfc78eb43",
  "tokenBalances": [
    {
      "tokenId": "1",
      "balance": "1"
    }
  ]
}
2026-05-04 13:46:38:4638 info: [PILOTS-OWNERS-TRACKER]: Успешно получено 2 владельцев PilotNFT.
2026-05-04 13:46:38:4638 info: [PILOTS-OWNERS-TRACKER]: Список владельцев в Redis обновлен. Владельцев: 2.
2026-05-04 13:47:38:4738 info: [PILOTS-OWNERS-TRACKER] 🔍 STRUCTURE DEBUG (First Item):
2026-05-04 13:47:38:4738 info: {
  "ownerAddress": "0x1Bf89d442D9f30858dCCD6ffA6500E0Bfc78eb43",
  "tokenBalances": [
    {
      "tokenId": "1",
      "balance": "1"
    }
  ]
}
2026-05-04 13:47:38:4738 info: [PILOTS-OWNERS-TRACKER]: Успешно получено 2 владельцев PilotNFT.
2026-05-04 13:47:38:4738 info: [PILOTS-OWNERS-TRACKER]: Список владельцев в Redis обновлен. Владельцев: 2.
2026-05-04 13:48:38:4838 info: [PILOTS-OWNERS-TRACKER] 🔍 STRUCTURE DEBUG (First Item):
2026-05-04 13:48:38:4838 info: {
  "ownerAddress": "0x1Bf89d442D9f30858dCCD6ffA6500E0Bfc78eb43",
  "tokenBalances": [
    {
      "tokenId": "1",
      "balance": "1"
    }
  ]
}
2026-05-04 13:48:38:4838 info: [PILOTS-OWNERS-TRACKER]: Успешно получено 2 владельцев PilotNFT.
2026-05-04 13:48:38:4838 info: [PILOTS-OWNERS-TRACKER]: Список владельцев в Redis обновлен. Владельцев: 2.
2026-05-04 13:49:38:4938 info: [PILOTS-OWNERS-TRACKER] 🔍 STRUCTURE DEBUG (First Item):
2026-05-04 13:49:38:4938 info: {
  "ownerAddress": "0x1Bf89d442D9f30858dCCD6ffA6500E0Bfc78eb43",
  "tokenBalances": [
    {
      "tokenId": "1",
      "balance": "1"
    }
  ]
}
2026-05-04 13:49:38:4938 info: [PILOTS-OWNERS-TRACKER]: Успешно получено 2 владельцев PilotNFT.
2026-05-04 13:49:38:4938 info: [PILOTS-OWNERS-TRACKER]: Список владельцев в Redis обновлен. Владельцев: 2.
2026-05-04 13:50:38:5038 info: [PILOTS-OWNERS-TRACKER] 🔍 STRUCTURE DEBUG (First Item):
2026-05-04 13:50:38:5038 info: {
  "ownerAddress": "0x1Bf89d442D9f30858dCCD6ffA6500E0Bfc78eb43",
  "tokenBalances": [
    {
      "tokenId": "1",
      "balance": "1"
    }
  ]
}
2026-05-04 13:50:38:5038 info: [PILOTS-OWNERS-TRACKER]: Успешно получено 2 владельцев PilotNFT.
2026-05-04 13:50:38:5038 info: [PILOTS-OWNERS-TRACKER]: Список владельцев в Redis обновлен. Владельцев: 2.
2026-05-04 13:51:38:5138 info: [PILOTS-OWNERS-TRACKER] 🔍 STRUCTURE DEBUG (First Item):
2026-05-04 13:51:38:5138 info: {
  "ownerAddress": "0x1Bf89d442D9f30858dCCD6ffA6500E0Bfc78eb43",
  "tokenBalances": [
    {
      "tokenId": "1",
      "balance": "1"
    }
  ]
}
2026-05-04 13:51:38:5138 info: [PILOTS-OWNERS-TRACKER]: Успешно получено 2 владельцев PilotNFT.
2026-05-04 13:51:38:5138 info: [PILOTS-OWNERS-TRACKER]: Список владельцев в Redis обновлен. Владельцев: 2.
2026-05-04 13:52:39:5239 info: [PILOTS-OWNERS-TRACKER] 🔍 STRUCTURE DEBUG (First Item):
2026-05-04 13:52:39:5239 info: {
  "ownerAddress": "0x1Bf89d442D9f30858dCCD6ffA6500E0Bfc78eb43",
  "tokenBalances": [
    {
      "tokenId": "1",
      "balance": "1"
    }
  ]
}
2026-05-04 13:52:39:5239 info: [PILOTS-OWNERS-TRACKER]: Успешно получено 2 владельцев PilotNFT.
2026-05-04 13:52:39:5239 info: [PILOTS-OWNERS-TRACKER]: Список владельцев в Redis обновлен. Владельцев: 2.
2026-05-04 13:53:39:5339 info: [PILOTS-OWNERS-TRACKER] 🔍 STRUCTURE DEBUG (First Item):
2026-05-04 13:53:39:5339 info: {
  "ownerAddress": "0x1Bf89d442D9f30858dCCD6ffA6500E0Bfc78eb43",
  "tokenBalances": [
    {
      "tokenId": "1",
      "balance": "1"
    }
  ]
}
2026-05-04 13:53:39:5339 info: [PILOTS-OWNERS-TRACKER]: Успешно получено 2 владельцев PilotNFT.
2026-05-04 13:53:39:5339 info: [PILOTS-OWNERS-TRACKER]: Список владельцев в Redis обновлен. Владельцев: 2.
2026-05-04 13:54:38:5438 info: [PILOTS-OWNERS-TRACKER] 🔍 STRUCTURE DEBUG (First Item):
2026-05-04 13:54:38:5438 info: {
  "ownerAddress": "0x1Bf89d442D9f30858dCCD6ffA6500E0Bfc78eb43",
  "tokenBalances": [
    {
      "tokenId": "1",
      "balance": "1"
    }
  ]
}
2026-05-04 13:54:38:5438 info: [PILOTS-OWNERS-TRACKER]: Успешно получено 2 владельцев PilotNFT.
2026-05-04 13:54:38:5438 info: [PILOTS-OWNERS-TRACKER]: Список владельцев в Redis обновлен. Владельцев: 2.
2026-05-04 13:55:39:5539 info: [PILOTS-OWNERS-TRACKER] 🔍 STRUCTURE DEBUG (First Item):
2026-05-04 13:55:39:5539 info: {
  "ownerAddress": "0x1Bf89d442D9f30858dCCD6ffA6500E0Bfc78eb43",
  "tokenBalances": [
    {
      "tokenId": "1",
      "balance": "1"
    }
  ]
}
2026-05-04 13:55:39:5539 info: [PILOTS-OWNERS-TRACKER]: Успешно получено 2 владельцев PilotNFT.
2026-05-04 13:55:39:5539 info: [PILOTS-OWNERS-TRACKER]: Список владельцев в Redis обновлен. Владельцев: 2.
2026-05-04 13:56:39:5639 info: [PILOTS-OWNERS-TRACKER] 🔍 STRUCTURE DEBUG (First Item):
2026-05-04 13:56:39:5639 info: {
  "ownerAddress": "0x1Bf89d442D9f30858dCCD6ffA6500E0Bfc78eb43",
  "tokenBalances": [
    {
      "tokenId": "1",
      "balance": "1"
    }
  ]
}
2026-05-04 13:56:39:5639 info: [PILOTS-OWNERS-TRACKER]: Успешно получено 2 владельцев PilotNFT.
2026-05-04 13:56:39:5639 info: [PILOTS-OWNERS-TRACKER]: Список владельцев в Redis обновлен. Владельцев: 2.
2026-05-04 13:57:38:5738 info: [PILOTS-OWNERS-TRACKER] 🔍 STRUCTURE DEBUG (First Item):
2026-05-04 13:57:38:5738 info: {
  "ownerAddress": "0x1Bf89d442D9f30858dCCD6ffA6500E0Bfc78eb43",
  "tokenBalances": [
    {
      "tokenId": "1",
      "balance": "1"
    }
  ]
}
2026-05-04 13:57:38:5738 info: [PILOTS-OWNERS-TRACKER]: Успешно получено 2 владельцев PilotNFT.
2026-05-04 13:57:38:5738 info: [PILOTS-OWNERS-TRACKER]: Список владельцев в Redis обновлен. Владельцев: 2.
2026-05-04 13:58:39:5839 info: [PILOTS-OWNERS-TRACKER] 🔍 STRUCTURE DEBUG (First Item):
2026-05-04 13:58:39:5839 info: {
  "ownerAddress": "0x1Bf89d442D9f30858dCCD6ffA6500E0Bfc78eb43",
  "tokenBalances": [
    {
      "tokenId": "1",
      "balance": "1"
    }
  ]
}
2026-05-04 13:58:39:5839 info: [PILOTS-OWNERS-TRACKER]: Успешно получено 2 владельцев PilotNFT.
2026-05-04 13:58:39:5839 info: [PILOTS-OWNERS-TRACKER]: Список владельцев в Redis обновлен. Владельцев: 2.
2026-05-04 13:59:39:5939 info: [PILOTS-OWNERS-TRACKER] 🔍 STRUCTURE DEBUG (First Item):
2026-05-04 13:59:39:5939 info: {
  "ownerAddress": "0x1Bf89d442D9f30858dCCD6ffA6500E0Bfc78eb43",
  "tokenBalances": [
    {
      "tokenId": "1",
      "balance": "1"
    }
  ]
}
2026-05-04 13:59:39:5939 info: [PILOTS-OWNERS-TRACKER]: Успешно получено 2 владельцев PilotNFT.
2026-05-04 13:59:39:5939 info: [PILOTS-OWNERS-TRACKER]: Список владельцев в Redis обновлен. Владельцев: 2.
2026-05-04 14:00:39:039 info: [PILOTS-OWNERS-TRACKER] 🔍 STRUCTURE DEBUG (First Item):
2026-05-04 14:00:39:039 info: {
  "ownerAddress": "0x1Bf89d442D9f30858dCCD6ffA6500E0Bfc78eb43",
  "tokenBalances": [
    {
      "tokenId": "1",
      "balance": "1"
    }
  ]
}
2026-05-04 14:00:39:039 info: [PILOTS-OWNERS-TRACKER]: Успешно получено 2 владельцев PilotNFT.
2026-05-04 14:00:39:039 info: [PILOTS-OWNERS-TRACKER]: Список владельцев в Redis обновлен. Владельцев: 2.
2026-05-04 14:01:39:139 info: [PILOTS-OWNERS-TRACKER] 🔍 STRUCTURE DEBUG (First Item):
2026-05-04 14:01:39:139 info: {
  "ownerAddress": "0x1Bf89d442D9f30858dCCD6ffA6500E0Bfc78eb43",
  "tokenBalances": [
    {
      "tokenId": "1",
      "balance": "1"
    }
  ]
}
2026-05-04 14:01:39:139 info: [PILOTS-OWNERS-TRACKER]: Успешно получено 2 владельцев PilotNFT.
2026-05-04 14:01:39:139 info: [PILOTS-OWNERS-TRACKER]: Список владельцев в Redis обновлен. Владельцев: 2.
2026-05-04 14:02:39:239 info: [PILOTS-OWNERS-TRACKER] 🔍 STRUCTURE DEBUG (First Item):
2026-05-04 14:02:39:239 info: {
  "ownerAddress": "0x1Bf89d442D9f30858dCCD6ffA6500E0Bfc78eb43",
  "tokenBalances": [
    {
      "tokenId": "1",
      "balance": "1"
    }
  ]
}
2026-05-04 14:02:39:239 info: [PILOTS-OWNERS-TRACKER]: Успешно получено 2 владельцев PilotNFT.
2026-05-04 14:02:39:239 info: [PILOTS-OWNERS-TRACKER]: Список владельцев в Redis обновлен. Владельцев: 2.
2026-05-04 14:03:39:339 info: [PILOTS-OWNERS-TRACKER] 🔍 STRUCTURE DEBUG (First Item):
2026-05-04 14:03:39:339 info: {
  "ownerAddress": "0x1Bf89d442D9f30858dCCD6ffA6500E0Bfc78eb43",
  "tokenBalances": [
    {
      "tokenId": "1",
      "balance": "1"
    }
  ]
}
2026-05-04 14:03:39:339 info: [PILOTS-OWNERS-TRACKER]: Успешно получено 2 владельцев PilotNFT.
2026-05-04 14:03:39:339 info: [PILOTS-OWNERS-TRACKER]: Список владельцев в Redis обновлен. Владельцев: 2.
2026-05-04 14:04:39:439 info: [PILOTS-OWNERS-TRACKER] 🔍 STRUCTURE DEBUG (First Item):
2026-05-04 14:04:39:439 info: {
  "ownerAddress": "0x1Bf89d442D9f30858dCCD6ffA6500E0Bfc78eb43",
  "tokenBalances": [
    {
      "tokenId": "1",
      "balance": "1"
    }
  ]
}
2026-05-04 14:04:39:439 info: [PILOTS-OWNERS-TRACKER]: Успешно получено 2 владельцев PilotNFT.
2026-05-04 14:04:39:439 info: [PILOTS-OWNERS-TRACKER]: Список владельцев в Redis обновлен. Владельцев: 2.
2026-05-04 14:05:39:539 info: [PILOTS-OWNERS-TRACKER] 🔍 STRUCTURE DEBUG (First Item):
2026-05-04 14:05:39:539 info: {
  "ownerAddress": "0x1Bf89d442D9f30858dCCD6ffA6500E0Bfc78eb43",
  "tokenBalances": [
    {
      "tokenId": "1",
      "balance": "1"
    }
  ]
}
2026-05-04 14:05:39:539 info: [PILOTS-OWNERS-TRACKER]: Успешно получено 2 владельцев PilotNFT.
2026-05-04 14:05:39:539 info: [PILOTS-OWNERS-TRACKER]: Список владельцев в Redis обновлен. Владельцев: 2.
2026-05-04 14:06:39:639 info: [PILOTS-OWNERS-TRACKER] 🔍 STRUCTURE DEBUG (First Item):
2026-05-04 14:06:39:639 info: {
  "ownerAddress": "0x1Bf89d442D9f30858dCCD6ffA6500E0Bfc78eb43",
  "tokenBalances": [
    {
      "tokenId": "1",
      "balance": "1"
    }
  ]
}
2026-05-04 14:06:39:639 info: [PILOTS-OWNERS-TRACKER]: Успешно получено 2 владельцев PilotNFT.
2026-05-04 14:06:39:639 info: [PILOTS-OWNERS-TRACKER]: Список владельцев в Redis обновлен. Владельцев: 2.
2026-05-04 14:07:40:740 info: [PILOTS-OWNERS-TRACKER] 🔍 STRUCTURE DEBUG (First Item):
2026-05-04 14:07:40:740 info: {
  "ownerAddress": "0x1Bf89d442D9f30858dCCD6ffA6500E0Bfc78eb43",
  "tokenBalances": [
    {
      "tokenId": "1",
      "balance": "1"
    }
  ]
}
2026-05-04 14:07:40:740 info: [PILOTS-OWNERS-TRACKER]: Успешно получено 2 владельцев PilotNFT.
2026-05-04 14:07:40:740 info: [PILOTS-OWNERS-TRACKER]: Список владельцев в Redis обновлен. Владельцев: 2.
2026-05-04 14:08:39:839 info: [PILOTS-OWNERS-TRACKER] 🔍 STRUCTURE DEBUG (First Item):
2026-05-04 14:08:39:839 info: {
  "ownerAddress": "0x1Bf89d442D9f30858dCCD6ffA6500E0Bfc78eb43",
  "tokenBalances": [
    {
      "tokenId": "1",
      "balance": "1"
    }
  ]
}
2026-05-04 14:08:39:839 info: [PILOTS-OWNERS-TRACKER]: Успешно получено 2 владельцев PilotNFT.
2026-05-04 14:08:39:839 info: [PILOTS-OWNERS-TRACKER]: Список владельцев в Redis обновлен. Владельцев: 2.
2026-05-04 14:09:39:939 info: [PILOTS-OWNERS-TRACKER] 🔍 STRUCTURE DEBUG (First Item):
2026-05-04 14:09:39:939 info: {
  "ownerAddress": "0x1Bf89d442D9f30858dCCD6ffA6500E0Bfc78eb43",
  "tokenBalances": [
    {
      "tokenId": "1",
      "balance": "1"
    }
  ]
}
2026-05-04 14:09:39:939 info: [PILOTS-OWNERS-TRACKER]: Успешно получено 2 владельцев PilotNFT.
2026-05-04 14:09:39:939 info: [PILOTS-OWNERS-TRACKER]: Список владельцев в Redis обновлен. Владельцев: 2.
2026-05-04 14:10:39:1039 info: [PILOTS-OWNERS-TRACKER] 🔍 STRUCTURE DEBUG (First Item):
2026-05-04 14:10:39:1039 info: {
  "ownerAddress": "0x1Bf89d442D9f30858dCCD6ffA6500E0Bfc78eb43",
  "tokenBalances": [
    {
      "tokenId": "1",
      "balance": "1"
    }
  ]
}
2026-05-04 14:10:39:1039 info: [PILOTS-OWNERS-TRACKER]: Успешно получено 2 владельцев PilotNFT.
2026-05-04 14:10:39:1039 info: [PILOTS-OWNERS-TRACKER]: Список владельцев в Redis обновлен. Владельцев: 2.
2026-05-04 14:11:39:1139 info: [PILOTS-OWNERS-TRACKER] 🔍 STRUCTURE DEBUG (First Item):
2026-05-04 14:11:39:1139 info: {
  "ownerAddress": "0x1Bf89d442D9f30858dCCD6ffA6500E0Bfc78eb43",
  "tokenBalances": [
    {
      "tokenId": "1",
      "balance": "1"
    }
  ]
}
2026-05-04 14:11:39:1139 info: [PILOTS-OWNERS-TRACKER]: Успешно получено 2 владельцев PilotNFT.
2026-05-04 14:11:39:1139 info: [PILOTS-OWNERS-TRACKER]: Список владельцев в Redis обновлен. Владельцев: 2.
2026-05-04 14:12:39:1239 info: [PILOTS-OWNERS-TRACKER] 🔍 STRUCTURE DEBUG (First Item):
2026-05-04 14:12:39:1239 info: {
  "ownerAddress": "0x1Bf89d442D9f30858dCCD6ffA6500E0Bfc78eb43",
  "tokenBalances": [
    {
      "tokenId": "1",
      "balance": "1"
    }
  ]
}
2026-05-04 14:12:39:1239 info: [PILOTS-OWNERS-TRACKER]: Успешно получено 2 владельцев PilotNFT.
2026-05-04 14:12:39:1239 info: [PILOTS-OWNERS-TRACKER]: Список владельцев в Redis обновлен. Владельцев: 2.
2026-05-04 14:13:39:1339 info: [PILOTS-OWNERS-TRACKER] 🔍 STRUCTURE DEBUG (First Item):
2026-05-04 14:13:39:1339 info: {
  "ownerAddress": "0x1Bf89d442D9f30858dCCD6ffA6500E0Bfc78eb43",
  "tokenBalances": [
    {
      "tokenId": "1",
      "balance": "1"
    }
  ]
}
2026-05-04 14:13:39:1339 info: [PILOTS-OWNERS-TRACKER]: Успешно получено 2 владельцев PilotNFT.
2026-05-04 14:13:39:1339 info: [PILOTS-OWNERS-TRACKER]: Список владельцев в Redis обновлен. Владельцев: 2.
2026-05-04 14:14:39:1439 info: [PILOTS-OWNERS-TRACKER] 🔍 STRUCTURE DEBUG (First Item):
2026-05-04 14:14:39:1439 info: {
  "ownerAddress": "0x1Bf89d442D9f30858dCCD6ffA6500E0Bfc78eb43",
  "tokenBalances": [
    {
      "tokenId": "1",
      "balance": "1"
    }
  ]
}
2026-05-04 14:14:39:1439 info: [PILOTS-OWNERS-TRACKER]: Успешно получено 2 владельцев PilotNFT.
2026-05-04 14:14:39:1439 info: [PILOTS-OWNERS-TRACKER]: Список владельцев в Redis обновлен. Владельцев: 2.
2026-05-04 14:15:39:1539 info: [PILOTS-OWNERS-TRACKER] 🔍 STRUCTURE DEBUG (First Item):
2026-05-04 14:15:39:1539 info: {
  "ownerAddress": "0x1Bf89d442D9f30858dCCD6ffA6500E0Bfc78eb43",
  "tokenBalances": [
    {
      "tokenId": "1",
      "balance": "1"
    }
  ]
}
2026-05-04 14:15:39:1539 info: [PILOTS-OWNERS-TRACKER]: Успешно получено 2 владельцев PilotNFT.
2026-05-04 14:15:39:1539 info: [PILOTS-OWNERS-TRACKER]: Список владельцев в Redis обновлен. Владельцев: 2.
2026-05-04 14:16:39:1639 info: [PILOTS-OWNERS-TRACKER] 🔍 STRUCTURE DEBUG (First Item):
2026-05-04 14:16:39:1639 info: {
  "ownerAddress": "0x1Bf89d442D9f30858dCCD6ffA6500E0Bfc78eb43",
  "tokenBalances": [
    {
      "tokenId": "1",
      "balance": "1"
    }
  ]
}
2026-05-04 14:16:39:1639 info: [PILOTS-OWNERS-TRACKER]: Успешно получено 2 владельцев PilotNFT.
2026-05-04 14:16:39:1639 info: [PILOTS-OWNERS-TRACKER]: Список владельцев в Redis обновлен. Владельцев: 2.
2026-05-04 14:17:39:1739 info: [PILOTS-OWNERS-TRACKER] 🔍 STRUCTURE DEBUG (First Item):
2026-05-04 14:17:39:1739 info: {
  "ownerAddress": "0x1Bf89d442D9f30858dCCD6ffA6500E0Bfc78eb43",
  "tokenBalances": [
    {
      "tokenId": "1",
      "balance": "1"
    }
  ]
}
2026-05-04 14:17:39:1739 info: [PILOTS-OWNERS-TRACKER]: Успешно получено 2 владельцев PilotNFT.
2026-05-04 14:17:39:1739 info: [PILOTS-OWNERS-TRACKER]: Список владельцев в Redis обновлен. Владельцев: 2.
2026-05-04 14:18:39:1839 info: [PILOTS-OWNERS-TRACKER] 🔍 STRUCTURE DEBUG (First Item):
2026-05-04 14:18:39:1839 info: {
  "ownerAddress": "0x1Bf89d442D9f30858dCCD6ffA6500E0Bfc78eb43",
  "tokenBalances": [
    {
      "tokenId": "1",
      "balance": "1"
    }
  ]
}
2026-05-04 14:18:39:1839 info: [PILOTS-OWNERS-TRACKER]: Успешно получено 2 владельцев PilotNFT.
2026-05-04 14:18:39:1839 info: [PILOTS-OWNERS-TRACKER]: Список владельцев в Redis обновлен. Владельцев: 2.
2026-05-04 14:19:14:1914 info: [TOKEN-FETCHER]: Found a total of 5 ships for wallet 0x2da351d8d5840415025c35a7c843a0dfa6e4b89b
2026-05-04 14:19:39:1939 info: [PILOTS-OWNERS-TRACKER] 🔍 STRUCTURE DEBUG (First Item):
2026-05-04 14:19:39:1939 info: {
  "ownerAddress": "0x1Bf89d442D9f30858dCCD6ffA6500E0Bfc78eb43",
  "tokenBalances": [
    {
      "tokenId": "1",
      "balance": "1"
    }
  ]
}
2026-05-04 14:19:39:1939 info: [PILOTS-OWNERS-TRACKER]: Успешно получено 2 владельцев PilotNFT.
2026-05-04 14:19:39:1939 info: [PILOTS-OWNERS-TRACKER]: Список владельцев в Redis обновлен. Владельцев: 2.
2026-05-04 14:20:16:2016 info: [TOKEN-FETCHER]: Found a total of 5 ships for wallet 0x2da351d8d5840415025c35a7c843a0dfa6e4b89b
2026-05-04 14:20:39:2039 info: [PILOTS-OWNERS-TRACKER] 🔍 STRUCTURE DEBUG (First Item):
2026-05-04 14:20:39:2039 info: {
  "ownerAddress": "0x1Bf89d442D9f30858dCCD6ffA6500E0Bfc78eb43",
  "tokenBalances": [
    {
      "tokenId": "1",
      "balance": "1"
    }
  ]
}
2026-05-04 14:20:39:2039 info: [PILOTS-OWNERS-TRACKER]: Успешно получено 2 владельцев PilotNFT.
2026-05-04 14:20:39:2039 info: [PILOTS-OWNERS-TRACKER]: Список владельцев в Redis обновлен. Владельцев: 2.
2026-05-04 14:21:39:2139 info: [PILOTS-OWNERS-TRACKER] 🔍 STRUCTURE DEBUG (First Item):
2026-05-04 14:21:39:2139 info: {
  "ownerAddress": "0x1Bf89d442D9f30858dCCD6ffA6500E0Bfc78eb43",
  "tokenBalances": [
    {
      "tokenId": "1",
      "balance": "1"
    }
  ]
}
2026-05-04 14:21:39:2139 info: [PILOTS-OWNERS-TRACKER]: Успешно получено 2 владельцев PilotNFT.
2026-05-04 14:21:39:2139 info: [PILOTS-OWNERS-TRACKER]: Список владельцев в Redis обновлен. Владельцев: 2.
2026-05-04 14:22:39:2239 info: [PILOTS-OWNERS-TRACKER] 🔍 STRUCTURE DEBUG (First Item):
2026-05-04 14:22:39:2239 info: {
  "ownerAddress": "0x1Bf89d442D9f30858dCCD6ffA6500E0Bfc78eb43",
  "tokenBalances": [
    {
      "tokenId": "1",
      "balance": "1"
    }
  ]
}
2026-05-04 14:22:39:2239 info: [PILOTS-OWNERS-TRACKER]: Успешно получено 2 владельцев PilotNFT.
2026-05-04 14:22:39:2239 info: [PILOTS-OWNERS-TRACKER]: Список владельцев в Redis обновлен. Владельцев: 2.
2026-05-04 14:23:39:2339 info: [PILOTS-OWNERS-TRACKER] 🔍 STRUCTURE DEBUG (First Item):
2026-05-04 14:23:39:2339 info: {
  "ownerAddress": "0x1Bf89d442D9f30858dCCD6ffA6500E0Bfc78eb43",
  "tokenBalances": [
    {
      "tokenId": "1",
      "balance": "1"
    }
  ]
}
2026-05-04 14:23:39:2339 info: [PILOTS-OWNERS-TRACKER]: Успешно получено 2 владельцев PilotNFT.
2026-05-04 14:23:39:2339 info: [PILOTS-OWNERS-TRACKER]: Список владельцев в Redis обновлен. Владельцев: 2.
2026-05-04 14:23:58:2358 info: [TOKEN-FETCHER]: Found a total of 5 ships for wallet 0x2da351d8d5840415025c35a7c843a0dfa6e4b89b
2026-05-04 14:24:36:2436 info: [Security DEBUG] Request to /internal/api/v1/verify-ship/2/0x2da351d8d5840415025c35a7c843a0dfa6e4b89b
2026-05-04 14:24:36:2436 info: [Security DEBUG] req.ip detected as: ::1
2026-05-04 14:24:36:2436 info: [Security DEBUG] Whitelist contains: ["127.0.0.1","::1","::ffff:127.0.0.1","100.106.100.125","::ffff:100.106.100.125","100.123.73.85","::ffff:100.123.73.85"]
2026-05-04 14:24:39:2439 info: [PILOTS-OWNERS-TRACKER] 🔍 STRUCTURE DEBUG (First Item):
2026-05-04 14:24:39:2439 info: {
  "ownerAddress": "0x1Bf89d442D9f30858dCCD6ffA6500E0Bfc78eb43",
  "tokenBalances": [
    {
      "tokenId": "1",
      "balance": "1"
    }
  ]
}
2026-05-04 14:24:39:2439 info: [PILOTS-OWNERS-TRACKER]: Успешно получено 2 владельцев PilotNFT.
2026-05-04 14:24:39:2439 info: [PILOTS-OWNERS-TRACKER]: Список владельцев в Redis обновлен. Владельцев: 2.
2026-05-04 14:25:39:2539 info: [PILOTS-OWNERS-TRACKER] 🔍 STRUCTURE DEBUG (First Item):
2026-05-04 14:25:39:2539 info: {
  "ownerAddress": "0x1Bf89d442D9f30858dCCD6ffA6500E0Bfc78eb43",
  "tokenBalances": [
    {
      "tokenId": "1",
      "balance": "1"
    }
  ]
}
2026-05-04 14:25:39:2539 info: [PILOTS-OWNERS-TRACKER]: Успешно получено 2 владельцев PilotNFT.
2026-05-04 14:25:39:2539 info: [PILOTS-OWNERS-TRACKER]: Список владельцев в Redis обновлен. Владельцев: 2.
2026-05-04 14:25:52:2552 info: [TOKEN-FETCHER]: Found a total of 5 ships for wallet 0x2da351d8d5840415025c35a7c843a0dfa6e4b89b
2026-05-04 14:26:36:2636 info: [TOKEN-FETCHER]: Found a total of 5 ships for wallet 0x2da351d8d5840415025c35a7c843a0dfa6e4b89b
2026-05-04 14:26:39:2639 info: [PILOTS-OWNERS-TRACKER] 🔍 STRUCTURE DEBUG (First Item):
2026-05-04 14:26:39:2639 info: {
  "ownerAddress": "0x1Bf89d442D9f30858dCCD6ffA6500E0Bfc78eb43",
  "tokenBalances": [
    {
      "tokenId": "1",
      "balance": "1"
    }
  ]
}
2026-05-04 14:26:39:2639 info: [PILOTS-OWNERS-TRACKER]: Успешно получено 2 владельцев PilotNFT.
2026-05-04 14:26:39:2639 info: [PILOTS-OWNERS-TRACKER]: Список владельцев в Redis обновлен. Владельцев: 2.
2026-05-04 14:27:39:2739 info: [PILOTS-OWNERS-TRACKER] 🔍 STRUCTURE DEBUG (First Item):
2026-05-04 14:27:39:2739 info: {
  "ownerAddress": "0x1Bf89d442D9f30858dCCD6ffA6500E0Bfc78eb43",
  "tokenBalances": [
    {
      "tokenId": "1",
      "balance": "1"
    }
  ]
}
2026-05-04 14:27:39:2739 info: [PILOTS-OWNERS-TRACKER]: Успешно получено 2 владельцев PilotNFT.
2026-05-04 14:27:39:2739 info: [PILOTS-OWNERS-TRACKER]: Список владельцев в Redis обновлен. Владельцев: 2.
2026-05-04 14:27:59:2759 info: [TOKEN-FETCHER]: Found a total of 5 ships for wallet 0x2da351d8d5840415025c35a7c843a0dfa6e4b89b
2026-05-04 14:28:39:2839 info: [PILOTS-OWNERS-TRACKER] 🔍 STRUCTURE DEBUG (First Item):
2026-05-04 14:28:39:2839 info: {
  "ownerAddress": "0x1Bf89d442D9f30858dCCD6ffA6500E0Bfc78eb43",
  "tokenBalances": [
    {
      "tokenId": "1",
      "balance": "1"
    }
  ]
}
2026-05-04 14:28:39:2839 info: [PILOTS-OWNERS-TRACKER]: Успешно получено 2 владельцев PilotNFT.
2026-05-04 14:28:39:2839 info: [PILOTS-OWNERS-TRACKER]: Список владельцев в Redis обновлен. Владельцев: 2.
2026-05-04 14:29:38:2938 info: [PILOTS-OWNERS-TRACKER] 🔍 STRUCTURE DEBUG (First Item):
2026-05-04 14:29:38:2938 info: {
  "ownerAddress": "0x1Bf89d442D9f30858dCCD6ffA6500E0Bfc78eb43",
  "tokenBalances": [
    {
      "tokenId": "1",
      "balance": "1"
    }
  ]
}
2026-05-04 14:29:38:2938 info: [PILOTS-OWNERS-TRACKER]: Успешно получено 2 владельцев PilotNFT.
2026-05-04 14:29:38:2938 info: [PILOTS-OWNERS-TRACKER]: Список владельцев в Redis обновлен. Владельцев: 2.
2026-05-04 14:29:50:2950 info: [TOKEN-FETCHER]: Found a total of 5 ships for wallet 0x2da351d8d5840415025c35a7c843a0dfa6e4b89b
2026-05-04 14:30:39:3039 info: [PILOTS-OWNERS-TRACKER] 🔍 STRUCTURE DEBUG (First Item):
2026-05-04 14:30:39:3039 info: {
  "ownerAddress": "0x1Bf89d442D9f30858dCCD6ffA6500E0Bfc78eb43",
  "tokenBalances": [
    {
      "tokenId": "1",
      "balance": "1"
    }
  ]
}
2026-05-04 14:30:39:3039 info: [PILOTS-OWNERS-TRACKER]: Успешно получено 2 владельцев PilotNFT.
2026-05-04 14:30:39:3039 info: [PILOTS-OWNERS-TRACKER]: Список владельцев в Redis обновлен. Владельцев: 2.
2026-05-04 14:31:39:3139 info: [PILOTS-OWNERS-TRACKER] 🔍 STRUCTURE DEBUG (First Item):
2026-05-04 14:31:39:3139 info: {
  "ownerAddress": "0x1Bf89d442D9f30858dCCD6ffA6500E0Bfc78eb43",
  "tokenBalances": [
    {
      "tokenId": "1",
      "balance": "1"
    }
  ]
}
2026-05-04 14:31:39:3139 info: [PILOTS-OWNERS-TRACKER]: Успешно получено 2 владельцев PilotNFT.
2026-05-04 14:31:39:3139 info: [PILOTS-OWNERS-TRACKER]: Список владельцев в Redis обновлен. Владельцев: 2.
2026-05-04 14:32:39:3239 info: [PILOTS-OWNERS-TRACKER] 🔍 STRUCTURE DEBUG (First Item):
2026-05-04 14:32:39:3239 info: {
  "ownerAddress": "0x1Bf89d442D9f30858dCCD6ffA6500E0Bfc78eb43",
  "tokenBalances": [
    {
      "tokenId": "1",
      "balance": "1"
    }
  ]
}
2026-05-04 14:32:39:3239 info: [PILOTS-OWNERS-TRACKER]: Успешно получено 2 владельцев PilotNFT.
2026-05-04 14:32:39:3239 info: [PILOTS-OWNERS-TRACKER]: Список владельцев в Redis обновлен. Владельцев: 2.
2026-05-04 14:33:39:3339 info: [PILOTS-OWNERS-TRACKER] 🔍 STRUCTURE DEBUG (First Item):
2026-05-04 14:33:39:3339 info: {
  "ownerAddress": "0x1Bf89d442D9f30858dCCD6ffA6500E0Bfc78eb43",
  "tokenBalances": [
    {
      "tokenId": "1",
      "balance": "1"
    }
  ]
}
2026-05-04 14:33:39:3339 info: [PILOTS-OWNERS-TRACKER]: Успешно получено 2 владельцев PilotNFT.
2026-05-04 14:33:39:3339 info: [PILOTS-OWNERS-TRACKER]: Список владельцев в Redis обновлен. Владельцев: 2.
2026-05-04 14:34:39:3439 info: [PILOTS-OWNERS-TRACKER] 🔍 STRUCTURE DEBUG (First Item):
2026-05-04 14:34:39:3439 info: {
  "ownerAddress": "0x1Bf89d442D9f30858dCCD6ffA6500E0Bfc78eb43",
  "tokenBalances": [
    {
      "tokenId": "1",
      "balance": "1"
    }
  ]
}
2026-05-04 14:34:39:3439 info: [PILOTS-OWNERS-TRACKER]: Успешно получено 2 владельцев PilotNFT.
2026-05-04 14:34:39:3439 info: [PILOTS-OWNERS-TRACKER]: Список владельцев в Redis обновлен. Владельцев: 2.
2026-05-04 14:35:38:3538 info: [PILOTS-OWNERS-TRACKER] 🔍 STRUCTURE DEBUG (First Item):
2026-05-04 14:35:38:3538 info: {
  "ownerAddress": "0x1Bf89d442D9f30858dCCD6ffA6500E0Bfc78eb43",
  "tokenBalances": [
    {
      "tokenId": "1",
      "balance": "1"
    }
  ]
}
2026-05-04 14:35:38:3538 info: [PILOTS-OWNERS-TRACKER]: Успешно получено 2 владельцев PilotNFT.
2026-05-04 14:35:38:3538 info: [PILOTS-OWNERS-TRACKER]: Список владельцев в Redis обновлен. Владельцев: 2.
2026-05-04 14:36:39:3639 info: [PILOTS-OWNERS-TRACKER] 🔍 STRUCTURE DEBUG (First Item):
2026-05-04 14:36:39:3639 info: {
  "ownerAddress": "0x1Bf89d442D9f30858dCCD6ffA6500E0Bfc78eb43",
  "tokenBalances": [
    {
      "tokenId": "1",
      "balance": "1"
    }
  ]
}
2026-05-04 14:36:39:3639 info: [PILOTS-OWNERS-TRACKER]: Успешно получено 2 владельцев PilotNFT.
2026-05-04 14:36:39:3639 info: [PILOTS-OWNERS-TRACKER]: Список владельцев в Redis обновлен. Владельцев: 2.
2026-05-04 14:37:39:3739 info: [PILOTS-OWNERS-TRACKER] 🔍 STRUCTURE DEBUG (First Item):
2026-05-04 14:37:39:3739 info: {
  "ownerAddress": "0x1Bf89d442D9f30858dCCD6ffA6500E0Bfc78eb43",
  "tokenBalances": [
    {
      "tokenId": "1",
      "balance": "1"
    }
  ]
}
2026-05-04 14:37:39:3739 info: [PILOTS-OWNERS-TRACKER]: Успешно получено 2 владельцев PilotNFT.
2026-05-04 14:37:39:3739 info: [PILOTS-OWNERS-TRACKER]: Список владельцев в Redis обновлен. Владельцев: 2.
2026-05-04 14:38:39:3839 info: [PILOTS-OWNERS-TRACKER] 🔍 STRUCTURE DEBUG (First Item):
2026-05-04 14:38:39:3839 info: {
  "ownerAddress": "0x1Bf89d442D9f30858dCCD6ffA6500E0Bfc78eb43",
  "tokenBalances": [
    {
      "tokenId": "1",
      "balance": "1"
    }
  ]
}
2026-05-04 14:38:39:3839 info: [PILOTS-OWNERS-TRACKER]: Успешно получено 2 владельцев PilotNFT.
2026-05-04 14:38:39:3839 info: [PILOTS-OWNERS-TRACKER]: Список владельцев в Redis обновлен. Владельцев: 2.
2026-05-04 14:39:39:3939 info: [PILOTS-OWNERS-TRACKER] 🔍 STRUCTURE DEBUG (First Item):
2026-05-04 14:39:39:3939 info: {
  "ownerAddress": "0x1Bf89d442D9f30858dCCD6ffA6500E0Bfc78eb43",
  "tokenBalances": [
    {
      "tokenId": "1",
      "balance": "1"
    }
  ]
}
2026-05-04 14:39:39:3939 info: [PILOTS-OWNERS-TRACKER]: Успешно получено 2 владельцев PilotNFT.
2026-05-04 14:39:39:3939 info: [PILOTS-OWNERS-TRACKER]: Список владельцев в Redis обновлен. Владельцев: 2.
2026-05-04 14:40:39:4039 info: [PILOTS-OWNERS-TRACKER] 🔍 STRUCTURE DEBUG (First Item):
2026-05-04 14:40:39:4039 info: {
  "ownerAddress": "0x1Bf89d442D9f30858dCCD6ffA6500E0Bfc78eb43",
  "tokenBalances": [
    {
      "tokenId": "1",
      "balance": "1"
    }
  ]
}
2026-05-04 14:40:39:4039 info: [PILOTS-OWNERS-TRACKER]: Успешно получено 2 владельцев PilotNFT.
2026-05-04 14:40:39:4039 info: [PILOTS-OWNERS-TRACKER]: Список владельцев в Redis обновлен. Владельцев: 2.
2026-05-04 14:41:39:4139 info: [PILOTS-OWNERS-TRACKER] 🔍 STRUCTURE DEBUG (First Item):
2026-05-04 14:41:39:4139 info: {
  "ownerAddress": "0x1Bf89d442D9f30858dCCD6ffA6500E0Bfc78eb43",
  "tokenBalances": [
    {
      "tokenId": "1",
      "balance": "1"
    }
  ]
}
2026-05-04 14:41:39:4139 info: [PILOTS-OWNERS-TRACKER]: Успешно получено 2 владельцев PilotNFT.
2026-05-04 14:41:39:4139 info: [PILOTS-OWNERS-TRACKER]: Список владельцев в Redis обновлен. Владельцев: 2.
2026-05-04 14:42:39:4239 info: [PILOTS-OWNERS-TRACKER] 🔍 STRUCTURE DEBUG (First Item):
2026-05-04 14:42:39:4239 info: {
  "ownerAddress": "0x1Bf89d442D9f30858dCCD6ffA6500E0Bfc78eb43",
  "tokenBalances": [
    {
      "tokenId": "1",
      "balance": "1"
    }
  ]
}
2026-05-04 14:42:39:4239 info: [PILOTS-OWNERS-TRACKER]: Успешно получено 2 владельцев PilotNFT.
2026-05-04 14:42:39:4239 info: [PILOTS-OWNERS-TRACKER]: Список владельцев в Redis обновлен. Владельцев: 2.
2026-05-04 14:43:39:4339 info: [PILOTS-OWNERS-TRACKER] 🔍 STRUCTURE DEBUG (First Item):
2026-05-04 14:43:39:4339 info: {
  "ownerAddress": "0x1Bf89d442D9f30858dCCD6ffA6500E0Bfc78eb43",
  "tokenBalances": [
    {
      "tokenId": "1",
      "balance": "1"
    }
  ]
}
2026-05-04 14:43:39:4339 info: [PILOTS-OWNERS-TRACKER]: Успешно получено 2 владельцев PilotNFT.
2026-05-04 14:43:39:4339 info: [PILOTS-OWNERS-TRACKER]: Список владельцев в Redis обновлен. Владельцев: 2.
2026-05-04 14:44:39:4439 info: [PILOTS-OWNERS-TRACKER] 🔍 STRUCTURE DEBUG (First Item):
2026-05-04 14:44:39:4439 info: {
  "ownerAddress": "0x1Bf89d442D9f30858dCCD6ffA6500E0Bfc78eb43",
  "tokenBalances": [
    {
      "tokenId": "1",
      "balance": "1"
    }
  ]
}
2026-05-04 14:44:39:4439 info: [PILOTS-OWNERS-TRACKER]: Успешно получено 2 владельцев PilotNFT.
2026-05-04 14:44:39:4439 info: [PILOTS-OWNERS-TRACKER]: Список владельцев в Redis обновлен. Владельцев: 2.
2026-05-04 14:45:39:4539 info: [PILOTS-OWNERS-TRACKER] 🔍 STRUCTURE DEBUG (First Item):
2026-05-04 14:45:39:4539 info: {
  "ownerAddress": "0x1Bf89d442D9f30858dCCD6ffA6500E0Bfc78eb43",
  "tokenBalances": [
    {
      "tokenId": "1",
      "balance": "1"
    }
  ]
}
2026-05-04 14:45:39:4539 info: [PILOTS-OWNERS-TRACKER]: Успешно получено 2 владельцев PilotNFT.
2026-05-04 14:45:39:4539 info: [PILOTS-OWNERS-TRACKER]: Список владельцев в Redis обновлен. Владельцев: 2.
2026-05-04 14:46:08:468 info: Web3Server: Time synced. Server: 1777898768, Chain: 1777898768, Offset: 0s
2026-05-04 14:46:08:468 info: Web3Server: Signed token claim for 0x2da351d8d5840415025c35a7c843a0dfa6e4b89b: 6 Coins, deadline: 1777899008
2026-05-04 14:46:16:4616 info: [Listener] DETECTED: TokensClaimed. ClaimId: 0x5c6c9c174033f295c3ddc199c8614217d5106e52d1eced4e68645f7ef1b58e13. Waiting confirmations...
2026-05-04 14:46:24:4624 info: [Listener] CONFIRMED: TokensClaimed 0x5c6c9c174033f295c3ddc199c8614217d5106e52d1eced4e68645f7ef1b58e13. Sending to DB...
2026-05-04 14:46:39:4639 info: [PILOTS-OWNERS-TRACKER] 🔍 STRUCTURE DEBUG (First Item):
2026-05-04 14:46:39:4639 info: {
  "ownerAddress": "0x1Bf89d442D9f30858dCCD6ffA6500E0Bfc78eb43",
  "tokenBalances": [
    {
      "tokenId": "1",
      "balance": "1"
    }
  ]
}
2026-05-04 14:46:39:4639 info: [PILOTS-OWNERS-TRACKER]: Успешно получено 2 владельцев PilotNFT.
2026-05-04 14:46:39:4639 info: [PILOTS-OWNERS-TRACKER]: Список владельцев в Redis обновлен. Владельцев: 2.
2026-05-04 14:46:56:4656 info: Web3Server: Signed mint for 0x2da351d8d5840415025c35a7c843a0dfa6e4b89b (Nonce: 3)
2026-05-04 14:47:16:4716 info: [TOKEN-FETCHER]: Found a total of 6 ships for wallet 0x2da351d8d5840415025c35a7c843a0dfa6e4b89b
2026-05-04 14:47:28:4728 info: [Security DEBUG] Request to /internal/api/v1/verify-ship/7/0x2da351d8d5840415025c35a7c843a0dfa6e4b89b
2026-05-04 14:47:28:4728 info: [Security DEBUG] req.ip detected as: ::1
2026-05-04 14:47:28:4728 info: [Security DEBUG] Whitelist contains: ["127.0.0.1","::1","::ffff:127.0.0.1","100.106.100.125","::ffff:100.106.100.125","100.123.73.85","::ffff:100.123.73.85"]
2026-05-04 14:47:39:4739 info: [PILOTS-OWNERS-TRACKER] 🔍 STRUCTURE DEBUG (First Item):
2026-05-04 14:47:39:4739 info: {
  "ownerAddress": "0x1Bf89d442D9f30858dCCD6ffA6500E0Bfc78eb43",
  "tokenBalances": [
    {
      "tokenId": "1",
      "balance": "1"
    }
  ]
}
2026-05-04 14:47:39:4739 info: [PILOTS-OWNERS-TRACKER]: Успешно получено 2 владельцев PilotNFT.
2026-05-04 14:47:39:4739 info: [PILOTS-OWNERS-TRACKER]: Список владельцев в Redis обновлен. Владельцев: 2.
2026-05-04 14:47:40:4740 info: [Security DEBUG] Request to /internal/api/v1/verify-ship/7/0x2da351d8d5840415025c35a7c843a0dfa6e4b89b
2026-05-04 14:47:40:4740 info: [Security DEBUG] req.ip detected as: ::1
2026-05-04 14:47:40:4740 info: [Security DEBUG] Whitelist contains: ["127.0.0.1","::1","::ffff:127.0.0.1","100.106.100.125","::ffff:100.106.100.125","100.123.73.85","::ffff:100.123.73.85"]
2026-05-04 14:47:51:4751 info: [Security DEBUG] Request to /internal/api/v1/verify-ship/7/0x2da351d8d5840415025c35a7c843a0dfa6e4b89b
2026-05-04 14:47:51:4751 info: [Security DEBUG] req.ip detected as: ::1
2026-05-04 14:47:51:4751 info: [Security DEBUG] Whitelist contains: ["127.0.0.1","::1","::ffff:127.0.0.1","100.106.100.125","::ffff:100.106.100.125","100.123.73.85","::ffff:100.123.73.85"]
2026-05-04 14:48:08:488 info: [Security DEBUG] Request to /internal/api/v1/verify-ship/7/0x2da351d8d5840415025c35a7c843a0dfa6e4b89b
2026-05-04 14:48:08:488 info: [Security DEBUG] req.ip detected as: ::1
2026-05-04 14:48:08:488 info: [Security DEBUG] Whitelist contains: ["127.0.0.1","::1","::ffff:127.0.0.1","100.106.100.125","::ffff:100.106.100.125","100.123.73.85","::ffff:100.123.73.85"]
2026-05-04 14:48:22:4822 info: [Security DEBUG] Request to /internal/api/v1/verify-ship/7/0x2da351d8d5840415025c35a7c843a0dfa6e4b89b
2026-05-04 14:48:22:4822 info: [Security DEBUG] req.ip detected as: ::1
2026-05-04 14:48:22:4822 info: [Security DEBUG] Whitelist contains: ["127.0.0.1","::1","::ffff:127.0.0.1","100.106.100.125","::ffff:100.106.100.125","100.123.73.85","::ffff:100.123.73.85"]
2026-05-04 14:48:37:4837 info: [Security DEBUG] Request to /internal/api/v1/verify-ship/7/0x2da351d8d5840415025c35a7c843a0dfa6e4b89b
2026-05-04 14:48:37:4837 info: [Security DEBUG] req.ip detected as: ::1
2026-05-04 14:48:37:4837 info: [Security DEBUG] Whitelist contains: ["127.0.0.1","::1","::ffff:127.0.0.1","100.106.100.125","::ffff:100.106.100.125","100.123.73.85","::ffff:100.123.73.85"]
2026-05-04 14:48:39:4839 info: [PILOTS-OWNERS-TRACKER] 🔍 STRUCTURE DEBUG (First Item):
2026-05-04 14:48:39:4839 info: {
  "ownerAddress": "0x1Bf89d442D9f30858dCCD6ffA6500E0Bfc78eb43",
  "tokenBalances": [
    {
      "tokenId": "1",
      "balance": "1"
    }
  ]
}
2026-05-04 14:48:39:4839 info: [PILOTS-OWNERS-TRACKER]: Успешно получено 2 владельцев PilotNFT.
2026-05-04 14:48:39:4839 info: [PILOTS-OWNERS-TRACKER]: Список владельцев в Redis обновлен. Владельцев: 2.
2026-05-04 14:48:43:4843 info: [Security DEBUG] Request to /internal/api/v1/verify-pilot/0/0x2da351d8d5840415025c35a7c843a0dfa6e4b89b
2026-05-04 14:48:43:4843 info: [Security DEBUG] req.ip detected as: ::1
2026-05-04 14:48:43:4843 info: [Security DEBUG] Whitelist contains: ["127.0.0.1","::1","::ffff:127.0.0.1","100.106.100.125","::ffff:100.106.100.125","100.123.73.85","::ffff:100.123.73.85"]
2026-05-04 14:48:43:4843 info: [Security DEBUG] Request to /internal/api/v1/verify-ship/7/0x2da351d8d5840415025c35a7c843a0dfa6e4b89b
2026-05-04 14:48:43:4843 info: [Security DEBUG] req.ip detected as: ::1
2026-05-04 14:48:43:4843 info: [Security DEBUG] Whitelist contains: ["127.0.0.1","::1","::ffff:127.0.0.1","100.106.100.125","::ffff:100.106.100.125","100.123.73.85","::ffff:100.123.73.85"]
2026-05-04 14:49:16:4916 info: [TOKEN-FETCHER]: Found a total of 6 ships for wallet 0x2da351d8d5840415025c35a7c843a0dfa6e4b89b
2026-05-04 14:49:39:4939 info: [PILOTS-OWNERS-TRACKER] 🔍 STRUCTURE DEBUG (First Item):
2026-05-04 14:49:39:4939 info: {
  "ownerAddress": "0x1Bf89d442D9f30858dCCD6ffA6500E0Bfc78eb43",
  "tokenBalances": [
    {
      "tokenId": "1",
      "balance": "1"
    }
  ]
}
2026-05-04 14:49:39:4939 info: [PILOTS-OWNERS-TRACKER]: Успешно получено 2 владельцев PilotNFT.
2026-05-04 14:49:39:4939 info: [PILOTS-OWNERS-TRACKER]: Список владельцев в Redis обновлен. Владельцев: 2.
2026-05-04 14:50:39:5039 info: [PILOTS-OWNERS-TRACKER] 🔍 STRUCTURE DEBUG (First Item):
2026-05-04 14:50:39:5039 info: {
  "ownerAddress": "0x1Bf89d442D9f30858dCCD6ffA6500E0Bfc78eb43",
  "tokenBalances": [
    {
      "tokenId": "1",
      "balance": "1"
    }
  ]
}
2026-05-04 14:50:39:5039 info: [PILOTS-OWNERS-TRACKER]: Успешно получено 2 владельцев PilotNFT.
2026-05-04 14:50:39:5039 info: [PILOTS-OWNERS-TRACKER]: Список владельцев в Redis обновлен. Владельцев: 2.
2026-05-04 14:50:52:5052 info: [TOKEN-FETCHER]: Found a total of 6 ships for wallet 0x2da351d8d5840415025c35a7c843a0dfa6e4b89b
2026-05-04 14:51:38:5138 info: [Security DEBUG] Request to /internal/api/v1/verify-pilot/0/0x2da351d8d5840415025c35a7c843a0dfa6e4b89b
2026-05-04 14:51:38:5138 info: [Security DEBUG] req.ip detected as: ::1
2026-05-04 14:51:38:5138 info: [Security DEBUG] Whitelist contains: ["127.0.0.1","::1","::ffff:127.0.0.1","100.106.100.125","::ffff:100.106.100.125","100.123.73.85","::ffff:100.123.73.85"]
2026-05-04 14:51:38:5138 info: [Security DEBUG] Request to /internal/api/v1/verify-ship/7/0x2da351d8d5840415025c35a7c843a0dfa6e4b89b
2026-05-04 14:51:38:5138 info: [Security DEBUG] req.ip detected as: ::1
2026-05-04 14:51:38:5138 info: [Security DEBUG] Whitelist contains: ["127.0.0.1","::1","::ffff:127.0.0.1","100.106.100.125","::ffff:100.106.100.125","100.123.73.85","::ffff:100.123.73.85"]
2026-05-04 14:51:39:5139 info: [PILOTS-OWNERS-TRACKER] 🔍 STRUCTURE DEBUG (First Item):
2026-05-04 14:51:39:5139 info: {
  "ownerAddress": "0x1Bf89d442D9f30858dCCD6ffA6500E0Bfc78eb43",
  "tokenBalances": [
    {
      "tokenId": "1",
      "balance": "1"
    }
  ]
}
2026-05-04 14:51:39:5139 info: [PILOTS-OWNERS-TRACKER]: Успешно получено 2 владельцев PilotNFT.
2026-05-04 14:51:39:5139 info: [PILOTS-OWNERS-TRACKER]: Список владельцев в Redis обновлен. Владельцев: 2.
2026-05-04 14:52:39:5239 info: [PILOTS-OWNERS-TRACKER] 🔍 STRUCTURE DEBUG (First Item):
2026-05-04 14:52:39:5239 info: {
  "ownerAddress": "0x1Bf89d442D9f30858dCCD6ffA6500E0Bfc78eb43",
  "tokenBalances": [
    {
      "tokenId": "1",
      "balance": "1"
    }
  ]
}
2026-05-04 14:52:39:5239 info: [PILOTS-OWNERS-TRACKER]: Успешно получено 2 владельцев PilotNFT.
2026-05-04 14:52:39:5239 info: [PILOTS-OWNERS-TRACKER]: Список владельцев в Redis обновлен. Владельцев: 2.
2026-05-04 14:52:47:5247 info: [TOKEN-FETCHER]: Found a total of 6 ships for wallet 0x2da351d8d5840415025c35a7c843a0dfa6e4b89b
2026-05-04 14:53:10:5310 warn: Получен сигнал SIGINT. Начинаю грациозное завершение web3server...
2026-05-04 14:53:10:5310 info: Остановка прослушивания событий блокчейна...
2026-05-04 14:53:10:5310 info: [Listener] Остановка сервиса...
2026-05-04 14:53:10:5310 info: Закрытие соединения с Redis...
2026-05-04 14:53:10:5310 info: Закрытие соединения с dbserver...
2026-05-04 14:53:10:5310 info: Закрытие WebSocket-соединения с блокчейн-провайдером...
2026-05-04 14:53:10:5310 info: HTTP-сервер больше не принимает новые соединения.
2026-05-04 14:53:10:5310 warn: Web3Server: WebSocket connection closed with code 1006, reason: 
2026-05-04 14:53:10:5310 error: Web3Server: Disconnected from dbServer
2026-05-04 15:11:52:1152 info: Web3Server: Connected to dbServer
2026-05-04 15:11:52:1152 error: Web3Server: Disconnected from dbServer
2026-05-04 15:11:52:1152 info: Web3Server: Successfully connected to Redis.
2026-05-04 15:11:53:1153 info: Web3Server: Connected to dbServer
2026-05-04 15:11:53:1153 error: Web3Server: Disconnected from dbServer
2026-05-04 15:11:54:1154 info: Web3Server: Connected to dbServer
2026-05-04 15:11:54:1154 info: Web3Server: Successfully identified with dbServer
2026-05-04 15:11:55:1155 info: Web3Server: Blockchain provider successfully initialized.
2026-05-04 15:11:55:1155 info: Web3Server: Read-only contracts successfully initialized.
2026-05-04 15:11:57:1157 info: Web3Server: WebSocket connection to RPC provider is open.
2026-05-04 15:11:57:1157 info: Web3Server: Blockchain provider connected.
2026-05-04 15:11:57:1157 info: [Listener] Включение Real-time (WebSocket)...
2026-05-04 15:11:57:1157 info: Обработчики грациозного завершения для web3server инициализированы.
2026-05-04 15:11:57:1157 info: Web3Server запущен на порту 3000
2026-05-04 15:11:58:1158 info: [PILOTS-OWNERS-TRACKER] 🔍 STRUCTURE DEBUG (First Item):
2026-05-04 15:11:58:1158 info: {
  "ownerAddress": "0x1Bf89d442D9f30858dCCD6ffA6500E0Bfc78eb43",
  "tokenBalances": [
    {
      "tokenId": "1",
      "balance": "1"
    }
  ]
}
2026-05-04 15:11:58:1158 info: [PILOTS-OWNERS-TRACKER]: Успешно получено 2 владельцев PilotNFT.
2026-05-04 15:11:58:1158 info: [PILOTS-OWNERS-TRACKER]: Список владельцев в Redis обновлен. Владельцев: 2.
2026-05-04 15:11:58:1158 info: [PILOTS-OWNERS-TRACKER]: Запущено периодическое обновление списка владельцев PilotNFT (интервал: 60 сек)
2026-05-04 15:12:33:1233 info: [TOKEN-FETCHER]: Found a total of 6 ships for wallet 0x2da351d8d5840415025c35a7c843a0dfa6e4b89b
2026-05-04 15:12:49:1249 info: [Security DEBUG] Request to /internal/api/v1/verify-pilot/0/0x2da351d8d5840415025c35a7c843a0dfa6e4b89b
2026-05-04 15:12:49:1249 info: [Security DEBUG] req.ip detected as: ::1
2026-05-04 15:12:49:1249 info: [Security DEBUG] Whitelist contains: ["127.0.0.1","::1","::ffff:127.0.0.1","100.106.100.125","::ffff:100.106.100.125","100.123.73.85","::ffff:100.123.73.85"]
2026-05-04 15:12:49:1249 info: [Security DEBUG] Request to /internal/api/v1/verify-ship/7/0x2da351d8d5840415025c35a7c843a0dfa6e4b89b
2026-05-04 15:12:49:1249 info: [Security DEBUG] req.ip detected as: ::1
2026-05-04 15:12:49:1249 info: [Security DEBUG] Whitelist contains: ["127.0.0.1","::1","::ffff:127.0.0.1","100.106.100.125","::ffff:100.106.100.125","100.123.73.85","::ffff:100.123.73.85"]
2026-05-04 15:13:00:130 info: [PILOTS-OWNERS-TRACKER] 🔍 STRUCTURE DEBUG (First Item):
2026-05-04 15:13:00:130 info: {
  "ownerAddress": "0x1Bf89d442D9f30858dCCD6ffA6500E0Bfc78eb43",
  "tokenBalances": [
    {
      "tokenId": "1",
      "balance": "1"
    }
  ]
}
2026-05-04 15:13:00:130 info: [PILOTS-OWNERS-TRACKER]: Успешно получено 2 владельцев PilotNFT.
2026-05-04 15:13:00:130 info: [PILOTS-OWNERS-TRACKER]: Список владельцев в Redis обновлен. Владельцев: 2.
2026-05-04 15:13:43:1343 info: [TOKEN-FETCHER]: Found a total of 6 ships for wallet 0x2da351d8d5840415025c35a7c843a0dfa6e4b89b
2026-05-04 15:13:53:1353 warn: Получен сигнал SIGINT. Начинаю грациозное завершение web3server...
2026-05-04 15:13:53:1353 info: Остановка прослушивания событий блокчейна...
2026-05-04 15:13:53:1353 info: [Listener] Остановка сервиса...
2026-05-04 15:13:53:1353 info: Закрытие соединения с Redis...
2026-05-04 15:13:53:1353 info: Закрытие соединения с dbserver...
2026-05-04 15:13:53:1353 info: Закрытие WebSocket-соединения с блокчейн-провайдером...
2026-05-04 15:13:53:1353 info: HTTP-сервер больше не принимает новые соединения.
2026-05-04 15:13:53:1353 warn: Web3Server: WebSocket connection closed with code 1006, reason: 
2026-05-04 15:13:53:1353 error: Web3Server: Disconnected from dbServer
2026-05-04 15:13:53:1353 info: Все соединения успешно закрыты.
2026-05-04 15:26:31:2631 info: Web3Server: Connected to dbServer
2026-05-04 15:26:31:2631 error: Web3Server: Disconnected from dbServer
2026-05-04 15:26:31:2631 info: Web3Server: Successfully connected to Redis.
2026-05-04 15:26:32:2632 info: Web3Server: Connected to dbServer
2026-05-04 15:26:32:2632 info: Web3Server: Successfully identified with dbServer
2026-05-04 15:26:33:2633 info: Web3Server: Blockchain provider successfully initialized.
2026-05-04 15:26:33:2633 info: Web3Server: Read-only contracts successfully initialized.
2026-05-04 15:26:34:2634 info: Web3Server: WebSocket connection to RPC provider is open.
2026-05-04 15:26:34:2634 info: Web3Server: Blockchain provider connected.
2026-05-04 15:26:34:2634 info: [Listener] Включение Real-time (WebSocket)...
2026-05-04 15:26:34:2634 info: Обработчики грациозного завершения для web3server инициализированы.
2026-05-04 15:26:34:2634 info: Web3Server запущен на порту 3000
2026-05-04 15:26:36:2636 info: [PILOTS-OWNERS-TRACKER] 🔍 STRUCTURE DEBUG (First Item):
2026-05-04 15:26:36:2636 info: {
  "ownerAddress": "0x1Bf89d442D9f30858dCCD6ffA6500E0Bfc78eb43",
  "tokenBalances": [
    {
      "tokenId": "1",
      "balance": "1"
    }
  ]
}
2026-05-04 15:26:36:2636 info: [PILOTS-OWNERS-TRACKER]: Успешно получено 2 владельцев PilotNFT.
2026-05-04 15:26:36:2636 info: [PILOTS-OWNERS-TRACKER]: Список владельцев в Redis обновлен. Владельцев: 2.
2026-05-04 15:26:36:2636 info: [PILOTS-OWNERS-TRACKER]: Запущено периодическое обновление списка владельцев PilotNFT (интервал: 60 сек)
2026-05-04 15:27:37:2737 info: [PILOTS-OWNERS-TRACKER] 🔍 STRUCTURE DEBUG (First Item):
2026-05-04 15:27:37:2737 info: {
  "ownerAddress": "0x1Bf89d442D9f30858dCCD6ffA6500E0Bfc78eb43",
  "tokenBalances": [
    {
      "tokenId": "1",
      "balance": "1"
    }
  ]
}
2026-05-04 15:27:37:2737 info: [PILOTS-OWNERS-TRACKER]: Успешно получено 2 владельцев PilotNFT.
2026-05-04 15:27:37:2737 info: [PILOTS-OWNERS-TRACKER]: Список владельцев в Redis обновлен. Владельцев: 2.
2026-05-04 15:28:37:2837 info: [PILOTS-OWNERS-TRACKER] 🔍 STRUCTURE DEBUG (First Item):
2026-05-04 15:28:37:2837 info: {
  "ownerAddress": "0x1Bf89d442D9f30858dCCD6ffA6500E0Bfc78eb43",
  "tokenBalances": [
    {
      "tokenId": "1",
      "balance": "1"
    }
  ]
}
2026-05-04 15:28:37:2837 info: [PILOTS-OWNERS-TRACKER]: Успешно получено 2 владельцев PilotNFT.
2026-05-04 15:28:37:2837 info: [PILOTS-OWNERS-TRACKER]: Список владельцев в Redis обновлен. Владельцев: 2.
2026-05-04 15:29:37:2937 info: [PILOTS-OWNERS-TRACKER] 🔍 STRUCTURE DEBUG (First Item):
2026-05-04 15:29:37:2937 info: {
  "ownerAddress": "0x1Bf89d442D9f30858dCCD6ffA6500E0Bfc78eb43",
  "tokenBalances": [
    {
      "tokenId": "1",
      "balance": "1"
    }
  ]
}
2026-05-04 15:29:37:2937 info: [PILOTS-OWNERS-TRACKER]: Успешно получено 2 владельцев PilotNFT.
2026-05-04 15:29:37:2937 info: [PILOTS-OWNERS-TRACKER]: Список владельцев в Redis обновлен. Владельцев: 2.
2026-05-04 15:30:23:3023 info: [TOKEN-FETCHER]: Found a total of 6 ships for wallet 0x2da351d8d5840415025c35a7c843a0dfa6e4b89b
2026-05-04 15:30:37:3037 info: [PILOTS-OWNERS-TRACKER] 🔍 STRUCTURE DEBUG (First Item):
2026-05-04 15:30:37:3037 info: {
  "ownerAddress": "0x1Bf89d442D9f30858dCCD6ffA6500E0Bfc78eb43",
  "tokenBalances": [
    {
      "tokenId": "1",
      "balance": "1"
    }
  ]
}
2026-05-04 15:30:37:3037 info: [PILOTS-OWNERS-TRACKER]: Успешно получено 2 владельцев PilotNFT.
2026-05-04 15:30:37:3037 info: [PILOTS-OWNERS-TRACKER]: Список владельцев в Redis обновлен. Владельцев: 2.
2026-05-04 15:30:39:3039 info: [Security DEBUG] Request to /internal/api/v1/verify-pilot/0/0x2da351d8d5840415025c35a7c843a0dfa6e4b89b
2026-05-04 15:30:39:3039 info: [Security DEBUG] req.ip detected as: ::1
2026-05-04 15:30:39:3039 info: [Security DEBUG] Whitelist contains: ["127.0.0.1","::1","::ffff:127.0.0.1","100.106.100.125","::ffff:100.106.100.125","100.123.73.85","::ffff:100.123.73.85"]
2026-05-04 15:30:39:3039 info: [Security DEBUG] Request to /internal/api/v1/verify-ship/7/0x2da351d8d5840415025c35a7c843a0dfa6e4b89b
2026-05-04 15:30:39:3039 info: [Security DEBUG] req.ip detected as: ::1
2026-05-04 15:30:39:3039 info: [Security DEBUG] Whitelist contains: ["127.0.0.1","::1","::ffff:127.0.0.1","100.106.100.125","::ffff:100.106.100.125","100.123.73.85","::ffff:100.123.73.85"]
2026-05-04 15:31:15:3115 info: [TOKEN-FETCHER]: Found a total of 6 ships for wallet 0x2da351d8d5840415025c35a7c843a0dfa6e4b89b
2026-05-04 15:31:37:3137 info: [PILOTS-OWNERS-TRACKER] 🔍 STRUCTURE DEBUG (First Item):
2026-05-04 15:31:37:3137 info: {
  "ownerAddress": "0x1Bf89d442D9f30858dCCD6ffA6500E0Bfc78eb43",
  "tokenBalances": [
    {
      "tokenId": "1",
      "balance": "1"
    }
  ]
}
2026-05-04 15:31:37:3137 info: [PILOTS-OWNERS-TRACKER]: Успешно получено 2 владельцев PilotNFT.
2026-05-04 15:31:37:3137 info: [PILOTS-OWNERS-TRACKER]: Список владельцев в Redis обновлен. Владельцев: 2.
2026-05-04 15:32:24:3224 warn: Получен сигнал SIGINT. Начинаю грациозное завершение web3server...
2026-05-04 15:32:24:3224 info: Остановка прослушивания событий блокчейна...
2026-05-04 15:32:24:3224 info: [Listener] Остановка сервиса...
2026-05-04 15:32:24:3224 info: Закрытие соединения с Redis...
2026-05-04 15:32:24:3224 info: Закрытие соединения с dbserver...
2026-05-04 15:32:24:3224 info: Закрытие WebSocket-соединения с блокчейн-провайдером...
2026-05-04 15:32:24:3224 info: HTTP-сервер больше не принимает новые соединения.
2026-05-04 15:32:24:3224 warn: Web3Server: WebSocket connection closed with code 1006, reason: 
2026-05-04 15:32:24:3224 error: Web3Server: Disconnected from dbServer
2026-05-04 15:32:53:3253 info: Web3Server: Connected to dbServer
2026-05-04 15:32:53:3253 error: Web3Server: Disconnected from dbServer
2026-05-04 15:32:53:3253 info: Web3Server: Successfully connected to Redis.
2026-05-04 15:32:54:3254 info: Web3Server: Connected to dbServer
2026-05-04 15:32:54:3254 info: Web3Server: Successfully identified with dbServer
2026-05-04 15:32:54:3254 info: Web3Server: Blockchain provider successfully initialized.
2026-05-04 15:32:54:3254 info: Web3Server: Read-only contracts successfully initialized.
2026-05-04 15:32:55:3255 info: Web3Server: WebSocket connection to RPC provider is open.
2026-05-04 15:32:55:3255 info: Web3Server: Blockchain provider connected.
2026-05-04 15:32:55:3255 info: [Listener] Включение Real-time (WebSocket)...
2026-05-04 15:32:55:3255 info: Обработчики грациозного завершения для web3server инициализированы.
2026-05-04 15:32:55:3255 info: Web3Server запущен на порту 3000
2026-05-04 15:32:57:3257 info: [PILOTS-OWNERS-TRACKER] 🔍 STRUCTURE DEBUG (First Item):
2026-05-04 15:32:57:3257 info: {
  "ownerAddress": "0x1Bf89d442D9f30858dCCD6ffA6500E0Bfc78eb43",
  "tokenBalances": [
    {
      "tokenId": "1",
      "balance": "1"
    }
  ]
}
2026-05-04 15:32:57:3257 info: [PILOTS-OWNERS-TRACKER]: Успешно получено 2 владельцев PilotNFT.
2026-05-04 15:32:57:3257 info: [PILOTS-OWNERS-TRACKER]: Список владельцев в Redis обновлен. Владельцев: 2.
2026-05-04 15:32:57:3257 info: [PILOTS-OWNERS-TRACKER]: Запущено периодическое обновление списка владельцев PilotNFT (интервал: 60 сек)
2026-05-04 15:33:11:3311 info: [TOKEN-FETCHER]: Found a total of 6 ships for wallet 0x2da351d8d5840415025c35a7c843a0dfa6e4b89b
2026-05-04 15:33:24:3324 info: [Security DEBUG] Request to /internal/api/v1/verify-pilot/0/0x2da351d8d5840415025c35a7c843a0dfa6e4b89b
2026-05-04 15:33:24:3324 info: [Security DEBUG] req.ip detected as: ::1
2026-05-04 15:33:24:3324 info: [Security DEBUG] Whitelist contains: ["127.0.0.1","::1","::ffff:127.0.0.1","100.106.100.125","::ffff:100.106.100.125","100.123.73.85","::ffff:100.123.73.85"]
2026-05-04 15:33:24:3324 info: [Security DEBUG] Request to /internal/api/v1/verify-ship/7/0x2da351d8d5840415025c35a7c843a0dfa6e4b89b
2026-05-04 15:33:24:3324 info: [Security DEBUG] req.ip detected as: ::1
2026-05-04 15:33:24:3324 info: [Security DEBUG] Whitelist contains: ["127.0.0.1","::1","::ffff:127.0.0.1","100.106.100.125","::ffff:100.106.100.125","100.123.73.85","::ffff:100.123.73.85"]
2026-05-04 15:33:58:3358 info: [PILOTS-OWNERS-TRACKER] 🔍 STRUCTURE DEBUG (First Item):
2026-05-04 15:33:58:3358 info: {
  "ownerAddress": "0x1Bf89d442D9f30858dCCD6ffA6500E0Bfc78eb43",
  "tokenBalances": [
    {
      "tokenId": "1",
      "balance": "1"
    }
  ]
}
2026-05-04 15:33:58:3358 info: [PILOTS-OWNERS-TRACKER]: Успешно получено 2 владельцев PilotNFT.
2026-05-04 15:33:58:3358 info: [PILOTS-OWNERS-TRACKER]: Список владельцев в Redis обновлен. Владельцев: 2.
2026-05-04 15:34:00:340 info: [TOKEN-FETCHER]: Found a total of 6 ships for wallet 0x2da351d8d5840415025c35a7c843a0dfa6e4b89b
2026-05-04 15:34:35:3435 info: [Security DEBUG] Request to /internal/api/v1/verify-pilot/0/0x2da351d8d5840415025c35a7c843a0dfa6e4b89b
2026-05-04 15:34:35:3435 info: [Security DEBUG] req.ip detected as: ::1
2026-05-04 15:34:35:3435 info: [Security DEBUG] Whitelist contains: ["127.0.0.1","::1","::ffff:127.0.0.1","100.106.100.125","::ffff:100.106.100.125","100.123.73.85","::ffff:100.123.73.85"]
2026-05-04 15:34:35:3435 info: [Security DEBUG] Request to /internal/api/v1/verify-ship/7/0x2da351d8d5840415025c35a7c843a0dfa6e4b89b
2026-05-04 15:34:35:3435 info: [Security DEBUG] req.ip detected as: ::1
2026-05-04 15:34:35:3435 info: [Security DEBUG] Whitelist contains: ["127.0.0.1","::1","::ffff:127.0.0.1","100.106.100.125","::ffff:100.106.100.125","100.123.73.85","::ffff:100.123.73.85"]
2026-05-04 15:34:54:3454 info: [TOKEN-FETCHER]: Found a total of 6 ships for wallet 0x2da351d8d5840415025c35a7c843a0dfa6e4b89b
2026-05-04 15:34:58:3458 info: [PILOTS-OWNERS-TRACKER] 🔍 STRUCTURE DEBUG (First Item):
2026-05-04 15:34:58:3458 info: {
  "ownerAddress": "0x1Bf89d442D9f30858dCCD6ffA6500E0Bfc78eb43",
  "tokenBalances": [
    {
      "tokenId": "1",
      "balance": "1"
    }
  ]
}
2026-05-04 15:34:58:3458 info: [PILOTS-OWNERS-TRACKER]: Успешно получено 2 владельцев PilotNFT.
2026-05-04 15:34:58:3458 info: [PILOTS-OWNERS-TRACKER]: Список владельцев в Redis обновлен. Владельцев: 2.
2026-05-04 15:35:10:3510 warn: Получен сигнал SIGINT. Начинаю грациозное завершение web3server...
2026-05-04 15:35:10:3510 info: Остановка прослушивания событий блокчейна...
2026-05-04 15:35:10:3510 info: [Listener] Остановка сервиса...
2026-05-04 15:35:10:3510 info: Закрытие соединения с Redis...
2026-05-04 15:35:10:3510 info: Закрытие соединения с dbserver...
2026-05-04 15:35:10:3510 info: Закрытие WebSocket-соединения с блокчейн-провайдером...
2026-05-04 15:35:10:3510 info: HTTP-сервер больше не принимает новые соединения.
2026-05-04 15:35:10:3510 warn: Web3Server: WebSocket connection closed with code 1006, reason: 
2026-05-04 15:35:10:3510 error: Web3Server: Disconnected from dbServer
2026-05-04 15:35:16:3516 info: Web3Server: Connected to dbServer
2026-05-04 15:35:16:3516 error: Web3Server: Disconnected from dbServer
2026-05-04 15:35:16:3516 info: Web3Server: Successfully connected to Redis.
2026-05-04 15:35:17:3517 info: Web3Server: Connected to dbServer
2026-05-04 15:35:17:3517 error: Web3Server: Disconnected from dbServer
2026-05-04 15:35:18:3518 info: Web3Server: Connected to dbServer
2026-05-04 15:35:18:3518 info: Web3Server: Successfully identified with dbServer
2026-05-04 15:35:19:3519 info: Web3Server: Blockchain provider successfully initialized.
2026-05-04 15:35:19:3519 info: Web3Server: Read-only contracts successfully initialized.
2026-05-04 15:35:20:3520 info: Web3Server: WebSocket connection to RPC provider is open.
2026-05-04 15:35:20:3520 info: Web3Server: Blockchain provider connected.
2026-05-04 15:35:20:3520 info: [Listener] Включение Real-time (WebSocket)...
2026-05-04 15:35:21:3521 info: Обработчики грациозного завершения для web3server инициализированы.
2026-05-04 15:35:21:3521 info: Web3Server запущен на порту 3000
2026-05-04 15:35:22:3522 info: [PILOTS-OWNERS-TRACKER] 🔍 STRUCTURE DEBUG (First Item):
2026-05-04 15:35:22:3522 info: {
  "ownerAddress": "0x1Bf89d442D9f30858dCCD6ffA6500E0Bfc78eb43",
  "tokenBalances": [
    {
      "tokenId": "1",
      "balance": "1"
    }
  ]
}
2026-05-04 15:35:22:3522 info: [PILOTS-OWNERS-TRACKER]: Успешно получено 2 владельцев PilotNFT.
2026-05-04 15:35:22:3522 info: [PILOTS-OWNERS-TRACKER]: Список владельцев в Redis обновлен. Владельцев: 2.
2026-05-04 15:35:22:3522 info: [PILOTS-OWNERS-TRACKER]: Запущено периодическое обновление списка владельцев PilotNFT (интервал: 60 сек)
2026-05-04 15:35:33:3533 info: [TOKEN-FETCHER]: Found a total of 6 ships for wallet 0x2da351d8d5840415025c35a7c843a0dfa6e4b89b
2026-05-04 15:35:36:3536 info: [Security DEBUG] Request to /internal/api/v1/verify-pilot/0/0x2da351d8d5840415025c35a7c843a0dfa6e4b89b
2026-05-04 15:35:36:3536 info: [Security DEBUG] req.ip detected as: ::1
2026-05-04 15:35:36:3536 info: [Security DEBUG] Whitelist contains: ["127.0.0.1","::1","::ffff:127.0.0.1","100.106.100.125","::ffff:100.106.100.125","100.123.73.85","::ffff:100.123.73.85"]
2026-05-04 15:35:36:3536 info: [Security DEBUG] Request to /internal/api/v1/verify-ship/2/0x2da351d8d5840415025c35a7c843a0dfa6e4b89b
2026-05-04 15:35:36:3536 info: [Security DEBUG] req.ip detected as: ::1
2026-05-04 15:35:36:3536 info: [Security DEBUG] Whitelist contains: ["127.0.0.1","::1","::ffff:127.0.0.1","100.106.100.125","::ffff:100.106.100.125","100.123.73.85","::ffff:100.123.73.85"]
2026-05-04 15:36:20:3620 warn: Получен сигнал SIGINT. Начинаю грациозное завершение web3server...
2026-05-04 15:36:20:3620 info: Остановка прослушивания событий блокчейна...
2026-05-04 15:36:20:3620 info: [Listener] Остановка сервиса...
2026-05-04 15:36:20:3620 info: Закрытие соединения с Redis...
2026-05-04 15:36:20:3620 info: Закрытие соединения с dbserver...
2026-05-04 15:36:20:3620 info: Закрытие WebSocket-соединения с блокчейн-провайдером...
2026-05-04 15:36:20:3620 info: HTTP-сервер больше не принимает новые соединения.
2026-05-04 15:36:20:3620 warn: Web3Server: WebSocket connection closed with code 1006, reason: 
2026-05-04 15:36:29:3629 info: Web3Server: Connected to dbServer
2026-05-04 15:36:29:3629 error: Web3Server: Disconnected from dbServer
2026-05-04 15:36:29:3629 info: Web3Server: Successfully connected to Redis.
2026-05-04 15:36:30:3630 info: Web3Server: Connected to dbServer
2026-05-04 15:36:30:3630 error: Web3Server: Disconnected from dbServer
2026-05-04 15:36:31:3631 info: Web3Server: Connected to dbServer
2026-05-04 15:36:31:3631 info: Web3Server: Successfully identified with dbServer
2026-05-04 15:36:32:3632 info: Web3Server: Blockchain provider successfully initialized.
2026-05-04 15:36:32:3632 info: Web3Server: Read-only contracts successfully initialized.
2026-05-04 15:36:34:3634 info: Web3Server: WebSocket connection to RPC provider is open.
2026-05-04 15:36:34:3634 info: Web3Server: Blockchain provider connected.
2026-05-04 15:36:34:3634 info: [Listener] Включение Real-time (WebSocket)...
2026-05-04 15:36:34:3634 info: Обработчики грациозного завершения для web3server инициализированы.
2026-05-04 15:36:34:3634 info: Web3Server запущен на порту 3000
2026-05-04 15:36:35:3635 info: [PILOTS-OWNERS-TRACKER] 🔍 STRUCTURE DEBUG (First Item):
2026-05-04 15:36:35:3635 info: {
  "ownerAddress": "0x1Bf89d442D9f30858dCCD6ffA6500E0Bfc78eb43",
  "tokenBalances": [
    {
      "tokenId": "1",
      "balance": "1"
    }
  ]
}
2026-05-04 15:36:35:3635 info: [PILOTS-OWNERS-TRACKER]: Успешно получено 2 владельцев PilotNFT.
2026-05-04 15:36:35:3635 info: [PILOTS-OWNERS-TRACKER]: Список владельцев в Redis обновлен. Владельцев: 2.
2026-05-04 15:36:35:3635 info: [PILOTS-OWNERS-TRACKER]: Запущено периодическое обновление списка владельцев PilotNFT (интервал: 60 сек)
2026-05-04 15:36:41:3641 info: [TOKEN-FETCHER]: Found a total of 6 ships for wallet 0x2da351d8d5840415025c35a7c843a0dfa6e4b89b
2026-05-04 15:36:45:3645 info: [Security DEBUG] Request to /internal/api/v1/verify-pilot/0/0x2da351d8d5840415025c35a7c843a0dfa6e4b89b
2026-05-04 15:36:45:3645 info: [Security DEBUG] req.ip detected as: ::1
2026-05-04 15:36:45:3645 info: [Security DEBUG] Whitelist contains: ["127.0.0.1","::1","::ffff:127.0.0.1","100.106.100.125","::ffff:100.106.100.125","100.123.73.85","::ffff:100.123.73.85"]
2026-05-04 15:36:45:3645 info: [Security DEBUG] Request to /internal/api/v1/verify-ship/2/0x2da351d8d5840415025c35a7c843a0dfa6e4b89b
2026-05-04 15:36:45:3645 info: [Security DEBUG] req.ip detected as: ::1
2026-05-04 15:36:45:3645 info: [Security DEBUG] Whitelist contains: ["127.0.0.1","::1","::ffff:127.0.0.1","100.106.100.125","::ffff:100.106.100.125","100.123.73.85","::ffff:100.123.73.85"]
2026-05-04 15:37:23:3723 info: [TOKEN-FETCHER]: Found a total of 6 ships for wallet 0x2da351d8d5840415025c35a7c843a0dfa6e4b89b
2026-05-04 15:37:36:3736 info: [PILOTS-OWNERS-TRACKER] 🔍 STRUCTURE DEBUG (First Item):
2026-05-04 15:37:36:3736 info: {
  "ownerAddress": "0x1Bf89d442D9f30858dCCD6ffA6500E0Bfc78eb43",
  "tokenBalances": [
    {
      "tokenId": "1",
      "balance": "1"
    }
  ]
}
2026-05-04 15:37:36:3736 info: [PILOTS-OWNERS-TRACKER]: Успешно получено 2 владельцев PilotNFT.
2026-05-04 15:37:36:3736 info: [PILOTS-OWNERS-TRACKER]: Список владельцев в Redis обновлен. Владельцев: 2.
2026-05-04 15:37:46:3746 info: [Security DEBUG] Request to /internal/api/v1/verify-pilot/0/0x2da351d8d5840415025c35a7c843a0dfa6e4b89b
2026-05-04 15:37:46:3746 info: [Security DEBUG] req.ip detected as: ::1
2026-05-04 15:37:46:3746 info: [Security DEBUG] Whitelist contains: ["127.0.0.1","::1","::ffff:127.0.0.1","100.106.100.125","::ffff:100.106.100.125","100.123.73.85","::ffff:100.123.73.85"]
2026-05-04 15:37:46:3746 info: [Security DEBUG] Request to /internal/api/v1/verify-ship/7/0x2da351d8d5840415025c35a7c843a0dfa6e4b89b
2026-05-04 15:37:46:3746 info: [Security DEBUG] req.ip detected as: ::1
2026-05-04 15:37:46:3746 info: [Security DEBUG] Whitelist contains: ["127.0.0.1","::1","::ffff:127.0.0.1","100.106.100.125","::ffff:100.106.100.125","100.123.73.85","::ffff:100.123.73.85"]
2026-05-04 15:38:26:3826 info: [TOKEN-FETCHER]: Found a total of 6 ships for wallet 0x2da351d8d5840415025c35a7c843a0dfa6e4b89b
2026-05-04 15:38:36:3836 info: [PILOTS-OWNERS-TRACKER] 🔍 STRUCTURE DEBUG (First Item):
2026-05-04 15:38:36:3836 info: {
  "ownerAddress": "0x1Bf89d442D9f30858dCCD6ffA6500E0Bfc78eb43",
  "tokenBalances": [
    {
      "tokenId": "1",
      "balance": "1"
    }
  ]
}
2026-05-04 15:38:36:3836 info: [PILOTS-OWNERS-TRACKER]: Успешно получено 2 владельцев PilotNFT.
2026-05-04 15:38:36:3836 info: [PILOTS-OWNERS-TRACKER]: Список владельцев в Redis обновлен. Владельцев: 2.
2026-05-04 15:39:36:3936 info: [PILOTS-OWNERS-TRACKER] 🔍 STRUCTURE DEBUG (First Item):
2026-05-04 15:39:36:3936 info: {
  "ownerAddress": "0x1Bf89d442D9f30858dCCD6ffA6500E0Bfc78eb43",
  "tokenBalances": [
    {
      "tokenId": "1",
      "balance": "1"
    }
  ]
}
2026-05-04 15:39:36:3936 info: [PILOTS-OWNERS-TRACKER]: Успешно получено 2 владельцев PilotNFT.
2026-05-04 15:39:36:3936 info: [PILOTS-OWNERS-TRACKER]: Список владельцев в Redis обновлен. Владельцев: 2.
2026-05-04 15:40:36:4036 info: [PILOTS-OWNERS-TRACKER] 🔍 STRUCTURE DEBUG (First Item):
2026-05-04 15:40:36:4036 info: {
  "ownerAddress": "0x1Bf89d442D9f30858dCCD6ffA6500E0Bfc78eb43",
  "tokenBalances": [
    {
      "tokenId": "1",
      "balance": "1"
    }
  ]
}
2026-05-04 15:40:36:4036 info: [PILOTS-OWNERS-TRACKER]: Успешно получено 2 владельцев PilotNFT.
2026-05-04 15:40:36:4036 info: [PILOTS-OWNERS-TRACKER]: Список владельцев в Redis обновлен. Владельцев: 2.
2026-05-04 15:41:36:4136 info: [PILOTS-OWNERS-TRACKER] 🔍 STRUCTURE DEBUG (First Item):
2026-05-04 15:41:36:4136 info: {
  "ownerAddress": "0x1Bf89d442D9f30858dCCD6ffA6500E0Bfc78eb43",
  "tokenBalances": [
    {
      "tokenId": "1",
      "balance": "1"
    }
  ]
}
2026-05-04 15:41:36:4136 info: [PILOTS-OWNERS-TRACKER]: Успешно получено 2 владельцев PilotNFT.
2026-05-04 15:41:36:4136 info: [PILOTS-OWNERS-TRACKER]: Список владельцев в Redis обновлен. Владельцев: 2.
2026-05-04 15:42:36:4236 info: [PILOTS-OWNERS-TRACKER] 🔍 STRUCTURE DEBUG (First Item):
2026-05-04 15:42:36:4236 info: {
  "ownerAddress": "0x1Bf89d442D9f30858dCCD6ffA6500E0Bfc78eb43",
  "tokenBalances": [
    {
      "tokenId": "1",
      "balance": "1"
    }
  ]
}
2026-05-04 15:42:36:4236 info: [PILOTS-OWNERS-TRACKER]: Успешно получено 2 владельцев PilotNFT.
2026-05-04 15:42:36:4236 info: [PILOTS-OWNERS-TRACKER]: Список владельцев в Redis обновлен. Владельцев: 2.
2026-05-04 15:43:37:4337 info: [PILOTS-OWNERS-TRACKER] 🔍 STRUCTURE DEBUG (First Item):
2026-05-04 15:43:37:4337 info: {
  "ownerAddress": "0x1Bf89d442D9f30858dCCD6ffA6500E0Bfc78eb43",
  "tokenBalances": [
    {
      "tokenId": "1",
      "balance": "1"
    }
  ]
}
2026-05-04 15:43:37:4337 info: [PILOTS-OWNERS-TRACKER]: Успешно получено 2 владельцев PilotNFT.
2026-05-04 15:43:37:4337 info: [PILOTS-OWNERS-TRACKER]: Список владельцев в Redis обновлен. Владельцев: 2.
2026-05-04 15:44:37:4437 info: [PILOTS-OWNERS-TRACKER] 🔍 STRUCTURE DEBUG (First Item):
2026-05-04 15:44:37:4437 info: {
  "ownerAddress": "0x1Bf89d442D9f30858dCCD6ffA6500E0Bfc78eb43",
  "tokenBalances": [
    {
      "tokenId": "1",
      "balance": "1"
    }
  ]
}
2026-05-04 15:44:37:4437 info: [PILOTS-OWNERS-TRACKER]: Успешно получено 2 владельцев PilotNFT.
2026-05-04 15:44:37:4437 info: [PILOTS-OWNERS-TRACKER]: Список владельцев в Redis обновлен. Владельцев: 2.
2026-05-04 15:45:34:4534 warn: Получен сигнал SIGINT. Начинаю грациозное завершение web3server...
2026-05-04 15:45:34:4534 info: Остановка прослушивания событий блокчейна...
2026-05-04 15:45:34:4534 info: [Listener] Остановка сервиса...
2026-05-04 15:45:34:4534 info: Закрытие соединения с Redis...
2026-05-04 15:45:34:4534 info: Закрытие соединения с dbserver...
2026-05-04 15:45:34:4534 info: Закрытие WebSocket-соединения с блокчейн-провайдером...
2026-05-04 15:45:34:4534 info: HTTP-сервер больше не принимает новые соединения.
2026-05-04 15:45:34:4534 warn: Web3Server: WebSocket connection closed with code 1006, reason: 
2026-05-04 15:45:34:4534 error: Web3Server: Disconnected from dbServer
2026-05-04 15:49:26:4926 info: Web3Server: Connected to dbServer
2026-05-04 15:49:26:4926 error: Web3Server: Disconnected from dbServer
2026-05-04 15:49:26:4926 info: Web3Server: Successfully connected to Redis.
2026-05-04 15:49:28:4928 info: Web3Server: Connected to dbServer
2026-05-04 15:49:28:4928 info: Web3Server: Successfully identified with dbServer
2026-05-04 15:49:28:4928 info: Web3Server: Blockchain provider successfully initialized.
2026-05-04 15:49:28:4928 info: Web3Server: Read-only contracts successfully initialized.
2026-05-04 15:49:30:4930 info: Web3Server: WebSocket connection to RPC provider is open.
2026-05-04 15:49:30:4930 info: Web3Server: Blockchain provider connected.
2026-05-04 15:49:30:4930 info: [Listener] Включение Real-time (WebSocket)...
2026-05-04 15:49:30:4930 info: Обработчики грациозного завершения для web3server инициализированы.
2026-05-04 15:49:30:4930 info: Web3Server запущен на порту 3000
2026-05-04 15:49:31:4931 info: [PILOTS-OWNERS-TRACKER] 🔍 STRUCTURE DEBUG (First Item):
2026-05-04 15:49:31:4931 info: {
  "ownerAddress": "0x1Bf89d442D9f30858dCCD6ffA6500E0Bfc78eb43",
  "tokenBalances": [
    {
      "tokenId": "1",
      "balance": "1"
    }
  ]
}
2026-05-04 15:49:31:4931 info: [PILOTS-OWNERS-TRACKER]: Успешно получено 2 владельцев PilotNFT.
2026-05-04 15:49:31:4931 info: [PILOTS-OWNERS-TRACKER]: Список владельцев в Redis обновлен. Владельцев: 2.
2026-05-04 15:49:31:4931 info: [PILOTS-OWNERS-TRACKER]: Запущено периодическое обновление списка владельцев PilotNFT (интервал: 60 сек)
2026-05-04 15:50:33:5033 info: [PILOTS-OWNERS-TRACKER] 🔍 STRUCTURE DEBUG (First Item):
2026-05-04 15:50:33:5033 info: {
  "ownerAddress": "0x1Bf89d442D9f30858dCCD6ffA6500E0Bfc78eb43",
  "tokenBalances": [
    {
      "tokenId": "1",
      "balance": "1"
    }
  ]
}
2026-05-04 15:50:33:5033 info: [PILOTS-OWNERS-TRACKER]: Успешно получено 2 владельцев PilotNFT.
2026-05-04 15:50:33:5033 info: [PILOTS-OWNERS-TRACKER]: Список владельцев в Redis обновлен. Владельцев: 2.
2026-05-04 15:51:33:5133 info: [PILOTS-OWNERS-TRACKER] 🔍 STRUCTURE DEBUG (First Item):
2026-05-04 15:51:33:5133 info: {
  "ownerAddress": "0x1Bf89d442D9f30858dCCD6ffA6500E0Bfc78eb43",
  "tokenBalances": [
    {
      "tokenId": "1",
      "balance": "1"
    }
  ]
}
2026-05-04 15:51:33:5133 info: [PILOTS-OWNERS-TRACKER]: Успешно получено 2 владельцев PilotNFT.
2026-05-04 15:51:33:5133 info: [PILOTS-OWNERS-TRACKER]: Список владельцев в Redis обновлен. Владельцев: 2.
2026-05-04 15:52:33:5233 info: [PILOTS-OWNERS-TRACKER] 🔍 STRUCTURE DEBUG (First Item):
2026-05-04 15:52:33:5233 info: {
  "ownerAddress": "0x1Bf89d442D9f30858dCCD6ffA6500E0Bfc78eb43",
  "tokenBalances": [
    {
      "tokenId": "1",
      "balance": "1"
    }
  ]
}
2026-05-04 15:52:33:5233 info: [PILOTS-OWNERS-TRACKER]: Успешно получено 2 владельцев PilotNFT.
2026-05-04 15:52:33:5233 info: [PILOTS-OWNERS-TRACKER]: Список владельцев в Redis обновлен. Владельцев: 2.
2026-05-04 15:53:27:5327 warn: Web3Server: WebSocket connection closed with code 1006, reason: 
2026-05-04 15:53:32:5332 info: [PILOTS-OWNERS-TRACKER] 🔍 STRUCTURE DEBUG (First Item):
2026-05-04 15:53:32:5332 info: {
  "ownerAddress": "0x1Bf89d442D9f30858dCCD6ffA6500E0Bfc78eb43",
  "tokenBalances": [
    {
      "tokenId": "1",
      "balance": "1"
    }
  ]
}
2026-05-04 15:53:32:5332 info: [PILOTS-OWNERS-TRACKER]: Успешно получено 2 владельцев PilotNFT.
2026-05-04 15:53:32:5332 info: [PILOTS-OWNERS-TRACKER]: Список владельцев в Redis обновлен. Владельцев: 2.
2026-05-04 15:53:37:5337 info: Web3Server: Blockchain provider successfully initialized.
2026-05-04 15:53:37:5337 info: Web3Server: Read-only contracts successfully initialized.
2026-05-04 15:53:37:5337 info: Web3Server: WebSocket connection to RPC provider is open.
2026-05-04 15:53:37:5337 info: [Listener] Сигнал реконнекта. Перезапуск...
2026-05-04 15:53:37:5337 info: [Listener] Остановка сервиса...
2026-05-04 15:53:37:5337 info: [Listener] Включение Real-time (WebSocket)...
2026-05-04 15:53:38:5338 warn: [Listener] Сервис уже работает.
2026-05-04 15:54:10:5410 warn: Получен сигнал SIGINT. Начинаю грациозное завершение web3server...
2026-05-04 15:54:10:5410 info: Остановка прослушивания событий блокчейна...
2026-05-04 15:54:10:5410 info: [Listener] Остановка сервиса...
2026-05-04 15:54:10:5410 info: Закрытие соединения с Redis...
2026-05-04 15:54:10:5410 info: Закрытие соединения с dbserver...
2026-05-04 15:54:10:5410 info: Закрытие WebSocket-соединения с блокчейн-провайдером...
2026-05-04 15:54:10:5410 info: HTTP-сервер больше не принимает новые соединения.
2026-05-04 15:54:10:5410 warn: Web3Server: WebSocket connection closed with code 1006, reason: 
2026-05-04 15:54:10:5410 error: Web3Server: Disconnected from dbServer
2026-05-04 15:54:18:5418 info: Web3Server: Connected to dbServer
2026-05-04 15:54:18:5418 error: Web3Server: Disconnected from dbServer
2026-05-04 15:54:18:5418 info: Web3Server: Successfully connected to Redis.
2026-05-04 15:54:19:5419 info: Web3Server: Connected to dbServer
2026-05-04 15:54:19:5419 info: Web3Server: Successfully identified with dbServer
2026-05-04 15:54:19:5419 info: Web3Server: Blockchain provider successfully initialized.
2026-05-04 15:54:19:5419 info: Web3Server: Read-only contracts successfully initialized.
2026-05-04 15:54:19:5419 info: Web3Server: WebSocket connection to RPC provider is open.
2026-05-04 15:54:19:5419 info: Web3Server: Blockchain provider connected.
2026-05-04 15:54:19:5419 info: [Listener] Включение Real-time (WebSocket)...
2026-05-04 15:54:19:5419 info: Обработчики грациозного завершения для web3server инициализированы.
2026-05-04 15:54:19:5419 info: Web3Server запущен на порту 3000
2026-05-04 15:54:20:5420 info: [PILOTS-OWNERS-TRACKER] 🔍 STRUCTURE DEBUG (First Item):
2026-05-04 15:54:20:5420 info: {
  "ownerAddress": "0x1Bf89d442D9f30858dCCD6ffA6500E0Bfc78eb43",
  "tokenBalances": [
    {
      "tokenId": "1",
      "balance": "1"
    }
  ]
}
2026-05-04 15:54:20:5420 info: [PILOTS-OWNERS-TRACKER]: Успешно получено 2 владельцев PilotNFT.
2026-05-04 15:54:20:5420 info: [PILOTS-OWNERS-TRACKER]: Список владельцев в Redis обновлен. Владельцев: 2.
2026-05-04 15:54:20:5420 info: [PILOTS-OWNERS-TRACKER]: Запущено периодическое обновление списка владельцев PilotNFT (интервал: 60 сек)
2026-05-04 15:55:21:5521 info: [PILOTS-OWNERS-TRACKER] 🔍 STRUCTURE DEBUG (First Item):
2026-05-04 15:55:21:5521 info: {
  "ownerAddress": "0x1Bf89d442D9f30858dCCD6ffA6500E0Bfc78eb43",
  "tokenBalances": [
    {
      "tokenId": "1",
      "balance": "1"
    }
  ]
}
2026-05-04 15:55:21:5521 info: [PILOTS-OWNERS-TRACKER]: Успешно получено 2 владельцев PilotNFT.
2026-05-04 15:55:21:5521 info: [PILOTS-OWNERS-TRACKER]: Список владельцев в Redis обновлен. Владельцев: 2.
2026-05-04 15:56:14:5614 warn: Получен сигнал SIGINT. Начинаю грациозное завершение web3server...
2026-05-04 15:56:14:5614 info: Остановка прослушивания событий блокчейна...
2026-05-04 15:56:14:5614 info: [Listener] Остановка сервиса...
2026-05-04 15:56:14:5614 info: Закрытие соединения с Redis...
2026-05-04 15:56:14:5614 info: Закрытие соединения с dbserver...
2026-05-04 15:56:14:5614 info: Закрытие WebSocket-соединения с блокчейн-провайдером...
2026-05-04 15:56:14:5614 info: HTTP-сервер больше не принимает новые соединения.
2026-05-04 16:08:18:818 info: Web3Server: Connected to dbServer
2026-05-04 16:08:18:818 error: Web3Server: Disconnected from dbServer
2026-05-04 16:08:18:818 info: Web3Server: Successfully connected to Redis.
2026-05-04 16:08:19:819 info: Web3Server: Connected to dbServer
2026-05-04 16:08:19:819 info: Web3Server: Successfully identified with dbServer
2026-05-04 16:08:20:820 info: Web3Server: Blockchain provider successfully initialized.
2026-05-04 16:08:20:820 info: Web3Server: Read-only contracts successfully initialized.
2026-05-04 16:08:22:822 info: Web3Server: WebSocket connection to RPC provider is open.
2026-05-04 16:08:22:822 info: Web3Server: Blockchain provider connected.
2026-05-04 16:08:22:822 info: [Listener] Включение Real-time (WebSocket)...
2026-05-04 16:08:22:822 info: Обработчики грациозного завершения для web3server инициализированы.
2026-05-04 16:08:22:822 info: Web3Server запущен на порту 3000
2026-05-04 16:08:23:823 info: [PILOTS-OWNERS-TRACKER] 🔍 STRUCTURE DEBUG (First Item):
2026-05-04 16:08:23:823 info: {
  "ownerAddress": "0x1Bf89d442D9f30858dCCD6ffA6500E0Bfc78eb43",
  "tokenBalances": [
    {
      "tokenId": "1",
      "balance": "1"
    }
  ]
}
2026-05-04 16:08:23:823 info: [PILOTS-OWNERS-TRACKER]: Успешно получено 2 владельцев PilotNFT.
2026-05-04 16:08:23:823 info: [PILOTS-OWNERS-TRACKER]: Список владельцев в Redis обновлен. Владельцев: 2.
2026-05-04 16:08:23:823 info: [PILOTS-OWNERS-TRACKER]: Запущено периодическое обновление списка владельцев PilotNFT (интервал: 60 сек)
2026-05-04 16:09:24:924 info: [PILOTS-OWNERS-TRACKER] 🔍 STRUCTURE DEBUG (First Item):
2026-05-04 16:09:24:924 info: {
  "ownerAddress": "0x1Bf89d442D9f30858dCCD6ffA6500E0Bfc78eb43",
  "tokenBalances": [
    {
      "tokenId": "1",
      "balance": "1"
    }
  ]
}
2026-05-04 16:09:24:924 info: [PILOTS-OWNERS-TRACKER]: Успешно получено 2 владельцев PilotNFT.
2026-05-04 16:09:24:924 info: [PILOTS-OWNERS-TRACKER]: Список владельцев в Redis обновлен. Владельцев: 2.
2026-05-04 16:10:24:1024 info: [PILOTS-OWNERS-TRACKER] 🔍 STRUCTURE DEBUG (First Item):
2026-05-04 16:10:24:1024 info: {
  "ownerAddress": "0x1Bf89d442D9f30858dCCD6ffA6500E0Bfc78eb43",
  "tokenBalances": [
    {
      "tokenId": "1",
      "balance": "1"
    }
  ]
}
2026-05-04 16:10:24:1024 info: [PILOTS-OWNERS-TRACKER]: Успешно получено 2 владельцев PilotNFT.
2026-05-04 16:10:24:1024 info: [PILOTS-OWNERS-TRACKER]: Список владельцев в Redis обновлен. Владельцев: 2.
2026-05-04 16:11:24:1124 info: [PILOTS-OWNERS-TRACKER] 🔍 STRUCTURE DEBUG (First Item):
2026-05-04 16:11:24:1124 info: {
  "ownerAddress": "0x1Bf89d442D9f30858dCCD6ffA6500E0Bfc78eb43",
  "tokenBalances": [
    {
      "tokenId": "1",
      "balance": "1"
    }
  ]
}
2026-05-04 16:11:24:1124 info: [PILOTS-OWNERS-TRACKER]: Успешно получено 2 владельцев PilotNFT.
2026-05-04 16:11:24:1124 info: [PILOTS-OWNERS-TRACKER]: Список владельцев в Redis обновлен. Владельцев: 2.
2026-05-04 16:12:24:1224 info: [PILOTS-OWNERS-TRACKER] 🔍 STRUCTURE DEBUG (First Item):
2026-05-04 16:12:24:1224 info: {
  "ownerAddress": "0x1Bf89d442D9f30858dCCD6ffA6500E0Bfc78eb43",
  "tokenBalances": [
    {
      "tokenId": "1",
      "balance": "1"
    }
  ]
}
2026-05-04 16:12:24:1224 info: [PILOTS-OWNERS-TRACKER]: Успешно получено 2 владельцев PilotNFT.
2026-05-04 16:12:24:1224 info: [PILOTS-OWNERS-TRACKER]: Список владельцев в Redis обновлен. Владельцев: 2.
2026-05-04 16:13:24:1324 info: [PILOTS-OWNERS-TRACKER] 🔍 STRUCTURE DEBUG (First Item):
2026-05-04 16:13:24:1324 info: {
  "ownerAddress": "0x1Bf89d442D9f30858dCCD6ffA6500E0Bfc78eb43",
  "tokenBalances": [
    {
      "tokenId": "1",
      "balance": "1"
    }
  ]
}
2026-05-04 16:13:24:1324 info: [PILOTS-OWNERS-TRACKER]: Успешно получено 2 владельцев PilotNFT.
2026-05-04 16:13:24:1324 info: [PILOTS-OWNERS-TRACKER]: Список владельцев в Redis обновлен. Владельцев: 2.
2026-05-04 16:13:42:1342 warn: Получен сигнал SIGINT. Начинаю грациозное завершение web3server...
2026-05-04 16:13:42:1342 info: Остановка прослушивания событий блокчейна...
2026-05-04 16:13:42:1342 info: [Listener] Остановка сервиса...
2026-05-04 16:13:42:1342 info: Закрытие соединения с Redis...
2026-05-04 16:13:42:1342 info: Закрытие соединения с dbserver...
2026-05-04 16:13:42:1342 info: Закрытие WebSocket-соединения с блокчейн-провайдером...
2026-05-04 16:13:42:1342 info: HTTP-сервер больше не принимает новые соединения.
2026-05-04 16:13:42:1342 warn: Web3Server: WebSocket connection closed with code 1006, reason: 
2026-05-04 16:13:42:1342 error: Web3Server: Disconnected from dbServer
2026-05-04 16:13:50:1350 info: Web3Server: Connected to dbServer
2026-05-04 16:13:50:1350 error: Web3Server: Disconnected from dbServer
2026-05-04 16:13:50:1350 info: Web3Server: Successfully connected to Redis.
2026-05-04 16:13:51:1351 info: Web3Server: Connected to dbServer
2026-05-04 16:13:51:1351 error: Web3Server: Disconnected from dbServer
2026-05-04 16:13:52:1352 info: Web3Server: Connected to dbServer
2026-05-04 16:13:52:1352 error: Web3Server: Disconnected from dbServer
2026-05-04 16:13:53:1353 info: Web3Server: Connected to dbServer
2026-05-04 16:13:53:1353 error: Web3Server: Disconnected from dbServer
2026-05-04 16:13:54:1354 info: Web3Server: Connected to dbServer
2026-05-04 16:13:54:1354 error: Web3Server: Disconnected from dbServer
2026-05-04 16:13:55:1355 info: Web3Server: Connected to dbServer
2026-05-04 16:13:55:1355 info: Web3Server: Successfully identified with dbServer
2026-05-04 16:13:56:1356 info: Web3Server: Blockchain provider successfully initialized.
2026-05-04 16:13:56:1356 info: Web3Server: Read-only contracts successfully initialized.
2026-05-04 16:13:57:1357 info: Web3Server: WebSocket connection to RPC provider is open.
2026-05-04 16:13:57:1357 info: Web3Server: Blockchain provider connected.
2026-05-04 16:13:57:1357 info: [Listener] Включение Real-time (WebSocket)...
2026-05-04 16:13:57:1357 info: Обработчики грациозного завершения для web3server инициализированы.
2026-05-04 16:13:57:1357 info: Web3Server запущен на порту 3000
2026-05-04 16:13:59:1359 info: [PILOTS-OWNERS-TRACKER] 🔍 STRUCTURE DEBUG (First Item):
2026-05-04 16:13:59:1359 info: {
  "ownerAddress": "0x1Bf89d442D9f30858dCCD6ffA6500E0Bfc78eb43",
  "tokenBalances": [
    {
      "tokenId": "1",
      "balance": "1"
    }
  ]
}
2026-05-04 16:13:59:1359 info: [PILOTS-OWNERS-TRACKER]: Успешно получено 2 владельцев PilotNFT.
2026-05-04 16:13:59:1359 info: [PILOTS-OWNERS-TRACKER]: Список владельцев в Redis обновлен. Владельцев: 2.
2026-05-04 16:13:59:1359 info: [PILOTS-OWNERS-TRACKER]: Запущено периодическое обновление списка владельцев PilotNFT (интервал: 60 сек)
2026-05-04 16:15:00:150 info: [PILOTS-OWNERS-TRACKER] 🔍 STRUCTURE DEBUG (First Item):
2026-05-04 16:15:00:150 info: {
  "ownerAddress": "0x1Bf89d442D9f30858dCCD6ffA6500E0Bfc78eb43",
  "tokenBalances": [
    {
      "tokenId": "1",
      "balance": "1"
    }
  ]
}
2026-05-04 16:15:00:150 info: [PILOTS-OWNERS-TRACKER]: Успешно получено 2 владельцев PilotNFT.
2026-05-04 16:15:00:150 info: [PILOTS-OWNERS-TRACKER]: Список владельцев в Redis обновлен. Владельцев: 2.
2026-05-04 16:16:00:160 info: [PILOTS-OWNERS-TRACKER] 🔍 STRUCTURE DEBUG (First Item):
2026-05-04 16:16:00:160 info: {
  "ownerAddress": "0x1Bf89d442D9f30858dCCD6ffA6500E0Bfc78eb43",
  "tokenBalances": [
    {
      "tokenId": "1",
      "balance": "1"
    }
  ]
}
2026-05-04 16:16:00:160 info: [PILOTS-OWNERS-TRACKER]: Успешно получено 2 владельцев PilotNFT.
2026-05-04 16:16:00:160 info: [PILOTS-OWNERS-TRACKER]: Список владельцев в Redis обновлен. Владельцев: 2.
2026-05-04 16:17:01:171 info: [PILOTS-OWNERS-TRACKER] 🔍 STRUCTURE DEBUG (First Item):
2026-05-04 16:17:01:171 info: {
  "ownerAddress": "0x1Bf89d442D9f30858dCCD6ffA6500E0Bfc78eb43",
  "tokenBalances": [
    {
      "tokenId": "1",
      "balance": "1"
    }
  ]
}
2026-05-04 16:17:01:171 info: [PILOTS-OWNERS-TRACKER]: Успешно получено 2 владельцев PilotNFT.
2026-05-04 16:17:01:171 info: [PILOTS-OWNERS-TRACKER]: Список владельцев в Redis обновлен. Владельцев: 2.
2026-05-04 16:18:02:182 info: [PILOTS-OWNERS-TRACKER] 🔍 STRUCTURE DEBUG (First Item):
2026-05-04 16:18:02:182 info: {
  "ownerAddress": "0x1Bf89d442D9f30858dCCD6ffA6500E0Bfc78eb43",
  "tokenBalances": [
    {
      "tokenId": "1",
      "balance": "1"
    }
  ]
}
2026-05-04 16:18:02:182 info: [PILOTS-OWNERS-TRACKER]: Успешно получено 2 владельцев PilotNFT.
2026-05-04 16:18:02:182 info: [PILOTS-OWNERS-TRACKER]: Список владельцев в Redis обновлен. Владельцев: 2.
2026-05-04 16:19:00:190 info: [PILOTS-OWNERS-TRACKER] 🔍 STRUCTURE DEBUG (First Item):
2026-05-04 16:19:00:190 info: {
  "ownerAddress": "0x1Bf89d442D9f30858dCCD6ffA6500E0Bfc78eb43",
  "tokenBalances": [
    {
      "tokenId": "1",
      "balance": "1"
    }
  ]
}
2026-05-04 16:19:00:190 info: [PILOTS-OWNERS-TRACKER]: Успешно получено 2 владельцев PilotNFT.
2026-05-04 16:19:00:190 info: [PILOTS-OWNERS-TRACKER]: Список владельцев в Redis обновлен. Владельцев: 2.
2026-05-04 16:20:00:200 info: [PILOTS-OWNERS-TRACKER] 🔍 STRUCTURE DEBUG (First Item):
2026-05-04 16:20:00:200 info: {
  "ownerAddress": "0x1Bf89d442D9f30858dCCD6ffA6500E0Bfc78eb43",
  "tokenBalances": [
    {
      "tokenId": "1",
      "balance": "1"
    }
  ]
}
2026-05-04 16:20:00:200 info: [PILOTS-OWNERS-TRACKER]: Успешно получено 2 владельцев PilotNFT.
2026-05-04 16:20:00:200 info: [PILOTS-OWNERS-TRACKER]: Список владельцев в Redis обновлен. Владельцев: 2.
2026-05-04 16:21:00:210 info: [PILOTS-OWNERS-TRACKER] 🔍 STRUCTURE DEBUG (First Item):
2026-05-04 16:21:00:210 info: {
  "ownerAddress": "0x1Bf89d442D9f30858dCCD6ffA6500E0Bfc78eb43",
  "tokenBalances": [
    {
      "tokenId": "1",
      "balance": "1"
    }
  ]
}
2026-05-04 16:21:00:210 info: [PILOTS-OWNERS-TRACKER]: Успешно получено 2 владельцев PilotNFT.
2026-05-04 16:21:00:210 info: [PILOTS-OWNERS-TRACKER]: Список владельцев в Redis обновлен. Владельцев: 2.
2026-05-04 16:21:19:2119 warn: Получен сигнал SIGINT. Начинаю грациозное завершение web3server...
2026-05-04 16:21:19:2119 info: Остановка прослушивания событий блокчейна...
2026-05-04 16:21:19:2119 info: [Listener] Остановка сервиса...
2026-05-04 16:21:19:2119 info: Закрытие соединения с Redis...
2026-05-04 16:21:19:2119 info: Закрытие соединения с dbserver...
2026-05-04 16:21:19:2119 info: Закрытие WebSocket-соединения с блокчейн-провайдером...
2026-05-04 16:21:19:2119 info: HTTP-сервер больше не принимает новые соединения.
2026-05-04 16:21:26:2126 info: Web3Server: Connected to dbServer
2026-05-04 16:21:26:2126 error: Web3Server: Disconnected from dbServer
2026-05-04 16:21:26:2126 info: Web3Server: Successfully connected to Redis.
2026-05-04 16:21:27:2127 info: Web3Server: Connected to dbServer
2026-05-04 16:21:27:2127 info: Web3Server: Successfully identified with dbServer
2026-05-04 16:21:28:2128 info: Web3Server: Blockchain provider successfully initialized.
2026-05-04 16:21:28:2128 info: Web3Server: Read-only contracts successfully initialized.
2026-05-04 16:21:30:2130 info: Web3Server: WebSocket connection to RPC provider is open.
2026-05-04 16:21:30:2130 info: Web3Server: Blockchain provider connected.
2026-05-04 16:21:30:2130 info: [Listener] Включение Real-time (WebSocket)...
2026-05-04 16:21:30:2130 info: Обработчики грациозного завершения для web3server инициализированы.
2026-05-04 16:21:30:2130 info: Web3Server запущен на порту 3000
2026-05-04 16:21:32:2132 info: [PILOTS-OWNERS-TRACKER] 🔍 STRUCTURE DEBUG (First Item):
2026-05-04 16:21:32:2132 info: {
  "ownerAddress": "0x1Bf89d442D9f30858dCCD6ffA6500E0Bfc78eb43",
  "tokenBalances": [
    {
      "tokenId": "1",
      "balance": "1"
    }
  ]
}
2026-05-04 16:21:32:2132 info: [PILOTS-OWNERS-TRACKER]: Успешно получено 2 владельцев PilotNFT.
2026-05-04 16:21:32:2132 info: [PILOTS-OWNERS-TRACKER]: Список владельцев в Redis обновлен. Владельцев: 2.
2026-05-04 16:21:32:2132 info: [PILOTS-OWNERS-TRACKER]: Запущено периодическое обновление списка владельцев PilotNFT (интервал: 60 сек)
2026-05-04 16:22:33:2233 info: [PILOTS-OWNERS-TRACKER] 🔍 STRUCTURE DEBUG (First Item):
2026-05-04 16:22:33:2233 info: {
  "ownerAddress": "0x1Bf89d442D9f30858dCCD6ffA6500E0Bfc78eb43",
  "tokenBalances": [
    {
      "tokenId": "1",
      "balance": "1"
    }
  ]
}
2026-05-04 16:22:33:2233 info: [PILOTS-OWNERS-TRACKER]: Успешно получено 2 владельцев PilotNFT.
2026-05-04 16:22:33:2233 info: [PILOTS-OWNERS-TRACKER]: Список владельцев в Redis обновлен. Владельцев: 2.
2026-05-04 16:23:00:230 warn: Получен сигнал SIGINT. Начинаю грациозное завершение web3server...
2026-05-04 16:23:00:230 info: Остановка прослушивания событий блокчейна...
2026-05-04 16:23:00:230 info: [Listener] Остановка сервиса...
2026-05-04 16:23:00:230 info: Закрытие соединения с Redis...
2026-05-04 16:23:00:230 info: Закрытие соединения с dbserver...
2026-05-04 16:23:00:230 info: Закрытие WebSocket-соединения с блокчейн-провайдером...
2026-05-04 16:23:00:230 info: HTTP-сервер больше не принимает новые соединения.
2026-05-04 16:23:00:230 warn: Web3Server: WebSocket connection closed with code 1006, reason: 
2026-05-04 16:27:40:2740 info: Web3Server: Connected to dbServer
2026-05-04 16:27:40:2740 info: Web3Server: Successfully identified with dbServer
2026-05-04 16:27:40:2740 info: Web3Server: Successfully connected to Redis.
2026-05-04 16:27:40:2740 info: Web3Server: Blockchain provider successfully initialized.
2026-05-04 16:27:40:2740 info: Web3Server: Read-only contracts successfully initialized.
2026-05-04 16:27:41:2741 info: Web3Server: WebSocket connection to RPC provider is open.
2026-05-04 16:27:41:2741 info: Web3Server: Blockchain provider connected.
2026-05-04 16:27:41:2741 info: [Listener] Включение Real-time (WebSocket)...
2026-05-04 16:27:41:2741 info: Обработчики грациозного завершения для web3server инициализированы.
2026-05-04 16:27:41:2741 info: Web3Server запущен на порту 3000
2026-05-04 16:27:42:2742 info: [PILOTS-OWNERS-TRACKER] 🔍 STRUCTURE DEBUG (First Item):
2026-05-04 16:27:42:2742 info: {
  "ownerAddress": "0x1Bf89d442D9f30858dCCD6ffA6500E0Bfc78eb43",
  "tokenBalances": [
    {
      "tokenId": "1",
      "balance": "1"
    }
  ]
}
2026-05-04 16:27:42:2742 info: [PILOTS-OWNERS-TRACKER]: Успешно получено 2 владельцев PilotNFT.
2026-05-04 16:27:42:2742 info: [PILOTS-OWNERS-TRACKER]: Список владельцев в Redis обновлен. Владельцев: 2.
2026-05-04 16:27:42:2742 info: [PILOTS-OWNERS-TRACKER]: Запущено периодическое обновление списка владельцев PilotNFT (интервал: 60 сек)
2026-05-04 16:28:44:2844 info: [PILOTS-OWNERS-TRACKER] 🔍 STRUCTURE DEBUG (First Item):
2026-05-04 16:28:44:2844 info: {
  "ownerAddress": "0x1Bf89d442D9f30858dCCD6ffA6500E0Bfc78eb43",
  "tokenBalances": [
    {
      "tokenId": "1",
      "balance": "1"
    }
  ]
}
2026-05-04 16:28:44:2844 info: [PILOTS-OWNERS-TRACKER]: Успешно получено 2 владельцев PilotNFT.
2026-05-04 16:28:44:2844 info: [PILOTS-OWNERS-TRACKER]: Список владельцев в Redis обновлен. Владельцев: 2.
2026-05-04 16:29:44:2944 info: [PILOTS-OWNERS-TRACKER] 🔍 STRUCTURE DEBUG (First Item):
2026-05-04 16:29:44:2944 info: {
  "ownerAddress": "0x1Bf89d442D9f30858dCCD6ffA6500E0Bfc78eb43",
  "tokenBalances": [
    {
      "tokenId": "1",
      "balance": "1"
    }
  ]
}
2026-05-04 16:29:44:2944 info: [PILOTS-OWNERS-TRACKER]: Успешно получено 2 владельцев PilotNFT.
2026-05-04 16:29:44:2944 info: [PILOTS-OWNERS-TRACKER]: Список владельцев в Redis обновлен. Владельцев: 2.
2026-05-04 16:30:44:3044 info: [PILOTS-OWNERS-TRACKER] 🔍 STRUCTURE DEBUG (First Item):
2026-05-04 16:30:44:3044 info: {
  "ownerAddress": "0x1Bf89d442D9f30858dCCD6ffA6500E0Bfc78eb43",
  "tokenBalances": [
    {
      "tokenId": "1",
      "balance": "1"
    }
  ]
}
2026-05-04 16:30:44:3044 info: [PILOTS-OWNERS-TRACKER]: Успешно получено 2 владельцев PilotNFT.
2026-05-04 16:30:44:3044 info: [PILOTS-OWNERS-TRACKER]: Список владельцев в Redis обновлен. Владельцев: 2.
2026-05-04 16:31:44:3144 info: [PILOTS-OWNERS-TRACKER] 🔍 STRUCTURE DEBUG (First Item):
2026-05-04 16:31:44:3144 info: {
  "ownerAddress": "0x1Bf89d442D9f30858dCCD6ffA6500E0Bfc78eb43",
  "tokenBalances": [
    {
      "tokenId": "1",
      "balance": "1"
    }
  ]
}
2026-05-04 16:31:44:3144 info: [PILOTS-OWNERS-TRACKER]: Успешно получено 2 владельцев PilotNFT.
2026-05-04 16:31:44:3144 info: [PILOTS-OWNERS-TRACKER]: Список владельцев в Redis обновлен. Владельцев: 2.
2026-05-04 16:32:44:3244 info: [PILOTS-OWNERS-TRACKER] 🔍 STRUCTURE DEBUG (First Item):
2026-05-04 16:32:44:3244 info: {
  "ownerAddress": "0x1Bf89d442D9f30858dCCD6ffA6500E0Bfc78eb43",
  "tokenBalances": [
    {
      "tokenId": "1",
      "balance": "1"
    }
  ]
}
2026-05-04 16:32:44:3244 info: [PILOTS-OWNERS-TRACKER]: Успешно получено 2 владельцев PilotNFT.
2026-05-04 16:32:44:3244 info: [PILOTS-OWNERS-TRACKER]: Список владельцев в Redis обновлен. Владельцев: 2.
2026-05-04 16:33:44:3344 info: [PILOTS-OWNERS-TRACKER] 🔍 STRUCTURE DEBUG (First Item):
2026-05-04 16:33:44:3344 info: {
  "ownerAddress": "0x1Bf89d442D9f30858dCCD6ffA6500E0Bfc78eb43",
  "tokenBalances": [
    {
      "tokenId": "1",
      "balance": "1"
    }
  ]
}
2026-05-04 16:33:44:3344 info: [PILOTS-OWNERS-TRACKER]: Успешно получено 2 владельцев PilotNFT.
2026-05-04 16:33:44:3344 info: [PILOTS-OWNERS-TRACKER]: Список владельцев в Redis обновлен. Владельцев: 2.
2026-05-04 16:34:44:3444 info: [PILOTS-OWNERS-TRACKER] 🔍 STRUCTURE DEBUG (First Item):
2026-05-04 16:34:44:3444 info: {
  "ownerAddress": "0x1Bf89d442D9f30858dCCD6ffA6500E0Bfc78eb43",
  "tokenBalances": [
    {
      "tokenId": "1",
      "balance": "1"
    }
  ]
}
2026-05-04 16:34:44:3444 info: [PILOTS-OWNERS-TRACKER]: Успешно получено 2 владельцев PilotNFT.
2026-05-04 16:34:44:3444 info: [PILOTS-OWNERS-TRACKER]: Список владельцев в Redis обновлен. Владельцев: 2.
2026-05-04 16:35:44:3544 info: [PILOTS-OWNERS-TRACKER] 🔍 STRUCTURE DEBUG (First Item):
2026-05-04 16:35:44:3544 info: {
  "ownerAddress": "0x1Bf89d442D9f30858dCCD6ffA6500E0Bfc78eb43",
  "tokenBalances": [
    {
      "tokenId": "1",
      "balance": "1"
    }
  ]
}
2026-05-04 16:35:44:3544 info: [PILOTS-OWNERS-TRACKER]: Успешно получено 2 владельцев PilotNFT.
2026-05-04 16:35:44:3544 info: [PILOTS-OWNERS-TRACKER]: Список владельцев в Redis обновлен. Владельцев: 2.
2026-05-04 16:36:44:3644 info: [PILOTS-OWNERS-TRACKER] 🔍 STRUCTURE DEBUG (First Item):
2026-05-04 16:36:44:3644 info: {
  "ownerAddress": "0x1Bf89d442D9f30858dCCD6ffA6500E0Bfc78eb43",
  "tokenBalances": [
    {
      "tokenId": "1",
      "balance": "1"
    }
  ]
}
2026-05-04 16:36:44:3644 info: [PILOTS-OWNERS-TRACKER]: Успешно получено 2 владельцев PilotNFT.
2026-05-04 16:36:44:3644 info: [PILOTS-OWNERS-TRACKER]: Список владельцев в Redis обновлен. Владельцев: 2.
2026-05-04 16:37:44:3744 info: [PILOTS-OWNERS-TRACKER] 🔍 STRUCTURE DEBUG (First Item):
2026-05-04 16:37:44:3744 info: {
  "ownerAddress": "0x1Bf89d442D9f30858dCCD6ffA6500E0Bfc78eb43",
  "tokenBalances": [
    {
      "tokenId": "1",
      "balance": "1"
    }
  ]
}
2026-05-04 16:37:44:3744 info: [PILOTS-OWNERS-TRACKER]: Успешно получено 2 владельцев PilotNFT.
2026-05-04 16:37:44:3744 info: [PILOTS-OWNERS-TRACKER]: Список владельцев в Redis обновлен. Владельцев: 2.
2026-05-04 16:38:44:3844 info: [PILOTS-OWNERS-TRACKER] 🔍 STRUCTURE DEBUG (First Item):
2026-05-04 16:38:44:3844 info: {
  "ownerAddress": "0x1Bf89d442D9f30858dCCD6ffA6500E0Bfc78eb43",
  "tokenBalances": [
    {
      "tokenId": "1",
      "balance": "1"
    }
  ]
}
2026-05-04 16:38:44:3844 info: [PILOTS-OWNERS-TRACKER]: Успешно получено 2 владельцев PilotNFT.
2026-05-04 16:38:44:3844 info: [PILOTS-OWNERS-TRACKER]: Список владельцев в Redis обновлен. Владельцев: 2.
2026-05-04 16:39:44:3944 info: [PILOTS-OWNERS-TRACKER] 🔍 STRUCTURE DEBUG (First Item):
2026-05-04 16:39:44:3944 info: {
  "ownerAddress": "0x1Bf89d442D9f30858dCCD6ffA6500E0Bfc78eb43",
  "tokenBalances": [
    {
      "tokenId": "1",
      "balance": "1"
    }
  ]
}
2026-05-04 16:39:44:3944 info: [PILOTS-OWNERS-TRACKER]: Успешно получено 2 владельцев PilotNFT.
2026-05-04 16:39:44:3944 info: [PILOTS-OWNERS-TRACKER]: Список владельцев в Redis обновлен. Владельцев: 2.
2026-05-04 16:40:44:4044 info: [PILOTS-OWNERS-TRACKER] 🔍 STRUCTURE DEBUG (First Item):
2026-05-04 16:40:44:4044 info: {
  "ownerAddress": "0x1Bf89d442D9f30858dCCD6ffA6500E0Bfc78eb43",
  "tokenBalances": [
    {
      "tokenId": "1",
      "balance": "1"
    }
  ]
}
2026-05-04 16:40:44:4044 info: [PILOTS-OWNERS-TRACKER]: Успешно получено 2 владельцев PilotNFT.
2026-05-04 16:40:44:4044 info: [PILOTS-OWNERS-TRACKER]: Список владельцев в Redis обновлен. Владельцев: 2.
2026-05-04 16:41:44:4144 info: [PILOTS-OWNERS-TRACKER] 🔍 STRUCTURE DEBUG (First Item):
2026-05-04 16:41:44:4144 info: {
  "ownerAddress": "0x1Bf89d442D9f30858dCCD6ffA6500E0Bfc78eb43",
  "tokenBalances": [
    {
      "tokenId": "1",
      "balance": "1"
    }
  ]
}
2026-05-04 16:41:44:4144 info: [PILOTS-OWNERS-TRACKER]: Успешно получено 2 владельцев PilotNFT.
2026-05-04 16:41:44:4144 info: [PILOTS-OWNERS-TRACKER]: Список владельцев в Redis обновлен. Владельцев: 2.
2026-05-04 16:42:30:4230 warn: Получен сигнал SIGINT. Начинаю грациозное завершение web3server...
2026-05-04 16:42:30:4230 info: Остановка прослушивания событий блокчейна...
2026-05-04 16:42:30:4230 info: [Listener] Остановка сервиса...
2026-05-04 16:42:30:4230 info: Закрытие соединения с Redis...
2026-05-04 16:42:30:4230 info: Закрытие соединения с dbserver...
2026-05-04 16:42:30:4230 info: Закрытие WebSocket-соединения с блокчейн-провайдером...
2026-05-04 16:42:30:4230 info: HTTP-сервер больше не принимает новые соединения.
2026-05-04 16:42:30:4230 warn: Web3Server: WebSocket connection closed with code 1006, reason: 
2026-05-04 16:43:40:4340 info: Web3Server: Connected to dbServer
2026-05-04 16:43:40:4340 error: Web3Server: Disconnected from dbServer
2026-05-04 16:43:40:4340 info: Web3Server: Successfully connected to Redis.
2026-05-04 16:43:41:4341 info: Web3Server: Connected to dbServer
2026-05-04 16:43:41:4341 error: Web3Server: Disconnected from dbServer
2026-05-04 16:43:42:4342 info: Web3Server: Connected to dbServer
2026-05-04 16:43:42:4342 info: Web3Server: Successfully identified with dbServer
2026-05-04 16:43:42:4342 info: Web3Server: Blockchain provider successfully initialized.
2026-05-04 16:43:42:4342 info: Web3Server: Read-only contracts successfully initialized.
2026-05-04 16:43:43:4343 info: Web3Server: WebSocket connection to RPC provider is open.
2026-05-04 16:43:43:4343 info: Web3Server: Blockchain provider connected.
2026-05-04 16:43:43:4343 info: [Listener] Включение Real-time (WebSocket)...
2026-05-04 16:43:43:4343 info: Обработчики грациозного завершения для web3server инициализированы.
2026-05-04 16:43:43:4343 info: Web3Server запущен на порту 3000
2026-05-04 16:43:44:4344 info: [PILOTS-OWNERS-TRACKER] 🔍 STRUCTURE DEBUG (First Item):
2026-05-04 16:43:44:4344 info: {
  "ownerAddress": "0x1Bf89d442D9f30858dCCD6ffA6500E0Bfc78eb43",
  "tokenBalances": [
    {
      "tokenId": "1",
      "balance": "1"
    }
  ]
}
2026-05-04 16:43:44:4344 info: [PILOTS-OWNERS-TRACKER]: Успешно получено 2 владельцев PilotNFT.
2026-05-04 16:43:44:4344 info: [PILOTS-OWNERS-TRACKER]: Список владельцев в Redis обновлен. Владельцев: 2.
2026-05-04 16:43:44:4344 info: [PILOTS-OWNERS-TRACKER]: Запущено периодическое обновление списка владельцев PilotNFT (интервал: 60 сек)
2026-05-04 16:44:46:4446 info: [PILOTS-OWNERS-TRACKER] 🔍 STRUCTURE DEBUG (First Item):
2026-05-04 16:44:46:4446 info: {
  "ownerAddress": "0x1Bf89d442D9f30858dCCD6ffA6500E0Bfc78eb43",
  "tokenBalances": [
    {
      "tokenId": "1",
      "balance": "1"
    }
  ]
}
2026-05-04 16:44:46:4446 info: [PILOTS-OWNERS-TRACKER]: Успешно получено 2 владельцев PilotNFT.
2026-05-04 16:44:46:4446 info: [PILOTS-OWNERS-TRACKER]: Список владельцев в Redis обновлен. Владельцев: 2.
2026-05-04 16:45:46:4546 info: [PILOTS-OWNERS-TRACKER] 🔍 STRUCTURE DEBUG (First Item):
2026-05-04 16:45:46:4546 info: {
  "ownerAddress": "0x1Bf89d442D9f30858dCCD6ffA6500E0Bfc78eb43",
  "tokenBalances": [
    {
      "tokenId": "1",
      "balance": "1"
    }
  ]
}
2026-05-04 16:45:46:4546 info: [PILOTS-OWNERS-TRACKER]: Успешно получено 2 владельцев PilotNFT.
2026-05-04 16:45:46:4546 info: [PILOTS-OWNERS-TRACKER]: Список владельцев в Redis обновлен. Владельцев: 2.
2026-05-04 16:46:46:4646 info: [PILOTS-OWNERS-TRACKER] 🔍 STRUCTURE DEBUG (First Item):
2026-05-04 16:46:46:4646 info: {
  "ownerAddress": "0x1Bf89d442D9f30858dCCD6ffA6500E0Bfc78eb43",
  "tokenBalances": [
    {
      "tokenId": "1",
      "balance": "1"
    }
  ]
}
2026-05-04 16:46:46:4646 info: [PILOTS-OWNERS-TRACKER]: Успешно получено 2 владельцев PilotNFT.
2026-05-04 16:46:46:4646 info: [PILOTS-OWNERS-TRACKER]: Список владельцев в Redis обновлен. Владельцев: 2.
2026-05-04 16:47:46:4746 info: [PILOTS-OWNERS-TRACKER] 🔍 STRUCTURE DEBUG (First Item):
2026-05-04 16:47:46:4746 info: {
  "ownerAddress": "0x1Bf89d442D9f30858dCCD6ffA6500E0Bfc78eb43",
  "tokenBalances": [
    {
      "tokenId": "1",
      "balance": "1"
    }
  ]
}
2026-05-04 16:47:46:4746 info: [PILOTS-OWNERS-TRACKER]: Успешно получено 2 владельцев PilotNFT.
2026-05-04 16:47:46:4746 info: [PILOTS-OWNERS-TRACKER]: Список владельцев в Redis обновлен. Владельцев: 2.
2026-05-04 16:48:46:4846 info: [PILOTS-OWNERS-TRACKER] 🔍 STRUCTURE DEBUG (First Item):
2026-05-04 16:48:46:4846 info: {
  "ownerAddress": "0x1Bf89d442D9f30858dCCD6ffA6500E0Bfc78eb43",
  "tokenBalances": [
    {
      "tokenId": "1",
      "balance": "1"
    }
  ]
}
2026-05-04 16:48:46:4846 info: [PILOTS-OWNERS-TRACKER]: Успешно получено 2 владельцев PilotNFT.
2026-05-04 16:48:46:4846 info: [PILOTS-OWNERS-TRACKER]: Список владельцев в Redis обновлен. Владельцев: 2.
2026-05-04 16:49:46:4946 info: [PILOTS-OWNERS-TRACKER] 🔍 STRUCTURE DEBUG (First Item):
2026-05-04 16:49:46:4946 info: {
  "ownerAddress": "0x1Bf89d442D9f30858dCCD6ffA6500E0Bfc78eb43",
  "tokenBalances": [
    {
      "tokenId": "1",
      "balance": "1"
    }
  ]
}
2026-05-04 16:49:46:4946 info: [PILOTS-OWNERS-TRACKER]: Успешно получено 2 владельцев PilotNFT.
2026-05-04 16:49:46:4946 info: [PILOTS-OWNERS-TRACKER]: Список владельцев в Redis обновлен. Владельцев: 2.
2026-05-04 16:50:46:5046 info: [PILOTS-OWNERS-TRACKER] 🔍 STRUCTURE DEBUG (First Item):
2026-05-04 16:50:46:5046 info: {
  "ownerAddress": "0x1Bf89d442D9f30858dCCD6ffA6500E0Bfc78eb43",
  "tokenBalances": [
    {
      "tokenId": "1",
      "balance": "1"
    }
  ]
}
2026-05-04 16:50:46:5046 info: [PILOTS-OWNERS-TRACKER]: Успешно получено 2 владельцев PilotNFT.
2026-05-04 16:50:46:5046 info: [PILOTS-OWNERS-TRACKER]: Список владельцев в Redis обновлен. Владельцев: 2.
2026-05-04 16:51:46:5146 info: [PILOTS-OWNERS-TRACKER] 🔍 STRUCTURE DEBUG (First Item):
2026-05-04 16:51:46:5146 info: {
  "ownerAddress": "0x1Bf89d442D9f30858dCCD6ffA6500E0Bfc78eb43",
  "tokenBalances": [
    {
      "tokenId": "1",
      "balance": "1"
    }
  ]
}
2026-05-04 16:51:46:5146 info: [PILOTS-OWNERS-TRACKER]: Успешно получено 2 владельцев PilotNFT.
2026-05-04 16:51:46:5146 info: [PILOTS-OWNERS-TRACKER]: Список владельцев в Redis обновлен. Владельцев: 2.
2026-05-04 16:51:49:5149 warn: Получен сигнал SIGINT. Начинаю грациозное завершение web3server...
2026-05-04 16:51:49:5149 info: Остановка прослушивания событий блокчейна...
2026-05-04 16:51:49:5149 info: [Listener] Остановка сервиса...
2026-05-04 16:51:49:5149 info: Закрытие соединения с Redis...
2026-05-04 16:51:49:5149 info: Закрытие соединения с dbserver...
2026-05-04 16:51:49:5149 info: Закрытие WebSocket-соединения с блокчейн-провайдером...
2026-05-04 16:51:49:5149 info: HTTP-сервер больше не принимает новые соединения.
2026-05-04 16:51:49:5149 warn: Web3Server: WebSocket connection closed with code 1006, reason: 
2026-05-04 16:51:58:5158 info: Web3Server: Connected to dbServer
2026-05-04 16:51:58:5158 info: Web3Server: Successfully identified with dbServer
2026-05-04 16:51:58:5158 info: Web3Server: Successfully connected to Redis.
2026-05-04 16:51:58:5158 info: Web3Server: Blockchain provider successfully initialized.
2026-05-04 16:51:58:5158 info: Web3Server: Read-only contracts successfully initialized.
2026-05-04 16:51:59:5159 info: Web3Server: WebSocket connection to RPC provider is open.
2026-05-04 16:51:59:5159 info: Web3Server: Blockchain provider connected.
2026-05-04 16:51:59:5159 info: [Listener] Включение Real-time (WebSocket)...
2026-05-04 16:51:59:5159 info: Обработчики грациозного завершения для web3server инициализированы.
2026-05-04 16:51:59:5159 info: Web3Server запущен на порту 3000
2026-05-04 16:52:00:520 info: [PILOTS-OWNERS-TRACKER] 🔍 STRUCTURE DEBUG (First Item):
2026-05-04 16:52:00:520 info: {
  "ownerAddress": "0x1Bf89d442D9f30858dCCD6ffA6500E0Bfc78eb43",
  "tokenBalances": [
    {
      "tokenId": "1",
      "balance": "1"
    }
  ]
}
2026-05-04 16:52:00:520 info: [PILOTS-OWNERS-TRACKER]: Успешно получено 2 владельцев PilotNFT.
2026-05-04 16:52:00:520 info: [PILOTS-OWNERS-TRACKER]: Список владельцев в Redis обновлен. Владельцев: 2.
2026-05-04 16:52:00:520 info: [PILOTS-OWNERS-TRACKER]: Запущено периодическое обновление списка владельцев PilotNFT (интервал: 60 сек)
2026-05-04 16:52:11:5211 info: [TOKEN-FETCHER]: Found a total of 6 ships for wallet 0x2da351d8d5840415025c35a7c843a0dfa6e4b89b
2026-05-04 16:53:02:532 info: [PILOTS-OWNERS-TRACKER] 🔍 STRUCTURE DEBUG (First Item):
2026-05-04 16:53:02:532 info: {
  "ownerAddress": "0x1Bf89d442D9f30858dCCD6ffA6500E0Bfc78eb43",
  "tokenBalances": [
    {
      "tokenId": "1",
      "balance": "1"
    }
  ]
}
2026-05-04 16:53:02:532 info: [PILOTS-OWNERS-TRACKER]: Успешно получено 2 владельцев PilotNFT.
2026-05-04 16:53:02:532 info: [PILOTS-OWNERS-TRACKER]: Список владельцев в Redis обновлен. Владельцев: 2.
2026-05-04 16:54:02:542 info: [PILOTS-OWNERS-TRACKER] 🔍 STRUCTURE DEBUG (First Item):
2026-05-04 16:54:02:542 info: {
  "ownerAddress": "0x1Bf89d442D9f30858dCCD6ffA6500E0Bfc78eb43",
  "tokenBalances": [
    {
      "tokenId": "1",
      "balance": "1"
    }
  ]
}
2026-05-04 16:54:02:542 info: [PILOTS-OWNERS-TRACKER]: Успешно получено 2 владельцев PilotNFT.
2026-05-04 16:54:02:542 info: [PILOTS-OWNERS-TRACKER]: Список владельцев в Redis обновлен. Владельцев: 2.
2026-05-04 16:55:02:552 info: [PILOTS-OWNERS-TRACKER] 🔍 STRUCTURE DEBUG (First Item):
2026-05-04 16:55:02:552 info: {
  "ownerAddress": "0x1Bf89d442D9f30858dCCD6ffA6500E0Bfc78eb43",
  "tokenBalances": [
    {
      "tokenId": "1",
      "balance": "1"
    }
  ]
}
2026-05-04 16:55:02:552 info: [PILOTS-OWNERS-TRACKER]: Успешно получено 2 владельцев PilotNFT.
2026-05-04 16:55:02:552 info: [PILOTS-OWNERS-TRACKER]: Список владельцев в Redis обновлен. Владельцев: 2.
2026-05-04 16:55:58:5558 warn: Получен сигнал SIGINT. Начинаю грациозное завершение web3server...
2026-05-04 16:55:58:5558 info: Остановка прослушивания событий блокчейна...
2026-05-04 16:55:58:5558 info: [Listener] Остановка сервиса...
2026-05-04 16:55:58:5558 info: Закрытие соединения с Redis...
2026-05-04 16:55:58:5558 info: Закрытие соединения с dbserver...
2026-05-04 16:55:58:5558 info: Закрытие WebSocket-соединения с блокчейн-провайдером...
2026-05-04 16:55:58:5558 info: HTTP-сервер больше не принимает новые соединения.
2026-05-04 16:56:33:5633 error: Web3Server: Error connecting to dbServer:
2026-05-04 16:56:46:5646 error: Web3Server: Error connecting to dbServer:
2026-05-04 16:57:21:5721 info: Web3Server: Connected to dbServer
2026-05-04 16:57:21:5721 error: Web3Server: Disconnected from dbServer
2026-05-04 16:57:21:5721 info: Web3Server: Successfully connected to Redis.
2026-05-04 16:57:22:5722 info: Web3Server: Connected to dbServer
2026-05-04 16:57:22:5722 info: Web3Server: Successfully identified with dbServer
2026-05-04 16:57:22:5722 info: Web3Server: Blockchain provider successfully initialized.
2026-05-04 16:57:22:5722 info: Web3Server: Read-only contracts successfully initialized.
2026-05-04 16:57:23:5723 info: Web3Server: WebSocket connection to RPC provider is open.
2026-05-04 16:57:23:5723 info: Web3Server: Blockchain provider connected.
2026-05-04 16:57:23:5723 info: [Listener] Включение Real-time (WebSocket)...
2026-05-04 16:57:23:5723 info: Обработчики грациозного завершения для web3server инициализированы.
2026-05-04 16:57:23:5723 info: Web3Server запущен на порту 3000
2026-05-04 16:57:24:5724 info: [PILOTS-OWNERS-TRACKER] 🔍 STRUCTURE DEBUG (First Item):
2026-05-04 16:57:24:5724 info: {
  "ownerAddress": "0x1Bf89d442D9f30858dCCD6ffA6500E0Bfc78eb43",
  "tokenBalances": [
    {
      "tokenId": "1",
      "balance": "1"
    }
  ]
}
2026-05-04 16:57:24:5724 info: [PILOTS-OWNERS-TRACKER]: Успешно получено 2 владельцев PilotNFT.
2026-05-04 16:57:24:5724 info: [PILOTS-OWNERS-TRACKER]: Список владельцев в Redis обновлен. Владельцев: 2.
2026-05-04 16:57:24:5724 info: [PILOTS-OWNERS-TRACKER]: Запущено периодическое обновление списка владельцев PilotNFT (интервал: 60 сек)
2026-05-04 16:57:35:5735 info: [TOKEN-FETCHER]: Found a total of 6 ships for wallet 0x2da351d8d5840415025c35a7c843a0dfa6e4b89b
2026-05-04 16:57:36:5736 info: [Security DEBUG] Request to /internal/api/v1/verify-pilot/0/0x2da351d8d5840415025c35a7c843a0dfa6e4b89b
2026-05-04 16:57:36:5736 info: [Security DEBUG] req.ip detected as: ::1
2026-05-04 16:57:36:5736 info: [Security DEBUG] Whitelist contains: ["127.0.0.1","::1","::ffff:127.0.0.1","100.106.100.125","::ffff:100.106.100.125","100.123.73.85","::ffff:100.123.73.85"]
2026-05-04 16:57:37:5737 info: [Security DEBUG] Request to /internal/api/v1/verify-ship/2/0x2da351d8d5840415025c35a7c843a0dfa6e4b89b
2026-05-04 16:57:37:5737 info: [Security DEBUG] req.ip detected as: ::1
2026-05-04 16:57:37:5737 info: [Security DEBUG] Whitelist contains: ["127.0.0.1","::1","::ffff:127.0.0.1","100.106.100.125","::ffff:100.106.100.125","100.123.73.85","::ffff:100.123.73.85"]
2026-05-04 16:58:12:5812 info: [TOKEN-FETCHER]: Found a total of 6 ships for wallet 0x2da351d8d5840415025c35a7c843a0dfa6e4b89b
2026-05-04 16:58:26:5826 info: [PILOTS-OWNERS-TRACKER] 🔍 STRUCTURE DEBUG (First Item):
2026-05-04 16:58:26:5826 info: {
  "ownerAddress": "0x1Bf89d442D9f30858dCCD6ffA6500E0Bfc78eb43",
  "tokenBalances": [
    {
      "tokenId": "1",
      "balance": "1"
    }
  ]
}
2026-05-04 16:58:26:5826 info: [PILOTS-OWNERS-TRACKER]: Успешно получено 2 владельцев PilotNFT.
2026-05-04 16:58:26:5826 info: [PILOTS-OWNERS-TRACKER]: Список владельцев в Redis обновлен. Владельцев: 2.
2026-05-04 16:59:26:5926 info: [PILOTS-OWNERS-TRACKER] 🔍 STRUCTURE DEBUG (First Item):
2026-05-04 16:59:26:5926 info: {
  "ownerAddress": "0x1Bf89d442D9f30858dCCD6ffA6500E0Bfc78eb43",
  "tokenBalances": [
    {
      "tokenId": "1",
      "balance": "1"
    }
  ]
}
2026-05-04 16:59:26:5926 info: [PILOTS-OWNERS-TRACKER]: Успешно получено 2 владельцев PilotNFT.
2026-05-04 16:59:26:5926 info: [PILOTS-OWNERS-TRACKER]: Список владельцев в Redis обновлен. Владельцев: 2.
2026-05-04 17:00:26:026 info: [PILOTS-OWNERS-TRACKER] 🔍 STRUCTURE DEBUG (First Item):
2026-05-04 17:00:26:026 info: {
  "ownerAddress": "0x1Bf89d442D9f30858dCCD6ffA6500E0Bfc78eb43",
  "tokenBalances": [
    {
      "tokenId": "1",
      "balance": "1"
    }
  ]
}
2026-05-04 17:00:26:026 info: [PILOTS-OWNERS-TRACKER]: Успешно получено 2 владельцев PilotNFT.
2026-05-04 17:00:26:026 info: [PILOTS-OWNERS-TRACKER]: Список владельцев в Redis обновлен. Владельцев: 2.
2026-05-04 17:01:26:126 info: [PILOTS-OWNERS-TRACKER] 🔍 STRUCTURE DEBUG (First Item):
2026-05-04 17:01:26:126 info: {
  "ownerAddress": "0x1Bf89d442D9f30858dCCD6ffA6500E0Bfc78eb43",
  "tokenBalances": [
    {
      "tokenId": "1",
      "balance": "1"
    }
  ]
}
2026-05-04 17:01:26:126 info: [PILOTS-OWNERS-TRACKER]: Успешно получено 2 владельцев PilotNFT.
2026-05-04 17:01:26:126 info: [PILOTS-OWNERS-TRACKER]: Список владельцев в Redis обновлен. Владельцев: 2.
2026-05-04 17:02:26:226 info: [PILOTS-OWNERS-TRACKER] 🔍 STRUCTURE DEBUG (First Item):
2026-05-04 17:02:26:226 info: {
  "ownerAddress": "0x1Bf89d442D9f30858dCCD6ffA6500E0Bfc78eb43",
  "tokenBalances": [
    {
      "tokenId": "1",
      "balance": "1"
    }
  ]
}
2026-05-04 17:02:26:226 info: [PILOTS-OWNERS-TRACKER]: Успешно получено 2 владельцев PilotNFT.
2026-05-04 17:02:26:226 info: [PILOTS-OWNERS-TRACKER]: Список владельцев в Redis обновлен. Владельцев: 2.
2026-05-04 17:03:26:326 info: [PILOTS-OWNERS-TRACKER] 🔍 STRUCTURE DEBUG (First Item):
2026-05-04 17:03:26:326 info: {
  "ownerAddress": "0x1Bf89d442D9f30858dCCD6ffA6500E0Bfc78eb43",
  "tokenBalances": [
    {
      "tokenId": "1",
      "balance": "1"
    }
  ]
}
2026-05-04 17:03:26:326 info: [PILOTS-OWNERS-TRACKER]: Успешно получено 2 владельцев PilotNFT.
2026-05-04 17:03:26:326 info: [PILOTS-OWNERS-TRACKER]: Список владельцев в Redis обновлен. Владельцев: 2.
2026-05-04 17:04:25:425 info: [PILOTS-OWNERS-TRACKER] 🔍 STRUCTURE DEBUG (First Item):
2026-05-04 17:04:25:425 info: {
  "ownerAddress": "0x1Bf89d442D9f30858dCCD6ffA6500E0Bfc78eb43",
  "tokenBalances": [
    {
      "tokenId": "1",
      "balance": "1"
    }
  ]
}
2026-05-04 17:04:25:425 info: [PILOTS-OWNERS-TRACKER]: Успешно получено 2 владельцев PilotNFT.
2026-05-04 17:04:25:425 info: [PILOTS-OWNERS-TRACKER]: Список владельцев в Redis обновлен. Владельцев: 2.
2026-05-04 17:05:26:526 info: [PILOTS-OWNERS-TRACKER] 🔍 STRUCTURE DEBUG (First Item):
2026-05-04 17:05:26:526 info: {
  "ownerAddress": "0x1Bf89d442D9f30858dCCD6ffA6500E0Bfc78eb43",
  "tokenBalances": [
    {
      "tokenId": "1",
      "balance": "1"
    }
  ]
}
2026-05-04 17:05:26:526 info: [PILOTS-OWNERS-TRACKER]: Успешно получено 2 владельцев PilotNFT.
2026-05-04 17:05:26:526 info: [PILOTS-OWNERS-TRACKER]: Список владельцев в Redis обновлен. Владельцев: 2.
2026-05-04 17:06:25:625 info: [PILOTS-OWNERS-TRACKER] 🔍 STRUCTURE DEBUG (First Item):
2026-05-04 17:06:25:625 info: {
  "ownerAddress": "0x1Bf89d442D9f30858dCCD6ffA6500E0Bfc78eb43",
  "tokenBalances": [
    {
      "tokenId": "1",
      "balance": "1"
    }
  ]
}
2026-05-04 17:06:25:625 info: [PILOTS-OWNERS-TRACKER]: Успешно получено 2 владельцев PilotNFT.
2026-05-04 17:06:25:625 info: [PILOTS-OWNERS-TRACKER]: Список владельцев в Redis обновлен. Владельцев: 2.
2026-05-04 17:07:26:726 info: [PILOTS-OWNERS-TRACKER] 🔍 STRUCTURE DEBUG (First Item):
2026-05-04 17:07:26:726 info: {
  "ownerAddress": "0x1Bf89d442D9f30858dCCD6ffA6500E0Bfc78eb43",
  "tokenBalances": [
    {
      "tokenId": "1",
      "balance": "1"
    }
  ]
}
2026-05-04 17:07:26:726 info: [PILOTS-OWNERS-TRACKER]: Успешно получено 2 владельцев PilotNFT.
2026-05-04 17:07:26:726 info: [PILOTS-OWNERS-TRACKER]: Список владельцев в Redis обновлен. Владельцев: 2.
2026-05-04 17:08:27:827 info: [PILOTS-OWNERS-TRACKER] 🔍 STRUCTURE DEBUG (First Item):
2026-05-04 17:08:27:827 info: {
  "ownerAddress": "0x1Bf89d442D9f30858dCCD6ffA6500E0Bfc78eb43",
  "tokenBalances": [
    {
      "tokenId": "1",
      "balance": "1"
    }
  ]
}
2026-05-04 17:08:27:827 info: [PILOTS-OWNERS-TRACKER]: Успешно получено 2 владельцев PilotNFT.
2026-05-04 17:08:27:827 info: [PILOTS-OWNERS-TRACKER]: Список владельцев в Redis обновлен. Владельцев: 2.
2026-05-04 17:09:25:925 info: [PILOTS-OWNERS-TRACKER] 🔍 STRUCTURE DEBUG (First Item):
2026-05-04 17:09:25:925 info: {
  "ownerAddress": "0x1Bf89d442D9f30858dCCD6ffA6500E0Bfc78eb43",
  "tokenBalances": [
    {
      "tokenId": "1",
      "balance": "1"
    }
  ]
}
2026-05-04 17:09:25:925 info: [PILOTS-OWNERS-TRACKER]: Успешно получено 2 владельцев PilotNFT.
2026-05-04 17:09:25:925 info: [PILOTS-OWNERS-TRACKER]: Список владельцев в Redis обновлен. Владельцев: 2.
2026-05-04 17:10:26:1026 info: [PILOTS-OWNERS-TRACKER] 🔍 STRUCTURE DEBUG (First Item):
2026-05-04 17:10:26:1026 info: {
  "ownerAddress": "0x1Bf89d442D9f30858dCCD6ffA6500E0Bfc78eb43",
  "tokenBalances": [
    {
      "tokenId": "1",
      "balance": "1"
    }
  ]
}
2026-05-04 17:10:26:1026 info: [PILOTS-OWNERS-TRACKER]: Успешно получено 2 владельцев PilotNFT.
2026-05-04 17:10:26:1026 info: [PILOTS-OWNERS-TRACKER]: Список владельцев в Redis обновлен. Владельцев: 2.
2026-05-04 17:11:28:1128 info: [PILOTS-OWNERS-TRACKER] 🔍 STRUCTURE DEBUG (First Item):
2026-05-04 17:11:28:1128 info: {
  "ownerAddress": "0x1Bf89d442D9f30858dCCD6ffA6500E0Bfc78eb43",
  "tokenBalances": [
    {
      "tokenId": "1",
      "balance": "1"
    }
  ]
}
2026-05-04 17:11:28:1128 info: [PILOTS-OWNERS-TRACKER]: Успешно получено 2 владельцев PilotNFT.
2026-05-04 17:11:28:1128 info: [PILOTS-OWNERS-TRACKER]: Список владельцев в Redis обновлен. Владельцев: 2.
2026-05-04 17:12:26:1226 info: [PILOTS-OWNERS-TRACKER] 🔍 STRUCTURE DEBUG (First Item):
2026-05-04 17:12:26:1226 info: {
  "ownerAddress": "0x1Bf89d442D9f30858dCCD6ffA6500E0Bfc78eb43",
  "tokenBalances": [
    {
      "tokenId": "1",
      "balance": "1"
    }
  ]
}
2026-05-04 17:12:26:1226 info: [PILOTS-OWNERS-TRACKER]: Успешно получено 2 владельцев PilotNFT.
2026-05-04 17:12:26:1226 info: [PILOTS-OWNERS-TRACKER]: Список владельцев в Redis обновлен. Владельцев: 2.
2026-05-04 17:13:26:1326 info: [PILOTS-OWNERS-TRACKER] 🔍 STRUCTURE DEBUG (First Item):
2026-05-04 17:13:26:1326 info: {
  "ownerAddress": "0x1Bf89d442D9f30858dCCD6ffA6500E0Bfc78eb43",
  "tokenBalances": [
    {
      "tokenId": "1",
      "balance": "1"
    }
  ]
}
2026-05-04 17:13:26:1326 info: [PILOTS-OWNERS-TRACKER]: Успешно получено 2 владельцев PilotNFT.
2026-05-04 17:13:26:1326 info: [PILOTS-OWNERS-TRACKER]: Список владельцев в Redis обновлен. Владельцев: 2.
2026-05-04 17:14:26:1426 info: [PILOTS-OWNERS-TRACKER] 🔍 STRUCTURE DEBUG (First Item):
2026-05-04 17:14:26:1426 info: {
  "ownerAddress": "0x1Bf89d442D9f30858dCCD6ffA6500E0Bfc78eb43",
  "tokenBalances": [
    {
      "tokenId": "1",
      "balance": "1"
    }
  ]
}
2026-05-04 17:14:26:1426 info: [PILOTS-OWNERS-TRACKER]: Успешно получено 2 владельцев PilotNFT.
2026-05-04 17:14:26:1426 info: [PILOTS-OWNERS-TRACKER]: Список владельцев в Redis обновлен. Владельцев: 2.
2026-05-04 17:15:26:1526 info: [PILOTS-OWNERS-TRACKER] 🔍 STRUCTURE DEBUG (First Item):
2026-05-04 17:15:26:1526 info: {
  "ownerAddress": "0x1Bf89d442D9f30858dCCD6ffA6500E0Bfc78eb43",
  "tokenBalances": [
    {
      "tokenId": "1",
      "balance": "1"
    }
  ]
}
2026-05-04 17:15:26:1526 info: [PILOTS-OWNERS-TRACKER]: Успешно получено 2 владельцев PilotNFT.
2026-05-04 17:15:26:1526 info: [PILOTS-OWNERS-TRACKER]: Список владельцев в Redis обновлен. Владельцев: 2.
2026-05-04 17:16:26:1626 info: [PILOTS-OWNERS-TRACKER] 🔍 STRUCTURE DEBUG (First Item):
2026-05-04 17:16:26:1626 info: {
  "ownerAddress": "0x1Bf89d442D9f30858dCCD6ffA6500E0Bfc78eb43",
  "tokenBalances": [
    {
      "tokenId": "1",
      "balance": "1"
    }
  ]
}
2026-05-04 17:16:26:1626 info: [PILOTS-OWNERS-TRACKER]: Успешно получено 2 владельцев PilotNFT.
2026-05-04 17:16:26:1626 info: [PILOTS-OWNERS-TRACKER]: Список владельцев в Redis обновлен. Владельцев: 2.
2026-05-04 17:17:26:1726 info: [PILOTS-OWNERS-TRACKER] 🔍 STRUCTURE DEBUG (First Item):
2026-05-04 17:17:26:1726 info: {
  "ownerAddress": "0x1Bf89d442D9f30858dCCD6ffA6500E0Bfc78eb43",
  "tokenBalances": [
    {
      "tokenId": "1",
      "balance": "1"
    }
  ]
}
2026-05-04 17:17:26:1726 info: [PILOTS-OWNERS-TRACKER]: Успешно получено 2 владельцев PilotNFT.
2026-05-04 17:17:26:1726 info: [PILOTS-OWNERS-TRACKER]: Список владельцев в Redis обновлен. Владельцев: 2.
2026-05-04 17:18:26:1826 info: [PILOTS-OWNERS-TRACKER] 🔍 STRUCTURE DEBUG (First Item):
2026-05-04 17:18:26:1826 info: {
  "ownerAddress": "0x1Bf89d442D9f30858dCCD6ffA6500E0Bfc78eb43",
  "tokenBalances": [
    {
      "tokenId": "1",
      "balance": "1"
    }
  ]
}
2026-05-04 17:18:26:1826 info: [PILOTS-OWNERS-TRACKER]: Успешно получено 2 владельцев PilotNFT.
2026-05-04 17:18:26:1826 info: [PILOTS-OWNERS-TRACKER]: Список владельцев в Redis обновлен. Владельцев: 2.
2026-05-04 17:19:26:1926 info: [PILOTS-OWNERS-TRACKER] 🔍 STRUCTURE DEBUG (First Item):
2026-05-04 17:19:26:1926 info: {
  "ownerAddress": "0x1Bf89d442D9f30858dCCD6ffA6500E0Bfc78eb43",
  "tokenBalances": [
    {
      "tokenId": "1",
      "balance": "1"
    }
  ]
}
2026-05-04 17:19:26:1926 info: [PILOTS-OWNERS-TRACKER]: Успешно получено 2 владельцев PilotNFT.
2026-05-04 17:19:26:1926 info: [PILOTS-OWNERS-TRACKER]: Список владельцев в Redis обновлен. Владельцев: 2.
2026-05-04 17:20:26:2026 info: [PILOTS-OWNERS-TRACKER] 🔍 STRUCTURE DEBUG (First Item):
2026-05-04 17:20:26:2026 info: {
  "ownerAddress": "0x1Bf89d442D9f30858dCCD6ffA6500E0Bfc78eb43",
  "tokenBalances": [
    {
      "tokenId": "1",
      "balance": "1"
    }
  ]
}
2026-05-04 17:20:26:2026 info: [PILOTS-OWNERS-TRACKER]: Успешно получено 2 владельцев PilotNFT.
2026-05-04 17:20:26:2026 info: [PILOTS-OWNERS-TRACKER]: Список владельцев в Redis обновлен. Владельцев: 2.
2026-05-04 17:21:26:2126 info: [PILOTS-OWNERS-TRACKER] 🔍 STRUCTURE DEBUG (First Item):
2026-05-04 17:21:26:2126 info: {
  "ownerAddress": "0x1Bf89d442D9f30858dCCD6ffA6500E0Bfc78eb43",
  "tokenBalances": [
    {
      "tokenId": "1",
      "balance": "1"
    }
  ]
}
2026-05-04 17:21:26:2126 info: [PILOTS-OWNERS-TRACKER]: Успешно получено 2 владельцев PilotNFT.
2026-05-04 17:21:26:2126 info: [PILOTS-OWNERS-TRACKER]: Список владельцев в Redis обновлен. Владельцев: 2.
2026-05-04 17:22:26:2226 info: [PILOTS-OWNERS-TRACKER] 🔍 STRUCTURE DEBUG (First Item):
2026-05-04 17:22:26:2226 info: {
  "ownerAddress": "0x1Bf89d442D9f30858dCCD6ffA6500E0Bfc78eb43",
  "tokenBalances": [
    {
      "tokenId": "1",
      "balance": "1"
    }
  ]
}
2026-05-04 17:22:26:2226 info: [PILOTS-OWNERS-TRACKER]: Успешно получено 2 владельцев PilotNFT.
2026-05-04 17:22:26:2226 info: [PILOTS-OWNERS-TRACKER]: Список владельцев в Redis обновлен. Владельцев: 2.
2026-05-04 17:23:26:2326 info: [PILOTS-OWNERS-TRACKER] 🔍 STRUCTURE DEBUG (First Item):
2026-05-04 17:23:26:2326 info: {
  "ownerAddress": "0x1Bf89d442D9f30858dCCD6ffA6500E0Bfc78eb43",
  "tokenBalances": [
    {
      "tokenId": "1",
      "balance": "1"
    }
  ]
}
2026-05-04 17:23:26:2326 info: [PILOTS-OWNERS-TRACKER]: Успешно получено 2 владельцев PilotNFT.
2026-05-04 17:23:26:2326 info: [PILOTS-OWNERS-TRACKER]: Список владельцев в Redis обновлен. Владельцев: 2.
2026-05-04 17:24:26:2426 info: [PILOTS-OWNERS-TRACKER] 🔍 STRUCTURE DEBUG (First Item):
2026-05-04 17:24:26:2426 info: {
  "ownerAddress": "0x1Bf89d442D9f30858dCCD6ffA6500E0Bfc78eb43",
  "tokenBalances": [
    {
      "tokenId": "1",
      "balance": "1"
    }
  ]
}
2026-05-04 17:24:26:2426 info: [PILOTS-OWNERS-TRACKER]: Успешно получено 2 владельцев PilotNFT.
2026-05-04 17:24:26:2426 info: [PILOTS-OWNERS-TRACKER]: Список владельцев в Redis обновлен. Владельцев: 2.
2026-05-04 17:25:28:2528 info: [PILOTS-OWNERS-TRACKER] 🔍 STRUCTURE DEBUG (First Item):
2026-05-04 17:25:28:2528 info: {
  "ownerAddress": "0x1Bf89d442D9f30858dCCD6ffA6500E0Bfc78eb43",
  "tokenBalances": [
    {
      "tokenId": "1",
      "balance": "1"
    }
  ]
}
2026-05-04 17:25:28:2528 info: [PILOTS-OWNERS-TRACKER]: Успешно получено 2 владельцев PilotNFT.
2026-05-04 17:25:28:2528 info: [PILOTS-OWNERS-TRACKER]: Список владельцев в Redis обновлен. Владельцев: 2.
2026-05-04 17:26:25:2625 info: [PILOTS-OWNERS-TRACKER] 🔍 STRUCTURE DEBUG (First Item):
2026-05-04 17:26:25:2625 info: {
  "ownerAddress": "0x1Bf89d442D9f30858dCCD6ffA6500E0Bfc78eb43",
  "tokenBalances": [
    {
      "tokenId": "1",
      "balance": "1"
    }
  ]
}
2026-05-04 17:26:25:2625 info: [PILOTS-OWNERS-TRACKER]: Успешно получено 2 владельцев PilotNFT.
2026-05-04 17:26:25:2625 info: [PILOTS-OWNERS-TRACKER]: Список владельцев в Redis обновлен. Владельцев: 2.
2026-05-04 17:27:26:2726 info: [PILOTS-OWNERS-TRACKER] 🔍 STRUCTURE DEBUG (First Item):
2026-05-04 17:27:26:2726 info: {
  "ownerAddress": "0x1Bf89d442D9f30858dCCD6ffA6500E0Bfc78eb43",
  "tokenBalances": [
    {
      "tokenId": "1",
      "balance": "1"
    }
  ]
}
2026-05-04 17:27:26:2726 info: [PILOTS-OWNERS-TRACKER]: Успешно получено 2 владельцев PilotNFT.
2026-05-04 17:27:26:2726 info: [PILOTS-OWNERS-TRACKER]: Список владельцев в Redis обновлен. Владельцев: 2.
2026-05-04 17:28:26:2826 info: [PILOTS-OWNERS-TRACKER] 🔍 STRUCTURE DEBUG (First Item):
2026-05-04 17:28:26:2826 info: {
  "ownerAddress": "0x1Bf89d442D9f30858dCCD6ffA6500E0Bfc78eb43",
  "tokenBalances": [
    {
      "tokenId": "1",
      "balance": "1"
    }
  ]
}
2026-05-04 17:28:26:2826 info: [PILOTS-OWNERS-TRACKER]: Успешно получено 2 владельцев PilotNFT.
2026-05-04 17:28:26:2826 info: [PILOTS-OWNERS-TRACKER]: Список владельцев в Redis обновлен. Владельцев: 2.
2026-05-04 17:29:26:2926 info: [PILOTS-OWNERS-TRACKER] 🔍 STRUCTURE DEBUG (First Item):
2026-05-04 17:29:26:2926 info: {
  "ownerAddress": "0x1Bf89d442D9f30858dCCD6ffA6500E0Bfc78eb43",
  "tokenBalances": [
    {
      "tokenId": "1",
      "balance": "1"
    }
  ]
}
2026-05-04 17:29:26:2926 info: [PILOTS-OWNERS-TRACKER]: Успешно получено 2 владельцев PilotNFT.
2026-05-04 17:29:26:2926 info: [PILOTS-OWNERS-TRACKER]: Список владельцев в Redis обновлен. Владельцев: 2.
2026-05-04 17:30:26:3026 info: [PILOTS-OWNERS-TRACKER] 🔍 STRUCTURE DEBUG (First Item):
2026-05-04 17:30:26:3026 info: {
  "ownerAddress": "0x1Bf89d442D9f30858dCCD6ffA6500E0Bfc78eb43",
  "tokenBalances": [
    {
      "tokenId": "1",
      "balance": "1"
    }
  ]
}
2026-05-04 17:30:26:3026 info: [PILOTS-OWNERS-TRACKER]: Успешно получено 2 владельцев PilotNFT.
2026-05-04 17:30:26:3026 info: [PILOTS-OWNERS-TRACKER]: Список владельцев в Redis обновлен. Владельцев: 2.
2026-05-04 17:31:26:3126 info: [PILOTS-OWNERS-TRACKER] 🔍 STRUCTURE DEBUG (First Item):
2026-05-04 17:31:26:3126 info: {
  "ownerAddress": "0x1Bf89d442D9f30858dCCD6ffA6500E0Bfc78eb43",
  "tokenBalances": [
    {
      "tokenId": "1",
      "balance": "1"
    }
  ]
}
2026-05-04 17:31:26:3126 info: [PILOTS-OWNERS-TRACKER]: Успешно получено 2 владельцев PilotNFT.
2026-05-04 17:31:26:3126 info: [PILOTS-OWNERS-TRACKER]: Список владельцев в Redis обновлен. Владельцев: 2.
2026-05-04 17:32:26:3226 info: [PILOTS-OWNERS-TRACKER] 🔍 STRUCTURE DEBUG (First Item):
2026-05-04 17:32:26:3226 info: {
  "ownerAddress": "0x1Bf89d442D9f30858dCCD6ffA6500E0Bfc78eb43",
  "tokenBalances": [
    {
      "tokenId": "1",
      "balance": "1"
    }
  ]
}
2026-05-04 17:32:26:3226 info: [PILOTS-OWNERS-TRACKER]: Успешно получено 2 владельцев PilotNFT.
2026-05-04 17:32:26:3226 info: [PILOTS-OWNERS-TRACKER]: Список владельцев в Redis обновлен. Владельцев: 2.
2026-05-04 17:33:26:3326 info: [PILOTS-OWNERS-TRACKER] 🔍 STRUCTURE DEBUG (First Item):
2026-05-04 17:33:26:3326 info: {
  "ownerAddress": "0x1Bf89d442D9f30858dCCD6ffA6500E0Bfc78eb43",
  "tokenBalances": [
    {
      "tokenId": "1",
      "balance": "1"
    }
  ]
}
2026-05-04 17:33:26:3326 info: [PILOTS-OWNERS-TRACKER]: Успешно получено 2 владельцев PilotNFT.
2026-05-04 17:33:26:3326 info: [PILOTS-OWNERS-TRACKER]: Список владельцев в Redis обновлен. Владельцев: 2.
2026-05-04 17:34:26:3426 info: [PILOTS-OWNERS-TRACKER] 🔍 STRUCTURE DEBUG (First Item):
2026-05-04 17:34:26:3426 info: {
  "ownerAddress": "0x1Bf89d442D9f30858dCCD6ffA6500E0Bfc78eb43",
  "tokenBalances": [
    {
      "tokenId": "1",
      "balance": "1"
    }
  ]
}
2026-05-04 17:34:26:3426 info: [PILOTS-OWNERS-TRACKER]: Успешно получено 2 владельцев PilotNFT.
2026-05-04 17:34:26:3426 info: [PILOTS-OWNERS-TRACKER]: Список владельцев в Redis обновлен. Владельцев: 2.
2026-05-04 17:35:26:3526 info: [PILOTS-OWNERS-TRACKER] 🔍 STRUCTURE DEBUG (First Item):
2026-05-04 17:35:26:3526 info: {
  "ownerAddress": "0x1Bf89d442D9f30858dCCD6ffA6500E0Bfc78eb43",
  "tokenBalances": [
    {
      "tokenId": "1",
      "balance": "1"
    }
  ]
}
2026-05-04 17:35:26:3526 info: [PILOTS-OWNERS-TRACKER]: Успешно получено 2 владельцев PilotNFT.
2026-05-04 17:35:26:3526 info: [PILOTS-OWNERS-TRACKER]: Список владельцев в Redis обновлен. Владельцев: 2.
2026-05-04 17:36:26:3626 info: [PILOTS-OWNERS-TRACKER] 🔍 STRUCTURE DEBUG (First Item):
2026-05-04 17:36:26:3626 info: {
  "ownerAddress": "0x1Bf89d442D9f30858dCCD6ffA6500E0Bfc78eb43",
  "tokenBalances": [
    {
      "tokenId": "1",
      "balance": "1"
    }
  ]
}
2026-05-04 17:36:26:3626 info: [PILOTS-OWNERS-TRACKER]: Успешно получено 2 владельцев PilotNFT.
2026-05-04 17:36:26:3626 info: [PILOTS-OWNERS-TRACKER]: Список владельцев в Redis обновлен. Владельцев: 2.
2026-05-04 17:37:26:3726 info: [PILOTS-OWNERS-TRACKER] 🔍 STRUCTURE DEBUG (First Item):
2026-05-04 17:37:26:3726 info: {
  "ownerAddress": "0x1Bf89d442D9f30858dCCD6ffA6500E0Bfc78eb43",
  "tokenBalances": [
    {
      "tokenId": "1",
      "balance": "1"
    }
  ]
}
2026-05-04 17:37:26:3726 info: [PILOTS-OWNERS-TRACKER]: Успешно получено 2 владельцев PilotNFT.
2026-05-04 17:37:26:3726 info: [PILOTS-OWNERS-TRACKER]: Список владельцев в Redis обновлен. Владельцев: 2.
2026-05-04 17:38:26:3826 info: [PILOTS-OWNERS-TRACKER] 🔍 STRUCTURE DEBUG (First Item):
2026-05-04 17:38:26:3826 info: {
  "ownerAddress": "0x1Bf89d442D9f30858dCCD6ffA6500E0Bfc78eb43",
  "tokenBalances": [
    {
      "tokenId": "1",
      "balance": "1"
    }
  ]
}
2026-05-04 17:38:26:3826 info: [PILOTS-OWNERS-TRACKER]: Успешно получено 2 владельцев PilotNFT.
2026-05-04 17:38:26:3826 info: [PILOTS-OWNERS-TRACKER]: Список владельцев в Redis обновлен. Владельцев: 2.
2026-05-04 17:39:30:3930 info: [PILOTS-OWNERS-TRACKER] 🔍 STRUCTURE DEBUG (First Item):
2026-05-04 17:39:30:3930 info: {
  "ownerAddress": "0x1Bf89d442D9f30858dCCD6ffA6500E0Bfc78eb43",
  "tokenBalances": [
    {
      "tokenId": "1",
      "balance": "1"
    }
  ]
}
2026-05-04 17:39:30:3930 info: [PILOTS-OWNERS-TRACKER]: Успешно получено 2 владельцев PilotNFT.
2026-05-04 17:39:30:3930 info: [PILOTS-OWNERS-TRACKER]: Список владельцев в Redis обновлен. Владельцев: 2.
2026-05-04 17:40:26:4026 info: [PILOTS-OWNERS-TRACKER] 🔍 STRUCTURE DEBUG (First Item):
2026-05-04 17:40:26:4026 info: {
  "ownerAddress": "0x1Bf89d442D9f30858dCCD6ffA6500E0Bfc78eb43",
  "tokenBalances": [
    {
      "tokenId": "1",
      "balance": "1"
    }
  ]
}
2026-05-04 17:40:26:4026 info: [PILOTS-OWNERS-TRACKER]: Успешно получено 2 владельцев PilotNFT.
2026-05-04 17:40:26:4026 info: [PILOTS-OWNERS-TRACKER]: Список владельцев в Redis обновлен. Владельцев: 2.
2026-05-04 17:41:26:4126 info: [PILOTS-OWNERS-TRACKER] 🔍 STRUCTURE DEBUG (First Item):
2026-05-04 17:41:26:4126 info: {
  "ownerAddress": "0x1Bf89d442D9f30858dCCD6ffA6500E0Bfc78eb43",
  "tokenBalances": [
    {
      "tokenId": "1",
      "balance": "1"
    }
  ]
}
2026-05-04 17:41:26:4126 info: [PILOTS-OWNERS-TRACKER]: Успешно получено 2 владельцев PilotNFT.
2026-05-04 17:41:26:4126 info: [PILOTS-OWNERS-TRACKER]: Список владельцев в Redis обновлен. Владельцев: 2.
2026-05-04 17:42:26:4226 info: [PILOTS-OWNERS-TRACKER] 🔍 STRUCTURE DEBUG (First Item):
2026-05-04 17:42:26:4226 info: {
  "ownerAddress": "0x1Bf89d442D9f30858dCCD6ffA6500E0Bfc78eb43",
  "tokenBalances": [
    {
      "tokenId": "1",
      "balance": "1"
    }
  ]
}
2026-05-04 17:42:26:4226 info: [PILOTS-OWNERS-TRACKER]: Успешно получено 2 владельцев PilotNFT.
2026-05-04 17:42:26:4226 info: [PILOTS-OWNERS-TRACKER]: Список владельцев в Redis обновлен. Владельцев: 2.
2026-05-04 17:43:26:4326 info: [PILOTS-OWNERS-TRACKER] 🔍 STRUCTURE DEBUG (First Item):
2026-05-04 17:43:26:4326 info: {
  "ownerAddress": "0x1Bf89d442D9f30858dCCD6ffA6500E0Bfc78eb43",
  "tokenBalances": [
    {
      "tokenId": "1",
      "balance": "1"
    }
  ]
}
2026-05-04 17:43:26:4326 info: [PILOTS-OWNERS-TRACKER]: Успешно получено 2 владельцев PilotNFT.
2026-05-04 17:43:26:4326 info: [PILOTS-OWNERS-TRACKER]: Список владельцев в Redis обновлен. Владельцев: 2.
2026-05-04 17:44:26:4426 info: [PILOTS-OWNERS-TRACKER] 🔍 STRUCTURE DEBUG (First Item):
2026-05-04 17:44:26:4426 info: {
  "ownerAddress": "0x1Bf89d442D9f30858dCCD6ffA6500E0Bfc78eb43",
  "tokenBalances": [
    {
      "tokenId": "1",
      "balance": "1"
    }
  ]
}
2026-05-04 17:44:26:4426 info: [PILOTS-OWNERS-TRACKER]: Успешно получено 2 владельцев PilotNFT.
2026-05-04 17:44:26:4426 info: [PILOTS-OWNERS-TRACKER]: Список владельцев в Redis обновлен. Владельцев: 2.
2026-05-04 17:45:26:4526 info: [PILOTS-OWNERS-TRACKER] 🔍 STRUCTURE DEBUG (First Item):
2026-05-04 17:45:26:4526 info: {
  "ownerAddress": "0x1Bf89d442D9f30858dCCD6ffA6500E0Bfc78eb43",
  "tokenBalances": [
    {
      "tokenId": "1",
      "balance": "1"
    }
  ]
}
2026-05-04 17:45:26:4526 info: [PILOTS-OWNERS-TRACKER]: Успешно получено 2 владельцев PilotNFT.
2026-05-04 17:45:26:4526 info: [PILOTS-OWNERS-TRACKER]: Список владельцев в Redis обновлен. Владельцев: 2.
2026-05-04 17:46:26:4626 info: [PILOTS-OWNERS-TRACKER] 🔍 STRUCTURE DEBUG (First Item):
2026-05-04 17:46:26:4626 info: {
  "ownerAddress": "0x1Bf89d442D9f30858dCCD6ffA6500E0Bfc78eb43",
  "tokenBalances": [
    {
      "tokenId": "1",
      "balance": "1"
    }
  ]
}
2026-05-04 17:46:26:4626 info: [PILOTS-OWNERS-TRACKER]: Успешно получено 2 владельцев PilotNFT.
2026-05-04 17:46:26:4626 info: [PILOTS-OWNERS-TRACKER]: Список владельцев в Redis обновлен. Владельцев: 2.
2026-05-04 17:47:26:4726 info: [PILOTS-OWNERS-TRACKER] 🔍 STRUCTURE DEBUG (First Item):
2026-05-04 17:47:26:4726 info: {
  "ownerAddress": "0x1Bf89d442D9f30858dCCD6ffA6500E0Bfc78eb43",
  "tokenBalances": [
    {
      "tokenId": "1",
      "balance": "1"
    }
  ]
}
2026-05-04 17:47:26:4726 info: [PILOTS-OWNERS-TRACKER]: Успешно получено 2 владельцев PilotNFT.
2026-05-04 17:47:26:4726 info: [PILOTS-OWNERS-TRACKER]: Список владельцев в Redis обновлен. Владельцев: 2.
2026-05-04 17:48:26:4826 info: [PILOTS-OWNERS-TRACKER] 🔍 STRUCTURE DEBUG (First Item):
2026-05-04 17:48:26:4826 info: {
  "ownerAddress": "0x1Bf89d442D9f30858dCCD6ffA6500E0Bfc78eb43",
  "tokenBalances": [
    {
      "tokenId": "1",
      "balance": "1"
    }
  ]
}
2026-05-04 17:48:26:4826 info: [PILOTS-OWNERS-TRACKER]: Успешно получено 2 владельцев PilotNFT.
2026-05-04 17:48:26:4826 info: [PILOTS-OWNERS-TRACKER]: Список владельцев в Redis обновлен. Владельцев: 2.
2026-05-04 17:49:26:4926 info: [PILOTS-OWNERS-TRACKER] 🔍 STRUCTURE DEBUG (First Item):
2026-05-04 17:49:26:4926 info: {
  "ownerAddress": "0x1Bf89d442D9f30858dCCD6ffA6500E0Bfc78eb43",
  "tokenBalances": [
    {
      "tokenId": "1",
      "balance": "1"
    }
  ]
}
2026-05-04 17:49:26:4926 info: [PILOTS-OWNERS-TRACKER]: Успешно получено 2 владельцев PilotNFT.
2026-05-04 17:49:26:4926 info: [PILOTS-OWNERS-TRACKER]: Список владельцев в Redis обновлен. Владельцев: 2.
2026-05-04 17:50:26:5026 info: [PILOTS-OWNERS-TRACKER] 🔍 STRUCTURE DEBUG (First Item):
2026-05-04 17:50:26:5026 info: {
  "ownerAddress": "0x1Bf89d442D9f30858dCCD6ffA6500E0Bfc78eb43",
  "tokenBalances": [
    {
      "tokenId": "1",
      "balance": "1"
    }
  ]
}
2026-05-04 17:50:26:5026 info: [PILOTS-OWNERS-TRACKER]: Успешно получено 2 владельцев PilotNFT.
2026-05-04 17:50:26:5026 info: [PILOTS-OWNERS-TRACKER]: Список владельцев в Redis обновлен. Владельцев: 2.
2026-05-04 17:51:26:5126 info: [PILOTS-OWNERS-TRACKER] 🔍 STRUCTURE DEBUG (First Item):
2026-05-04 17:51:26:5126 info: {
  "ownerAddress": "0x1Bf89d442D9f30858dCCD6ffA6500E0Bfc78eb43",
  "tokenBalances": [
    {
      "tokenId": "1",
      "balance": "1"
    }
  ]
}
2026-05-04 17:51:26:5126 info: [PILOTS-OWNERS-TRACKER]: Успешно получено 2 владельцев PilotNFT.
2026-05-04 17:51:26:5126 info: [PILOTS-OWNERS-TRACKER]: Список владельцев в Redis обновлен. Владельцев: 2.
2026-05-04 17:51:51:5151 info: [TOKEN-FETCHER]: Found a total of 6 ships for wallet 0x2da351d8d5840415025c35a7c843a0dfa6e4b89b
2026-05-04 17:52:26:5226 info: [PILOTS-OWNERS-TRACKER] 🔍 STRUCTURE DEBUG (First Item):
2026-05-04 17:52:26:5226 info: {
  "ownerAddress": "0x1Bf89d442D9f30858dCCD6ffA6500E0Bfc78eb43",
  "tokenBalances": [
    {
      "tokenId": "1",
      "balance": "1"
    }
  ]
}
2026-05-04 17:52:26:5226 info: [PILOTS-OWNERS-TRACKER]: Успешно получено 2 владельцев PilotNFT.
2026-05-04 17:52:26:5226 info: [PILOTS-OWNERS-TRACKER]: Список владельцев в Redis обновлен. Владельцев: 2.
2026-05-04 17:52:47:5247 info: [TOKEN-FETCHER]: Found a total of 6 ships for wallet 0x2da351d8d5840415025c35a7c843a0dfa6e4b89b
2026-05-04 17:53:02:532 info: [Security DEBUG] Request to /internal/api/v1/verify-pilot/0/0x2da351d8d5840415025c35a7c843a0dfa6e4b89b
2026-05-04 17:53:02:532 info: [Security DEBUG] req.ip detected as: ::1
2026-05-04 17:53:02:532 info: [Security DEBUG] Whitelist contains: ["127.0.0.1","::1","::ffff:127.0.0.1","100.106.100.125","::ffff:100.106.100.125","100.123.73.85","::ffff:100.123.73.85"]
2026-05-04 17:53:03:533 info: [Security DEBUG] Request to /internal/api/v1/verify-ship/7/0x2da351d8d5840415025c35a7c843a0dfa6e4b89b
2026-05-04 17:53:03:533 info: [Security DEBUG] req.ip detected as: ::1
2026-05-04 17:53:03:533 info: [Security DEBUG] Whitelist contains: ["127.0.0.1","::1","::ffff:127.0.0.1","100.106.100.125","::ffff:100.106.100.125","100.123.73.85","::ffff:100.123.73.85"]
2026-05-04 17:53:26:5326 info: [PILOTS-OWNERS-TRACKER] 🔍 STRUCTURE DEBUG (First Item):
2026-05-04 17:53:26:5326 info: {
  "ownerAddress": "0x1Bf89d442D9f30858dCCD6ffA6500E0Bfc78eb43",
  "tokenBalances": [
    {
      "tokenId": "1",
      "balance": "1"
    }
  ]
}
2026-05-04 17:53:26:5326 info: [PILOTS-OWNERS-TRACKER]: Успешно получено 2 владельцев PilotNFT.
2026-05-04 17:53:26:5326 info: [PILOTS-OWNERS-TRACKER]: Список владельцев в Redis обновлен. Владельцев: 2.
2026-05-04 17:53:53:5353 info: [TOKEN-FETCHER]: Found a total of 6 ships for wallet 0x2da351d8d5840415025c35a7c843a0dfa6e4b89b
2026-05-04 17:54:26:5426 info: [PILOTS-OWNERS-TRACKER] 🔍 STRUCTURE DEBUG (First Item):
2026-05-04 17:54:26:5426 info: {
  "ownerAddress": "0x1Bf89d442D9f30858dCCD6ffA6500E0Bfc78eb43",
  "tokenBalances": [
    {
      "tokenId": "1",
      "balance": "1"
    }
  ]
}
2026-05-04 17:54:26:5426 info: [PILOTS-OWNERS-TRACKER]: Успешно получено 2 владельцев PilotNFT.
2026-05-04 17:54:26:5426 info: [PILOTS-OWNERS-TRACKER]: Список владельцев в Redis обновлен. Владельцев: 2.
2026-05-04 17:55:15:5515 info: [Security DEBUG] Request to /internal/api/v1/verify-pilot/0/0x2da351d8d5840415025c35a7c843a0dfa6e4b89b
2026-05-04 17:55:15:5515 info: [Security DEBUG] req.ip detected as: ::1
2026-05-04 17:55:15:5515 info: [Security DEBUG] Whitelist contains: ["127.0.0.1","::1","::ffff:127.0.0.1","100.106.100.125","::ffff:100.106.100.125","100.123.73.85","::ffff:100.123.73.85"]
2026-05-04 17:55:15:5515 info: [Security DEBUG] Request to /internal/api/v1/verify-ship/7/0x2da351d8d5840415025c35a7c843a0dfa6e4b89b
2026-05-04 17:55:15:5515 info: [Security DEBUG] req.ip detected as: ::1
2026-05-04 17:55:15:5515 info: [Security DEBUG] Whitelist contains: ["127.0.0.1","::1","::ffff:127.0.0.1","100.106.100.125","::ffff:100.106.100.125","100.123.73.85","::ffff:100.123.73.85"]
2026-05-04 17:55:26:5526 info: [PILOTS-OWNERS-TRACKER] 🔍 STRUCTURE DEBUG (First Item):
2026-05-04 17:55:26:5526 info: {
  "ownerAddress": "0x1Bf89d442D9f30858dCCD6ffA6500E0Bfc78eb43",
  "tokenBalances": [
    {
      "tokenId": "1",
      "balance": "1"
    }
  ]
}
2026-05-04 17:55:26:5526 info: [PILOTS-OWNERS-TRACKER]: Успешно получено 2 владельцев PilotNFT.
2026-05-04 17:55:26:5526 info: [PILOTS-OWNERS-TRACKER]: Список владельцев в Redis обновлен. Владельцев: 2.
2026-05-04 17:55:51:5551 info: [TOKEN-FETCHER]: Found a total of 6 ships for wallet 0x2da351d8d5840415025c35a7c843a0dfa6e4b89b
2026-05-04 17:56:26:5626 info: [PILOTS-OWNERS-TRACKER] 🔍 STRUCTURE DEBUG (First Item):
2026-05-04 17:56:26:5626 info: {
  "ownerAddress": "0x1Bf89d442D9f30858dCCD6ffA6500E0Bfc78eb43",
  "tokenBalances": [
    {
      "tokenId": "1",
      "balance": "1"
    }
  ]
}
2026-05-04 17:56:26:5626 info: [PILOTS-OWNERS-TRACKER]: Успешно получено 2 владельцев PilotNFT.
2026-05-04 17:56:26:5626 info: [PILOTS-OWNERS-TRACKER]: Список владельцев в Redis обновлен. Владельцев: 2.
2026-05-04 17:57:26:5726 info: [PILOTS-OWNERS-TRACKER] 🔍 STRUCTURE DEBUG (First Item):
2026-05-04 17:57:26:5726 info: {
  "ownerAddress": "0x1Bf89d442D9f30858dCCD6ffA6500E0Bfc78eb43",
  "tokenBalances": [
    {
      "tokenId": "1",
      "balance": "1"
    }
  ]
}
2026-05-04 17:57:26:5726 info: [PILOTS-OWNERS-TRACKER]: Успешно получено 2 владельцев PilotNFT.
2026-05-04 17:57:26:5726 info: [PILOTS-OWNERS-TRACKER]: Список владельцев в Redis обновлен. Владельцев: 2.
2026-05-04 17:58:26:5826 info: [PILOTS-OWNERS-TRACKER] 🔍 STRUCTURE DEBUG (First Item):
2026-05-04 17:58:26:5826 info: {
  "ownerAddress": "0x1Bf89d442D9f30858dCCD6ffA6500E0Bfc78eb43",
  "tokenBalances": [
    {
      "tokenId": "1",
      "balance": "1"
    }
  ]
}
2026-05-04 17:58:26:5826 info: [PILOTS-OWNERS-TRACKER]: Успешно получено 2 владельцев PilotNFT.
2026-05-04 17:58:26:5826 info: [PILOTS-OWNERS-TRACKER]: Список владельцев в Redis обновлен. Владельцев: 2.
2026-05-04 17:59:26:5926 info: [PILOTS-OWNERS-TRACKER] 🔍 STRUCTURE DEBUG (First Item):
2026-05-04 17:59:26:5926 info: {
  "ownerAddress": "0x1Bf89d442D9f30858dCCD6ffA6500E0Bfc78eb43",
  "tokenBalances": [
    {
      "tokenId": "1",
      "balance": "1"
    }
  ]
}
2026-05-04 17:59:26:5926 info: [PILOTS-OWNERS-TRACKER]: Успешно получено 2 владельцев PilotNFT.
2026-05-04 17:59:26:5926 info: [PILOTS-OWNERS-TRACKER]: Список владельцев в Redis обновлен. Владельцев: 2.
2026-05-04 18:00:26:026 info: [PILOTS-OWNERS-TRACKER] 🔍 STRUCTURE DEBUG (First Item):
2026-05-04 18:00:26:026 info: {
  "ownerAddress": "0x1Bf89d442D9f30858dCCD6ffA6500E0Bfc78eb43",
  "tokenBalances": [
    {
      "tokenId": "1",
      "balance": "1"
    }
  ]
}
2026-05-04 18:00:26:026 info: [PILOTS-OWNERS-TRACKER]: Успешно получено 2 владельцев PilotNFT.
2026-05-04 18:00:26:026 info: [PILOTS-OWNERS-TRACKER]: Список владельцев в Redis обновлен. Владельцев: 2.
2026-05-04 18:01:26:126 info: [PILOTS-OWNERS-TRACKER] 🔍 STRUCTURE DEBUG (First Item):
2026-05-04 18:01:26:126 info: {
  "ownerAddress": "0x1Bf89d442D9f30858dCCD6ffA6500E0Bfc78eb43",
  "tokenBalances": [
    {
      "tokenId": "1",
      "balance": "1"
    }
  ]
}
2026-05-04 18:01:26:126 info: [PILOTS-OWNERS-TRACKER]: Успешно получено 2 владельцев PilotNFT.
2026-05-04 18:01:26:126 info: [PILOTS-OWNERS-TRACKER]: Список владельцев в Redis обновлен. Владельцев: 2.
2026-05-04 18:02:26:226 info: [PILOTS-OWNERS-TRACKER] 🔍 STRUCTURE DEBUG (First Item):
2026-05-04 18:02:26:226 info: {
  "ownerAddress": "0x1Bf89d442D9f30858dCCD6ffA6500E0Bfc78eb43",
  "tokenBalances": [
    {
      "tokenId": "1",
      "balance": "1"
    }
  ]
}
2026-05-04 18:02:26:226 info: [PILOTS-OWNERS-TRACKER]: Успешно получено 2 владельцев PilotNFT.
2026-05-04 18:02:26:226 info: [PILOTS-OWNERS-TRACKER]: Список владельцев в Redis обновлен. Владельцев: 2.
2026-05-04 18:02:35:235 warn: Получен сигнал SIGINT. Начинаю грациозное завершение web3server...
2026-05-04 18:02:35:235 info: Остановка прослушивания событий блокчейна...
2026-05-04 18:02:35:235 info: [Listener] Остановка сервиса...
2026-05-04 18:02:35:235 info: Закрытие соединения с Redis...
2026-05-04 18:02:35:235 info: Закрытие соединения с dbserver...
2026-05-04 18:02:35:235 info: Закрытие WebSocket-соединения с блокчейн-провайдером...
2026-05-04 18:02:35:235 info: HTTP-сервер больше не принимает новые соединения.
2026-05-04 18:02:35:235 warn: Web3Server: WebSocket connection closed with code 1006, reason: 
2026-05-04 18:02:35:235 error: Web3Server: Disconnected from dbServer
2026-05-04 18:04:11:411 info: Web3Server: Connected to dbServer
2026-05-04 18:04:11:411 error: Web3Server: Disconnected from dbServer
2026-05-04 18:04:11:411 info: Web3Server: Successfully connected to Redis.
2026-05-04 18:04:12:412 info: Web3Server: Connected to dbServer
2026-05-04 18:04:12:412 info: Web3Server: Successfully identified with dbServer
2026-05-04 18:04:13:413 info: Web3Server: Blockchain provider successfully initialized.
2026-05-04 18:04:13:413 info: Web3Server: Read-only contracts successfully initialized.
2026-05-04 18:04:14:414 info: Web3Server: WebSocket connection to RPC provider is open.
2026-05-04 18:04:14:414 info: Web3Server: Blockchain provider connected.
2026-05-04 18:04:14:414 info: [Listener] Включение Real-time (WebSocket)...
2026-05-04 18:04:14:414 info: Обработчики грациозного завершения для web3server инициализированы.
2026-05-04 18:04:14:414 info: Web3Server запущен на порту 3000
2026-05-04 18:04:16:416 info: [PILOTS-OWNERS-TRACKER] 🔍 STRUCTURE DEBUG (First Item):
2026-05-04 18:04:16:416 info: {
  "ownerAddress": "0x1Bf89d442D9f30858dCCD6ffA6500E0Bfc78eb43",
  "tokenBalances": [
    {
      "tokenId": "1",
      "balance": "1"
    }
  ]
}
2026-05-04 18:04:16:416 info: [PILOTS-OWNERS-TRACKER]: Успешно получено 2 владельцев PilotNFT.
2026-05-04 18:04:16:416 info: [PILOTS-OWNERS-TRACKER]: Список владельцев в Redis обновлен. Владельцев: 2.
2026-05-04 18:04:16:416 info: [PILOTS-OWNERS-TRACKER]: Запущено периодическое обновление списка владельцев PilotNFT (интервал: 60 сек)
2026-05-04 18:04:29:429 info: [TOKEN-FETCHER]: Found a total of 6 ships for wallet 0x2da351d8d5840415025c35a7c843a0dfa6e4b89b
2026-05-04 18:05:11:511 info: [Security DEBUG] Request to /internal/api/v1/verify-pilot/0/0x2da351d8d5840415025c35a7c843a0dfa6e4b89b
2026-05-04 18:05:11:511 info: [Security DEBUG] req.ip detected as: ::1
2026-05-04 18:05:11:511 info: [Security DEBUG] Whitelist contains: ["127.0.0.1","::1","::ffff:127.0.0.1","100.106.100.125","::ffff:100.106.100.125","100.123.73.85","::ffff:100.123.73.85"]
2026-05-04 18:05:12:512 info: [Security DEBUG] Request to /internal/api/v1/verify-ship/7/0x2da351d8d5840415025c35a7c843a0dfa6e4b89b
2026-05-04 18:05:12:512 info: [Security DEBUG] req.ip detected as: ::1
2026-05-04 18:05:12:512 info: [Security DEBUG] Whitelist contains: ["127.0.0.1","::1","::ffff:127.0.0.1","100.106.100.125","::ffff:100.106.100.125","100.123.73.85","::ffff:100.123.73.85"]
2026-05-04 18:05:17:517 info: [PILOTS-OWNERS-TRACKER] 🔍 STRUCTURE DEBUG (First Item):
2026-05-04 18:05:17:517 info: {
  "ownerAddress": "0x1Bf89d442D9f30858dCCD6ffA6500E0Bfc78eb43",
  "tokenBalances": [
    {
      "tokenId": "1",
      "balance": "1"
    }
  ]
}
2026-05-04 18:05:17:517 info: [PILOTS-OWNERS-TRACKER]: Успешно получено 2 владельцев PilotNFT.
2026-05-04 18:05:17:517 info: [PILOTS-OWNERS-TRACKER]: Список владельцев в Redis обновлен. Владельцев: 2.
2026-05-04 18:05:27:527 info: [TOKEN-FETCHER]: Found a total of 6 ships for wallet 0x2da351d8d5840415025c35a7c843a0dfa6e4b89b
2026-05-04 18:05:40:540 info: [Security DEBUG] Request to /internal/api/v1/verify-pilot/0/0x2da351d8d5840415025c35a7c843a0dfa6e4b89b
2026-05-04 18:05:40:540 info: [Security DEBUG] req.ip detected as: ::1
2026-05-04 18:05:40:540 info: [Security DEBUG] Whitelist contains: ["127.0.0.1","::1","::ffff:127.0.0.1","100.106.100.125","::ffff:100.106.100.125","100.123.73.85","::ffff:100.123.73.85"]
2026-05-04 18:05:40:540 info: [Security DEBUG] Request to /internal/api/v1/verify-ship/7/0x2da351d8d5840415025c35a7c843a0dfa6e4b89b
2026-05-04 18:05:40:540 info: [Security DEBUG] req.ip detected as: ::1
2026-05-04 18:05:40:540 info: [Security DEBUG] Whitelist contains: ["127.0.0.1","::1","::ffff:127.0.0.1","100.106.100.125","::ffff:100.106.100.125","100.123.73.85","::ffff:100.123.73.85"]
2026-05-04 18:06:17:617 info: [PILOTS-OWNERS-TRACKER] 🔍 STRUCTURE DEBUG (First Item):
2026-05-04 18:06:17:617 info: {
  "ownerAddress": "0x1Bf89d442D9f30858dCCD6ffA6500E0Bfc78eb43",
  "tokenBalances": [
    {
      "tokenId": "1",
      "balance": "1"
    }
  ]
}
2026-05-04 18:06:17:617 info: [PILOTS-OWNERS-TRACKER]: Успешно получено 2 владельцев PilotNFT.
2026-05-04 18:06:17:617 info: [PILOTS-OWNERS-TRACKER]: Список владельцев в Redis обновлен. Владельцев: 2.
2026-05-04 18:07:17:717 info: [PILOTS-OWNERS-TRACKER] 🔍 STRUCTURE DEBUG (First Item):
2026-05-04 18:07:17:717 info: {
  "ownerAddress": "0x1Bf89d442D9f30858dCCD6ffA6500E0Bfc78eb43",
  "tokenBalances": [
    {
      "tokenId": "1",
      "balance": "1"
    }
  ]
}
2026-05-04 18:07:17:717 info: [PILOTS-OWNERS-TRACKER]: Успешно получено 2 владельцев PilotNFT.
2026-05-04 18:07:17:717 info: [PILOTS-OWNERS-TRACKER]: Список владельцев в Redis обновлен. Владельцев: 2.
2026-05-04 18:08:17:817 info: [PILOTS-OWNERS-TRACKER] 🔍 STRUCTURE DEBUG (First Item):
2026-05-04 18:08:17:817 info: {
  "ownerAddress": "0x1Bf89d442D9f30858dCCD6ffA6500E0Bfc78eb43",
  "tokenBalances": [
    {
      "tokenId": "1",
      "balance": "1"
    }
  ]
}
2026-05-04 18:08:17:817 info: [PILOTS-OWNERS-TRACKER]: Успешно получено 2 владельцев PilotNFT.
2026-05-04 18:08:17:817 info: [PILOTS-OWNERS-TRACKER]: Список владельцев в Redis обновлен. Владельцев: 2.
2026-05-04 18:09:17:917 info: [PILOTS-OWNERS-TRACKER] 🔍 STRUCTURE DEBUG (First Item):
2026-05-04 18:09:17:917 info: {
  "ownerAddress": "0x1Bf89d442D9f30858dCCD6ffA6500E0Bfc78eb43",
  "tokenBalances": [
    {
      "tokenId": "1",
      "balance": "1"
    }
  ]
}
2026-05-04 18:09:17:917 info: [PILOTS-OWNERS-TRACKER]: Успешно получено 2 владельцев PilotNFT.
2026-05-04 18:09:17:917 info: [PILOTS-OWNERS-TRACKER]: Список владельцев в Redis обновлен. Владельцев: 2.
2026-05-04 18:10:17:1017 info: [PILOTS-OWNERS-TRACKER] 🔍 STRUCTURE DEBUG (First Item):
2026-05-04 18:10:17:1017 info: {
  "ownerAddress": "0x1Bf89d442D9f30858dCCD6ffA6500E0Bfc78eb43",
  "tokenBalances": [
    {
      "tokenId": "1",
      "balance": "1"
    }
  ]
}
2026-05-04 18:10:17:1017 info: [PILOTS-OWNERS-TRACKER]: Успешно получено 2 владельцев PilotNFT.
2026-05-04 18:10:17:1017 info: [PILOTS-OWNERS-TRACKER]: Список владельцев в Redis обновлен. Владельцев: 2.
2026-05-04 18:11:17:1117 info: [PILOTS-OWNERS-TRACKER] 🔍 STRUCTURE DEBUG (First Item):
2026-05-04 18:11:17:1117 info: {
  "ownerAddress": "0x1Bf89d442D9f30858dCCD6ffA6500E0Bfc78eb43",
  "tokenBalances": [
    {
      "tokenId": "1",
      "balance": "1"
    }
  ]
}
2026-05-04 18:11:17:1117 info: [PILOTS-OWNERS-TRACKER]: Успешно получено 2 владельцев PilotNFT.
2026-05-04 18:11:17:1117 info: [PILOTS-OWNERS-TRACKER]: Список владельцев в Redis обновлен. Владельцев: 2.
2026-05-04 18:12:17:1217 info: [PILOTS-OWNERS-TRACKER] 🔍 STRUCTURE DEBUG (First Item):
2026-05-04 18:12:17:1217 info: {
  "ownerAddress": "0x1Bf89d442D9f30858dCCD6ffA6500E0Bfc78eb43",
  "tokenBalances": [
    {
      "tokenId": "1",
      "balance": "1"
    }
  ]
}
2026-05-04 18:12:17:1217 info: [PILOTS-OWNERS-TRACKER]: Успешно получено 2 владельцев PilotNFT.
2026-05-04 18:12:17:1217 info: [PILOTS-OWNERS-TRACKER]: Список владельцев в Redis обновлен. Владельцев: 2.
2026-05-04 18:13:17:1317 info: [PILOTS-OWNERS-TRACKER] 🔍 STRUCTURE DEBUG (First Item):
2026-05-04 18:13:17:1317 info: {
  "ownerAddress": "0x1Bf89d442D9f30858dCCD6ffA6500E0Bfc78eb43",
  "tokenBalances": [
    {
      "tokenId": "1",
      "balance": "1"
    }
  ]
}
2026-05-04 18:13:17:1317 info: [PILOTS-OWNERS-TRACKER]: Успешно получено 2 владельцев PilotNFT.
2026-05-04 18:13:17:1317 info: [PILOTS-OWNERS-TRACKER]: Список владельцев в Redis обновлен. Владельцев: 2.
2026-05-04 18:14:17:1417 info: [PILOTS-OWNERS-TRACKER] 🔍 STRUCTURE DEBUG (First Item):
2026-05-04 18:14:17:1417 info: {
  "ownerAddress": "0x1Bf89d442D9f30858dCCD6ffA6500E0Bfc78eb43",
  "tokenBalances": [
    {
      "tokenId": "1",
      "balance": "1"
    }
  ]
}
2026-05-04 18:14:17:1417 info: [PILOTS-OWNERS-TRACKER]: Успешно получено 2 владельцев PilotNFT.
2026-05-04 18:14:17:1417 info: [PILOTS-OWNERS-TRACKER]: Список владельцев в Redis обновлен. Владельцев: 2.
2026-05-04 18:15:17:1517 info: [PILOTS-OWNERS-TRACKER] 🔍 STRUCTURE DEBUG (First Item):
2026-05-04 18:15:17:1517 info: {
  "ownerAddress": "0x1Bf89d442D9f30858dCCD6ffA6500E0Bfc78eb43",
  "tokenBalances": [
    {
      "tokenId": "1",
      "balance": "1"
    }
  ]
}
2026-05-04 18:15:17:1517 info: [PILOTS-OWNERS-TRACKER]: Успешно получено 2 владельцев PilotNFT.
2026-05-04 18:15:17:1517 info: [PILOTS-OWNERS-TRACKER]: Список владельцев в Redis обновлен. Владельцев: 2.
2026-05-04 18:15:46:1546 info: [TOKEN-FETCHER]: Found a total of 6 ships for wallet 0x2da351d8d5840415025c35a7c843a0dfa6e4b89b
2026-05-04 18:16:17:1617 info: [PILOTS-OWNERS-TRACKER] 🔍 STRUCTURE DEBUG (First Item):
2026-05-04 18:16:17:1617 info: {
  "ownerAddress": "0x1Bf89d442D9f30858dCCD6ffA6500E0Bfc78eb43",
  "tokenBalances": [
    {
      "tokenId": "1",
      "balance": "1"
    }
  ]
}
2026-05-04 18:16:17:1617 info: [PILOTS-OWNERS-TRACKER]: Успешно получено 2 владельцев PilotNFT.
2026-05-04 18:16:17:1617 info: [PILOTS-OWNERS-TRACKER]: Список владельцев в Redis обновлен. Владельцев: 2.
2026-05-04 18:17:17:1717 info: [PILOTS-OWNERS-TRACKER] 🔍 STRUCTURE DEBUG (First Item):
2026-05-04 18:17:17:1717 info: {
  "ownerAddress": "0x1Bf89d442D9f30858dCCD6ffA6500E0Bfc78eb43",
  "tokenBalances": [
    {
      "tokenId": "1",
      "balance": "1"
    }
  ]
}
2026-05-04 18:17:17:1717 info: [PILOTS-OWNERS-TRACKER]: Успешно получено 2 владельцев PilotNFT.
2026-05-04 18:17:17:1717 info: [PILOTS-OWNERS-TRACKER]: Список владельцев в Redis обновлен. Владельцев: 2.
2026-05-04 18:18:17:1817 info: [PILOTS-OWNERS-TRACKER] 🔍 STRUCTURE DEBUG (First Item):
2026-05-04 18:18:17:1817 info: {
  "ownerAddress": "0x1Bf89d442D9f30858dCCD6ffA6500E0Bfc78eb43",
  "tokenBalances": [
    {
      "tokenId": "1",
      "balance": "1"
    }
  ]
}
2026-05-04 18:18:17:1817 info: [PILOTS-OWNERS-TRACKER]: Успешно получено 2 владельцев PilotNFT.
2026-05-04 18:18:17:1817 info: [PILOTS-OWNERS-TRACKER]: Список владельцев в Redis обновлен. Владельцев: 2.
2026-05-04 18:19:17:1917 info: [PILOTS-OWNERS-TRACKER] 🔍 STRUCTURE DEBUG (First Item):
2026-05-04 18:19:17:1917 info: {
  "ownerAddress": "0x1Bf89d442D9f30858dCCD6ffA6500E0Bfc78eb43",
  "tokenBalances": [
    {
      "tokenId": "1",
      "balance": "1"
    }
  ]
}
2026-05-04 18:19:17:1917 info: [PILOTS-OWNERS-TRACKER]: Успешно получено 2 владельцев PilotNFT.
2026-05-04 18:19:17:1917 info: [PILOTS-OWNERS-TRACKER]: Список владельцев в Redis обновлен. Владельцев: 2.
2026-05-04 18:20:17:2017 info: [PILOTS-OWNERS-TRACKER] 🔍 STRUCTURE DEBUG (First Item):
2026-05-04 18:20:17:2017 info: {
  "ownerAddress": "0x1Bf89d442D9f30858dCCD6ffA6500E0Bfc78eb43",
  "tokenBalances": [
    {
      "tokenId": "1",
      "balance": "1"
    }
  ]
}
2026-05-04 18:20:17:2017 info: [PILOTS-OWNERS-TRACKER]: Успешно получено 2 владельцев PilotNFT.
2026-05-04 18:20:17:2017 info: [PILOTS-OWNERS-TRACKER]: Список владельцев в Redis обновлен. Владельцев: 2.
2026-05-04 18:21:17:2117 info: [PILOTS-OWNERS-TRACKER] 🔍 STRUCTURE DEBUG (First Item):
2026-05-04 18:21:17:2117 info: {
  "ownerAddress": "0x1Bf89d442D9f30858dCCD6ffA6500E0Bfc78eb43",
  "tokenBalances": [
    {
      "tokenId": "1",
      "balance": "1"
    }
  ]
}
2026-05-04 18:21:17:2117 info: [PILOTS-OWNERS-TRACKER]: Успешно получено 2 владельцев PilotNFT.
2026-05-04 18:21:17:2117 info: [PILOTS-OWNERS-TRACKER]: Список владельцев в Redis обновлен. Владельцев: 2.
2026-05-04 18:22:17:2217 info: [PILOTS-OWNERS-TRACKER] 🔍 STRUCTURE DEBUG (First Item):
2026-05-04 18:22:17:2217 info: {
  "ownerAddress": "0x1Bf89d442D9f30858dCCD6ffA6500E0Bfc78eb43",
  "tokenBalances": [
    {
      "tokenId": "1",
      "balance": "1"
    }
  ]
}
2026-05-04 18:22:17:2217 info: [PILOTS-OWNERS-TRACKER]: Успешно получено 2 владельцев PilotNFT.
2026-05-04 18:22:17:2217 info: [PILOTS-OWNERS-TRACKER]: Список владельцев в Redis обновлен. Владельцев: 2.
2026-05-04 18:23:17:2317 info: [PILOTS-OWNERS-TRACKER] 🔍 STRUCTURE DEBUG (First Item):
2026-05-04 18:23:17:2317 info: {
  "ownerAddress": "0x1Bf89d442D9f30858dCCD6ffA6500E0Bfc78eb43",
  "tokenBalances": [
    {
      "tokenId": "1",
      "balance": "1"
    }
  ]
}
2026-05-04 18:23:17:2317 info: [PILOTS-OWNERS-TRACKER]: Успешно получено 2 владельцев PilotNFT.
2026-05-04 18:23:17:2317 info: [PILOTS-OWNERS-TRACKER]: Список владельцев в Redis обновлен. Владельцев: 2.
2026-05-04 18:24:17:2417 info: [PILOTS-OWNERS-TRACKER] 🔍 STRUCTURE DEBUG (First Item):
2026-05-04 18:24:17:2417 info: {
  "ownerAddress": "0x1Bf89d442D9f30858dCCD6ffA6500E0Bfc78eb43",
  "tokenBalances": [
    {
      "tokenId": "1",
      "balance": "1"
    }
  ]
}
2026-05-04 18:24:17:2417 info: [PILOTS-OWNERS-TRACKER]: Успешно получено 2 владельцев PilotNFT.
2026-05-04 18:24:17:2417 info: [PILOTS-OWNERS-TRACKER]: Список владельцев в Redis обновлен. Владельцев: 2.
2026-05-04 18:25:17:2517 info: [PILOTS-OWNERS-TRACKER] 🔍 STRUCTURE DEBUG (First Item):
2026-05-04 18:25:17:2517 info: {
  "ownerAddress": "0x1Bf89d442D9f30858dCCD6ffA6500E0Bfc78eb43",
  "tokenBalances": [
    {
      "tokenId": "1",
      "balance": "1"
    }
  ]
}
2026-05-04 18:25:17:2517 info: [PILOTS-OWNERS-TRACKER]: Успешно получено 2 владельцев PilotNFT.
2026-05-04 18:25:17:2517 info: [PILOTS-OWNERS-TRACKER]: Список владельцев в Redis обновлен. Владельцев: 2.
2026-05-04 18:26:17:2617 info: [PILOTS-OWNERS-TRACKER] 🔍 STRUCTURE DEBUG (First Item):
2026-05-04 18:26:17:2617 info: {
  "ownerAddress": "0x1Bf89d442D9f30858dCCD6ffA6500E0Bfc78eb43",
  "tokenBalances": [
    {
      "tokenId": "1",
      "balance": "1"
    }
  ]
}
2026-05-04 18:26:17:2617 info: [PILOTS-OWNERS-TRACKER]: Успешно получено 2 владельцев PilotNFT.
2026-05-04 18:26:17:2617 info: [PILOTS-OWNERS-TRACKER]: Список владельцев в Redis обновлен. Владельцев: 2.
2026-05-04 18:27:17:2717 info: [PILOTS-OWNERS-TRACKER] 🔍 STRUCTURE DEBUG (First Item):
2026-05-04 18:27:17:2717 info: {
  "ownerAddress": "0x1Bf89d442D9f30858dCCD6ffA6500E0Bfc78eb43",
  "tokenBalances": [
    {
      "tokenId": "1",
      "balance": "1"
    }
  ]
}
2026-05-04 18:27:17:2717 info: [PILOTS-OWNERS-TRACKER]: Успешно получено 2 владельцев PilotNFT.
2026-05-04 18:27:17:2717 info: [PILOTS-OWNERS-TRACKER]: Список владельцев в Redis обновлен. Владельцев: 2.
2026-05-04 18:28:17:2817 info: [PILOTS-OWNERS-TRACKER] 🔍 STRUCTURE DEBUG (First Item):
2026-05-04 18:28:17:2817 info: {
  "ownerAddress": "0x1Bf89d442D9f30858dCCD6ffA6500E0Bfc78eb43",
  "tokenBalances": [
    {
      "tokenId": "1",
      "balance": "1"
    }
  ]
}
2026-05-04 18:28:17:2817 info: [PILOTS-OWNERS-TRACKER]: Успешно получено 2 владельцев PilotNFT.
2026-05-04 18:28:17:2817 info: [PILOTS-OWNERS-TRACKER]: Список владельцев в Redis обновлен. Владельцев: 2.
2026-05-04 18:29:17:2917 info: [PILOTS-OWNERS-TRACKER] 🔍 STRUCTURE DEBUG (First Item):
2026-05-04 18:29:17:2917 info: {
  "ownerAddress": "0x1Bf89d442D9f30858dCCD6ffA6500E0Bfc78eb43",
  "tokenBalances": [
    {
      "tokenId": "1",
      "balance": "1"
    }
  ]
}
2026-05-04 18:29:17:2917 info: [PILOTS-OWNERS-TRACKER]: Успешно получено 2 владельцев PilotNFT.
2026-05-04 18:29:17:2917 info: [PILOTS-OWNERS-TRACKER]: Список владельцев в Redis обновлен. Владельцев: 2.
2026-05-04 18:30:17:3017 info: [PILOTS-OWNERS-TRACKER] 🔍 STRUCTURE DEBUG (First Item):
2026-05-04 18:30:17:3017 info: {
  "ownerAddress": "0x1Bf89d442D9f30858dCCD6ffA6500E0Bfc78eb43",
  "tokenBalances": [
    {
      "tokenId": "1",
      "balance": "1"
    }
  ]
}
2026-05-04 18:30:17:3017 info: [PILOTS-OWNERS-TRACKER]: Успешно получено 2 владельцев PilotNFT.
2026-05-04 18:30:17:3017 info: [PILOTS-OWNERS-TRACKER]: Список владельцев в Redis обновлен. Владельцев: 2.
2026-05-04 18:31:17:3117 info: [PILOTS-OWNERS-TRACKER] 🔍 STRUCTURE DEBUG (First Item):
2026-05-04 18:31:17:3117 info: {
  "ownerAddress": "0x1Bf89d442D9f30858dCCD6ffA6500E0Bfc78eb43",
  "tokenBalances": [
    {
      "tokenId": "1",
      "balance": "1"
    }
  ]
}
2026-05-04 18:31:17:3117 info: [PILOTS-OWNERS-TRACKER]: Успешно получено 2 владельцев PilotNFT.
2026-05-04 18:31:17:3117 info: [PILOTS-OWNERS-TRACKER]: Список владельцев в Redis обновлен. Владельцев: 2.
2026-05-04 18:32:17:3217 info: [PILOTS-OWNERS-TRACKER] 🔍 STRUCTURE DEBUG (First Item):
2026-05-04 18:32:17:3217 info: {
  "ownerAddress": "0x1Bf89d442D9f30858dCCD6ffA6500E0Bfc78eb43",
  "tokenBalances": [
    {
      "tokenId": "1",
      "balance": "1"
    }
  ]
}
2026-05-04 18:32:17:3217 info: [PILOTS-OWNERS-TRACKER]: Успешно получено 2 владельцев PilotNFT.
2026-05-04 18:32:17:3217 info: [PILOTS-OWNERS-TRACKER]: Список владельцев в Redis обновлен. Владельцев: 2.
2026-05-04 18:33:17:3317 info: [PILOTS-OWNERS-TRACKER] 🔍 STRUCTURE DEBUG (First Item):
2026-05-04 18:33:17:3317 info: {
  "ownerAddress": "0x1Bf89d442D9f30858dCCD6ffA6500E0Bfc78eb43",
  "tokenBalances": [
    {
      "tokenId": "1",
      "balance": "1"
    }
  ]
}
2026-05-04 18:33:17:3317 info: [PILOTS-OWNERS-TRACKER]: Успешно получено 2 владельцев PilotNFT.
2026-05-04 18:33:17:3317 info: [PILOTS-OWNERS-TRACKER]: Список владельцев в Redis обновлен. Владельцев: 2.
2026-05-04 18:34:17:3417 info: [PILOTS-OWNERS-TRACKER] 🔍 STRUCTURE DEBUG (First Item):
2026-05-04 18:34:17:3417 info: {
  "ownerAddress": "0x1Bf89d442D9f30858dCCD6ffA6500E0Bfc78eb43",
  "tokenBalances": [
    {
      "tokenId": "1",
      "balance": "1"
    }
  ]
}
2026-05-04 18:34:17:3417 info: [PILOTS-OWNERS-TRACKER]: Успешно получено 2 владельцев PilotNFT.
2026-05-04 18:34:17:3417 info: [PILOTS-OWNERS-TRACKER]: Список владельцев в Redis обновлен. Владельцев: 2.
2026-05-04 18:35:17:3517 info: [PILOTS-OWNERS-TRACKER] 🔍 STRUCTURE DEBUG (First Item):
2026-05-04 18:35:17:3517 info: {
  "ownerAddress": "0x1Bf89d442D9f30858dCCD6ffA6500E0Bfc78eb43",
  "tokenBalances": [
    {
      "tokenId": "1",
      "balance": "1"
    }
  ]
}
2026-05-04 18:35:17:3517 info: [PILOTS-OWNERS-TRACKER]: Успешно получено 2 владельцев PilotNFT.
2026-05-04 18:35:17:3517 info: [PILOTS-OWNERS-TRACKER]: Список владельцев в Redis обновлен. Владельцев: 2.
2026-05-04 18:36:17:3617 info: [PILOTS-OWNERS-TRACKER] 🔍 STRUCTURE DEBUG (First Item):
2026-05-04 18:36:17:3617 info: {
  "ownerAddress": "0x1Bf89d442D9f30858dCCD6ffA6500E0Bfc78eb43",
  "tokenBalances": [
    {
      "tokenId": "1",
      "balance": "1"
    }
  ]
}
2026-05-04 18:36:17:3617 info: [PILOTS-OWNERS-TRACKER]: Успешно получено 2 владельцев PilotNFT.
2026-05-04 18:36:17:3617 info: [PILOTS-OWNERS-TRACKER]: Список владельцев в Redis обновлен. Владельцев: 2.
2026-05-04 18:37:17:3717 info: [PILOTS-OWNERS-TRACKER] 🔍 STRUCTURE DEBUG (First Item):
2026-05-04 18:37:17:3717 info: {
  "ownerAddress": "0x1Bf89d442D9f30858dCCD6ffA6500E0Bfc78eb43",
  "tokenBalances": [
    {
      "tokenId": "1",
      "balance": "1"
    }
  ]
}
2026-05-04 18:37:17:3717 info: [PILOTS-OWNERS-TRACKER]: Успешно получено 2 владельцев PilotNFT.
2026-05-04 18:37:17:3717 info: [PILOTS-OWNERS-TRACKER]: Список владельцев в Redis обновлен. Владельцев: 2.
2026-05-04 18:38:17:3817 info: [PILOTS-OWNERS-TRACKER] 🔍 STRUCTURE DEBUG (First Item):
2026-05-04 18:38:17:3817 info: {
  "ownerAddress": "0x1Bf89d442D9f30858dCCD6ffA6500E0Bfc78eb43",
  "tokenBalances": [
    {
      "tokenId": "1",
      "balance": "1"
    }
  ]
}
2026-05-04 18:38:17:3817 info: [PILOTS-OWNERS-TRACKER]: Успешно получено 2 владельцев PilotNFT.
2026-05-04 18:38:17:3817 info: [PILOTS-OWNERS-TRACKER]: Список владельцев в Redis обновлен. Владельцев: 2.
2026-05-04 18:39:17:3917 info: [PILOTS-OWNERS-TRACKER] 🔍 STRUCTURE DEBUG (First Item):
2026-05-04 18:39:17:3917 info: {
  "ownerAddress": "0x1Bf89d442D9f30858dCCD6ffA6500E0Bfc78eb43",
  "tokenBalances": [
    {
      "tokenId": "1",
      "balance": "1"
    }
  ]
}
2026-05-04 18:39:17:3917 info: [PILOTS-OWNERS-TRACKER]: Успешно получено 2 владельцев PilotNFT.
2026-05-04 18:39:17:3917 info: [PILOTS-OWNERS-TRACKER]: Список владельцев в Redis обновлен. Владельцев: 2.
2026-05-04 18:40:19:4019 info: [PILOTS-OWNERS-TRACKER] 🔍 STRUCTURE DEBUG (First Item):
2026-05-04 18:40:19:4019 info: {
  "ownerAddress": "0x1Bf89d442D9f30858dCCD6ffA6500E0Bfc78eb43",
  "tokenBalances": [
    {
      "tokenId": "1",
      "balance": "1"
    }
  ]
}
2026-05-04 18:40:19:4019 info: [PILOTS-OWNERS-TRACKER]: Успешно получено 2 владельцев PilotNFT.
2026-05-04 18:40:19:4019 info: [PILOTS-OWNERS-TRACKER]: Список владельцев в Redis обновлен. Владельцев: 2.
2026-05-04 18:41:17:4117 info: [PILOTS-OWNERS-TRACKER] 🔍 STRUCTURE DEBUG (First Item):
2026-05-04 18:41:17:4117 info: {
  "ownerAddress": "0x1Bf89d442D9f30858dCCD6ffA6500E0Bfc78eb43",
  "tokenBalances": [
    {
      "tokenId": "1",
      "balance": "1"
    }
  ]
}
2026-05-04 18:41:17:4117 info: [PILOTS-OWNERS-TRACKER]: Успешно получено 2 владельцев PilotNFT.
2026-05-04 18:41:17:4117 info: [PILOTS-OWNERS-TRACKER]: Список владельцев в Redis обновлен. Владельцев: 2.
2026-05-04 18:42:17:4217 info: [PILOTS-OWNERS-TRACKER] 🔍 STRUCTURE DEBUG (First Item):
2026-05-04 18:42:17:4217 info: {
  "ownerAddress": "0x1Bf89d442D9f30858dCCD6ffA6500E0Bfc78eb43",
  "tokenBalances": [
    {
      "tokenId": "1",
      "balance": "1"
    }
  ]
}
2026-05-04 18:42:17:4217 info: [PILOTS-OWNERS-TRACKER]: Успешно получено 2 владельцев PilotNFT.
2026-05-04 18:42:17:4217 info: [PILOTS-OWNERS-TRACKER]: Список владельцев в Redis обновлен. Владельцев: 2.
2026-05-04 18:43:17:4317 info: [PILOTS-OWNERS-TRACKER] 🔍 STRUCTURE DEBUG (First Item):
2026-05-04 18:43:17:4317 info: {
  "ownerAddress": "0x1Bf89d442D9f30858dCCD6ffA6500E0Bfc78eb43",
  "tokenBalances": [
    {
      "tokenId": "1",
      "balance": "1"
    }
  ]
}
2026-05-04 18:43:17:4317 info: [PILOTS-OWNERS-TRACKER]: Успешно получено 2 владельцев PilotNFT.
2026-05-04 18:43:17:4317 info: [PILOTS-OWNERS-TRACKER]: Список владельцев в Redis обновлен. Владельцев: 2.
2026-05-04 18:44:17:4417 info: [PILOTS-OWNERS-TRACKER] 🔍 STRUCTURE DEBUG (First Item):
2026-05-04 18:44:17:4417 info: {
  "ownerAddress": "0x1Bf89d442D9f30858dCCD6ffA6500E0Bfc78eb43",
  "tokenBalances": [
    {
      "tokenId": "1",
      "balance": "1"
    }
  ]
}
2026-05-04 18:44:17:4417 info: [PILOTS-OWNERS-TRACKER]: Успешно получено 2 владельцев PilotNFT.
2026-05-04 18:44:17:4417 info: [PILOTS-OWNERS-TRACKER]: Список владельцев в Redis обновлен. Владельцев: 2.
2026-05-04 18:45:17:4517 info: [PILOTS-OWNERS-TRACKER] 🔍 STRUCTURE DEBUG (First Item):
2026-05-04 18:45:17:4517 info: {
  "ownerAddress": "0x1Bf89d442D9f30858dCCD6ffA6500E0Bfc78eb43",
  "tokenBalances": [
    {
      "tokenId": "1",
      "balance": "1"
    }
  ]
}
2026-05-04 18:45:17:4517 info: [PILOTS-OWNERS-TRACKER]: Успешно получено 2 владельцев PilotNFT.
2026-05-04 18:45:17:4517 info: [PILOTS-OWNERS-TRACKER]: Список владельцев в Redis обновлен. Владельцев: 2.
2026-05-04 18:46:17:4617 info: [PILOTS-OWNERS-TRACKER] 🔍 STRUCTURE DEBUG (First Item):
2026-05-04 18:46:17:4617 info: {
  "ownerAddress": "0x1Bf89d442D9f30858dCCD6ffA6500E0Bfc78eb43",
  "tokenBalances": [
    {
      "tokenId": "1",
      "balance": "1"
    }
  ]
}
2026-05-04 18:46:17:4617 info: [PILOTS-OWNERS-TRACKER]: Успешно получено 2 владельцев PilotNFT.
2026-05-04 18:46:17:4617 info: [PILOTS-OWNERS-TRACKER]: Список владельцев в Redis обновлен. Владельцев: 2.
2026-05-04 18:47:17:4717 info: [PILOTS-OWNERS-TRACKER] 🔍 STRUCTURE DEBUG (First Item):
2026-05-04 18:47:17:4717 info: {
  "ownerAddress": "0x1Bf89d442D9f30858dCCD6ffA6500E0Bfc78eb43",
  "tokenBalances": [
    {
      "tokenId": "1",
      "balance": "1"
    }
  ]
}
2026-05-04 18:47:17:4717 info: [PILOTS-OWNERS-TRACKER]: Успешно получено 2 владельцев PilotNFT.
2026-05-04 18:47:17:4717 info: [PILOTS-OWNERS-TRACKER]: Список владельцев в Redis обновлен. Владельцев: 2.
2026-05-04 18:48:17:4817 info: [PILOTS-OWNERS-TRACKER] 🔍 STRUCTURE DEBUG (First Item):
2026-05-04 18:48:17:4817 info: {
  "ownerAddress": "0x1Bf89d442D9f30858dCCD6ffA6500E0Bfc78eb43",
  "tokenBalances": [
    {
      "tokenId": "1",
      "balance": "1"
    }
  ]
}
2026-05-04 18:48:17:4817 info: [PILOTS-OWNERS-TRACKER]: Успешно получено 2 владельцев PilotNFT.
2026-05-04 18:48:17:4817 info: [PILOTS-OWNERS-TRACKER]: Список владельцев в Redis обновлен. Владельцев: 2.
2026-05-04 18:49:17:4917 info: [PILOTS-OWNERS-TRACKER] 🔍 STRUCTURE DEBUG (First Item):
2026-05-04 18:49:17:4917 info: {
  "ownerAddress": "0x1Bf89d442D9f30858dCCD6ffA6500E0Bfc78eb43",
  "tokenBalances": [
    {
      "tokenId": "1",
      "balance": "1"
    }
  ]
}
2026-05-04 18:49:17:4917 info: [PILOTS-OWNERS-TRACKER]: Успешно получено 2 владельцев PilotNFT.
2026-05-04 18:49:17:4917 info: [PILOTS-OWNERS-TRACKER]: Список владельцев в Redis обновлен. Владельцев: 2.
2026-05-04 18:50:17:5017 info: [PILOTS-OWNERS-TRACKER] 🔍 STRUCTURE DEBUG (First Item):
2026-05-04 18:50:17:5017 info: {
  "ownerAddress": "0x1Bf89d442D9f30858dCCD6ffA6500E0Bfc78eb43",
  "tokenBalances": [
    {
      "tokenId": "1",
      "balance": "1"
    }
  ]
}
2026-05-04 18:50:17:5017 info: [PILOTS-OWNERS-TRACKER]: Успешно получено 2 владельцев PilotNFT.
2026-05-04 18:50:17:5017 info: [PILOTS-OWNERS-TRACKER]: Список владельцев в Redis обновлен. Владельцев: 2.
2026-05-04 18:51:17:5117 info: [PILOTS-OWNERS-TRACKER] 🔍 STRUCTURE DEBUG (First Item):
2026-05-04 18:51:17:5117 info: {
  "ownerAddress": "0x1Bf89d442D9f30858dCCD6ffA6500E0Bfc78eb43",
  "tokenBalances": [
    {
      "tokenId": "1",
      "balance": "1"
    }
  ]
}
2026-05-04 18:51:17:5117 info: [PILOTS-OWNERS-TRACKER]: Успешно получено 2 владельцев PilotNFT.
2026-05-04 18:51:17:5117 info: [PILOTS-OWNERS-TRACKER]: Список владельцев в Redis обновлен. Владельцев: 2.
2026-05-04 18:52:17:5217 info: [PILOTS-OWNERS-TRACKER] 🔍 STRUCTURE DEBUG (First Item):
2026-05-04 18:52:17:5217 info: {
  "ownerAddress": "0x1Bf89d442D9f30858dCCD6ffA6500E0Bfc78eb43",
  "tokenBalances": [
    {
      "tokenId": "1",
      "balance": "1"
    }
  ]
}
2026-05-04 18:52:17:5217 info: [PILOTS-OWNERS-TRACKER]: Успешно получено 2 владельцев PilotNFT.
2026-05-04 18:52:17:5217 info: [PILOTS-OWNERS-TRACKER]: Список владельцев в Redis обновлен. Владельцев: 2.
2026-05-04 18:53:17:5317 info: [PILOTS-OWNERS-TRACKER] 🔍 STRUCTURE DEBUG (First Item):
2026-05-04 18:53:17:5317 info: {
  "ownerAddress": "0x1Bf89d442D9f30858dCCD6ffA6500E0Bfc78eb43",
  "tokenBalances": [
    {
      "tokenId": "1",
      "balance": "1"
    }
  ]
}
2026-05-04 18:53:17:5317 info: [PILOTS-OWNERS-TRACKER]: Успешно получено 2 владельцев PilotNFT.
2026-05-04 18:53:17:5317 info: [PILOTS-OWNERS-TRACKER]: Список владельцев в Redis обновлен. Владельцев: 2.
2026-05-04 18:54:17:5417 info: [PILOTS-OWNERS-TRACKER] 🔍 STRUCTURE DEBUG (First Item):
2026-05-04 18:54:17:5417 info: {
  "ownerAddress": "0x1Bf89d442D9f30858dCCD6ffA6500E0Bfc78eb43",
  "tokenBalances": [
    {
      "tokenId": "1",
      "balance": "1"
    }
  ]
}
2026-05-04 18:54:17:5417 info: [PILOTS-OWNERS-TRACKER]: Успешно получено 2 владельцев PilotNFT.
2026-05-04 18:54:17:5417 info: [PILOTS-OWNERS-TRACKER]: Список владельцев в Redis обновлен. Владельцев: 2.
2026-05-04 18:55:17:5517 info: [PILOTS-OWNERS-TRACKER] 🔍 STRUCTURE DEBUG (First Item):
2026-05-04 18:55:17:5517 info: {
  "ownerAddress": "0x1Bf89d442D9f30858dCCD6ffA6500E0Bfc78eb43",
  "tokenBalances": [
    {
      "tokenId": "1",
      "balance": "1"
    }
  ]
}
2026-05-04 18:55:17:5517 info: [PILOTS-OWNERS-TRACKER]: Успешно получено 2 владельцев PilotNFT.
2026-05-04 18:55:17:5517 info: [PILOTS-OWNERS-TRACKER]: Список владельцев в Redis обновлен. Владельцев: 2.
2026-05-04 18:56:17:5617 info: [PILOTS-OWNERS-TRACKER] 🔍 STRUCTURE DEBUG (First Item):
2026-05-04 18:56:17:5617 info: {
  "ownerAddress": "0x1Bf89d442D9f30858dCCD6ffA6500E0Bfc78eb43",
  "tokenBalances": [
    {
      "tokenId": "1",
      "balance": "1"
    }
  ]
}
2026-05-04 18:56:17:5617 info: [PILOTS-OWNERS-TRACKER]: Успешно получено 2 владельцев PilotNFT.
2026-05-04 18:56:17:5617 info: [PILOTS-OWNERS-TRACKER]: Список владельцев в Redis обновлен. Владельцев: 2.
2026-05-04 18:57:17:5717 info: [PILOTS-OWNERS-TRACKER] 🔍 STRUCTURE DEBUG (First Item):
2026-05-04 18:57:17:5717 info: {
  "ownerAddress": "0x1Bf89d442D9f30858dCCD6ffA6500E0Bfc78eb43",
  "tokenBalances": [
    {
      "tokenId": "1",
      "balance": "1"
    }
  ]
}
2026-05-04 18:57:17:5717 info: [PILOTS-OWNERS-TRACKER]: Успешно получено 2 владельцев PilotNFT.
2026-05-04 18:57:17:5717 info: [PILOTS-OWNERS-TRACKER]: Список владельцев в Redis обновлен. Владельцев: 2.
2026-05-04 18:58:17:5817 info: [PILOTS-OWNERS-TRACKER] 🔍 STRUCTURE DEBUG (First Item):
2026-05-04 18:58:17:5817 info: {
  "ownerAddress": "0x1Bf89d442D9f30858dCCD6ffA6500E0Bfc78eb43",
  "tokenBalances": [
    {
      "tokenId": "1",
      "balance": "1"
    }
  ]
}
2026-05-04 18:58:17:5817 info: [PILOTS-OWNERS-TRACKER]: Успешно получено 2 владельцев PilotNFT.
2026-05-04 18:58:17:5817 info: [PILOTS-OWNERS-TRACKER]: Список владельцев в Redis обновлен. Владельцев: 2.
2026-05-04 18:59:17:5917 info: [PILOTS-OWNERS-TRACKER] 🔍 STRUCTURE DEBUG (First Item):
2026-05-04 18:59:17:5917 info: {
  "ownerAddress": "0x1Bf89d442D9f30858dCCD6ffA6500E0Bfc78eb43",
  "tokenBalances": [
    {
      "tokenId": "1",
      "balance": "1"
    }
  ]
}
2026-05-04 18:59:17:5917 info: [PILOTS-OWNERS-TRACKER]: Успешно получено 2 владельцев PilotNFT.
2026-05-04 18:59:17:5917 info: [PILOTS-OWNERS-TRACKER]: Список владельцев в Redis обновлен. Владельцев: 2.
2026-05-04 19:00:17:017 info: [PILOTS-OWNERS-TRACKER] 🔍 STRUCTURE DEBUG (First Item):
2026-05-04 19:00:17:017 info: {
  "ownerAddress": "0x1Bf89d442D9f30858dCCD6ffA6500E0Bfc78eb43",
  "tokenBalances": [
    {
      "tokenId": "1",
      "balance": "1"
    }
  ]
}
2026-05-04 19:00:17:017 info: [PILOTS-OWNERS-TRACKER]: Успешно получено 2 владельцев PilotNFT.
2026-05-04 19:00:17:017 info: [PILOTS-OWNERS-TRACKER]: Список владельцев в Redis обновлен. Владельцев: 2.
2026-05-04 19:01:17:117 info: [PILOTS-OWNERS-TRACKER] 🔍 STRUCTURE DEBUG (First Item):
2026-05-04 19:01:17:117 info: {
  "ownerAddress": "0x1Bf89d442D9f30858dCCD6ffA6500E0Bfc78eb43",
  "tokenBalances": [
    {
      "tokenId": "1",
      "balance": "1"
    }
  ]
}
2026-05-04 19:01:17:117 info: [PILOTS-OWNERS-TRACKER]: Успешно получено 2 владельцев PilotNFT.
2026-05-04 19:01:17:117 info: [PILOTS-OWNERS-TRACKER]: Список владельцев в Redis обновлен. Владельцев: 2.
2026-05-04 19:02:17:217 info: [PILOTS-OWNERS-TRACKER] 🔍 STRUCTURE DEBUG (First Item):
2026-05-04 19:02:17:217 info: {
  "ownerAddress": "0x1Bf89d442D9f30858dCCD6ffA6500E0Bfc78eb43",
  "tokenBalances": [
    {
      "tokenId": "1",
      "balance": "1"
    }
  ]
}
2026-05-04 19:02:17:217 info: [PILOTS-OWNERS-TRACKER]: Успешно получено 2 владельцев PilotNFT.
2026-05-04 19:02:17:217 info: [PILOTS-OWNERS-TRACKER]: Список владельцев в Redis обновлен. Владельцев: 2.
2026-05-04 19:03:17:317 info: [PILOTS-OWNERS-TRACKER] 🔍 STRUCTURE DEBUG (First Item):
2026-05-04 19:03:17:317 info: {
  "ownerAddress": "0x1Bf89d442D9f30858dCCD6ffA6500E0Bfc78eb43",
  "tokenBalances": [
    {
      "tokenId": "1",
      "balance": "1"
    }
  ]
}
2026-05-04 19:03:17:317 info: [PILOTS-OWNERS-TRACKER]: Успешно получено 2 владельцев PilotNFT.
2026-05-04 19:03:17:317 info: [PILOTS-OWNERS-TRACKER]: Список владельцев в Redis обновлен. Владельцев: 2.
2026-05-04 19:04:17:417 info: [PILOTS-OWNERS-TRACKER] 🔍 STRUCTURE DEBUG (First Item):
2026-05-04 19:04:17:417 info: {
  "ownerAddress": "0x1Bf89d442D9f30858dCCD6ffA6500E0Bfc78eb43",
  "tokenBalances": [
    {
      "tokenId": "1",
      "balance": "1"
    }
  ]
}
2026-05-04 19:04:17:417 info: [PILOTS-OWNERS-TRACKER]: Успешно получено 2 владельцев PilotNFT.
2026-05-04 19:04:17:417 info: [PILOTS-OWNERS-TRACKER]: Список владельцев в Redis обновлен. Владельцев: 2.
2026-05-04 19:05:17:517 info: [PILOTS-OWNERS-TRACKER] 🔍 STRUCTURE DEBUG (First Item):
2026-05-04 19:05:17:517 info: {
  "ownerAddress": "0x1Bf89d442D9f30858dCCD6ffA6500E0Bfc78eb43",
  "tokenBalances": [
    {
      "tokenId": "1",
      "balance": "1"
    }
  ]
}
2026-05-04 19:05:17:517 info: [PILOTS-OWNERS-TRACKER]: Успешно получено 2 владельцев PilotNFT.
2026-05-04 19:05:17:517 info: [PILOTS-OWNERS-TRACKER]: Список владельцев в Redis обновлен. Владельцев: 2.
2026-05-04 19:06:17:617 info: [PILOTS-OWNERS-TRACKER] 🔍 STRUCTURE DEBUG (First Item):
2026-05-04 19:06:17:617 info: {
  "ownerAddress": "0x1Bf89d442D9f30858dCCD6ffA6500E0Bfc78eb43",
  "tokenBalances": [
    {
      "tokenId": "1",
      "balance": "1"
    }
  ]
}
2026-05-04 19:06:17:617 info: [PILOTS-OWNERS-TRACKER]: Успешно получено 2 владельцев PilotNFT.
2026-05-04 19:06:17:617 info: [PILOTS-OWNERS-TRACKER]: Список владельцев в Redis обновлен. Владельцев: 2.
2026-05-04 19:07:17:717 info: [PILOTS-OWNERS-TRACKER] 🔍 STRUCTURE DEBUG (First Item):
2026-05-04 19:07:17:717 info: {
  "ownerAddress": "0x1Bf89d442D9f30858dCCD6ffA6500E0Bfc78eb43",
  "tokenBalances": [
    {
      "tokenId": "1",
      "balance": "1"
    }
  ]
}
2026-05-04 19:07:17:717 info: [PILOTS-OWNERS-TRACKER]: Успешно получено 2 владельцев PilotNFT.
2026-05-04 19:07:17:717 info: [PILOTS-OWNERS-TRACKER]: Список владельцев в Redis обновлен. Владельцев: 2.
2026-05-04 19:08:17:817 info: [PILOTS-OWNERS-TRACKER] 🔍 STRUCTURE DEBUG (First Item):
2026-05-04 19:08:17:817 info: {
  "ownerAddress": "0x1Bf89d442D9f30858dCCD6ffA6500E0Bfc78eb43",
  "tokenBalances": [
    {
      "tokenId": "1",
      "balance": "1"
    }
  ]
}
2026-05-04 19:08:17:817 info: [PILOTS-OWNERS-TRACKER]: Успешно получено 2 владельцев PilotNFT.
2026-05-04 19:08:17:817 info: [PILOTS-OWNERS-TRACKER]: Список владельцев в Redis обновлен. Владельцев: 2.
2026-05-04 19:09:17:917 info: [PILOTS-OWNERS-TRACKER] 🔍 STRUCTURE DEBUG (First Item):
2026-05-04 19:09:17:917 info: {
  "ownerAddress": "0x1Bf89d442D9f30858dCCD6ffA6500E0Bfc78eb43",
  "tokenBalances": [
    {
      "tokenId": "1",
      "balance": "1"
    }
  ]
}
2026-05-04 19:09:17:917 info: [PILOTS-OWNERS-TRACKER]: Успешно получено 2 владельцев PilotNFT.
2026-05-04 19:09:17:917 info: [PILOTS-OWNERS-TRACKER]: Список владельцев в Redis обновлен. Владельцев: 2.
2026-05-04 19:10:17:1017 info: [PILOTS-OWNERS-TRACKER] 🔍 STRUCTURE DEBUG (First Item):
2026-05-04 19:10:17:1017 info: {
  "ownerAddress": "0x1Bf89d442D9f30858dCCD6ffA6500E0Bfc78eb43",
  "tokenBalances": [
    {
      "tokenId": "1",
      "balance": "1"
    }
  ]
}
2026-05-04 19:10:17:1017 info: [PILOTS-OWNERS-TRACKER]: Успешно получено 2 владельцев PilotNFT.
2026-05-04 19:10:17:1017 info: [PILOTS-OWNERS-TRACKER]: Список владельцев в Redis обновлен. Владельцев: 2.
2026-05-04 19:11:17:1117 info: [PILOTS-OWNERS-TRACKER] 🔍 STRUCTURE DEBUG (First Item):
2026-05-04 19:11:17:1117 info: {
  "ownerAddress": "0x1Bf89d442D9f30858dCCD6ffA6500E0Bfc78eb43",
  "tokenBalances": [
    {
      "tokenId": "1",
      "balance": "1"
    }
  ]
}
2026-05-04 19:11:17:1117 info: [PILOTS-OWNERS-TRACKER]: Успешно получено 2 владельцев PilotNFT.
2026-05-04 19:11:17:1117 info: [PILOTS-OWNERS-TRACKER]: Список владельцев в Redis обновлен. Владельцев: 2.
2026-05-04 19:12:17:1217 info: [PILOTS-OWNERS-TRACKER] 🔍 STRUCTURE DEBUG (First Item):
2026-05-04 19:12:17:1217 info: {
  "ownerAddress": "0x1Bf89d442D9f30858dCCD6ffA6500E0Bfc78eb43",
  "tokenBalances": [
    {
      "tokenId": "1",
      "balance": "1"
    }
  ]
}
2026-05-04 19:12:17:1217 info: [PILOTS-OWNERS-TRACKER]: Успешно получено 2 владельцев PilotNFT.
2026-05-04 19:12:17:1217 info: [PILOTS-OWNERS-TRACKER]: Список владельцев в Redis обновлен. Владельцев: 2.
2026-05-04 19:13:17:1317 info: [PILOTS-OWNERS-TRACKER] 🔍 STRUCTURE DEBUG (First Item):
2026-05-04 19:13:17:1317 info: {
  "ownerAddress": "0x1Bf89d442D9f30858dCCD6ffA6500E0Bfc78eb43",
  "tokenBalances": [
    {
      "tokenId": "1",
      "balance": "1"
    }
  ]
}
2026-05-04 19:13:17:1317 info: [PILOTS-OWNERS-TRACKER]: Успешно получено 2 владельцев PilotNFT.
2026-05-04 19:13:17:1317 info: [PILOTS-OWNERS-TRACKER]: Список владельцев в Redis обновлен. Владельцев: 2.
2026-05-04 19:14:17:1417 info: [PILOTS-OWNERS-TRACKER] 🔍 STRUCTURE DEBUG (First Item):
2026-05-04 19:14:17:1417 info: {
  "ownerAddress": "0x1Bf89d442D9f30858dCCD6ffA6500E0Bfc78eb43",
  "tokenBalances": [
    {
      "tokenId": "1",
      "balance": "1"
    }
  ]
}
2026-05-04 19:14:17:1417 info: [PILOTS-OWNERS-TRACKER]: Успешно получено 2 владельцев PilotNFT.
2026-05-04 19:14:17:1417 info: [PILOTS-OWNERS-TRACKER]: Список владельцев в Redis обновлен. Владельцев: 2.
2026-05-04 19:15:17:1517 info: [PILOTS-OWNERS-TRACKER] 🔍 STRUCTURE DEBUG (First Item):
2026-05-04 19:15:17:1517 info: {
  "ownerAddress": "0x1Bf89d442D9f30858dCCD6ffA6500E0Bfc78eb43",
  "tokenBalances": [
    {
      "tokenId": "1",
      "balance": "1"
    }
  ]
}
2026-05-04 19:15:17:1517 info: [PILOTS-OWNERS-TRACKER]: Успешно получено 2 владельцев PilotNFT.
2026-05-04 19:15:17:1517 info: [PILOTS-OWNERS-TRACKER]: Список владельцев в Redis обновлен. Владельцев: 2.
2026-05-04 19:16:17:1617 info: [PILOTS-OWNERS-TRACKER] 🔍 STRUCTURE DEBUG (First Item):
2026-05-04 19:16:17:1617 info: {
  "ownerAddress": "0x1Bf89d442D9f30858dCCD6ffA6500E0Bfc78eb43",
  "tokenBalances": [
    {
      "tokenId": "1",
      "balance": "1"
    }
  ]
}
2026-05-04 19:16:17:1617 info: [PILOTS-OWNERS-TRACKER]: Успешно получено 2 владельцев PilotNFT.
2026-05-04 19:16:17:1617 info: [PILOTS-OWNERS-TRACKER]: Список владельцев в Redis обновлен. Владельцев: 2.
2026-05-04 19:17:17:1717 info: [PILOTS-OWNERS-TRACKER] 🔍 STRUCTURE DEBUG (First Item):
2026-05-04 19:17:17:1717 info: {
  "ownerAddress": "0x1Bf89d442D9f30858dCCD6ffA6500E0Bfc78eb43",
  "tokenBalances": [
    {
      "tokenId": "1",
      "balance": "1"
    }
  ]
}
2026-05-04 19:17:17:1717 info: [PILOTS-OWNERS-TRACKER]: Успешно получено 2 владельцев PilotNFT.
2026-05-04 19:17:17:1717 info: [PILOTS-OWNERS-TRACKER]: Список владельцев в Redis обновлен. Владельцев: 2.
2026-05-04 19:18:17:1817 info: [PILOTS-OWNERS-TRACKER] 🔍 STRUCTURE DEBUG (First Item):
2026-05-04 19:18:17:1817 info: {
  "ownerAddress": "0x1Bf89d442D9f30858dCCD6ffA6500E0Bfc78eb43",
  "tokenBalances": [
    {
      "tokenId": "1",
      "balance": "1"
    }
  ]
}
2026-05-04 19:18:17:1817 info: [PILOTS-OWNERS-TRACKER]: Успешно получено 2 владельцев PilotNFT.
2026-05-04 19:18:17:1817 info: [PILOTS-OWNERS-TRACKER]: Список владельцев в Redis обновлен. Владельцев: 2.
2026-05-04 19:19:09:199 warn: Получен сигнал SIGINT. Начинаю грациозное завершение web3server...
2026-05-04 19:19:09:199 info: Остановка прослушивания событий блокчейна...
2026-05-04 19:19:09:199 info: [Listener] Остановка сервиса...
2026-05-04 19:19:09:199 info: Закрытие соединения с Redis...
2026-05-04 19:19:09:199 info: Закрытие соединения с dbserver...
2026-05-04 19:19:09:199 info: Закрытие WebSocket-соединения с блокчейн-провайдером...
2026-05-04 19:19:09:199 info: HTTP-сервер больше не принимает новые соединения.
2026-05-04 19:19:09:199 error: Web3Server: Disconnected from dbServer
2026-05-04 19:19:09:199 warn: Web3Server: WebSocket connection closed with code 1006, reason: 
