2025-09-20 06:34:55:3455 [32minfo[39m: [32m[MetadataServer] Запуск...[39m
2025-09-20 06:34:55:3455 [32minfo[39m: [32m[MetadataServer] Пытаюсь получить каталоги с http://localhost:30031/internal/api/v1/catalogs/modules[39m
2025-09-20 06:34:55:3455 [32minfo[39m: [32m[MetadataServer] Каталоги успешно получены.[39m
2025-09-20 06:34:55:3455 [32minfo[39m: [32m[MetadataServer] Успешное подключение к MongoDB.[39m
2025-09-20 06:34:55:3455 [32minfo[39m: [32m[MetadataServer] Инициализация завершена. HTTP-сервер слушает порт 3004[39m
2025-09-20 06:42:12:4212 [32minfo[39m: [32m[MetadataServer] Запуск...[39m
2025-09-20 06:42:12:4212 [32minfo[39m: [32m[MetadataServer] Пытаюсь получить каталоги с http://localhost:30031/internal/api/v1/catalogs/modules[39m
2025-09-20 06:42:13:4213 [32minfo[39m: [32m[MetadataServer] Успешное подключение к MongoDB.[39m
2025-09-20 06:42:13:4213 [32minfo[39m: [32m[MetadataServer] Каталоги успешно получены.[39m
2025-09-20 06:42:13:4213 [32minfo[39m: [32m[MetadataServer] Инициализация завершена. HTTP-сервер слушает порт 3004[39m
2025-09-20 06:42:27:4227 [35mhttp[39m: [35m::1 - - [20/Sep/2025:02:42:27 +0000] "GET /token/4 HTTP/1.1" 304 - - 7.409 ms[39m
2025-09-20 06:46:14:4614 [32minfo[39m: [32m[MetadataServer] Запуск...[39m
2025-09-20 06:46:14:4614 [32minfo[39m: [32m[MetadataServer] Успешно подключено 2 клиента к Redis (основной и подписчик).[39m
2025-09-20 06:46:14:4614 [32minfo[39m: [32m[MetadataServer] Пытаюсь получить каталоги с http://localhost:30031/internal/api/v1/catalogs/modules[39m
2025-09-20 06:46:14:4614 [32minfo[39m: [32m[MetadataServer] Успешное подключение к MongoDB.[39m
2025-09-20 06:46:14:4614 [32minfo[39m: [32m[MetadataServer] Каталоги успешно получены.[39m
2025-09-20 06:46:14:4614 [32minfo[39m: [32m[MetadataServer] Инициализация завершена. HTTP-сервер слушает порт 3004[39m
2025-09-20 06:46:22:4622 [37mdebug[39m: [37m[Handler] Cache HIT для tokenId: 4[39m
2025-09-20 06:46:22:4622 [35mhttp[39m: [35m::1 - - [20/Sep/2025:02:46:22 +0000] "GET /token/4 HTTP/1.1" 304 - - 6.599 ms[39m
2025-09-20 06:46:46:4646 [32minfo[39m: [32m[MetadataServer] Запуск...[39m
2025-09-20 06:46:46:4646 [32minfo[39m: [32m[MetadataServer] Успешно подключено 2 клиента к Redis (основной и подписчик).[39m
2025-09-20 06:46:46:4646 [32minfo[39m: [32m[MetadataServer] Пытаюсь получить каталоги с http://localhost:30031/internal/api/v1/catalogs/modules[39m
2025-09-20 06:46:46:4646 [32minfo[39m: [32m[MetadataServer] Успешное подключение к MongoDB.[39m
2025-09-20 06:46:47:4647 [32minfo[39m: [32m[MetadataServer] Каталоги успешно получены.[39m
2025-09-20 06:46:47:4647 [32minfo[39m: [32m[MetadataServer] Инициализация завершена. HTTP-сервер слушает порт 3004[39m
2025-09-20 06:46:49:4649 [35mhttp[39m: [35m::1 - - [20/Sep/2025:02:46:49 +0000] "GET /token/4 HTTP/1.1" 404 146 - 5.450 ms[39m
2025-09-20 06:46:55:4655 [37mdebug[39m: [37m[Handler] Cache HIT для tokenId: 4[39m
2025-09-20 06:46:55:4655 [35mhttp[39m: [35m::1 - - [20/Sep/2025:02:46:55 +0000] "GET /ship/4 HTTP/1.1" 200 1725 - 4.457 ms[39m
2025-09-20 06:50:37:5037 [32minfo[39m: [32m[MetadataServer] Запуск...[39m
2025-09-20 06:50:37:5037 [32minfo[39m: [32m[MetadataServer] Успешно подключено 2 клиента к Redis (основной и подписчик).[39m
2025-09-20 06:50:37:5037 [32minfo[39m: [32m[MetadataServer] Пытаюсь получить каталоги с http://localhost:30031/internal/api/v1/catalogs/modules[39m
2025-09-20 06:50:37:5037 [32minfo[39m: [32m[MetadataServer] Успешное подключение к MongoDB.[39m
2025-09-20 06:50:37:5037 [32minfo[39m: [32m[MetadataServer] Каталоги успешно получены.[39m
2025-09-20 06:50:37:5037 [32minfo[39m: [32m[MetadataServer] Инициализация завершена. HTTP-сервер слушает порт 3004[39m
2025-09-20 06:50:39:5039 [37mdebug[39m: [37m[Handler] Cache HIT для tokenId: 4[39m
2025-09-20 06:50:39:5039 [35mhttp[39m: [35m::1 - - [20/Sep/2025:02:50:39 +0000] "GET /ship/4 HTTP/1.1" 304 - - 7.837 ms[39m
2025-09-20 06:50:43:5043 [35mhttp[39m: [35m::1 - - [20/Sep/2025:02:50:43 +0000] "GET /ship/4- HTTP/1.1" 500 1605 - 4.295 ms[39m
2025-09-20 06:52:25:5225 [37mdebug[39m: [37m[Handler] Cache HIT для tokenId: 4[39m
2025-09-20 06:52:25:5225 [35mhttp[39m: [35m::1 - - [20/Sep/2025:02:52:25 +0000] "GET /ship/4 HTTP/1.1" 304 - - 2.767 ms[39m
2025-09-20 06:53:16:5316 [32minfo[39m: [32m[MetadataServer] Запуск...[39m
2025-09-20 06:53:16:5316 [32minfo[39m: [32m[MetadataServer] Успешно подключено 2 клиента к Redis (основной и подписчик).[39m
2025-09-20 06:53:16:5316 [32minfo[39m: [32m[MetadataServer] Пытаюсь получить каталоги с http://localhost:30031/internal/api/v1/catalogs/modules[39m
2025-09-20 06:53:16:5316 [32minfo[39m: [32m[MetadataServer] Успешное подключение к MongoDB.[39m
2025-09-20 06:53:16:5316 [32minfo[39m: [32m[MetadataServer] Каталоги успешно получены.[39m
2025-09-20 06:53:16:5316 [32minfo[39m: [32m[MetadataServer] Инициализация завершена. HTTP-сервер слушает порт 3004[39m
2025-09-20 06:53:22:5322 [37mdebug[39m: [37m[Handler] Cache HIT для tokenId: 4[39m
2025-09-20 06:53:22:5322 [35mhttp[39m: [35m::1 - - [20/Sep/2025:02:53:22 +0000] "GET /ship/4 HTTP/1.1" 304 - - 7.791 ms[39m
2025-09-20 06:53:28:5328 [33mwarn[39m: [33m[Validator-Zod] Невалидный запрос для tokenId от IP ::1: Token ID must be a string of digits[39m
2025-09-20 06:53:28:5328 [35mhttp[39m: [35m::1 - - [20/Sep/2025:02:53:28 +0000] "GET /ship/4- HTTP/1.1" 400 86 - 3.616 ms[39m
2025-09-20 06:53:41:5341 [33mwarn[39m: [33m[Validator-Zod] Невалидный запрос для tokenId от IP ::1: Token ID must be a string of digits[39m
2025-09-20 06:53:41:5341 [35mhttp[39m: [35m::1 - - [20/Sep/2025:02:53:41 +0000] "GET /ship/4- HTTP/1.1" 400 86 - 2.278 ms[39m
2025-09-20 06:53:46:5346 [33mwarn[39m: [33m[Validator-Zod] Невалидный запрос для tokenId от IP ::1: Token ID must be a string of digits[39m
2025-09-20 06:53:46:5346 [35mhttp[39m: [35m::1 - - [20/Sep/2025:02:53:46 +0000] "GET /ship/-4 HTTP/1.1" 400 86 - 2.151 ms[39m
2025-09-20 06:53:51:5351 [33mwarn[39m: [33m[Validator-Zod] Невалидный запрос для tokenId от IP ::1: Token ID must be a string of digits[39m
2025-09-20 06:53:51:5351 [35mhttp[39m: [35m::1 - - [20/Sep/2025:02:53:51 +0000] "GET /ship/dgdg HTTP/1.1" 400 86 - 2.124 ms[39m
2025-09-20 06:54:11:5411 [35mhttp[39m: [35m::1 - - [20/Sep/2025:02:54:11 +0000] "GET /ship/%?ping HTTP/1.1" 400 1153 - 2.365 ms[39m
2025-09-20 06:54:57:5457 [35mhttp[39m: [35m::1 - - [20/Sep/2025:02:54:57 +0000] "GET /ship/?ping HTTP/1.1" 404 144 - 1.599 ms[39m
2025-09-20 06:55:05:555 [35mhttp[39m: [35m::1 - - [20/Sep/2025:02:55:05 +0000] "GET /ship/?5 HTTP/1.1" 404 144 - 1.541 ms[39m
2025-09-20 06:56:57:5657 [32minfo[39m: [32m[MetadataServer] Запуск...[39m
2025-09-20 06:56:57:5657 [32minfo[39m: [32m[MetadataServer] Успешно подключено 2 клиента к Redis (основной и подписчик).[39m
2025-09-20 06:56:57:5657 [32minfo[39m: [32m[MetadataServer] Пытаюсь получить каталоги с http://localhost:30031/internal/api/v1/catalogs/modules[39m
2025-09-20 06:56:57:5657 [32minfo[39m: [32m[MetadataServer] Каталоги успешно получены.[39m
2025-09-20 06:56:57:5657 [32minfo[39m: [32m[MetadataServer] Успешное подключение к MongoDB.[39m
2025-09-20 06:57:19:5719 [32minfo[39m: [32m[MetadataServer] Запуск...[39m
2025-09-20 06:57:19:5719 [32minfo[39m: [32m[MetadataServer] Успешно подключено 2 клиента к Redis (основной и подписчик).[39m
2025-09-20 06:57:19:5719 [32minfo[39m: [32m[MetadataServer] Пытаюсь получить каталоги с http://localhost:30031/internal/api/v1/catalogs/modules[39m
2025-09-20 06:57:19:5719 [31merror[39m: [31m[MetadataServer] Не удалось получить каталоги: Error. Повторная попытка через 5000 мс...[39m
2025-09-20 06:57:19:5719 [32minfo[39m: [32m[MetadataServer] Успешное подключение к MongoDB.[39m
2025-09-20 06:57:24:5724 [32minfo[39m: [32m[MetadataServer] Каталоги успешно получены.[39m
2025-09-20 06:57:24:5724 [32minfo[39m: [32m[MetadataServer] Инициализация завершена. HTTP-сервер слушает порт 3004[39m
2025-09-20 06:57:30:5730 [35mhttp[39m: [35m::1 - - [20/Sep/2025:02:57:30 +0000] "GET /ship/?5 HTTP/1.1" 404 144 - 5.227 ms[39m
2025-09-20 06:57:34:5734 [37mdebug[39m: [37m[Handler] Cache MISS для tokenId: 5. Начинаем процесс генерации.[39m
2025-09-20 06:57:34:5734 [37mdebug[39m: [37m[Handler-Leader] Блокировка для #5 получена. Начинаю генерацию.[39m
2025-09-20 06:57:34:5734 [37mdebug[39m: [37m[MetadataGenerator] Начало генерации для корабля #5[39m
2025-09-20 06:57:34:5734 [37mdebug[39m: [37m[MetadataGenerator] Генерация для #5 завершена.[39m
2025-09-20 06:57:34:5734 [37mdebug[39m: [37m[Handler-Leader] Метаданные для #5 сгенерированы и сохранены в кэш.[39m
2025-09-20 06:57:34:5734 [35mhttp[39m: [35m::1 - - [20/Sep/2025:02:57:34 +0000] "GET /ship/5 HTTP/1.1" 200 1469 - 16.085 ms[39m
2025-09-20 06:57:34:5734 [37mdebug[39m: [37m[Handler-Leader] Уведомление для #5 отправлено, блокировка снята.[39m
2025-09-20 06:57:39:5739 [33mwarn[39m: [33m[ErrorHandler] Отклонен некорректный URL от IP ::1: Failed to decode param '%5'[39m
2025-09-20 06:57:39:5739 [35mhttp[39m: [35m::1 - - [20/Sep/2025:02:57:39 +0000] "GET /ship/%5 HTTP/1.1" 400 25 - 1.928 ms[39m
2025-09-20 07:20:01:201 [32minfo[39m: [32m[MetadataServer] Запуск...[39m
2025-09-20 07:20:01:201 [32minfo[39m: [32m[MetadataServer] Успешно подключено 2 клиента к Redis (основной и подписчик).[39m
2025-09-20 07:20:01:201 [32minfo[39m: [32m[MetadataServer] Пытаюсь получить каталоги с http://localhost:30031/internal/api/v1/catalogs/modules[39m
2025-09-20 07:20:01:201 [32minfo[39m: [32m[MetadataServer] Успешное подключение к MongoDB.[39m
2025-09-20 07:20:01:201 [32minfo[39m: [32m[MetadataServer] Каталоги успешно получены.[39m
2025-09-20 07:20:01:201 [32minfo[39m: [32m[MetadataServer] Инициализация завершена. HTTP-сервер слушает порт 3004[39m
2025-09-20 07:27:18:2718 [32minfo[39m: [32m[MetadataServer] Запуск...[39m
2025-09-20 07:27:18:2718 [32minfo[39m: [32m[MetadataServer] Успешно подключено 2 клиента к Redis (основной и подписчик).[39m
2025-09-20 07:27:18:2718 [32minfo[39m: [32m[MetadataServer] Пытаюсь получить каталоги с http://localhost:30031/internal/api/v1/catalogs/modules[39m
2025-09-20 07:27:18:2718 [32minfo[39m: [32m[MetadataServer] Успешное подключение к MongoDB.[39m
2025-09-20 07:27:18:2718 [32minfo[39m: [32m[MetadataServer] Каталоги успешно получены.[39m
2025-09-20 07:27:18:2718 [32minfo[39m: [32m[MetadataServer] Инициализация завершена. HTTP-сервер слушает порт 3004[39m
2025-09-20 07:27:24:2724 [33mwarn[39m: [33m[ErrorHandler] Отклонен некорректный URL от IP ::1: Failed to decode param '%5'[39m
2025-09-20 07:27:24:2724 [35mhttp[39m: [35m::1 - - [20/Sep/2025:03:27:24 +0000] "GET /ship/%5 HTTP/1.1" 400 25 - 5.754 ms[39m
2025-09-20 07:27:30:2730 [37mdebug[39m: [37m[Handler] Cache HIT для tokenId: 5[39m
2025-09-20 07:27:30:2730 [35mhttp[39m: [35m::1 - - [20/Sep/2025:03:27:30 +0000] "GET /ship/5 HTTP/1.1" 304 - - 5.691 ms[39m
2025-09-20 07:53:12:5312 [32minfo[39m: [32m[MetadataServer] Запуск...[39m
2025-09-20 07:53:12:5312 [32minfo[39m: [32m[MetadataServer] Успешно подключено 2 клиента к Redis (основной и подписчик).[39m
2025-09-20 07:53:12:5312 [32minfo[39m: [32m[MetadataServer] Пытаюсь получить каталоги с http://localhost:30031/internal/api/v1/catalogs/modules[39m
2025-09-20 07:53:12:5312 [32minfo[39m: [32m[MetadataServer] Успешное подключение к MongoDB.[39m
2025-09-20 07:53:12:5312 [32minfo[39m: [32m[MetadataServer] Каталоги успешно получены.[39m
2025-09-20 07:53:12:5312 [32minfo[39m: [32m[MetadataServer] Инициализация завершена. HTTP-сервер слушает порт 3004[39m
2025-09-20 07:54:27:5427 [32minfo[39m: [32m[MetadataServer] Запуск...[39m
2025-09-20 07:54:27:5427 [32minfo[39m: [32m[MetadataServer] Успешно подключено 2 клиента к Redis (основной и подписчик).[39m
2025-09-20 07:54:27:5427 [32minfo[39m: [32m[MetadataServer] Пытаюсь получить каталоги с http://localhost:30031/internal/api/v1/catalogs/modules[39m
2025-09-20 07:54:27:5427 [32minfo[39m: [32m[MetadataServer] Успешное подключение к MongoDB.[39m
2025-09-20 07:54:27:5427 [32minfo[39m: [32m[MetadataServer] Каталоги успешно получены.[39m
2025-09-20 07:54:27:5427 [32minfo[39m: [32m[MetadataServer] Инициализация завершена. HTTP-сервер слушает порт 3004[39m
2025-09-20 07:55:32:5532 [32minfo[39m: [32m[MetadataServer] Запуск...[39m
2025-09-20 07:55:32:5532 [32minfo[39m: [32m[MetadataServer] Успешно подключено 2 клиента к Redis (основной и подписчик).[39m
2025-09-20 07:55:32:5532 [32minfo[39m: [32m[MetadataServer] Пытаюсь получить каталоги с http://localhost:30031/internal/api/v1/catalogs/modules[39m
2025-09-20 07:55:32:5532 [31merror[39m: [31m[MetadataServer] Не удалось получить каталоги: Error. Повторная попытка через 5000 мс...[39m
2025-09-20 07:55:32:5532 [32minfo[39m: [32m[MetadataServer] Успешное подключение к MongoDB.[39m
2025-09-20 07:55:37:5537 [32minfo[39m: [32m[MetadataServer] Каталоги успешно получены.[39m
2025-09-20 07:55:37:5537 [32minfo[39m: [32m[MetadataServer] Инициализация завершена. HTTP-сервер слушает порт 3004[39m
2025-09-20 08:02:18:218 [32minfo[39m: [32m[MetadataServer] Запуск...[39m
2025-09-20 08:02:18:218 [32minfo[39m: [32m[MetadataServer] Успешно подключено 2 клиента к Redis (основной и подписчик).[39m
2025-09-20 08:02:18:218 [32minfo[39m: [32m[MetadataServer] Пытаюсь получить каталоги с http://localhost:30031/internal/api/v1/catalogs/modules[39m
2025-09-20 08:02:18:218 [32minfo[39m: [32m[MetadataServer] Успешное подключение к MongoDB.[39m
2025-09-20 08:02:18:218 [32minfo[39m: [32m[MetadataServer] Каталоги успешно получены.[39m
2025-09-20 08:02:44:244 [32minfo[39m: [32m[MetadataServer] Запуск...[39m
2025-09-20 08:02:44:244 [32minfo[39m: [32m[MetadataServer] Успешно подключено 2 клиента к Redis (основной и подписчик).[39m
2025-09-20 08:02:44:244 [32minfo[39m: [32m[MetadataServer] Пытаюсь получить каталоги с http://localhost:30031/internal/api/v1/catalogs/modules[39m
2025-09-20 08:02:44:244 [31merror[39m: [31m[MetadataServer] Не удалось получить каталоги: Error. Повторная попытка через 5000 мс...[39m
2025-09-20 08:02:44:244 [32minfo[39m: [32m[MetadataServer] Успешное подключение к MongoDB.[39m
2025-09-20 08:02:49:249 [32minfo[39m: [32m[MetadataServer] Каталоги успешно получены.[39m
2025-09-20 08:02:49:249 [32minfo[39m: [32mОбработчики грациозного завершения инициализированы.[39m
2025-09-20 08:02:49:249 [32minfo[39m: [32m[MetadataServer] Инициализация завершена. HTTP-сервер слушает порт 3004[39m
2025-09-20 08:08:37:837 [33mwarn[39m: [33mПолучен сигнал SIGINT. Начинаю грациозное завершение...[39m
2025-09-20 08:08:37:837 [32minfo[39m: [32mЗакрытие соединения с Redis...[39m
2025-09-20 08:08:37:837 [32minfo[39m: [32mHTTP-сервер больше не принимает новые соединения.[39m
2025-09-20 08:08:37:837 [32minfo[39m: [32mСоединения с Redis успешно закрыты.[39m
2025-09-20 08:08:39:839 [32minfo[39m: [32m[MetadataServer] Запуск...[39m
2025-09-20 08:08:39:839 [32minfo[39m: [32m[MetadataServer] Успешно подключено 2 клиента к Redis (основной и подписчик).[39m
2025-09-20 08:08:39:839 [32minfo[39m: [32m[MetadataServer] Пытаюсь получить каталоги с http://localhost:30031/internal/api/v1/catalogs/modules[39m
2025-09-20 08:08:39:839 [32minfo[39m: [32m[MetadataServer] Успешное подключение к MongoDB.[39m
2025-09-20 08:08:39:839 [32minfo[39m: [32m[MetadataServer] Каталоги успешно получены.[39m
2025-09-20 08:08:39:839 [32minfo[39m: [32mОбработчики грациозного завершения инициализированы.[39m
2025-09-20 08:08:39:839 [32minfo[39m: [32m[MetadataServer] Инициализация завершена. HTTP-сервер слушает порт 3004[39m
2025-09-20 08:08:51:851 [37mdebug[39m: [37m[Handler] Cache HIT для tokenId: 5[39m
2025-09-20 08:08:51:851 [35mhttp[39m: [35m::1 - - [20/Sep/2025:04:08:51 +0000] "GET /ship/5 HTTP/1.1" 304 - - 10.615 ms[39m
2025-09-20 08:08:55:855 [35mhttp[39m: [35m::1 - - [20/Sep/2025:04:08:55 +0000] "GET /ship/ HTTP/1.1" 404 144 - 3.720 ms[39m
2025-09-20 08:09:00:90 [33mwarn[39m: [33mПолучен сигнал SIGINT. Начинаю грациозное завершение...[39m
2025-09-20 08:09:00:90 [32minfo[39m: [32mЗакрытие соединения с Redis...[39m
2025-09-20 08:09:00:90 [32minfo[39m: [32mСоединения с Redis успешно закрыты.[39m
2025-09-20 08:09:02:92 [32minfo[39m: [32m[MetadataServer] Запуск...[39m
2025-09-20 08:09:02:92 [32minfo[39m: [32m[MetadataServer] Успешно подключено 2 клиента к Redis (основной и подписчик).[39m
2025-09-20 08:09:02:92 [32minfo[39m: [32m[MetadataServer] Пытаюсь получить каталоги с http://localhost:30031/internal/api/v1/catalogs/modules[39m
2025-09-20 08:09:02:92 [31merror[39m: [31m[MetadataServer] Не удалось получить каталоги: Error. Повторная попытка через 5000 мс...[39m
2025-09-20 08:09:02:92 [32minfo[39m: [32m[MetadataServer] Успешное подключение к MongoDB.[39m
2025-09-20 08:09:07:97 [32minfo[39m: [32m[MetadataServer] Каталоги успешно получены.[39m
2025-09-20 08:09:07:97 [32minfo[39m: [32mОбработчики грациозного завершения инициализированы.[39m
2025-09-20 08:09:07:97 [32minfo[39m: [32m[MetadataServer] Инициализация завершена. HTTP-сервер слушает порт 3004[39m
2025-09-20 08:09:08:98 [35mhttp[39m: [35m::1 - - [20/Sep/2025:04:09:08 +0000] "GET /ship/ HTTP/1.1" 404 144 - 6.782 ms[39m
2025-09-20 08:12:30:1230 [33mwarn[39m: [33mПолучен сигнал SIGINT. Начинаю грациозное завершение...[39m
2025-09-20 08:12:30:1230 [32minfo[39m: [32mЗакрытие соединения с Redis...[39m
2025-09-20 08:12:30:1230 [32minfo[39m: [32mHTTP-сервер больше не принимает новые соединения.[39m
2025-09-20 08:12:30:1230 [32minfo[39m: [32mСоединения с Redis успешно закрыты.[39m
2025-09-20 08:12:34:1234 [32minfo[39m: [32m[MetadataServer] Запуск...[39m
2025-09-20 08:12:34:1234 [32minfo[39m: [32m[MetadataServer] Успешно подключено 2 клиента к Redis (основной и подписчик).[39m
2025-09-20 08:12:34:1234 [32minfo[39m: [32m[MetadataServer] Пытаюсь получить каталоги с http://localhost:30031/internal/api/v1/catalogs/modules[39m
2025-09-20 08:12:35:1235 [32minfo[39m: [32m[MetadataServer] Успешное подключение к MongoDB.[39m
2025-09-20 08:12:35:1235 [32minfo[39m: [32m[MetadataServer] Каталоги успешно получены.[39m
2025-09-20 08:12:35:1235 [32minfo[39m: [32mОбработчики грациозного завершения инициализированы.[39m
2025-09-20 08:12:35:1235 [32minfo[39m: [32m[MetadataServer] Инициализация завершена. HTTP-сервер слушает порт 3004[39m
2025-09-20 08:12:45:1245 [37mdebug[39m: [37m[Handler] Cache HIT для tokenId: 4[39m
2025-09-20 08:12:45:1245 [35mhttp[39m: [35m::1 - - [20/Sep/2025:04:12:45 +0000] "GET /ship/4 HTTP/1.1" 304 - - 21.161 ms[39m
2025-09-20 08:12:47:1247 [37mdebug[39m: [37m[Handler] Cache HIT для tokenId: 4[39m
2025-09-20 08:12:47:1247 [35mhttp[39m: [35m::1 - - [20/Sep/2025:04:12:47 +0000] "GET /ship/4 HTTP/1.1" 304 - - 6.294 ms[39m
2025-09-20 08:12:48:1248 [37mdebug[39m: [37m[Handler] Cache HIT для tokenId: 4[39m
2025-09-20 08:12:48:1248 [35mhttp[39m: [35m::1 - - [20/Sep/2025:04:12:48 +0000] "GET /ship/4 HTTP/1.1" 304 - - 5.725 ms[39m
2025-09-20 08:14:10:1410 [33mwarn[39m: [33mПолучен сигнал SIGINT. Начинаю грациозное завершение...[39m
2025-09-20 08:14:10:1410 [32minfo[39m: [32mЗакрытие соединения с Redis...[39m
2025-09-20 08:14:10:1410 [32minfo[39m: [32mHTTP-сервер больше не принимает новые соединения.[39m
2025-09-20 08:14:10:1410 [32minfo[39m: [32mСоединения с Redis успешно закрыты.[39m
2025-09-20 08:14:20:1420 [32minfo[39m: [32m[MetadataServer] Запуск...[39m
2025-09-20 08:14:20:1420 [32minfo[39m: [32m[MetadataServer] Успешно подключено 2 клиента к Redis (основной и подписчик).[39m
2025-09-20 08:14:20:1420 [32minfo[39m: [32m[MetadataServer] Пытаюсь получить каталоги с http://localhost:30031/internal/api/v1/catalogs/modules[39m
2025-09-20 08:14:20:1420 [32minfo[39m: [32m[MetadataServer] Каталоги успешно получены.[39m
2025-09-20 08:14:20:1420 [32minfo[39m: [32m[MetadataServer] Успешное подключение к MongoDB.[39m
2025-09-20 08:14:20:1420 [32minfo[39m: [32mОбработчики грациозного завершения инициализированы.[39m
2025-09-20 08:14:20:1420 [32minfo[39m: [32m[MetadataServer] Инициализация завершена. HTTP-сервер слушает порт 3004[39m
2025-09-20 08:14:28:1428 [37mdebug[39m: [37m[Handler] Cache HIT для tokenId: 2[39m
2025-09-20 08:14:28:1428 [35mhttp[39m: [35m::1 - - [20/Sep/2025:04:14:28 +0000] "GET /ship/2 HTTP/1.1" 200 1464 - 21.257 ms[39m
2025-09-20 08:14:36:1436 [37mdebug[39m: [37m[Handler] Cache HIT для tokenId: 2[39m
2025-09-20 08:14:36:1436 [35mhttp[39m: [35m::1 - - [20/Sep/2025:04:14:36 +0000] "GET /ship/2 HTTP/1.1" 304 - - 7.837 ms[39m
2025-09-20 08:15:49:1549 [33mwarn[39m: [33mПолучен сигнал SIGINT. Начинаю грациозное завершение...[39m
2025-09-20 08:15:50:1550 [32minfo[39m: [32mЗакрытие соединения с Redis...[39m
2025-09-20 08:15:50:1550 [32minfo[39m: [32mСоединения с Redis успешно закрыты.[39m
2025-09-20 08:34:22:3422 [32minfo[39m: [32m[MetadataServer] Запуск...[39m
2025-09-20 08:34:22:3422 [32minfo[39m: [32m[MetadataServer] Успешно подключено 2 клиента к Redis (основной и подписчик).[39m
2025-09-20 08:34:22:3422 [32minfo[39m: [32m[MetadataServer] Пытаюсь получить каталоги с http://localhost:30031/internal/api/v1/catalogs/modules[39m
2025-09-20 08:34:22:3422 [32minfo[39m: [32m[MetadataServer] Успешное подключение к MongoDB.[39m
2025-09-20 08:34:22:3422 [32minfo[39m: [32m[MetadataServer] Каталоги успешно получены.[39m
2025-09-20 08:34:22:3422 [32minfo[39m: [32mОбработчики грациозного завершения инициализированы.[39m
2025-09-20 08:34:22:3422 [32minfo[39m: [32m[MetadataServer] Инициализация завершена. HTTP-сервер слушает порт 3004[39m
2025-09-20 08:34:34:3434 [33mwarn[39m: [33mПолучен сигнал SIGINT. Начинаю грациозное завершение...[39m
2025-09-20 08:34:34:3434 [32minfo[39m: [32mЗакрытие соединения с Redis...[39m
2025-09-20 08:34:34:3434 [32minfo[39m: [32mHTTP-сервер больше не принимает новые соединения.[39m
2025-09-20 08:34:34:3434 [32minfo[39m: [32mСоединения с Redis успешно закрыты.[39m
2025-09-20 08:34:39:3439 [32minfo[39m: [32m[MetadataServer] Запуск...[39m
2025-09-20 08:34:39:3439 [32minfo[39m: [32m[MetadataServer] Успешно подключено 2 клиента к Redis (основной и подписчик).[39m
2025-09-20 08:34:39:3439 [32minfo[39m: [32m[MetadataServer] Пытаюсь получить каталоги с http://localhost:30031/internal/api/v1/catalogs/modules[39m
2025-09-20 08:34:39:3439 [32minfo[39m: [32m[MetadataServer] Успешное подключение к MongoDB.[39m
2025-09-20 08:34:39:3439 [32minfo[39m: [32m[MetadataServer] Каталоги успешно получены.[39m
2025-09-20 08:34:39:3439 [32minfo[39m: [32mОбработчики грациозного завершения инициализированы.[39m
2025-09-20 08:34:39:3439 [32minfo[39m: [32m[MetadataServer] Инициализация завершена. HTTP-сервер слушает порт 3004[39m
2025-09-20 08:35:16:3516 [33mwarn[39m: [33mПолучен сигнал SIGINT. Начинаю грациозное завершение...[39m
2025-09-20 08:35:16:3516 [32minfo[39m: [32mЗакрытие соединения с Redis...[39m
2025-09-20 08:35:16:3516 [32minfo[39m: [32mHTTP-сервер больше не принимает новые соединения.[39m
2025-09-20 08:35:16:3516 [32minfo[39m: [32mСоединения с Redis успешно закрыты.[39m
2025-09-20 08:35:18:3518 [32minfo[39m: [32m[MetadataServer] Запуск...[39m
2025-09-20 08:35:18:3518 [32minfo[39m: [32m[MetadataServer] Успешно подключено 2 клиента к Redis (основной и подписчик).[39m
2025-09-20 08:35:18:3518 [32minfo[39m: [32m[MetadataServer] Пытаюсь получить каталоги с http://localhost:30031/internal/api/v1/catalogs/modules[39m
2025-09-20 08:35:18:3518 [31merror[39m: [31m[MetadataServer] Не удалось получить каталоги: Error. Повторная попытка через 5000 мс...[39m
2025-09-20 08:35:18:3518 [32minfo[39m: [32m[MetadataServer] Успешное подключение к MongoDB.[39m
2025-09-20 08:35:23:3523 [32minfo[39m: [32m[MetadataServer] Каталоги успешно получены.[39m
2025-09-20 08:35:23:3523 [32minfo[39m: [32mОбработчики грациозного завершения инициализированы.[39m
2025-09-20 08:35:23:3523 [32minfo[39m: [32m[MetadataServer] Инициализация завершена. HTTP-сервер слушает порт 3004[39m
2025-09-20 09:00:35:035 [33mwarn[39m: [33mПолучен сигнал SIGINT. Начинаю грациозное завершение...[39m
2025-09-20 09:00:35:035 [32minfo[39m: [32mЗакрытие соединения с Redis...[39m
2025-09-20 09:00:35:035 [32minfo[39m: [32mHTTP-сервер больше не принимает новые соединения.[39m
2025-09-20 09:00:35:035 [32minfo[39m: [32mСоединения с Redis успешно закрыты.[39m
2025-09-20 09:00:37:037 [32minfo[39m: [32m[MetadataServer] Запуск...[39m
2025-09-20 09:00:37:037 [32minfo[39m: [32m[MetadataServer] Успешно подключено 2 клиента к Redis (основной и подписчик).[39m
2025-09-20 09:00:37:037 [32minfo[39m: [32m[MetadataServer] Пытаюсь получить каталоги с http://localhost:30031/internal/api/v1/catalogs/modules[39m
2025-09-20 09:00:37:037 [32minfo[39m: [32m[MetadataServer] Успешное подключение к MongoDB.[39m
2025-09-20 09:00:37:037 [32minfo[39m: [32m[MetadataServer] Каталоги успешно получены.[39m
2025-09-20 09:00:37:037 [32minfo[39m: [32mОбработчики грациозного завершения инициализированы.[39m
2025-09-20 09:00:37:037 [32minfo[39m: [32m[MetadataServer] Инициализация завершена. HTTP-сервер слушает порт 3004[39m
2025-09-20 09:08:25:825 [33mwarn[39m: [33mПолучен сигнал SIGINT. Начинаю грациозное завершение...[39m
2025-09-20 09:08:25:825 [32minfo[39m: [32mЗакрытие соединения с Redis...[39m
2025-09-20 09:08:25:825 [32minfo[39m: [32mHTTP-сервер больше не принимает новые соединения.[39m
2025-09-20 09:08:25:825 [32minfo[39m: [32mСоединения с Redis успешно закрыты.[39m
2025-09-20 09:11:16:1116 [32minfo[39m: [32m[MetadataServer] Запуск...[39m
2025-09-20 09:11:16:1116 [32minfo[39m: [32m[MetadataServer] Успешно подключено 2 клиента к Redis (основной и подписчик).[39m
2025-09-20 09:11:16:1116 [32minfo[39m: [32m[MetadataServer] Пытаюсь получить каталоги с http://localhost:30031/internal/api/v1/catalogs/modules[39m
2025-09-20 09:11:16:1116 [32minfo[39m: [32m[MetadataServer] Каталоги успешно получены.[39m
2025-09-20 09:11:16:1116 [32minfo[39m: [32m[MetadataServer] Успешное подключение к MongoDB.[39m
2025-09-20 09:11:16:1116 [32minfo[39m: [32mОбработчики грациозного завершения инициализированы.[39m
2025-09-20 09:11:16:1116 [32minfo[39m: [32m[MetadataServer] Инициализация завершена. HTTP-сервер слушает порт 3004[39m
2025-09-20 09:12:42:1242 [33mwarn[39m: [33mПолучен сигнал SIGINT. Начинаю грациозное завершение...[39m
2025-09-20 09:12:42:1242 [32minfo[39m: [32mЗакрытие соединения с Redis...[39m
2025-09-20 09:12:42:1242 [32minfo[39m: [32mHTTP-сервер больше не принимает новые соединения.[39m
2025-09-20 09:12:42:1242 [32minfo[39m: [32mСоединения с Redis успешно закрыты.[39m
2025-09-20 09:12:44:1244 [32minfo[39m: [32m[MetadataServer] Запуск...[39m
2025-09-20 09:12:44:1244 [32minfo[39m: [32m[MetadataServer] Успешно подключено 2 клиента к Redis (основной и подписчик).[39m
2025-09-20 09:12:44:1244 [32minfo[39m: [32m[MetadataServer] Пытаюсь получить каталоги с http://localhost:30031/internal/api/v1/catalogs/modules[39m
2025-09-20 09:12:44:1244 [32minfo[39m: [32m[MetadataServer] Успешное подключение к MongoDB.[39m
2025-09-20 09:12:44:1244 [32minfo[39m: [32m[MetadataServer] Каталоги успешно получены.[39m
2025-09-20 09:12:44:1244 [32minfo[39m: [32mОбработчики грациозного завершения инициализированы.[39m
2025-09-20 09:12:44:1244 [32minfo[39m: [32m[MetadataServer] Инициализация завершена. HTTP-сервер слушает порт 3004[39m
2025-09-20 09:20:33:2033 [33mwarn[39m: [33mПолучен сигнал SIGINT. Начинаю грациозное завершение...[39m
2025-09-20 09:20:33:2033 [32minfo[39m: [32mЗакрытие соединения с Redis...[39m
2025-09-20 09:20:33:2033 [32minfo[39m: [32mHTTP-сервер больше не принимает новые соединения.[39m
2025-09-20 09:20:33:2033 [32minfo[39m: [32mСоединения с Redis успешно закрыты.[39m
2025-09-20 09:20:33:2033 [32minfo[39m: [32mЗакрытие соединения с MongoDB...[39m
2025-09-20 09:20:35:2035 [32minfo[39m: [32m[MetadataServer] Запуск...[39m
2025-09-20 09:20:35:2035 [32minfo[39m: [32m[MetadataServer] Успешно подключено 2 клиента к Redis (основной и подписчик).[39m
2025-09-20 09:20:35:2035 [32minfo[39m: [32m[MetadataServer] Пытаюсь получить каталоги с http://localhost:30031/internal/api/v1/catalogs/modules[39m
2025-09-20 09:20:35:2035 [32minfo[39m: [32m[MetadataServer] Успешное подключение к MongoDB.[39m
2025-09-20 09:20:35:2035 [32minfo[39m: [32m[MetadataServer] Каталоги успешно получены.[39m
2025-09-20 09:20:35:2035 [32minfo[39m: [32mОбработчики грациозного завершения инициализированы.[39m
2025-09-20 09:20:35:2035 [32minfo[39m: [32m[MetadataServer] Инициализация завершена. HTTP-сервер слушает порт 3004[39m
2025-09-20 09:23:01:231 [33mwarn[39m: [33mПолучен сигнал SIGINT. Начинаю грациозное завершение...[39m
2025-09-20 09:23:01:231 [32minfo[39m: [32mЗакрытие соединения с Redis...[39m
2025-09-20 09:23:01:231 [32minfo[39m: [32mHTTP-сервер больше не принимает новые соединения.[39m
2025-09-20 09:23:01:231 [32minfo[39m: [32mСоединения с Redis успешно закрыты.[39m
2025-09-20 09:23:03:233 [32minfo[39m: [32m[MetadataServer] Запуск...[39m
2025-09-20 09:23:03:233 [32minfo[39m: [32m[MetadataServer] Успешно подключено 2 клиента к Redis (основной и подписчик).[39m
2025-09-20 09:23:03:233 [32minfo[39m: [32m[MetadataServer] Пытаюсь получить каталоги с http://localhost:30031/internal/api/v1/catalogs/modules[39m
2025-09-20 09:23:03:233 [32minfo[39m: [32m[MetadataServer] Успешное подключение к MongoDB.[39m
2025-09-20 09:23:04:234 [32minfo[39m: [32m[MetadataServer] Каталоги успешно получены.[39m
2025-09-20 09:23:04:234 [32minfo[39m: [32mОбработчики грациозного завершения инициализированы.[39m
2025-09-20 09:23:04:234 [32minfo[39m: [32m[MetadataServer] Инициализация завершена. HTTP-сервер слушает порт 3004[39m
2025-09-20 09:43:37:4337 [33mwarn[39m: [33mПолучен сигнал SIGINT. Начинаю грациозное завершение...[39m
2025-09-20 09:43:37:4337 [32minfo[39m: [32mЗакрытие соединения с Redis...[39m
2025-09-20 09:43:37:4337 [32minfo[39m: [32mHTTP-сервер больше не принимает новые соединения.[39m
2025-09-20 09:43:37:4337 [32minfo[39m: [32mСоединения с Redis успешно закрыты.[39m
2025-09-20 09:43:39:4339 [32minfo[39m: [32m[MetadataServer] Запуск...[39m
2025-09-20 09:43:39:4339 [32minfo[39m: [32m[MetadataServer] Успешно подключено 2 клиента к Redis (основной и подписчик).[39m
2025-09-20 09:43:39:4339 [32minfo[39m: [32m[MetadataServer] Пытаюсь получить каталоги с http://localhost:30031/internal/api/v1/catalogs/modules[39m
2025-09-20 09:43:39:4339 [32minfo[39m: [32m[MetadataServer] Успешное подключение к MongoDB.[39m
2025-09-20 09:43:39:4339 [32minfo[39m: [32m[MetadataServer] Каталоги успешно получены.[39m
2025-09-20 09:43:39:4339 [32minfo[39m: [32mОбработчики грациозного завершения инициализированы.[39m
2025-09-20 09:43:39:4339 [32minfo[39m: [32m[MetadataServer] Инициализация завершена. HTTP-сервер слушает порт 3004[39m
2025-09-20 09:46:04:464 [33mwarn[39m: [33mПолучен сигнал SIGINT. Начинаю грациозное завершение...[39m
2025-09-20 09:46:04:464 [32minfo[39m: [32mЗакрытие соединения с Redis...[39m
2025-09-20 09:46:05:465 [32minfo[39m: [32mHTTP-сервер больше не принимает новые соединения.[39m
2025-09-20 09:46:05:465 [32minfo[39m: [32mСоединения с Redis успешно закрыты.[39m
2025-09-20 09:46:06:466 [32minfo[39m: [32m[MetadataServer] Запуск...[39m
2025-09-20 09:46:06:466 [32minfo[39m: [32m[MetadataServer] Успешно подключено 2 клиента к Redis (основной и подписчик).[39m
2025-09-20 09:46:06:466 [32minfo[39m: [32m[MetadataServer] Пытаюсь получить каталоги с http://localhost:30031/internal/api/v1/catalogs/modules[39m
2025-09-20 09:46:06:466 [31merror[39m: [31m[MetadataServer] Не удалось получить каталоги: . Повторная попытка через 5000 мс...[39m
2025-09-20 09:46:07:467 [32minfo[39m: [32m[MetadataServer] Успешное подключение к MongoDB.[39m
2025-09-20 09:46:12:4612 [32minfo[39m: [32m[MetadataServer] Каталоги успешно получены.[39m
2025-09-20 09:46:12:4612 [32minfo[39m: [32mОбработчики грациозного завершения инициализированы.[39m
2025-09-20 09:46:12:4612 [32minfo[39m: [32m[MetadataServer] Инициализация завершена. HTTP-сервер слушает порт 3004[39m
2025-09-20 09:47:26:4726 [33mwarn[39m: [33mПолучен сигнал SIGINT. Начинаю грациозное завершение...[39m
2025-09-20 09:47:26:4726 [32minfo[39m: [32mЗакрытие соединения с Redis...[39m
2025-09-20 09:47:26:4726 [32minfo[39m: [32mHTTP-сервер больше не принимает новые соединения.[39m
2025-09-20 09:47:26:4726 [32minfo[39m: [32mСоединения с Redis успешно закрыты.[39m
2025-09-20 09:47:28:4728 [32minfo[39m: [32m[MetadataServer] Запуск...[39m
2025-09-20 09:47:28:4728 [32minfo[39m: [32m[MetadataServer] Успешно подключено 2 клиента к Redis (основной и подписчик).[39m
2025-09-20 09:47:28:4728 [32minfo[39m: [32m[MetadataServer] Пытаюсь получить каталоги с http://localhost:30031/internal/api/v1/catalogs/modules[39m
2025-09-20 09:47:28:4728 [32minfo[39m: [32m[MetadataServer] Успешное подключение к MongoDB.[39m
2025-09-20 09:47:28:4728 [32minfo[39m: [32m[MetadataServer] Каталоги успешно получены.[39m
2025-09-20 09:47:28:4728 [32minfo[39m: [32mОбработчики грациозного завершения инициализированы.[39m
2025-09-20 09:47:28:4728 [32minfo[39m: [32m[MetadataServer] Инициализация завершена. HTTP-сервер слушает порт 3004[39m
2025-09-20 11:43:19:4319 [33mwarn[39m: [33mПолучен сигнал SIGINT. Начинаю грациозное завершение...[39m
2025-09-20 11:43:19:4319 [32minfo[39m: [32mЗакрытие соединения с Redis...[39m
2025-09-20 11:43:19:4319 [32minfo[39m: [32mHTTP-сервер больше не принимает новые соединения.[39m
2025-09-20 11:43:32:4332 [32minfo[39m: [32m[MetadataServer] Запуск...[39m
2025-09-20 11:43:32:4332 [32minfo[39m: [32m[MetadataServer] Успешно подключено 2 клиента к Redis (основной и подписчик).[39m
2025-09-20 11:43:32:4332 [32minfo[39m: [32m[MetadataServer] Пытаюсь получить каталоги с http://localhost:30031/internal/api/v1/catalogs/modules[39m
2025-09-20 11:43:32:4332 [31merror[39m: [31m[MetadataServer] Не удалось получить каталоги: . Повторная попытка через 5000 мс...[39m
2025-09-20 11:43:32:4332 [32minfo[39m: [32m[MetadataServer] Успешное подключение к MongoDB.[39m
2025-09-20 11:43:37:4337 [32minfo[39m: [32m[MetadataServer] Каталоги успешно получены.[39m
2025-09-20 11:43:37:4337 [32minfo[39m: [32mОбработчики грациозного завершения инициализированы.[39m
2025-09-20 11:43:37:4337 [32minfo[39m: [32m[MetadataServer] Инициализация завершена. HTTP-сервер слушает порт 3004[39m
2025-09-20 11:44:02:442 [33mwarn[39m: [33mПолучен сигнал SIGINT. Начинаю грациозное завершение...[39m
2025-09-20 11:44:02:442 [32minfo[39m: [32mЗакрытие соединения с Redis...[39m
2025-09-20 11:44:02:442 [32minfo[39m: [32mHTTP-сервер больше не принимает новые соединения.[39m
2025-09-20 11:44:02:442 [32minfo[39m: [32mСоединения с Redis успешно закрыты.[39m
2025-09-20 11:44:04:444 [32minfo[39m: [32m[MetadataServer] Запуск...[39m
2025-09-20 11:44:04:444 [32minfo[39m: [32m[MetadataServer] Успешно подключено 2 клиента к Redis (основной и подписчик).[39m
2025-09-20 11:44:04:444 [32minfo[39m: [32m[MetadataServer] Пытаюсь получить каталоги с http://localhost:30031/internal/api/v1/catalogs/modules[39m
2025-09-20 11:44:04:444 [32minfo[39m: [32m[MetadataServer] Успешное подключение к MongoDB.[39m
2025-09-20 11:44:04:444 [32minfo[39m: [32m[MetadataServer] Каталоги успешно получены.[39m
2025-09-20 11:44:04:444 [32minfo[39m: [32mОбработчики грациозного завершения инициализированы.[39m
2025-09-20 11:44:04:444 [32minfo[39m: [32m[MetadataServer] Инициализация завершена. HTTP-сервер слушает порт 3004[39m
2025-09-20 11:52:25:5225 [33mwarn[39m: [33mПолучен сигнал SIGINT. Начинаю грациозное завершение...[39m
2025-09-20 11:52:25:5225 [32minfo[39m: [32mЗакрытие соединения с Redis...[39m
2025-09-20 11:52:25:5225 [32minfo[39m: [32mHTTP-сервер больше не принимает новые соединения.[39m
2025-09-20 11:52:25:5225 [32minfo[39m: [32mСоединения с Redis успешно закрыты.[39m
2025-09-20 11:52:27:5227 [32minfo[39m: [32m[MetadataServer] Запуск...[39m
2025-09-20 11:52:27:5227 [32minfo[39m: [32m[MetadataServer] Успешно подключено 2 клиента к Redis (основной и подписчик).[39m
2025-09-20 11:52:27:5227 [32minfo[39m: [32m[MetadataServer] Пытаюсь получить каталоги с http://localhost:30031/internal/api/v1/catalogs/modules[39m
2025-09-20 11:52:27:5227 [31merror[39m: [31m[MetadataServer] Не удалось получить каталоги: . Повторная попытка через 5000 мс...[39m
2025-09-20 11:52:27:5227 [32minfo[39m: [32m[MetadataServer] Успешное подключение к MongoDB.[39m
2025-09-20 11:52:32:5232 [32minfo[39m: [32m[MetadataServer] Каталоги успешно получены.[39m
2025-09-20 11:52:32:5232 [32minfo[39m: [32mОбработчики грациозного завершения инициализированы.[39m
2025-09-20 11:52:32:5232 [32minfo[39m: [32m[MetadataServer] Инициализация завершена. HTTP-сервер слушает порт 3004[39m
2025-09-20 11:56:52:5652 [33mwarn[39m: [33mПолучен сигнал SIGINT. Начинаю грациозное завершение...[39m
2025-09-20 11:56:52:5652 [32minfo[39m: [32mЗакрытие соединения с Redis...[39m
2025-09-20 11:56:52:5652 [32minfo[39m: [32mHTTP-сервер больше не принимает новые соединения.[39m
2025-09-20 11:56:52:5652 [32minfo[39m: [32mСоединения с Redis успешно закрыты.[39m
2025-09-20 11:56:54:5654 [32minfo[39m: [32m[MetadataServer] Запуск...[39m
2025-09-20 11:56:54:5654 [32minfo[39m: [32m[MetadataServer] Успешно подключено 2 клиента к Redis (основной и подписчик).[39m
2025-09-20 11:56:54:5654 [32minfo[39m: [32m[MetadataServer] Пытаюсь получить каталоги с http://localhost:30031/internal/api/v1/catalogs/modules[39m
2025-09-20 11:56:54:5654 [31merror[39m: [31m[MetadataServer] Не удалось получить каталоги: . Повторная попытка через 5000 мс...[39m
2025-09-20 11:56:54:5654 [32minfo[39m: [32m[MetadataServer] Успешное подключение к MongoDB.[39m
2025-09-20 11:56:59:5659 [32minfo[39m: [32m[MetadataServer] Каталоги успешно получены.[39m
2025-09-20 11:56:59:5659 [32minfo[39m: [32mОбработчики грациозного завершения инициализированы.[39m
2025-09-20 11:56:59:5659 [32minfo[39m: [32m[MetadataServer] Инициализация завершена. HTTP-сервер слушает порт 3004[39m
2025-09-20 11:59:18:5918 [33mwarn[39m: [33mПолучен сигнал SIGINT. Начинаю грациозное завершение...[39m
2025-09-20 11:59:18:5918 [32minfo[39m: [32mЗакрытие соединения с Redis...[39m
2025-09-20 11:59:18:5918 [32minfo[39m: [32mHTTP-сервер больше не принимает новые соединения.[39m
2025-09-20 11:59:18:5918 [32minfo[39m: [32mСоединения с Redis успешно закрыты.[39m
2025-09-20 11:59:20:5920 [32minfo[39m: [32m[MetadataServer] Запуск...[39m
2025-09-20 11:59:20:5920 [32minfo[39m: [32m[MetadataServer] Успешно подключено 2 клиента к Redis (основной и подписчик).[39m
2025-09-20 11:59:20:5920 [32minfo[39m: [32m[MetadataServer] Пытаюсь получить каталоги с http://localhost:30031/internal/api/v1/catalogs/modules[39m
2025-09-20 11:59:20:5920 [32minfo[39m: [32m[MetadataServer] Успешное подключение к MongoDB.[39m
2025-09-20 11:59:20:5920 [32minfo[39m: [32m[MetadataServer] Каталоги успешно получены.[39m
2025-09-20 11:59:20:5920 [32minfo[39m: [32mОбработчики грациозного завершения инициализированы.[39m
2025-09-20 11:59:20:5920 [32minfo[39m: [32m[MetadataServer] Инициализация завершена. HTTP-сервер слушает порт 3004[39m
2025-09-20 12:00:52:052 [33mwarn[39m: [33mПолучен сигнал SIGINT. Начинаю грациозное завершение...[39m
2025-09-20 12:00:52:052 [32minfo[39m: [32mЗакрытие соединения с Redis...[39m
2025-09-20 12:00:52:052 [32minfo[39m: [32mHTTP-сервер больше не принимает новые соединения.[39m
2025-09-20 12:00:52:052 [32minfo[39m: [32mСоединения с Redis успешно закрыты.[39m
2025-09-20 12:00:54:054 [32minfo[39m: [32m[MetadataServer] Запуск...[39m
2025-09-20 12:00:54:054 [32minfo[39m: [32m[MetadataServer] Успешно подключено 2 клиента к Redis (основной и подписчик).[39m
2025-09-20 12:00:54:054 [32minfo[39m: [32m[MetadataServer] Пытаюсь получить каталоги с http://localhost:30031/internal/api/v1/catalogs/modules[39m
2025-09-20 12:00:54:054 [32minfo[39m: [32m[MetadataServer] Успешное подключение к MongoDB.[39m
2025-09-20 12:00:54:054 [32minfo[39m: [32m[MetadataServer] Каталоги успешно получены.[39m
2025-09-20 12:00:54:054 [32minfo[39m: [32mОбработчики грациозного завершения инициализированы.[39m
2025-09-20 12:00:54:054 [32minfo[39m: [32m[MetadataServer] Инициализация завершена. HTTP-сервер слушает порт 3004[39m
2025-09-20 12:03:45:345 [33mwarn[39m: [33mПолучен сигнал SIGINT. Начинаю грациозное завершение...[39m
2025-09-20 12:03:45:345 [32minfo[39m: [32mЗакрытие соединения с Redis...[39m
2025-09-20 12:03:45:345 [32minfo[39m: [32mHTTP-сервер больше не принимает новые соединения.[39m
2025-09-20 12:03:45:345 [32minfo[39m: [32mСоединения с Redis успешно закрыты.[39m
2025-09-20 12:03:47:347 [32minfo[39m: [32m[MetadataServer] Запуск...[39m
2025-09-20 12:03:47:347 [32minfo[39m: [32m[MetadataServer] Успешно подключено 2 клиента к Redis (основной и подписчик).[39m
2025-09-20 12:03:47:347 [32minfo[39m: [32m[MetadataServer] Пытаюсь получить каталоги с http://localhost:30031/internal/api/v1/catalogs/modules[39m
2025-09-20 12:03:47:347 [32minfo[39m: [32m[MetadataServer] Успешное подключение к MongoDB.[39m
2025-09-20 12:03:47:347 [32minfo[39m: [32m[MetadataServer] Каталоги успешно получены.[39m
2025-09-20 12:03:47:347 [32minfo[39m: [32mОбработчики грациозного завершения инициализированы.[39m
2025-09-20 12:03:47:347 [32minfo[39m: [32m[MetadataServer] Инициализация завершена. HTTP-сервер слушает порт 3004[39m
2025-09-20 12:04:22:422 [33mwarn[39m: [33mПолучен сигнал SIGINT. Начинаю грациозное завершение...[39m
2025-09-20 12:04:22:422 [32minfo[39m: [32mЗакрытие соединения с Redis...[39m
2025-09-20 12:04:22:422 [32minfo[39m: [32mHTTP-сервер больше не принимает новые соединения.[39m
2025-09-20 12:04:22:422 [32minfo[39m: [32mСоединения с Redis успешно закрыты.[39m
2025-09-20 12:04:24:424 [32minfo[39m: [32m[MetadataServer] Запуск...[39m
2025-09-20 12:04:24:424 [32minfo[39m: [32m[MetadataServer] Успешно подключено 2 клиента к Redis (основной и подписчик).[39m
2025-09-20 12:04:24:424 [32minfo[39m: [32m[MetadataServer] Пытаюсь получить каталоги с http://localhost:30031/internal/api/v1/catalogs/modules[39m
2025-09-20 12:04:24:424 [32minfo[39m: [32m[MetadataServer] Успешное подключение к MongoDB.[39m
2025-09-20 12:04:24:424 [32minfo[39m: [32m[MetadataServer] Каталоги успешно получены.[39m
2025-09-20 12:04:24:424 [32minfo[39m: [32mОбработчики грациозного завершения инициализированы.[39m
2025-09-20 12:04:24:424 [32minfo[39m: [32m[MetadataServer] Инициализация завершена. HTTP-сервер слушает порт 3004[39m
2025-09-20 12:15:52:1552 [33mwarn[39m: [33mПолучен сигнал SIGINT. Начинаю грациозное завершение...[39m
2025-09-20 12:15:52:1552 [32minfo[39m: [32mЗакрытие соединения с Redis...[39m
2025-09-20 12:15:52:1552 [32minfo[39m: [32mHTTP-сервер больше не принимает новые соединения.[39m
2025-09-20 12:15:52:1552 [32minfo[39m: [32mСоединения с Redis успешно закрыты.[39m
2025-09-20 12:15:52:1552 [32minfo[39m: [32mЗакрытие соединения с MongoDB...[39m
2025-09-20 12:15:54:1554 [32minfo[39m: [32m[MetadataServer] Запуск...[39m
2025-09-20 12:15:54:1554 [32minfo[39m: [32m[MetadataServer] Успешно подключено 2 клиента к Redis (основной и подписчик).[39m
2025-09-20 12:15:54:1554 [32minfo[39m: [32m[MetadataServer] Пытаюсь получить каталоги с http://localhost:30031/internal/api/v1/catalogs/modules[39m
2025-09-20 12:15:54:1554 [32minfo[39m: [32m[MetadataServer] Успешное подключение к MongoDB.[39m
2025-09-20 12:15:54:1554 [32minfo[39m: [32m[MetadataServer] Каталоги успешно получены.[39m
2025-09-20 12:15:54:1554 [32minfo[39m: [32mОбработчики грациозного завершения инициализированы.[39m
2025-09-20 12:15:54:1554 [32minfo[39m: [32m[MetadataServer] Инициализация завершена. HTTP-сервер слушает порт 3004[39m
2025-09-20 12:26:56:2656 [33mwarn[39m: [33mПолучен сигнал SIGINT. Начинаю грациозное завершение...[39m
2025-09-20 12:26:56:2656 [32minfo[39m: [32mЗакрытие соединения с Redis...[39m
2025-09-20 12:26:56:2656 [32minfo[39m: [32mHTTP-сервер больше не принимает новые соединения.[39m
2025-09-20 12:26:56:2656 [32minfo[39m: [32mСоединения с Redis успешно закрыты.[39m
2025-09-20 12:26:56:2656 [32minfo[39m: [32mЗакрытие соединения с MongoDB...[39m
2025-09-20 12:26:58:2658 [32minfo[39m: [32m[MetadataServer] Запуск...[39m
2025-09-20 12:26:58:2658 [32minfo[39m: [32m[MetadataServer] Успешно подключено 2 клиента к Redis (основной и подписчик).[39m
2025-09-20 12:26:58:2658 [32minfo[39m: [32m[MetadataServer] Пытаюсь получить каталоги с http://localhost:30031/internal/api/v1/catalogs/modules[39m
2025-09-20 12:26:58:2658 [32minfo[39m: [32m[MetadataServer] Успешное подключение к MongoDB.[39m
2025-09-20 12:26:59:2659 [32minfo[39m: [32m[MetadataServer] Каталоги успешно получены.[39m
2025-09-20 12:26:59:2659 [32minfo[39m: [32mОбработчики грациозного завершения инициализированы.[39m
2025-09-20 12:26:59:2659 [32minfo[39m: [32m[MetadataServer] Инициализация завершена. HTTP-сервер слушает порт 3004[39m
2025-09-20 12:27:15:2715 [33mwarn[39m: [33mПолучен сигнал SIGINT. Начинаю грациозное завершение...[39m
2025-09-20 12:27:15:2715 [32minfo[39m: [32mЗакрытие соединения с Redis...[39m
2025-09-20 12:27:15:2715 [32minfo[39m: [32mHTTP-сервер больше не принимает новые соединения.[39m
2025-09-20 12:27:15:2715 [32minfo[39m: [32mСоединения с Redis успешно закрыты.[39m
2025-09-20 12:27:15:2715 [32minfo[39m: [32mЗакрытие соединения с MongoDB...[39m
2025-09-20 12:27:17:2717 [32minfo[39m: [32m[MetadataServer] Запуск...[39m
2025-09-20 12:27:17:2717 [32minfo[39m: [32m[MetadataServer] Успешно подключено 2 клиента к Redis (основной и подписчик).[39m
2025-09-20 12:27:17:2717 [32minfo[39m: [32m[MetadataServer] Пытаюсь получить каталоги с http://localhost:30031/internal/api/v1/catalogs/modules[39m
2025-09-20 12:27:17:2717 [32minfo[39m: [32m[MetadataServer] Успешное подключение к MongoDB.[39m
2025-09-20 12:27:17:2717 [32minfo[39m: [32m[MetadataServer] Каталоги успешно получены.[39m
2025-09-20 12:27:17:2717 [32minfo[39m: [32mОбработчики грациозного завершения инициализированы.[39m
2025-09-20 12:27:17:2717 [32minfo[39m: [32m[MetadataServer] Инициализация завершена. HTTP-сервер слушает порт 3004[39m
2025-09-20 12:27:52:2752 [33mwarn[39m: [33mПолучен сигнал SIGINT. Начинаю грациозное завершение...[39m
2025-09-20 12:27:52:2752 [32minfo[39m: [32mЗакрытие соединения с Redis...[39m
2025-09-20 12:27:52:2752 [32minfo[39m: [32mHTTP-сервер больше не принимает новые соединения.[39m
2025-09-20 12:27:52:2752 [32minfo[39m: [32mСоединения с Redis успешно закрыты.[39m
2025-09-20 12:27:54:2754 [32minfo[39m: [32m[MetadataServer] Запуск...[39m
2025-09-20 12:27:54:2754 [32minfo[39m: [32m[MetadataServer] Успешно подключено 2 клиента к Redis (основной и подписчик).[39m
2025-09-20 12:27:54:2754 [32minfo[39m: [32m[MetadataServer] Пытаюсь получить каталоги с http://localhost:30031/internal/api/v1/catalogs/modules[39m
2025-09-20 12:27:54:2754 [31merror[39m: [31m[MetadataServer] Не удалось получить каталоги: . Повторная попытка через 5000 мс...[39m
2025-09-20 12:27:54:2754 [32minfo[39m: [32m[MetadataServer] Успешное подключение к MongoDB.[39m
2025-09-20 12:27:59:2759 [32minfo[39m: [32m[MetadataServer] Каталоги успешно получены.[39m
2025-09-20 12:27:59:2759 [32minfo[39m: [32mОбработчики грациозного завершения инициализированы.[39m
2025-09-20 12:27:59:2759 [32minfo[39m: [32m[MetadataServer] Инициализация завершена. HTTP-сервер слушает порт 3004[39m
2025-09-20 12:29:51:2951 [33mwarn[39m: [33mПолучен сигнал SIGINT. Начинаю грациозное завершение...[39m
2025-09-20 12:29:51:2951 [32minfo[39m: [32mЗакрытие соединения с Redis...[39m
2025-09-20 12:29:51:2951 [32minfo[39m: [32mHTTP-сервер больше не принимает новые соединения.[39m
2025-09-20 12:29:51:2951 [32minfo[39m: [32mСоединения с Redis успешно закрыты.[39m
2025-09-20 12:29:51:2951 [32minfo[39m: [32mЗакрытие соединения с MongoDB...[39m
2025-09-20 12:29:53:2953 [32minfo[39m: [32m[MetadataServer] Запуск...[39m
2025-09-20 12:29:53:2953 [32minfo[39m: [32m[MetadataServer] Успешно подключено 2 клиента к Redis (основной и подписчик).[39m
2025-09-20 12:29:53:2953 [32minfo[39m: [32m[MetadataServer] Пытаюсь получить каталоги с http://localhost:30031/internal/api/v1/catalogs/modules[39m
2025-09-20 12:29:53:2953 [32minfo[39m: [32m[MetadataServer] Успешное подключение к MongoDB.[39m
2025-09-20 12:29:53:2953 [32minfo[39m: [32m[MetadataServer] Каталоги успешно получены.[39m
2025-09-20 12:29:53:2953 [32minfo[39m: [32mОбработчики грациозного завершения инициализированы.[39m
2025-09-20 12:29:53:2953 [32minfo[39m: [32m[MetadataServer] Инициализация завершена. HTTP-сервер слушает порт 3004[39m
2025-09-20 12:32:44:3244 [33mwarn[39m: [33mПолучен сигнал SIGINT. Начинаю грациозное завершение...[39m
2025-09-20 12:32:44:3244 [32minfo[39m: [32mЗакрытие соединения с Redis...[39m
2025-09-20 12:32:44:3244 [32minfo[39m: [32mHTTP-сервер больше не принимает новые соединения.[39m
2025-09-20 12:32:44:3244 [32minfo[39m: [32mСоединения с Redis успешно закрыты.[39m
2025-09-20 12:32:46:3246 [32minfo[39m: [32m[MetadataServer] Запуск...[39m
2025-09-20 12:32:46:3246 [32minfo[39m: [32m[MetadataServer] Успешно подключено 2 клиента к Redis (основной и подписчик).[39m
2025-09-20 12:32:46:3246 [32minfo[39m: [32m[MetadataServer] Пытаюсь получить каталоги с http://localhost:30031/internal/api/v1/catalogs/modules[39m
2025-09-20 12:32:46:3246 [32minfo[39m: [32m[MetadataServer] Успешное подключение к MongoDB.[39m
2025-09-20 12:32:46:3246 [32minfo[39m: [32m[MetadataServer] Каталоги успешно получены.[39m
2025-09-20 12:32:46:3246 [32minfo[39m: [32mОбработчики грациозного завершения инициализированы.[39m
2025-09-20 12:32:46:3246 [32minfo[39m: [32m[MetadataServer] Инициализация завершена. HTTP-сервер слушает порт 3004[39m
2025-09-20 12:34:11:3411 [33mwarn[39m: [33mПолучен сигнал SIGINT. Начинаю грациозное завершение...[39m
2025-09-20 12:34:11:3411 [32minfo[39m: [32mЗакрытие соединения с Redis...[39m
2025-09-20 12:34:11:3411 [32minfo[39m: [32mHTTP-сервер больше не принимает новые соединения.[39m
2025-09-20 12:34:11:3411 [32minfo[39m: [32mСоединения с Redis успешно закрыты.[39m
2025-09-20 12:34:13:3413 [32minfo[39m: [32m[MetadataServer] Запуск...[39m
2025-09-20 12:34:13:3413 [32minfo[39m: [32m[MetadataServer] Успешно подключено 2 клиента к Redis (основной и подписчик).[39m
2025-09-20 12:34:13:3413 [32minfo[39m: [32m[MetadataServer] Пытаюсь получить каталоги с http://localhost:30031/internal/api/v1/catalogs/modules[39m
2025-09-20 12:34:13:3413 [32minfo[39m: [32m[MetadataServer] Успешное подключение к MongoDB.[39m
2025-09-20 12:34:13:3413 [32minfo[39m: [32m[MetadataServer] Каталоги успешно получены.[39m
2025-09-20 12:34:13:3413 [32minfo[39m: [32mОбработчики грациозного завершения инициализированы.[39m
2025-09-20 12:34:13:3413 [32minfo[39m: [32m[MetadataServer] Инициализация завершена. HTTP-сервер слушает порт 3004[39m
2025-09-20 12:34:26:3426 [33mwarn[39m: [33mПолучен сигнал SIGINT. Начинаю грациозное завершение...[39m
2025-09-20 12:34:26:3426 [32minfo[39m: [32mЗакрытие соединения с Redis...[39m
2025-09-20 12:34:26:3426 [32minfo[39m: [32mHTTP-сервер больше не принимает новые соединения.[39m
2025-09-20 12:34:26:3426 [32minfo[39m: [32mСоединения с Redis успешно закрыты.[39m
2025-09-20 12:34:26:3426 [32minfo[39m: [32mЗакрытие соединения с MongoDB...[39m
2025-09-20 12:34:28:3428 [32minfo[39m: [32m[MetadataServer] Запуск...[39m
2025-09-20 12:34:28:3428 [32minfo[39m: [32m[MetadataServer] Успешно подключено 2 клиента к Redis (основной и подписчик).[39m
2025-09-20 12:34:28:3428 [32minfo[39m: [32m[MetadataServer] Пытаюсь получить каталоги с http://localhost:30031/internal/api/v1/catalogs/modules[39m
2025-09-20 12:34:29:3429 [32minfo[39m: [32m[MetadataServer] Успешное подключение к MongoDB.[39m
2025-09-20 12:34:29:3429 [32minfo[39m: [32m[MetadataServer] Каталоги успешно получены.[39m
2025-09-20 12:34:29:3429 [32minfo[39m: [32mОбработчики грациозного завершения инициализированы.[39m
2025-09-20 12:34:29:3429 [32minfo[39m: [32m[MetadataServer] Инициализация завершена. HTTP-сервер слушает порт 3004[39m
2025-09-20 12:49:34:4934 [33mwarn[39m: [33mПолучен сигнал SIGINT. Начинаю грациозное завершение...[39m
2025-09-20 12:49:34:4934 [32minfo[39m: [32mЗакрытие соединения с Redis...[39m
2025-09-20 12:49:34:4934 [32minfo[39m: [32mHTTP-сервер больше не принимает новые соединения.[39m
2025-09-20 12:49:34:4934 [32minfo[39m: [32mСоединения с Redis успешно закрыты.[39m
2025-09-20 12:49:36:4936 [32minfo[39m: [32m[MetadataServer] Запуск...[39m
2025-09-20 12:49:36:4936 [32minfo[39m: [32m[MetadataServer] Успешно подключено 2 клиента к Redis (основной и подписчик).[39m
2025-09-20 12:49:36:4936 [32minfo[39m: [32m[MetadataServer] Пытаюсь получить каталоги с http://localhost:30031/internal/api/v1/catalogs/modules[39m
2025-09-20 12:49:36:4936 [32minfo[39m: [32m[MetadataServer] Успешное подключение к MongoDB.[39m
2025-09-20 12:49:36:4936 [32minfo[39m: [32m[MetadataServer] Каталоги успешно получены.[39m
2025-09-20 12:49:36:4936 [32minfo[39m: [32mОбработчики грациозного завершения инициализированы.[39m
2025-09-20 12:49:36:4936 [32minfo[39m: [32m[MetadataServer] Инициализация завершена. HTTP-сервер слушает порт 3004[39m
2025-09-20 12:49:41:4941 [33mwarn[39m: [33mПолучен сигнал SIGINT. Начинаю грациозное завершение...[39m
2025-09-20 12:49:41:4941 [32minfo[39m: [32mЗакрытие соединения с Redis...[39m
2025-09-20 12:49:41:4941 [32minfo[39m: [32mHTTP-сервер больше не принимает новые соединения.[39m
2025-09-20 12:49:41:4941 [32minfo[39m: [32mСоединения с Redis успешно закрыты.[39m
2025-09-20 12:49:41:4941 [32minfo[39m: [32mЗакрытие соединения с MongoDB...[39m
2025-09-20 12:51:04:514 [32minfo[39m: [32m[MetadataServer] Запуск...[39m
2025-09-20 12:51:04:514 [32minfo[39m: [32m[MetadataServer] Успешно подключено 2 клиента к Redis (основной и подписчик).[39m
2025-09-20 12:51:04:514 [32minfo[39m: [32m[MetadataServer] Пытаюсь получить каталоги с http://localhost:30031/internal/api/v1/catalogs/modules[39m
2025-09-20 12:51:04:514 [32minfo[39m: [32m[MetadataServer] Каталоги успешно получены.[39m
2025-09-20 12:51:04:514 [32minfo[39m: [32m[MetadataServer] Успешное подключение к MongoDB.[39m
2025-09-20 12:51:04:514 [32minfo[39m: [32mОбработчики грациозного завершения инициализированы.[39m
2025-09-20 12:51:04:514 [32minfo[39m: [32m[MetadataServer] Инициализация завершена. HTTP-сервер слушает порт 3004[39m
2025-09-20 12:53:56:5356 [33mwarn[39m: [33mПолучен сигнал SIGINT. Начинаю грациозное завершение...[39m
2025-09-20 12:53:56:5356 [32minfo[39m: [32mЗакрытие соединения с Redis...[39m
2025-09-20 12:53:56:5356 [32minfo[39m: [32mHTTP-сервер больше не принимает новые соединения.[39m
2025-09-20 12:53:56:5356 [32minfo[39m: [32mСоединения с Redis успешно закрыты.[39m
2025-09-20 12:53:57:5357 [32minfo[39m: [32m[MetadataServer] Запуск...[39m
2025-09-20 12:53:57:5357 [32minfo[39m: [32m[MetadataServer] Успешно подключено 2 клиента к Redis (основной и подписчик).[39m
2025-09-20 12:53:57:5357 [32minfo[39m: [32m[MetadataServer] Пытаюсь получить каталоги с http://localhost:30031/internal/api/v1/catalogs/modules[39m
2025-09-20 12:53:58:5358 [32minfo[39m: [32m[MetadataServer] Успешное подключение к MongoDB.[39m
2025-09-20 12:53:58:5358 [32minfo[39m: [32m[MetadataServer] Каталоги успешно получены.[39m
2025-09-20 12:53:58:5358 [32minfo[39m: [32mОбработчики грациозного завершения инициализированы.[39m
2025-09-20 12:53:58:5358 [32minfo[39m: [32m[MetadataServer] Инициализация завершена. HTTP-сервер слушает порт 3004[39m
2025-09-20 12:58:31:5831 [33mwarn[39m: [33mПолучен сигнал SIGINT. Начинаю грациозное завершение...[39m
2025-09-20 12:58:31:5831 [32minfo[39m: [32mЗакрытие соединения с Redis...[39m
2025-09-20 12:58:31:5831 [32minfo[39m: [32mHTTP-сервер больше не принимает новые соединения.[39m
2025-09-20 12:58:31:5831 [32minfo[39m: [32mСоединения с Redis успешно закрыты.[39m
2025-09-20 13:00:13:013 [32minfo[39m: [32m[MetadataServer] Запуск...[39m
2025-09-20 13:00:13:013 [32minfo[39m: [32m[MetadataServer] Успешно подключено 2 клиента к Redis (основной и подписчик).[39m
2025-09-20 13:00:13:013 [32minfo[39m: [32m[MetadataServer] Пытаюсь получить каталоги с http://localhost:30031/internal/api/v1/catalogs/modules[39m
2025-09-20 13:00:13:013 [31merror[39m: [31m[MetadataServer] Не удалось получить каталоги: . Повторная попытка через 5000 мс...[39m
2025-09-20 13:00:13:013 [32minfo[39m: [32m[MetadataServer] Успешное подключение к MongoDB.[39m
2025-09-20 13:00:20:020 [32minfo[39m: [32m[MetadataServer] Запуск...[39m
2025-09-20 13:00:20:020 [32minfo[39m: [32m[MetadataServer] Успешно подключено 2 клиента к Redis (основной и подписчик).[39m
2025-09-20 13:00:20:020 [32minfo[39m: [32m[MetadataServer] Пытаюсь получить каталоги с http://localhost:30031/internal/api/v1/catalogs/modules[39m
2025-09-20 13:00:20:020 [32minfo[39m: [32m[MetadataServer] Успешное подключение к MongoDB.[39m
2025-09-20 13:00:20:020 [32minfo[39m: [32m[MetadataServer] Каталоги успешно получены.[39m
2025-09-20 13:00:20:020 [32minfo[39m: [32mОбработчики грациозного завершения инициализированы.[39m
2025-09-20 13:00:20:020 [32minfo[39m: [32m[MetadataServer] Инициализация завершена. HTTP-сервер слушает порт 3004[39m
2025-09-20 13:00:42:042 [33mwarn[39m: [33mПолучен сигнал SIGINT. Начинаю грациозное завершение...[39m
2025-09-20 13:00:42:042 [32minfo[39m: [32mЗакрытие соединения с Redis...[39m
2025-09-20 13:00:42:042 [32minfo[39m: [32mHTTP-сервер больше не принимает новые соединения.[39m
2025-09-20 13:00:42:042 [32minfo[39m: [32mСоединения с Redis успешно закрыты.[39m
2025-09-20 13:00:42:042 [32minfo[39m: [32mЗакрытие соединения с MongoDB...[39m
2025-09-20 13:02:26:226 [32minfo[39m: [32m[MetadataServer] Запуск...[39m
2025-09-20 13:02:26:226 [32minfo[39m: [32m[MetadataServer] Успешно подключено 2 клиента к Redis (основной и подписчик).[39m
2025-09-20 13:02:26:226 [32minfo[39m: [32m[MetadataServer] Пытаюсь получить каталоги с http://localhost:30031/internal/api/v1/catalogs/modules[39m
2025-09-20 13:02:26:226 [32minfo[39m: [32m[MetadataServer] Успешное подключение к MongoDB.[39m
2025-09-20 13:02:26:226 [32minfo[39m: [32m[MetadataServer] Каталоги успешно получены.[39m
2025-09-20 13:02:26:226 [32minfo[39m: [32mОбработчики грациозного завершения инициализированы.[39m
2025-09-20 13:02:26:226 [32minfo[39m: [32m[MetadataServer] Инициализация завершена. HTTP-сервер слушает порт 3004[39m
2025-09-20 13:03:47:347 [33mwarn[39m: [33mПолучен сигнал SIGINT. Начинаю грациозное завершение...[39m
2025-09-20 13:03:47:347 [32minfo[39m: [32mЗакрытие соединения с Redis...[39m
2025-09-20 13:03:47:347 [32minfo[39m: [32mHTTP-сервер больше не принимает новые соединения.[39m
2025-09-20 13:03:47:347 [32minfo[39m: [32mСоединения с Redis успешно закрыты.[39m
2025-09-20 13:03:47:347 [32minfo[39m: [32mЗакрытие соединения с MongoDB...[39m
2025-09-20 13:03:49:349 [32minfo[39m: [32m[MetadataServer] Запуск...[39m
2025-09-20 13:03:50:350 [32minfo[39m: [32m[MetadataServer] Успешно подключено 2 клиента к Redis (основной и подписчик).[39m
2025-09-20 13:03:50:350 [32minfo[39m: [32m[MetadataServer] Пытаюсь получить каталоги с http://localhost:30031/internal/api/v1/catalogs/modules[39m
2025-09-20 13:03:50:350 [32minfo[39m: [32m[MetadataServer] Успешное подключение к MongoDB.[39m
2025-09-20 13:03:50:350 [32minfo[39m: [32m[MetadataServer] Каталоги успешно получены.[39m
2025-09-20 13:03:50:350 [32minfo[39m: [32mОбработчики грациозного завершения инициализированы.[39m
2025-09-20 13:03:50:350 [32minfo[39m: [32m[MetadataServer] Инициализация завершена. HTTP-сервер слушает порт 3004[39m
2025-09-20 13:05:49:549 [33mwarn[39m: [33mПолучен сигнал SIGINT. Начинаю грациозное завершение...[39m
2025-09-20 13:05:49:549 [32minfo[39m: [32mЗакрытие соединения с Redis...[39m
2025-09-20 13:05:49:549 [32minfo[39m: [32mHTTP-сервер больше не принимает новые соединения.[39m
2025-09-20 13:05:51:551 [32minfo[39m: [32m[MetadataServer] Запуск...[39m
2025-09-20 13:05:51:551 [32minfo[39m: [32m[MetadataServer] Успешно подключено 2 клиента к Redis (основной и подписчик).[39m
2025-09-20 13:05:51:551 [32minfo[39m: [32m[MetadataServer] Пытаюсь получить каталоги с http://localhost:30031/internal/api/v1/catalogs/modules[39m
2025-09-20 13:05:51:551 [31merror[39m: [31m[MetadataServer] Не удалось получить каталоги: . Повторная попытка через 5000 мс...[39m
2025-09-20 13:05:52:552 [32minfo[39m: [32m[MetadataServer] Успешное подключение к MongoDB.[39m
2025-09-20 13:05:56:556 [32minfo[39m: [32m[MetadataServer] Каталоги успешно получены.[39m
2025-09-20 13:05:57:557 [32minfo[39m: [32mОбработчики грациозного завершения инициализированы.[39m
2025-09-20 13:05:57:557 [32minfo[39m: [32m[MetadataServer] Инициализация завершена. HTTP-сервер слушает порт 3004[39m
2025-09-20 13:06:05:65 [37mdebug[39m: [37m[Handler] Cache HIT для tokenId: 2[39m
2025-09-20 13:06:05:65 [35mhttp[39m: [35m::1 - - [20/Sep/2025:09:06:05 +0000] "GET /ship/2 HTTP/1.1" 304 - - 10.714 ms[39m
2025-09-20 13:06:52:652 [33mwarn[39m: [33mПолучен сигнал SIGINT. Начинаю грациозное завершение...[39m
2025-09-20 13:06:52:652 [32minfo[39m: [32mЗакрытие соединения с Redis...[39m
2025-09-20 13:06:52:652 [32minfo[39m: [32mСоединения с Redis успешно закрыты.[39m
2025-09-20 13:14:18:1418 [32minfo[39m: [32m[MetadataServer] Запуск...[39m
2025-09-20 13:14:18:1418 [32minfo[39m: [32m[MetadataServer] Успешно подключено 2 клиента к Redis (основной и подписчик).[39m
2025-09-20 13:14:18:1418 [32minfo[39m: [32m[MetadataServer] Пытаюсь получить каталоги с http://localhost:30031/internal/api/v1/catalogs/modules[39m
2025-09-20 13:14:18:1418 [32minfo[39m: [32m[MetadataServer] Успешное подключение к MongoDB.[39m
2025-09-20 13:14:18:1418 [32minfo[39m: [32m[MetadataServer] Каталоги успешно получены.[39m
2025-09-20 13:14:18:1418 [32minfo[39m: [32mОбработчики грациозного завершения инициализированы.[39m
2025-09-20 13:14:18:1418 [32minfo[39m: [32m[MetadataServer] Инициализация завершена. HTTP-сервер слушает порт 3004[39m
2025-09-20 13:15:07:157 [33mwarn[39m: [33mПолучен сигнал SIGINT. Начинаю грациозное завершение...[39m
2025-09-20 13:15:07:157 [32minfo[39m: [32mЗакрытие соединения с Redis...[39m
2025-09-20 13:15:07:157 [32minfo[39m: [32mСоединения с Redis успешно закрыты.[39m
2025-09-20 13:15:09:159 [32minfo[39m: [32m[MetadataServer] Запуск...[39m
2025-09-20 13:15:09:159 [32minfo[39m: [32m[MetadataServer] Успешно подключено 2 клиента к Redis (основной и подписчик).[39m
2025-09-20 13:15:09:159 [32minfo[39m: [32m[MetadataServer] Пытаюсь получить каталоги с http://localhost:30031/internal/api/v1/catalogs/modules[39m
2025-09-20 13:15:09:159 [32minfo[39m: [32m[MetadataServer] Успешное подключение к MongoDB.[39m
2025-09-20 13:15:09:159 [32minfo[39m: [32m[MetadataServer] Каталоги успешно получены.[39m
2025-09-20 13:15:09:159 [32minfo[39m: [32mОбработчики грациозного завершения инициализированы.[39m
2025-09-20 13:15:09:159 [32minfo[39m: [32m[MetadataServer] Инициализация завершена. HTTP-сервер слушает порт 3004[39m
2025-09-20 13:16:03:163 [33mwarn[39m: [33mПолучен сигнал SIGINT. Начинаю грациозное завершение...[39m
2025-09-20 13:16:03:163 [32minfo[39m: [32mЗакрытие соединения с Redis...[39m
2025-09-20 13:16:03:163 [32minfo[39m: [32mHTTP-сервер больше не принимает новые соединения.[39m
2025-09-20 13:16:03:163 [32minfo[39m: [32mСоединения с Redis успешно закрыты.[39m
2025-09-20 13:16:05:165 [32minfo[39m: [32m[MetadataServer] Запуск...[39m
2025-09-20 13:16:05:165 [32minfo[39m: [32m[MetadataServer] Успешно подключено 2 клиента к Redis (основной и подписчик).[39m
2025-09-20 13:16:05:165 [32minfo[39m: [32m[MetadataServer] Пытаюсь получить каталоги с http://localhost:30031/internal/api/v1/catalogs/modules[39m
2025-09-20 13:16:05:165 [32minfo[39m: [32m[MetadataServer] Успешное подключение к MongoDB.[39m
2025-09-20 13:16:05:165 [32minfo[39m: [32m[MetadataServer] Каталоги успешно получены.[39m
2025-09-20 13:16:05:165 [32minfo[39m: [32mОбработчики грациозного завершения инициализированы.[39m
2025-09-20 13:16:05:165 [32minfo[39m: [32m[MetadataServer] Инициализация завершена. HTTP-сервер слушает порт 3004[39m
2025-09-20 13:16:29:1629 [33mwarn[39m: [33mПолучен сигнал SIGINT. Начинаю грациозное завершение...[39m
2025-09-20 13:16:29:1629 [32minfo[39m: [32mЗакрытие соединения с Redis...[39m
2025-09-20 13:16:29:1629 [32minfo[39m: [32mHTTP-сервер больше не принимает новые соединения.[39m
2025-09-20 13:16:29:1629 [32minfo[39m: [32mСоединения с Redis успешно закрыты.[39m
2025-09-20 13:16:56:1656 [32minfo[39m: [32m[MetadataServer] Запуск...[39m
2025-09-20 13:16:56:1656 [32minfo[39m: [32m[MetadataServer] Успешно подключено 2 клиента к Redis (основной и подписчик).[39m
2025-09-20 13:16:56:1656 [32minfo[39m: [32m[MetadataServer] Пытаюсь получить каталоги с http://localhost:30031/internal/api/v1/catalogs/modules[39m
2025-09-20 13:16:56:1656 [32minfo[39m: [32m[MetadataServer] Успешное подключение к MongoDB.[39m
2025-09-20 13:16:56:1656 [32minfo[39m: [32m[MetadataServer] Каталоги успешно получены.[39m
2025-09-20 13:16:56:1656 [32minfo[39m: [32mОбработчики грациозного завершения инициализированы.[39m
2025-09-20 13:16:56:1656 [32minfo[39m: [32m[MetadataServer] Инициализация завершена. HTTP-сервер слушает порт 3004[39m
2025-09-20 13:20:04:204 [33mwarn[39m: [33mПолучен сигнал SIGINT. Начинаю грациозное завершение...[39m
2025-09-20 13:20:04:204 [32minfo[39m: [32mЗакрытие соединения с Redis...[39m
2025-09-20 13:20:04:204 [32minfo[39m: [32mHTTP-сервер больше не принимает новые соединения.[39m
2025-09-20 13:20:04:204 [32minfo[39m: [32mСоединения с Redis успешно закрыты.[39m
2025-09-20 13:20:04:204 [32minfo[39m: [32mЗакрытие соединения с MongoDB...[39m
2025-09-20 13:20:06:206 [32minfo[39m: [32m[MetadataServer] Запуск...[39m
2025-09-20 13:20:06:206 [32minfo[39m: [32m[MetadataServer] Успешно подключено 2 клиента к Redis (основной и подписчик).[39m
2025-09-20 13:20:06:206 [32minfo[39m: [32m[MetadataServer] Пытаюсь получить каталоги с http://localhost:30031/internal/api/v1/catalogs/modules[39m
2025-09-20 13:20:06:206 [32minfo[39m: [32m[MetadataServer] Успешное подключение к MongoDB.[39m
2025-09-20 13:20:06:206 [32minfo[39m: [32m[MetadataServer] Каталоги успешно получены.[39m
2025-09-20 13:20:06:206 [32minfo[39m: [32mОбработчики грациозного завершения инициализированы.[39m
2025-09-20 13:20:06:206 [32minfo[39m: [32m[MetadataServer] Инициализация завершена. HTTP-сервер слушает порт 3004[39m
2025-09-20 13:20:12:2012 [33mwarn[39m: [33mПолучен сигнал SIGINT. Начинаю грациозное завершение...[39m
2025-09-20 13:20:12:2012 [32minfo[39m: [32mЗакрытие соединения с Redis...[39m
2025-09-20 13:20:12:2012 [32minfo[39m: [32mHTTP-сервер больше не принимает новые соединения.[39m
2025-09-20 13:20:12:2012 [32minfo[39m: [32mСоединения с Redis успешно закрыты.[39m
2025-09-20 13:20:29:2029 [32minfo[39m: [32m[MetadataServer] Запуск...[39m
2025-09-20 13:20:29:2029 [32minfo[39m: [32m[MetadataServer] Успешно подключено 2 клиента к Redis (основной и подписчик).[39m
2025-09-20 13:20:29:2029 [32minfo[39m: [32m[MetadataServer] Пытаюсь получить каталоги с http://localhost:30031/internal/api/v1/catalogs/modules[39m
2025-09-20 13:20:29:2029 [32minfo[39m: [32m[MetadataServer] Успешное подключение к MongoDB.[39m
2025-09-20 13:20:29:2029 [32minfo[39m: [32m[MetadataServer] Каталоги успешно получены.[39m
2025-09-20 13:20:29:2029 [32minfo[39m: [32mОбработчики грациозного завершения инициализированы.[39m
2025-09-20 13:20:29:2029 [32minfo[39m: [32m[MetadataServer] Инициализация завершена. HTTP-сервер слушает порт 3004[39m
2025-09-20 13:27:00:270 [33mwarn[39m: [33mПолучен сигнал SIGINT. Начинаю грациозное завершение...[39m
2025-09-20 13:27:00:270 [32minfo[39m: [32mЗакрытие соединения с Redis...[39m
2025-09-20 13:27:00:270 [32minfo[39m: [32mHTTP-сервер больше не принимает новые соединения.[39m
2025-09-20 13:27:00:270 [32minfo[39m: [32mСоединения с Redis успешно закрыты.[39m
2025-09-20 13:27:00:270 [32minfo[39m: [32mЗакрытие соединения с MongoDB...[39m
2025-09-20 13:29:16:2916 [32minfo[39m: [32m[MetadataServer] Запуск...[39m
2025-09-20 13:29:16:2916 [32minfo[39m: [32m[MetadataServer] Успешно подключено 2 клиента к Redis (основной и подписчик).[39m
2025-09-20 13:29:16:2916 [32minfo[39m: [32m[MetadataServer] Пытаюсь получить каталоги с http://localhost:30031/internal/api/v1/catalogs/modules[39m
2025-09-20 13:29:16:2916 [32minfo[39m: [32m[MetadataServer] Успешное подключение к MongoDB.[39m
2025-09-20 13:29:16:2916 [32minfo[39m: [32m[MetadataServer] Каталоги успешно получены.[39m
2025-09-20 13:29:16:2916 [32minfo[39m: [32mОбработчики грациозного завершения инициализированы.[39m
2025-09-20 13:29:16:2916 [32minfo[39m: [32m[MetadataServer] Инициализация завершена. HTTP-сервер слушает порт 3004[39m
2025-09-20 14:15:53:1553 [33mwarn[39m: [33mПолучен сигнал SIGINT. Начинаю грациозное завершение...[39m
2025-09-20 14:15:53:1553 [32minfo[39m: [32mЗакрытие соединения с Redis...[39m
2025-09-20 14:15:53:1553 [32minfo[39m: [32mHTTP-сервер больше не принимает новые соединения.[39m
2025-09-20 14:15:53:1553 [32minfo[39m: [32mСоединения с Redis успешно закрыты.[39m
2025-09-20 14:15:55:1555 [32minfo[39m: [32m[MetadataServer] Запуск...[39m
2025-09-20 14:15:55:1555 [32minfo[39m: [32m[MetadataServer] Успешно подключено 2 клиента к Redis (основной и подписчик).[39m
2025-09-20 14:15:55:1555 [32minfo[39m: [32m[MetadataServer] Пытаюсь получить каталоги с http://localhost:30031/internal/api/v1/catalogs/modules[39m
2025-09-20 14:15:55:1555 [32minfo[39m: [32m[MetadataServer] Успешное подключение к MongoDB.[39m
2025-09-20 14:15:55:1555 [32minfo[39m: [32m[MetadataServer] Каталоги успешно получены.[39m
2025-09-20 14:15:55:1555 [32minfo[39m: [32mОбработчики грациозного завершения инициализированы.[39m
2025-09-20 14:15:55:1555 [32minfo[39m: [32m[MetadataServer] Инициализация завершена. HTTP-сервер слушает порт 3004[39m
2025-09-20 14:18:12:1812 [33mwarn[39m: [33mПолучен сигнал SIGINT. Начинаю грациозное завершение...[39m
2025-09-20 14:18:12:1812 [32minfo[39m: [32mЗакрытие соединения с Redis...[39m
2025-09-20 14:18:12:1812 [32minfo[39m: [32mHTTP-сервер больше не принимает новые соединения.[39m
2025-09-20 14:18:12:1812 [32minfo[39m: [32mСоединения с Redis успешно закрыты.[39m
2025-09-20 14:18:12:1812 [32minfo[39m: [32mЗакрытие соединения с MongoDB...[39m
2025-09-20 14:18:14:1814 [32minfo[39m: [32m[MetadataServer] Запуск...[39m
2025-09-20 14:18:14:1814 [32minfo[39m: [32m[MetadataServer] Успешно подключено 2 клиента к Redis (основной и подписчик).[39m
2025-09-20 14:18:14:1814 [32minfo[39m: [32m[MetadataServer] Пытаюсь получить каталоги с http://localhost:30031/internal/api/v1/catalogs/modules[39m
2025-09-20 14:18:14:1814 [31merror[39m: [31m[MetadataServer] Не удалось получить каталоги: . Повторная попытка через 5000 мс...[39m
2025-09-20 14:18:14:1814 [32minfo[39m: [32m[MetadataServer] Успешное подключение к MongoDB.[39m
2025-09-20 14:18:19:1819 [32minfo[39m: [32m[MetadataServer] Каталоги успешно получены.[39m
2025-09-20 14:18:19:1819 [32minfo[39m: [32mОбработчики грациозного завершения инициализированы.[39m
2025-09-20 14:18:19:1819 [32minfo[39m: [32m[MetadataServer] Инициализация завершена. HTTP-сервер слушает порт 3004[39m
2025-09-20 14:24:13:2413 [33mwarn[39m: [33mПолучен сигнал SIGINT. Начинаю грациозное завершение...[39m
2025-09-20 14:24:13:2413 [32minfo[39m: [32mЗакрытие соединения с Redis...[39m
2025-09-20 14:24:13:2413 [32minfo[39m: [32mHTTP-сервер больше не принимает новые соединения.[39m
2025-09-20 14:24:13:2413 [32minfo[39m: [32mСоединения с Redis успешно закрыты.[39m
2025-09-20 14:24:13:2413 [32minfo[39m: [32mЗакрытие соединения с MongoDB...[39m
2025-09-20 14:24:15:2415 [32minfo[39m: [32m[MetadataServer] Запуск...[39m
2025-09-20 14:24:15:2415 [32minfo[39m: [32m[MetadataServer] Успешно подключено 2 клиента к Redis (основной и подписчик).[39m
2025-09-20 14:24:15:2415 [32minfo[39m: [32m[MetadataServer] Пытаюсь получить каталоги с http://localhost:30031/internal/api/v1/catalogs/modules[39m
2025-09-20 14:24:15:2415 [32minfo[39m: [32m[MetadataServer] Успешное подключение к MongoDB.[39m
2025-09-20 14:24:15:2415 [32minfo[39m: [32m[MetadataServer] Каталоги успешно получены.[39m
2025-09-20 14:24:15:2415 [32minfo[39m: [32mОбработчики грациозного завершения инициализированы.[39m
2025-09-20 14:24:15:2415 [32minfo[39m: [32m[MetadataServer] Инициализация завершена. HTTP-сервер слушает порт 3004[39m
2025-09-20 14:24:31:2431 [33mwarn[39m: [33mПолучен сигнал SIGINT. Начинаю грациозное завершение...[39m
2025-09-20 14:24:31:2431 [32minfo[39m: [32mЗакрытие соединения с Redis...[39m
2025-09-20 14:24:31:2431 [32minfo[39m: [32mHTTP-сервер больше не принимает новые соединения.[39m
2025-09-20 14:24:31:2431 [32minfo[39m: [32mСоединения с Redis успешно закрыты.[39m
2025-09-20 14:24:31:2431 [32minfo[39m: [32mЗакрытие соединения с MongoDB...[39m
2025-09-20 14:24:33:2433 [32minfo[39m: [32m[MetadataServer] Запуск...[39m
2025-09-20 14:24:33:2433 [32minfo[39m: [32m[MetadataServer] Успешно подключено 2 клиента к Redis (основной и подписчик).[39m
2025-09-20 14:24:33:2433 [32minfo[39m: [32m[MetadataServer] Пытаюсь получить каталоги с http://localhost:30031/internal/api/v1/catalogs/modules[39m
2025-09-20 14:24:33:2433 [32minfo[39m: [32m[MetadataServer] Успешное подключение к MongoDB.[39m
2025-09-20 14:24:33:2433 [32minfo[39m: [32m[MetadataServer] Каталоги успешно получены.[39m
2025-09-20 14:24:33:2433 [32minfo[39m: [32mОбработчики грациозного завершения инициализированы.[39m
2025-09-20 14:24:33:2433 [32minfo[39m: [32m[MetadataServer] Инициализация завершена. HTTP-сервер слушает порт 3004[39m
2025-09-20 14:30:29:3029 [33mwarn[39m: [33mПолучен сигнал SIGINT. Начинаю грациозное завершение...[39m
2025-09-20 14:30:29:3029 [32minfo[39m: [32mЗакрытие соединения с Redis...[39m
2025-09-20 14:30:29:3029 [32minfo[39m: [32mHTTP-сервер больше не принимает новые соединения.[39m
2025-09-20 14:30:29:3029 [32minfo[39m: [32mСоединения с Redis успешно закрыты.[39m
2025-09-20 14:30:31:3031 [32minfo[39m: [32m[MetadataServer] Запуск...[39m
2025-09-20 14:30:31:3031 [32minfo[39m: [32m[MetadataServer] Успешно подключено 2 клиента к Redis (основной и подписчик).[39m
2025-09-20 14:30:31:3031 [32minfo[39m: [32m[MetadataServer] Пытаюсь получить каталоги с http://localhost:30031/internal/api/v1/catalogs/modules[39m
2025-09-20 14:30:31:3031 [32minfo[39m: [32m[MetadataServer] Успешное подключение к MongoDB.[39m
2025-09-20 14:30:31:3031 [32minfo[39m: [32m[MetadataServer] Каталоги успешно получены.[39m
2025-09-20 14:30:31:3031 [32minfo[39m: [32mОбработчики грациозного завершения инициализированы.[39m
2025-09-20 14:30:31:3031 [32minfo[39m: [32m[MetadataServer] Инициализация завершена. HTTP-сервер слушает порт 3004[39m
2025-09-20 14:30:56:3056 [33mwarn[39m: [33mПолучен сигнал SIGINT. Начинаю грациозное завершение...[39m
2025-09-20 14:30:56:3056 [32minfo[39m: [32mЗакрытие соединения с Redis...[39m
2025-09-20 14:30:56:3056 [32minfo[39m: [32mHTTP-сервер больше не принимает новые соединения.[39m
2025-09-20 14:30:56:3056 [32minfo[39m: [32mСоединения с Redis успешно закрыты.[39m
2025-09-20 14:30:58:3058 [32minfo[39m: [32m[MetadataServer] Запуск...[39m
2025-09-20 14:30:58:3058 [32minfo[39m: [32m[MetadataServer] Успешно подключено 2 клиента к Redis (основной и подписчик).[39m
2025-09-20 14:30:58:3058 [32minfo[39m: [32m[MetadataServer] Пытаюсь получить каталоги с http://localhost:30031/internal/api/v1/catalogs/modules[39m
2025-09-20 14:30:58:3058 [32minfo[39m: [32m[MetadataServer] Успешное подключение к MongoDB.[39m
2025-09-20 14:30:58:3058 [32minfo[39m: [32m[MetadataServer] Каталоги успешно получены.[39m
2025-09-20 14:30:58:3058 [32minfo[39m: [32mОбработчики грациозного завершения инициализированы.[39m
2025-09-20 14:30:58:3058 [32minfo[39m: [32m[MetadataServer] Инициализация завершена. HTTP-сервер слушает порт 3004[39m
2025-09-20 14:32:37:3237 [33mwarn[39m: [33mПолучен сигнал SIGINT. Начинаю грациозное завершение...[39m
2025-09-20 14:32:37:3237 [32minfo[39m: [32mЗакрытие соединения с Redis...[39m
2025-09-20 14:32:37:3237 [32minfo[39m: [32mHTTP-сервер больше не принимает новые соединения.[39m
2025-09-20 14:32:37:3237 [32minfo[39m: [32mСоединения с Redis успешно закрыты.[39m
2025-09-20 14:32:43:3243 [32minfo[39m: [32m[MetadataServer] Запуск...[39m
2025-09-20 14:32:43:3243 [32minfo[39m: [32m[MetadataServer] Успешно подключено 2 клиента к Redis (основной и подписчик).[39m
2025-09-20 14:32:43:3243 [32minfo[39m: [32m[MetadataServer] Пытаюсь получить каталоги с http://localhost:30031/internal/api/v1/catalogs/modules[39m
2025-09-20 14:32:43:3243 [32minfo[39m: [32m[MetadataServer] Успешное подключение к MongoDB.[39m
2025-09-20 14:32:43:3243 [32minfo[39m: [32m[MetadataServer] Каталоги успешно получены.[39m
2025-09-20 14:32:43:3243 [32minfo[39m: [32mОбработчики грациозного завершения инициализированы.[39m
2025-09-20 14:32:43:3243 [32minfo[39m: [32m[MetadataServer] Инициализация завершена. HTTP-сервер слушает порт 3004[39m
2025-09-20 14:33:33:3333 [33mwarn[39m: [33mПолучен сигнал SIGINT. Начинаю грациозное завершение...[39m
2025-09-20 14:33:33:3333 [32minfo[39m: [32mЗакрытие соединения с Redis...[39m
2025-09-20 14:33:33:3333 [32minfo[39m: [32mHTTP-сервер больше не принимает новые соединения.[39m
2025-09-20 14:33:33:3333 [32minfo[39m: [32mСоединения с Redis успешно закрыты.[39m
2025-09-20 14:33:46:3346 [32minfo[39m: [32m[MetadataServer] Запуск...[39m
2025-09-20 14:33:46:3346 [32minfo[39m: [32m[MetadataServer] Успешно подключено 2 клиента к Redis (основной и подписчик).[39m
2025-09-20 14:33:46:3346 [32minfo[39m: [32m[MetadataServer] Пытаюсь получить каталоги с http://localhost:30031/internal/api/v1/catalogs/modules[39m
2025-09-20 14:33:46:3346 [32minfo[39m: [32m[MetadataServer] Успешное подключение к MongoDB.[39m
2025-09-20 14:33:46:3346 [32minfo[39m: [32m[MetadataServer] Каталоги успешно получены.[39m
2025-09-20 14:33:46:3346 [32minfo[39m: [32mОбработчики грациозного завершения инициализированы.[39m
2025-09-20 14:33:46:3346 [32minfo[39m: [32m[MetadataServer] Инициализация завершена. HTTP-сервер слушает порт 3004[39m
2025-09-20 14:35:01:351 [33mwarn[39m: [33mПолучен сигнал SIGINT. Начинаю грациозное завершение...[39m
2025-09-20 14:35:01:351 [32minfo[39m: [32mЗакрытие соединения с Redis...[39m
2025-09-20 14:35:01:351 [32minfo[39m: [32mHTTP-сервер больше не принимает новые соединения.[39m
2025-09-20 14:35:01:351 [32minfo[39m: [32mСоединения с Redis успешно закрыты.[39m
2025-09-20 14:35:03:353 [32minfo[39m: [32m[MetadataServer] Запуск...[39m
2025-09-20 14:35:03:353 [32minfo[39m: [32m[MetadataServer] Успешно подключено 2 клиента к Redis (основной и подписчик).[39m
2025-09-20 14:35:03:353 [32minfo[39m: [32m[MetadataServer] Пытаюсь получить каталоги с http://localhost:30031/internal/api/v1/catalogs/modules[39m
2025-09-20 14:35:03:353 [32minfo[39m: [32m[MetadataServer] Успешное подключение к MongoDB.[39m
2025-09-20 14:35:03:353 [32minfo[39m: [32m[MetadataServer] Каталоги успешно получены.[39m
2025-09-20 14:35:03:353 [32minfo[39m: [32mОбработчики грациозного завершения инициализированы.[39m
2025-09-20 14:35:03:353 [32minfo[39m: [32m[MetadataServer] Инициализация завершена. HTTP-сервер слушает порт 3004[39m
2025-09-20 14:39:32:3932 [33mwarn[39m: [33mПолучен сигнал SIGINT. Начинаю грациозное завершение...[39m
2025-09-20 14:39:32:3932 [32minfo[39m: [32mЗакрытие соединения с Redis...[39m
2025-09-20 14:39:32:3932 [32minfo[39m: [32mHTTP-сервер больше не принимает новые соединения.[39m
2025-09-20 14:39:32:3932 [32minfo[39m: [32mСоединения с Redis успешно закрыты.[39m
2025-09-20 14:39:34:3934 [32minfo[39m: [32m[MetadataServer] Запуск...[39m
2025-09-20 14:39:34:3934 [32minfo[39m: [32m[MetadataServer] Успешно подключено 2 клиента к Redis (основной и подписчик).[39m
2025-09-20 14:39:34:3934 [32minfo[39m: [32m[MetadataServer] Пытаюсь получить каталоги с http://localhost:30031/internal/api/v1/catalogs/modules[39m
2025-09-20 14:39:34:3934 [31merror[39m: [31m[MetadataServer] Не удалось получить каталоги: . Повторная попытка через 5000 мс...[39m
2025-09-20 14:39:34:3934 [32minfo[39m: [32m[MetadataServer] Успешное подключение к MongoDB.[39m
2025-09-20 14:39:39:3939 [32minfo[39m: [32m[MetadataServer] Каталоги успешно получены.[39m
2025-09-20 14:39:39:3939 [32minfo[39m: [32mОбработчики грациозного завершения инициализированы.[39m
2025-09-20 14:39:39:3939 [32minfo[39m: [32m[MetadataServer] Инициализация завершена. HTTP-сервер слушает порт 3004[39m
2025-09-20 14:42:39:4239 [33mwarn[39m: [33mПолучен сигнал SIGINT. Начинаю грациозное завершение...[39m
2025-09-20 14:42:39:4239 [32minfo[39m: [32mЗакрытие соединения с Redis...[39m
2025-09-20 14:42:39:4239 [32minfo[39m: [32mHTTP-сервер больше не принимает новые соединения.[39m
2025-09-20 14:54:29:5429 [32minfo[39m: [32m[MetadataServer] Запуск...[39m
2025-09-20 14:54:29:5429 [32minfo[39m: [32m[MetadataServer] Успешно подключено 2 клиента к Redis (основной и подписчик).[39m
2025-09-20 14:54:29:5429 [32minfo[39m: [32m[MetadataServer] Пытаюсь получить каталоги с http://localhost:30031/internal/api/v1/catalogs/modules[39m
2025-09-20 14:54:29:5429 [32minfo[39m: [32m[MetadataServer] Успешное подключение к MongoDB.[39m
2025-09-20 14:54:29:5429 [32minfo[39m: [32m[MetadataServer] Каталоги успешно получены.[39m
2025-09-20 14:54:29:5429 [32minfo[39m: [32mОбработчики грациозного завершения инициализированы.[39m
2025-09-20 14:54:29:5429 [32minfo[39m: [32m[MetadataServer] Инициализация завершена. HTTP-сервер слушает порт 3004[39m
2025-09-20 14:55:21:5521 [33mwarn[39m: [33mПолучен сигнал SIGINT. Начинаю грациозное завершение...[39m
2025-09-20 14:55:21:5521 [32minfo[39m: [32mЗакрытие соединения с Redis...[39m
2025-09-20 14:55:21:5521 [32minfo[39m: [32mHTTP-сервер больше не принимает новые соединения.[39m
2025-09-20 14:55:21:5521 [32minfo[39m: [32mСоединения с Redis успешно закрыты.[39m
2025-09-20 14:55:21:5521 [32minfo[39m: [32mЗакрытие соединения с MongoDB...[39m
2025-09-20 14:58:59:5859 [32minfo[39m: [32m[MetadataServer] Запуск...[39m
2025-09-20 14:58:59:5859 [32minfo[39m: [32m[MetadataServer] Успешно подключено 2 клиента к Redis (основной и подписчик).[39m
2025-09-20 14:58:59:5859 [32minfo[39m: [32m[MetadataServer] Пытаюсь получить каталоги с http://localhost:30031/internal/api/v1/catalogs/modules[39m
2025-09-20 14:58:59:5859 [32minfo[39m: [32m[MetadataServer] Успешное подключение к MongoDB.[39m
2025-09-20 14:58:59:5859 [32minfo[39m: [32m[MetadataServer] Каталоги успешно получены.[39m
2025-09-20 14:58:59:5859 [32minfo[39m: [32mОбработчики грациозного завершения инициализированы.[39m
2025-09-20 14:58:59:5859 [32minfo[39m: [32m[MetadataServer] Инициализация завершена. HTTP-сервер слушает порт 3004[39m
2025-09-20 14:59:06:596 [33mwarn[39m: [33mПолучен сигнал SIGINT. Начинаю грациозное завершение...[39m
2025-09-20 14:59:06:596 [32minfo[39m: [32mЗакрытие соединения с Redis...[39m
2025-09-20 14:59:06:596 [32minfo[39m: [32mHTTP-сервер больше не принимает новые соединения.[39m
2025-09-20 14:59:06:596 [32minfo[39m: [32mСоединения с Redis успешно закрыты.[39m
2025-09-20 15:00:25:025 [32minfo[39m: [32m[MetadataServer] Запуск...[39m
2025-09-20 15:00:25:025 [32minfo[39m: [32m[MetadataServer] Успешно подключено 2 клиента к Redis (основной и подписчик).[39m
2025-09-20 15:00:25:025 [32minfo[39m: [32m[MetadataServer] Пытаюсь получить каталоги с http://localhost:30031/internal/api/v1/catalogs/modules[39m
2025-09-20 15:00:26:026 [32minfo[39m: [32m[MetadataServer] Успешное подключение к MongoDB.[39m
2025-09-20 15:00:26:026 [32minfo[39m: [32m[MetadataServer] Каталоги успешно получены.[39m
2025-09-20 15:00:26:026 [32minfo[39m: [32mОбработчики грациозного завершения инициализированы.[39m
2025-09-20 15:00:26:026 [32minfo[39m: [32m[MetadataServer] Инициализация завершена. HTTP-сервер слушает порт 3004[39m
2025-09-20 15:03:36:336 [33mwarn[39m: [33mПолучен сигнал SIGINT. Начинаю грациозное завершение...[39m
2025-09-20 15:03:36:336 [32minfo[39m: [32mЗакрытие соединения с Redis...[39m
2025-09-20 15:03:36:336 [32minfo[39m: [32mHTTP-сервер больше не принимает новые соединения.[39m
2025-09-20 15:03:36:336 [32minfo[39m: [32mСоединения с Redis успешно закрыты.[39m
2025-09-20 15:03:38:338 [32minfo[39m: [32m[MetadataServer] Запуск...[39m
2025-09-20 15:03:39:339 [32minfo[39m: [32m[MetadataServer] Успешно подключено 2 клиента к Redis (основной и подписчик).[39m
2025-09-20 15:03:39:339 [32minfo[39m: [32m[MetadataServer] Пытаюсь получить каталоги с http://localhost:30031/internal/api/v1/catalogs/modules[39m
2025-09-20 15:03:39:339 [32minfo[39m: [32m[MetadataServer] Успешное подключение к MongoDB.[39m
2025-09-20 15:03:39:339 [32minfo[39m: [32m[MetadataServer] Каталоги успешно получены.[39m
2025-09-20 15:03:39:339 [32minfo[39m: [32mОбработчики грациозного завершения инициализированы.[39m
2025-09-20 15:03:39:339 [32minfo[39m: [32m[MetadataServer] Инициализация завершена. HTTP-сервер слушает порт 3004[39m
2025-09-20 15:11:14:1114 [33mwarn[39m: [33mПолучен сигнал SIGINT. Начинаю грациозное завершение...[39m
2025-09-20 15:11:14:1114 [32minfo[39m: [32mЗакрытие соединения с Redis...[39m
2025-09-20 15:11:14:1114 [32minfo[39m: [32mHTTP-сервер больше не принимает новые соединения.[39m
2025-09-20 15:11:14:1114 [32minfo[39m: [32mСоединения с Redis успешно закрыты.[39m
2025-09-20 15:16:00:160 [32minfo[39m: [32m[MetadataServer] Запуск...[39m
2025-09-20 15:16:00:160 [32minfo[39m: [32m[MetadataServer] Успешно подключено 2 клиента к Redis (основной и подписчик).[39m
2025-09-20 15:16:00:160 [32minfo[39m: [32m[MetadataServer] Пытаюсь получить каталоги с http://localhost:30031/internal/api/v1/catalogs/modules[39m
2025-09-20 15:16:00:160 [32minfo[39m: [32m[MetadataServer] Успешное подключение к MongoDB.[39m
2025-09-20 15:16:00:160 [32minfo[39m: [32m[MetadataServer] Каталоги успешно получены.[39m
2025-09-20 15:16:00:160 [32minfo[39m: [32mОбработчики грациозного завершения инициализированы.[39m
2025-09-20 15:16:00:160 [32minfo[39m: [32m[MetadataServer] Инициализация завершена. HTTP-сервер слушает порт 3004[39m
2025-09-20 15:22:18:2218 [33mwarn[39m: [33mПолучен сигнал SIGINT. Начинаю грациозное завершение...[39m
2025-09-20 15:22:18:2218 [32minfo[39m: [32mЗакрытие соединения с Redis...[39m
2025-09-20 15:22:18:2218 [32minfo[39m: [32mHTTP-сервер больше не принимает новые соединения.[39m
2025-09-20 15:22:18:2218 [32minfo[39m: [32mСоединения с Redis успешно закрыты.[39m
2025-09-20 15:22:20:2220 [32minfo[39m: [32m[MetadataServer] Запуск...[39m
2025-09-20 15:22:20:2220 [32minfo[39m: [32m[MetadataServer] Успешно подключено 2 клиента к Redis (основной и подписчик).[39m
2025-09-20 15:22:20:2220 [32minfo[39m: [32m[MetadataServer] Пытаюсь получить каталоги с http://localhost:30031/internal/api/v1/catalogs/modules[39m
2025-09-20 15:22:20:2220 [32minfo[39m: [32m[MetadataServer] Успешное подключение к MongoDB.[39m
2025-09-20 15:22:20:2220 [32minfo[39m: [32m[MetadataServer] Каталоги успешно получены.[39m
2025-09-20 15:22:20:2220 [32minfo[39m: [32mОбработчики грациозного завершения инициализированы.[39m
2025-09-20 15:22:20:2220 [32minfo[39m: [32m[MetadataServer] Инициализация завершена. HTTP-сервер слушает порт 3004[39m
2025-09-20 15:22:42:2242 [33mwarn[39m: [33mПолучен сигнал SIGINT. Начинаю грациозное завершение...[39m
2025-09-20 15:22:42:2242 [32minfo[39m: [32mЗакрытие соединения с Redis...[39m
2025-09-20 15:22:42:2242 [32minfo[39m: [32mHTTP-сервер больше не принимает новые соединения.[39m
2025-09-20 15:22:42:2242 [32minfo[39m: [32mСоединения с Redis успешно закрыты.[39m
2025-09-20 15:22:46:2246 [32minfo[39m: [32m[MetadataServer] Запуск...[39m
2025-09-20 15:22:46:2246 [32minfo[39m: [32m[MetadataServer] Успешно подключено 2 клиента к Redis (основной и подписчик).[39m
2025-09-20 15:22:46:2246 [32minfo[39m: [32m[MetadataServer] Пытаюсь получить каталоги с http://localhost:30031/internal/api/v1/catalogs/modules[39m
2025-09-20 15:22:46:2246 [32minfo[39m: [32m[MetadataServer] Успешное подключение к MongoDB.[39m
2025-09-20 15:22:46:2246 [32minfo[39m: [32m[MetadataServer] Каталоги успешно получены.[39m
2025-09-20 15:22:46:2246 [32minfo[39m: [32mОбработчики грациозного завершения инициализированы.[39m
2025-09-20 15:22:46:2246 [32minfo[39m: [32m[MetadataServer] Инициализация завершена. HTTP-сервер слушает порт 3004[39m
2025-09-20 15:23:29:2329 [33mwarn[39m: [33mПолучен сигнал SIGINT. Начинаю грациозное завершение...[39m
2025-09-20 15:23:29:2329 [32minfo[39m: [32mЗакрытие соединения с Redis...[39m
2025-09-20 15:23:29:2329 [32minfo[39m: [32mHTTP-сервер больше не принимает новые соединения.[39m
2025-09-20 15:23:29:2329 [32minfo[39m: [32mСоединения с Redis успешно закрыты.[39m
2025-09-20 15:23:31:2331 [32minfo[39m: [32m[MetadataServer] Запуск...[39m
2025-09-20 15:23:32:2332 [32minfo[39m: [32m[MetadataServer] Успешно подключено 2 клиента к Redis (основной и подписчик).[39m
2025-09-20 15:23:32:2332 [32minfo[39m: [32m[MetadataServer] Пытаюсь получить каталоги с http://localhost:30031/internal/api/v1/catalogs/modules[39m
2025-09-20 15:23:32:2332 [32minfo[39m: [32m[MetadataServer] Успешное подключение к MongoDB.[39m
2025-09-20 15:23:32:2332 [32minfo[39m: [32m[MetadataServer] Каталоги успешно получены.[39m
2025-09-20 15:23:32:2332 [32minfo[39m: [32mОбработчики грациозного завершения инициализированы.[39m
2025-09-20 15:23:32:2332 [32minfo[39m: [32m[MetadataServer] Инициализация завершена. HTTP-сервер слушает порт 3004[39m
2025-09-20 15:23:56:2356 [33mwarn[39m: [33mПолучен сигнал SIGINT. Начинаю грациозное завершение...[39m
2025-09-20 15:23:56:2356 [32minfo[39m: [32mЗакрытие соединения с Redis...[39m
2025-09-20 15:23:56:2356 [32minfo[39m: [32mHTTP-сервер больше не принимает новые соединения.[39m
2025-09-20 15:23:56:2356 [32minfo[39m: [32mСоединения с Redis успешно закрыты.[39m
2025-09-20 15:23:58:2358 [32minfo[39m: [32m[MetadataServer] Запуск...[39m
2025-09-20 15:23:58:2358 [32minfo[39m: [32m[MetadataServer] Успешно подключено 2 клиента к Redis (основной и подписчик).[39m
2025-09-20 15:23:58:2358 [32minfo[39m: [32m[MetadataServer] Пытаюсь получить каталоги с http://localhost:30031/internal/api/v1/catalogs/modules[39m
2025-09-20 15:23:58:2358 [31merror[39m: [31m[MetadataServer] Не удалось получить каталоги: . Повторная попытка через 5000 мс...[39m
2025-09-20 15:23:59:2359 [32minfo[39m: [32m[MetadataServer] Успешное подключение к MongoDB.[39m
2025-09-20 15:24:03:243 [32minfo[39m: [32m[MetadataServer] Каталоги успешно получены.[39m
2025-09-20 15:24:03:243 [32minfo[39m: [32mОбработчики грациозного завершения инициализированы.[39m
2025-09-20 15:24:03:243 [32minfo[39m: [32m[MetadataServer] Инициализация завершена. HTTP-сервер слушает порт 3004[39m
2025-09-20 15:24:14:2414 [33mwarn[39m: [33mПолучен сигнал SIGINT. Начинаю грациозное завершение...[39m
2025-09-20 15:24:14:2414 [32minfo[39m: [32mЗакрытие соединения с Redis...[39m
2025-09-20 15:24:14:2414 [32minfo[39m: [32mHTTP-сервер больше не принимает новые соединения.[39m
2025-09-20 15:24:14:2414 [32minfo[39m: [32mСоединения с Redis успешно закрыты.[39m
2025-09-20 15:24:16:2416 [32minfo[39m: [32m[MetadataServer] Запуск...[39m
2025-09-20 15:24:16:2416 [32minfo[39m: [32m[MetadataServer] Успешно подключено 2 клиента к Redis (основной и подписчик).[39m
2025-09-20 15:24:16:2416 [32minfo[39m: [32m[MetadataServer] Пытаюсь получить каталоги с http://localhost:30031/internal/api/v1/catalogs/modules[39m
2025-09-20 15:24:16:2416 [32minfo[39m: [32m[MetadataServer] Успешное подключение к MongoDB.[39m
2025-09-20 15:24:16:2416 [32minfo[39m: [32m[MetadataServer] Каталоги успешно получены.[39m
2025-09-20 15:24:16:2416 [32minfo[39m: [32mОбработчики грациозного завершения инициализированы.[39m
2025-09-20 15:24:16:2416 [32minfo[39m: [32m[MetadataServer] Инициализация завершена. HTTP-сервер слушает порт 3004[39m
2025-09-20 15:24:47:2447 [33mwarn[39m: [33mПолучен сигнал SIGINT. Начинаю грациозное завершение...[39m
2025-09-20 15:24:47:2447 [32minfo[39m: [32mЗакрытие соединения с Redis...[39m
2025-09-20 15:24:47:2447 [32minfo[39m: [32mHTTP-сервер больше не принимает новые соединения.[39m
2025-09-20 15:24:47:2447 [32minfo[39m: [32mСоединения с Redis успешно закрыты.[39m
2025-09-20 15:24:49:2449 [32minfo[39m: [32m[MetadataServer] Запуск...[39m
2025-09-20 15:24:49:2449 [32minfo[39m: [32m[MetadataServer] Успешно подключено 2 клиента к Redis (основной и подписчик).[39m
2025-09-20 15:24:49:2449 [32minfo[39m: [32m[MetadataServer] Пытаюсь получить каталоги с http://localhost:30031/internal/api/v1/catalogs/modules[39m
2025-09-20 15:24:49:2449 [32minfo[39m: [32m[MetadataServer] Успешное подключение к MongoDB.[39m
2025-09-20 15:24:49:2449 [32minfo[39m: [32m[MetadataServer] Каталоги успешно получены.[39m
2025-09-20 15:24:49:2449 [32minfo[39m: [32mОбработчики грациозного завершения инициализированы.[39m
2025-09-20 15:24:49:2449 [32minfo[39m: [32m[MetadataServer] Инициализация завершена. HTTP-сервер слушает порт 3004[39m
2025-09-20 15:26:16:2616 [33mwarn[39m: [33mПолучен сигнал SIGINT. Начинаю грациозное завершение...[39m
2025-09-20 15:26:16:2616 [32minfo[39m: [32mЗакрытие соединения с Redis...[39m
2025-09-20 15:26:16:2616 [32minfo[39m: [32mHTTP-сервер больше не принимает новые соединения.[39m
2025-09-20 15:26:16:2616 [32minfo[39m: [32mСоединения с Redis успешно закрыты.[39m
2025-09-20 15:26:18:2618 [32minfo[39m: [32m[MetadataServer] Запуск...[39m
2025-09-20 15:26:18:2618 [32minfo[39m: [32m[MetadataServer] Успешно подключено 2 клиента к Redis (основной и подписчик).[39m
2025-09-20 15:26:18:2618 [32minfo[39m: [32m[MetadataServer] Пытаюсь получить каталоги с http://localhost:30031/internal/api/v1/catalogs/modules[39m
2025-09-20 15:26:18:2618 [31merror[39m: [31m[MetadataServer] Не удалось получить каталоги: . Повторная попытка через 5000 мс...[39m
2025-09-20 15:26:18:2618 [32minfo[39m: [32m[MetadataServer] Успешное подключение к MongoDB.[39m
2025-09-20 15:26:23:2623 [32minfo[39m: [32m[MetadataServer] Каталоги успешно получены.[39m
2025-09-20 15:26:23:2623 [32minfo[39m: [32mОбработчики грациозного завершения инициализированы.[39m
2025-09-20 15:26:23:2623 [32minfo[39m: [32m[MetadataServer] Инициализация завершена. HTTP-сервер слушает порт 3004[39m
2025-09-20 15:27:02:272 [33mwarn[39m: [33mПолучен сигнал SIGINT. Начинаю грациозное завершение...[39m
2025-09-20 15:27:02:272 [32minfo[39m: [32mЗакрытие соединения с Redis...[39m
2025-09-20 15:27:02:272 [32minfo[39m: [32mHTTP-сервер больше не принимает новые соединения.[39m
2025-09-20 15:27:02:272 [32minfo[39m: [32mСоединения с Redis успешно закрыты.[39m
2025-09-20 15:27:04:274 [32minfo[39m: [32m[MetadataServer] Запуск...[39m
2025-09-20 15:27:04:274 [32minfo[39m: [32m[MetadataServer] Успешно подключено 2 клиента к Redis (основной и подписчик).[39m
2025-09-20 15:27:04:274 [32minfo[39m: [32m[MetadataServer] Пытаюсь получить каталоги с http://localhost:30031/internal/api/v1/catalogs/modules[39m
2025-09-20 15:27:04:274 [32minfo[39m: [32m[MetadataServer] Успешное подключение к MongoDB.[39m
2025-09-20 15:27:04:274 [32minfo[39m: [32m[MetadataServer] Каталоги успешно получены.[39m
2025-09-20 15:27:04:274 [32minfo[39m: [32mОбработчики грациозного завершения инициализированы.[39m
2025-09-20 15:27:04:274 [32minfo[39m: [32m[MetadataServer] Инициализация завершена. HTTP-сервер слушает порт 3004[39m
2025-09-20 15:29:59:2959 [33mwarn[39m: [33mПолучен сигнал SIGINT. Начинаю грациозное завершение...[39m
2025-09-20 15:29:59:2959 [32minfo[39m: [32mЗакрытие соединения с Redis...[39m
2025-09-20 15:29:59:2959 [32minfo[39m: [32mHTTP-сервер больше не принимает новые соединения.[39m
2025-09-20 15:29:59:2959 [32minfo[39m: [32mСоединения с Redis успешно закрыты.[39m
2025-09-20 15:30:01:301 [32minfo[39m: [32m[MetadataServer] Запуск...[39m
2025-09-20 15:30:01:301 [32minfo[39m: [32m[MetadataServer] Успешно подключено 2 клиента к Redis (основной и подписчик).[39m
2025-09-20 15:30:01:301 [32minfo[39m: [32m[MetadataServer] Пытаюсь получить каталоги с http://localhost:30031/internal/api/v1/catalogs/modules[39m
2025-09-20 15:30:01:301 [32minfo[39m: [32m[MetadataServer] Успешное подключение к MongoDB.[39m
2025-09-20 15:30:02:302 [32minfo[39m: [32m[MetadataServer] Каталоги успешно получены.[39m
2025-09-20 15:30:02:302 [32minfo[39m: [32mОбработчики грациозного завершения инициализированы.[39m
2025-09-20 15:30:02:302 [32minfo[39m: [32m[MetadataServer] Инициализация завершена. HTTP-сервер слушает порт 3004[39m
2025-09-20 15:40:13:4013 [33mwarn[39m: [33mПолучен сигнал SIGINT. Начинаю грациозное завершение...[39m
2025-09-20 15:40:13:4013 [32minfo[39m: [32mЗакрытие соединения с Redis...[39m
2025-09-20 15:40:13:4013 [32minfo[39m: [32mHTTP-сервер больше не принимает новые соединения.[39m
2025-09-20 15:40:15:4015 [32minfo[39m: [32m[MetadataServer] Запуск...[39m
2025-09-20 15:40:15:4015 [32minfo[39m: [32m[MetadataServer] Успешно подключено 2 клиента к Redis (основной и подписчик).[39m
2025-09-20 15:40:15:4015 [32minfo[39m: [32m[MetadataServer] Пытаюсь получить каталоги с http://localhost:30031/internal/api/v1/catalogs/modules[39m
2025-09-20 15:40:15:4015 [32minfo[39m: [32m[MetadataServer] Успешное подключение к MongoDB.[39m
2025-09-20 15:40:16:4016 [32minfo[39m: [32m[MetadataServer] Каталоги успешно получены.[39m
2025-09-20 15:40:16:4016 [32minfo[39m: [32mОбработчики грациозного завершения инициализированы.[39m
2025-09-20 15:40:16:4016 [32minfo[39m: [32m[MetadataServer] Инициализация завершена. HTTP-сервер слушает порт 3004[39m
2025-09-20 15:42:05:425 [33mwarn[39m: [33mПолучен сигнал SIGINT. Начинаю грациозное завершение...[39m
2025-09-20 15:42:05:425 [32minfo[39m: [32mЗакрытие соединения с Redis...[39m
2025-09-20 15:42:05:425 [32minfo[39m: [32mHTTP-сервер больше не принимает новые соединения.[39m
2025-09-20 15:42:05:425 [32minfo[39m: [32mСоединения с Redis успешно закрыты.[39m
2025-09-20 16:14:13:1413 [32minfo[39m: [32m[MetadataServer] Запуск...[39m
2025-09-20 16:14:13:1413 [32minfo[39m: [32m[MetadataServer] Успешно подключено 2 клиента к Redis (основной и подписчик).[39m
2025-09-20 16:14:13:1413 [32minfo[39m: [32m[MetadataServer] Пытаюсь получить каталоги с http://localhost:30031/internal/api/v1/catalogs/modules[39m
2025-09-20 16:14:13:1413 [31merror[39m: [31m[MetadataServer] Не удалось получить каталоги: . Повторная попытка через 5000 мс...[39m
2025-09-20 16:14:13:1413 [32minfo[39m: [32m[MetadataServer] Успешное подключение к MongoDB.[39m
2025-09-20 16:14:18:1418 [31merror[39m: [31m[MetadataServer] Не удалось получить каталоги: . Повторная попытка через 5000 мс...[39m
2025-09-20 16:14:24:1424 [32minfo[39m: [32m[MetadataServer] Запуск...[39m
2025-09-20 16:14:24:1424 [32minfo[39m: [32m[MetadataServer] Успешно подключено 2 клиента к Redis (основной и подписчик).[39m
2025-09-20 16:14:24:1424 [32minfo[39m: [32m[MetadataServer] Пытаюсь получить каталоги с http://localhost:30031/internal/api/v1/catalogs/modules[39m
2025-09-20 16:14:24:1424 [31merror[39m: [31m[MetadataServer] Не удалось получить каталоги: . Повторная попытка через 5000 мс...[39m
2025-09-20 16:14:24:1424 [32minfo[39m: [32m[MetadataServer] Успешное подключение к MongoDB.[39m
2025-09-20 16:14:29:1429 [31merror[39m: [31m[MetadataServer] Не удалось получить каталоги: . Повторная попытка через 5000 мс...[39m
2025-09-20 16:14:34:1434 [31merror[39m: [31m[MetadataServer] Не удалось получить каталоги: . Повторная попытка через 5000 мс...[39m
2025-09-20 16:14:39:1439 [31merror[39m: [31m[MetadataServer] Не удалось получить каталоги: . Повторная попытка через 5000 мс...[39m
2025-09-20 16:14:44:1444 [31merror[39m: [31m[MetadataServer] Не удалось получить каталоги: . Повторная попытка через 5000 мс...[39m
2025-09-20 16:14:49:1449 [31merror[39m: [31m[MetadataServer] Не удалось получить каталоги: . Повторная попытка через 5000 мс...[39m
2025-09-20 16:14:54:1454 [31merror[39m: [31m[MetadataServer] Не удалось получить каталоги: . Повторная попытка через 5000 мс...[39m
2025-09-20 16:14:59:1459 [31merror[39m: [31m[MetadataServer] Не удалось получить каталоги: . Повторная попытка через 5000 мс...[39m
2025-09-20 16:15:04:154 [31merror[39m: [31m[MetadataServer] Не удалось получить каталоги: . Повторная попытка через 5000 мс...[39m
2025-09-20 16:15:09:159 [31merror[39m: [31m[MetadataServer] Не удалось получить каталоги: . Повторная попытка через 5000 мс...[39m
2025-09-20 16:15:14:1514 [31merror[39m: [31m[MetadataServer] Не удалось получить каталоги: . Повторная попытка через 5000 мс...[39m
2025-09-20 16:15:19:1519 [31merror[39m: [31m[MetadataServer] Не удалось получить каталоги: . Повторная попытка через 5000 мс...[39m
2025-09-20 16:15:24:1524 [31merror[39m: [31m[MetadataServer] Не удалось получить каталоги: . Повторная попытка через 5000 мс...[39m
2025-09-20 16:15:29:1529 [31merror[39m: [31m[MetadataServer] Не удалось получить каталоги: . Повторная попытка через 5000 мс...[39m
2025-09-20 16:15:34:1534 [31merror[39m: [31m[MetadataServer] Не удалось получить каталоги: . Повторная попытка через 5000 мс...[39m
2025-09-20 16:15:39:1539 [31merror[39m: [31m[MetadataServer] Не удалось получить каталоги: . Повторная попытка через 5000 мс...[39m
2025-09-20 16:15:44:1544 [31merror[39m: [31m[MetadataServer] Не удалось получить каталоги: . Повторная попытка через 5000 мс...[39m
2025-09-20 16:15:49:1549 [31merror[39m: [31m[MetadataServer] Не удалось получить каталоги: . Повторная попытка через 5000 мс...[39m
2025-09-20 16:15:54:1554 [31merror[39m: [31m[MetadataServer] Не удалось получить каталоги: . Повторная попытка через 5000 мс...[39m
2025-09-20 16:15:59:1559 [31merror[39m: [31m[MetadataServer] Не удалось получить каталоги: . Повторная попытка через 5000 мс...[39m
2025-09-20 16:16:04:164 [31merror[39m: [31m[MetadataServer] Не удалось получить каталоги: . Повторная попытка через 5000 мс...[39m
2025-09-20 16:16:09:169 [31merror[39m: [31m[MetadataServer] Не удалось получить каталоги: . Повторная попытка через 5000 мс...[39m
2025-09-20 16:16:14:1614 [31merror[39m: [31m[MetadataServer] Не удалось получить каталоги: . Повторная попытка через 5000 мс...[39m
2025-09-20 16:16:19:1619 [31merror[39m: [31m[MetadataServer] Не удалось получить каталоги: . Повторная попытка через 5000 мс...[39m
2025-09-20 16:16:24:1624 [31merror[39m: [31m[MetadataServer] Не удалось получить каталоги: . Повторная попытка через 5000 мс...[39m
2025-09-20 16:16:29:1629 [31merror[39m: [31m[MetadataServer] Не удалось получить каталоги: . Повторная попытка через 5000 мс...[39m
2025-09-20 16:16:32:1632 [32minfo[39m: [32m[MetadataServer] Запуск...[39m
2025-09-20 16:16:32:1632 [32minfo[39m: [32m[MetadataServer] Успешно подключено 2 клиента к Redis (основной и подписчик).[39m
2025-09-20 16:16:32:1632 [32minfo[39m: [32m[MetadataServer] Пытаюсь получить каталоги с http://localhost:30031/internal/api/v1/catalogs/modules[39m
2025-09-20 16:16:32:1632 [32minfo[39m: [32m[MetadataServer] Успешное подключение к MongoDB.[39m
2025-09-20 16:16:34:1634 [32minfo[39m: [32m[MetadataServer] Каталоги успешно получены.[39m
2025-09-20 16:16:34:1634 [32minfo[39m: [32mОбработчики грациозного завершения инициализированы.[39m
2025-09-20 16:16:34:1634 [32minfo[39m: [32m[MetadataServer] Инициализация завершена. HTTP-сервер слушает порт 3004[39m
2025-09-20 16:17:56:1756 [33mwarn[39m: [33mПолучен сигнал SIGINT. Начинаю грациозное завершение...[39m
2025-09-20 16:17:56:1756 [32minfo[39m: [32mЗакрытие соединения с Redis...[39m
2025-09-20 16:17:56:1756 [32minfo[39m: [32mHTTP-сервер больше не принимает новые соединения.[39m
2025-09-20 16:17:56:1756 [32minfo[39m: [32mСоединения с Redis успешно закрыты.[39m
2025-09-20 16:17:58:1758 [32minfo[39m: [32m[MetadataServer] Запуск...[39m
2025-09-20 16:17:58:1758 [32minfo[39m: [32m[MetadataServer] Успешно подключено 2 клиента к Redis (основной и подписчик).[39m
2025-09-20 16:17:58:1758 [32minfo[39m: [32m[MetadataServer] Пытаюсь получить каталоги с http://localhost:30031/internal/api/v1/catalogs/modules[39m
2025-09-20 16:17:58:1758 [32minfo[39m: [32m[MetadataServer] Успешное подключение к MongoDB.[39m
2025-09-20 16:17:58:1758 [32minfo[39m: [32m[MetadataServer] Каталоги успешно получены.[39m
2025-09-20 16:17:58:1758 [32minfo[39m: [32mОбработчики грациозного завершения инициализированы.[39m
2025-09-20 16:17:58:1758 [32minfo[39m: [32m[MetadataServer] Инициализация завершена. HTTP-сервер слушает порт 3004[39m
2025-09-20 16:18:13:1813 [33mwarn[39m: [33mПолучен сигнал SIGINT. Начинаю грациозное завершение...[39m
2025-09-20 16:18:13:1813 [32minfo[39m: [32mЗакрытие соединения с Redis...[39m
2025-09-20 16:18:13:1813 [32minfo[39m: [32mHTTP-сервер больше не принимает новые соединения.[39m
2025-09-20 16:18:13:1813 [32minfo[39m: [32mСоединения с Redis успешно закрыты.[39m
2025-09-20 16:18:15:1815 [32minfo[39m: [32m[MetadataServer] Запуск...[39m
2025-09-20 16:18:15:1815 [32minfo[39m: [32m[MetadataServer] Успешно подключено 2 клиента к Redis (основной и подписчик).[39m
2025-09-20 16:18:15:1815 [32minfo[39m: [32m[MetadataServer] Пытаюсь получить каталоги с http://localhost:30031/internal/api/v1/catalogs/modules[39m
2025-09-20 16:18:15:1815 [32minfo[39m: [32m[MetadataServer] Успешное подключение к MongoDB.[39m
2025-09-20 16:18:15:1815 [32minfo[39m: [32m[MetadataServer] Каталоги успешно получены.[39m
2025-09-20 16:18:15:1815 [32minfo[39m: [32mОбработчики грациозного завершения инициализированы.[39m
2025-09-20 16:18:15:1815 [32minfo[39m: [32m[MetadataServer] Инициализация завершена. HTTP-сервер слушает порт 3004[39m
2025-09-20 16:18:21:1821 [33mwarn[39m: [33mПолучен сигнал SIGINT. Начинаю грациозное завершение...[39m
2025-09-20 16:18:21:1821 [32minfo[39m: [32mЗакрытие соединения с Redis...[39m
2025-09-20 16:18:21:1821 [32minfo[39m: [32mHTTP-сервер больше не принимает новые соединения.[39m
2025-09-20 16:18:21:1821 [32minfo[39m: [32mСоединения с Redis успешно закрыты.[39m
2025-09-20 16:29:02:292 [32minfo[39m: [32m[MetadataServer] Запуск...[39m
2025-09-20 16:29:02:292 [32minfo[39m: [32m[MetadataServer] Успешно подключено 2 клиента к Redis (основной и подписчик).[39m
2025-09-20 16:29:02:292 [32minfo[39m: [32m[MetadataServer] Пытаюсь получить каталоги с http://localhost:30031/internal/api/v1/catalogs/modules[39m
2025-09-20 16:29:02:292 [31merror[39m: [31m[MetadataServer] Не удалось получить каталоги: . Повторная попытка через 5000 мс...[39m
2025-09-20 16:29:02:292 [32minfo[39m: [32m[MetadataServer] Успешное подключение к MongoDB.[39m
2025-09-20 16:29:07:297 [32minfo[39m: [32m[MetadataServer] Каталоги успешно получены.[39m
2025-09-20 16:29:07:297 [32minfo[39m: [32mОбработчики грациозного завершения инициализированы.[39m
2025-09-20 16:29:07:297 [32minfo[39m: [32m[MetadataServer] Инициализация завершена. HTTP-сервер слушает порт 3004[39m
2025-09-20 16:29:13:2913 [33mwarn[39m: [33mПолучен сигнал SIGINT. Начинаю грациозное завершение...[39m
2025-09-20 16:29:13:2913 [32minfo[39m: [32mЗакрытие соединения с Redis...[39m
2025-09-20 16:29:13:2913 [32minfo[39m: [32mHTTP-сервер больше не принимает новые соединения.[39m
2025-09-20 16:29:13:2913 [32minfo[39m: [32mСоединения с Redis успешно закрыты.[39m
2025-09-20 16:32:53:3253 [32minfo[39m: [32m[MetadataServer] Запуск...[39m
2025-09-20 16:32:53:3253 [32minfo[39m: [32m[MetadataServer] Успешно подключено 2 клиента к Redis (основной и подписчик).[39m
2025-09-20 16:32:53:3253 [32minfo[39m: [32m[MetadataServer] Пытаюсь получить каталоги с http://localhost:30031/internal/api/v1/catalogs/modules[39m
2025-09-20 16:32:53:3253 [31merror[39m: [31m[MetadataServer] Не удалось получить каталоги: . Повторная попытка через 5000 мс...[39m
2025-09-20 16:32:53:3253 [32minfo[39m: [32m[MetadataServer] Успешное подключение к MongoDB.[39m
2025-09-20 16:32:58:3258 [32minfo[39m: [32m[MetadataServer] Каталоги успешно получены.[39m
2025-09-20 16:32:58:3258 [32minfo[39m: [32mОбработчики грациозного завершения инициализированы.[39m
2025-09-20 16:32:58:3258 [32minfo[39m: [32m[MetadataServer] Инициализация завершена. HTTP-сервер слушает порт 3004[39m
2025-09-20 16:36:00:360 [33mwarn[39m: [33mПолучен сигнал SIGINT. Начинаю грациозное завершение...[39m
2025-09-20 16:36:00:360 [32minfo[39m: [32mЗакрытие соединения с Redis...[39m
2025-09-20 16:36:01:361 [32minfo[39m: [32mHTTP-сервер больше не принимает новые соединения.[39m
2025-09-20 16:36:01:361 [32minfo[39m: [32mСоединения с Redis успешно закрыты.[39m
